ISO-10303-21;
HEADER;
/* Generated by software containing ST-Developer
 * from STEP Tools, Inc. (www.steptools.com) 
 */
/* OPTION: using custom schema-name function */

FILE_DESCRIPTION(
/* description */ (''),
/* implementation_level */ '2;1');

FILE_NAME(
/* name */ '5034800640wbm000_01_214.stp',
/* time_stamp */ '2025-04-02T16:17:36+06:00',
/* author */ (''),
/* organization */ (''),
/* preprocessor_version */ 'ST-DEVELOPER v16.7',
/* originating_system */ 'SIEMENS PLM Software NX 1919',
/* authorisation */ '');

FILE_SCHEMA (('AUTOMOTIVE_DESIGN { 1 0 10303 214 3 1 1 1 }'));
ENDSEC;

DATA;
#10=GEOMETRICALLY_BOUNDED_WIREFRAME_SHAPE_REPRESENTATION(
'5034800640wbm000_01-None',(#25),#10990);
#11=SHAPE_REPRESENTATION_RELATIONSHIP('None',
'relationship between 5034800640wbm000_01-None and 5034800640wbm000_01
-None',#24,#13);
#12=SHAPE_REPRESENTATION_RELATIONSHIP('None',
'relationship between 5034800640wbm000_01-None and 5034800640wbm000_01
-None',#24,#10);
#13=ADVANCED_BREP_SHAPE_REPRESENTATION('5034800640wbm000_01-None',(#31),
#10990);
#14=SHAPE_DEFINITION_REPRESENTATION(#15,#24);
#15=PRODUCT_DEFINITION_SHAPE('','',#16);
#16=PRODUCT_DEFINITION(' ','',#18,#17);
#17=PRODUCT_DEFINITION_CONTEXT('part definition',#23,'design');
#18=PRODUCT_DEFINITION_FORMATION_WITH_SPECIFIED_SOURCE(' ',' ',#20,
 .NOT_KNOWN.);
#19=PRODUCT_RELATED_PRODUCT_CATEGORY('part','',(#20));
#20=PRODUCT('5034800640wbm000_01','5034800640wbm000_01',' ',(#21));
#21=PRODUCT_CONTEXT(' ',#23,'mechanical');
#22=APPLICATION_PROTOCOL_DEFINITION('international standard',
'automotive_design',2010,#23);
#23=APPLICATION_CONTEXT(
'core data for automotive mechanical design processes');
#24=SHAPE_REPRESENTATION('5034800640wbm000_01-None',(#6952),#10990);
#25=GEOMETRIC_CURVE_SET('None',(#9053,#5014,#5015,#5016,#5017,#5018,#5019,
#5020,#5021,#5022,#5023,#5024,#5025,#5026,#5027,#5028,#5029,#5030,#5031,
#5032,#5033,#5034,#5035,#5036,#5037,#5038,#5039,#5040,#5041,#5042,#5043,
#5044,#5045));
#26=SURFACE_STYLE_USAGE(.BOTH.,#27);
#27=SURFACE_SIDE_STYLE('',(#28));
#28=SURFACE_STYLE_FILL_AREA(#29);
#29=FILL_AREA_STYLE('',(#30));
#30=FILL_AREA_STYLE_COLOUR('',#6951);
#31=MANIFOLD_SOLID_BREP('',#32);
#32=CLOSED_SHELL('',(#157,#158,#159,#160,#161,#162,#163,#164,#165,#166,
#167,#168,#169,#170,#171,#172,#173,#174,#175,#176,#177,#178,#179,#180,#181,
#182,#183,#184,#185,#186,#187,#188,#189,#190,#191,#192,#193,#194,#195,#196,
#197,#198,#199,#200,#201,#202,#203,#204,#205,#206,#207,#208,#209,#210,#211,
#212,#213,#214,#215,#216,#217,#218,#219,#220,#221,#222,#223,#224,#225,#226,
#227,#228,#229,#230,#231,#232,#233,#234,#235,#236,#237,#238,#239,#240,#241,
#242,#243,#244,#245,#246,#247,#248,#249,#250,#251,#252,#253,#254,#255,#256,
#257,#258,#259,#260,#261,#262,#263,#264,#265,#266,#267,#268,#269,#270,#271,
#272,#273,#274,#275,#276,#277,#278,#279,#280,#281,#282,#283,#284,#285,#286,
#287,#288,#289,#290,#291,#292,#293,#294,#295,#296,#297,#298,#299,#300,#301,
#302,#303,#304,#305,#306,#307,#308,#309,#310,#311,#312,#313,#314,#315,#316,
#317,#318,#319,#320,#321,#322,#323,#324,#325,#326,#327,#328,#329,#330,#331,
#332,#333,#334,#335,#336,#337,#338,#339,#340,#341,#342,#343,#344,#345,#346,
#347,#348,#349,#350,#351,#352,#353,#354,#355,#356,#357,#358,#359,#360,#361,
#362,#363,#364,#365,#366,#367,#368,#369,#370,#371,#372,#373,#374,#375,#376,
#377,#378,#379,#380,#381,#382,#383,#384,#385,#386,#387,#388,#389,#390,#391,
#392,#393,#394,#395,#396,#397,#398,#399,#400,#401,#402,#403,#404,#405,#406,
#407,#408,#409,#410,#411,#412,#413,#414,#415,#416,#417,#418,#419,#420,#421,
#422,#423,#424,#425,#426,#427,#428,#429,#430,#431,#432,#433,#434,#435,#436,
#437,#438,#439,#440,#441,#442,#443,#444,#445,#446,#447,#448,#449,#450,#451,
#452,#453,#454,#455,#456,#457,#458,#459,#460,#461,#462,#463,#464,#465,#466,
#467,#468,#469,#470,#471,#472,#473,#474,#475,#476,#477,#478,#479,#480,#481,
#482,#483,#484,#485,#486,#487,#488,#489,#490,#491,#492));
#33=FACE_BOUND('',#1309,.T.);
#34=FACE_BOUND('',#1310,.T.);
#35=FACE_BOUND('',#1311,.T.);
#36=FACE_BOUND('',#1312,.T.);
#37=FACE_BOUND('',#1313,.T.);
#38=FACE_BOUND('',#1314,.T.);
#39=FACE_BOUND('',#1315,.T.);
#40=FACE_BOUND('',#1321,.T.);
#41=FACE_BOUND('',#1322,.T.);
#42=FACE_BOUND('',#1323,.T.);
#43=FACE_BOUND('',#1324,.T.);
#44=FACE_BOUND('',#1325,.T.);
#45=FACE_BOUND('',#1326,.T.);
#46=FACE_BOUND('',#1327,.T.);
#47=FACE_BOUND('',#1378,.T.);
#48=FACE_BOUND('',#1379,.T.);
#49=FACE_BOUND('',#1380,.T.);
#50=FACE_BOUND('',#1381,.T.);
#51=FACE_BOUND('',#1382,.T.);
#52=FACE_BOUND('',#1383,.T.);
#53=FACE_BOUND('',#1384,.T.);
#54=FACE_BOUND('',#1401,.T.);
#55=FACE_BOUND('',#1402,.T.);
#56=FACE_BOUND('',#1410,.T.);
#57=FACE_BOUND('',#1411,.T.);
#58=FACE_BOUND('',#1412,.T.);
#59=FACE_BOUND('',#1413,.T.);
#60=FACE_BOUND('',#1414,.T.);
#61=FACE_BOUND('',#1415,.T.);
#62=FACE_BOUND('',#1416,.T.);
#63=FACE_BOUND('',#1480,.T.);
#64=FACE_BOUND('',#1481,.T.);
#65=FACE_BOUND('',#1482,.T.);
#66=FACE_BOUND('',#1483,.T.);
#67=FACE_BOUND('',#1484,.T.);
#68=FACE_BOUND('',#1485,.T.);
#69=FACE_BOUND('',#1486,.T.);
#70=FACE_BOUND('',#1487,.T.);
#71=FACE_BOUND('',#1488,.T.);
#72=CYLINDRICAL_SURFACE('',#6977,0.05);
#73=CYLINDRICAL_SURFACE('',#6981,0.04);
#74=CYLINDRICAL_SURFACE('',#6985,0.04);
#75=CYLINDRICAL_SURFACE('',#6989,0.04);
#76=CYLINDRICAL_SURFACE('',#6993,0.04);
#77=CYLINDRICAL_SURFACE('',#7022,0.04);
#78=CYLINDRICAL_SURFACE('',#7033,0.04);
#79=CYLINDRICAL_SURFACE('',#7038,0.04);
#80=CYLINDRICAL_SURFACE('',#7042,0.04);
#81=CYLINDRICAL_SURFACE('',#7068,0.04);
#82=CYLINDRICAL_SURFACE('',#7073,0.04);
#83=CYLINDRICAL_SURFACE('',#7077,0.04);
#84=CYLINDRICAL_SURFACE('',#7103,0.04);
#85=CYLINDRICAL_SURFACE('',#7108,0.04);
#86=CYLINDRICAL_SURFACE('',#7112,0.04);
#87=CYLINDRICAL_SURFACE('',#7138,0.04);
#88=CYLINDRICAL_SURFACE('',#7143,0.04);
#89=CYLINDRICAL_SURFACE('',#7147,0.04);
#90=CYLINDRICAL_SURFACE('',#7167,0.04);
#91=CYLINDRICAL_SURFACE('',#7185,0.09);
#92=CYLINDRICAL_SURFACE('',#7189,0.05);
#93=CYLINDRICAL_SURFACE('',#7195,0.14);
#94=CYLINDRICAL_SURFACE('',#7200,0.17);
#95=CYLINDRICAL_SURFACE('',#7223,0.14);
#96=CYLINDRICAL_SURFACE('',#7227,0.17);
#97=CYLINDRICAL_SURFACE('',#7325,0.05);
#98=CYLINDRICAL_SURFACE('',#7337,0.05);
#99=CIRCLE('',#6975,0.05);
#100=CIRCLE('',#6976,0.05);
#101=CIRCLE('',#6979,0.04);
#102=CIRCLE('',#6980,0.04);
#103=CIRCLE('',#6983,0.04);
#104=CIRCLE('',#6984,0.04);
#105=CIRCLE('',#6987,0.04);
#106=CIRCLE('',#6988,0.04);
#107=CIRCLE('',#6991,0.04);
#108=CIRCLE('',#6992,0.04);
#109=CIRCLE('',#7013,0.05);
#110=CIRCLE('',#7020,0.04);
#111=CIRCLE('',#7021,0.04);
#112=CIRCLE('',#7031,0.04);
#113=CIRCLE('',#7032,0.04);
#114=CIRCLE('',#7036,0.04);
#115=CIRCLE('',#7037,0.04);
#116=CIRCLE('',#7040,0.04);
#117=CIRCLE('',#7041,0.04);
#118=CIRCLE('',#7066,0.04);
#119=CIRCLE('',#7067,0.04);
#120=CIRCLE('',#7071,0.04);
#121=CIRCLE('',#7072,0.04);
#122=CIRCLE('',#7075,0.04);
#123=CIRCLE('',#7076,0.04);
#124=CIRCLE('',#7101,0.04);
#125=CIRCLE('',#7102,0.04);
#126=CIRCLE('',#7106,0.04);
#127=CIRCLE('',#7107,0.04);
#128=CIRCLE('',#7110,0.04);
#129=CIRCLE('',#7111,0.04);
#130=CIRCLE('',#7136,0.04);
#131=CIRCLE('',#7137,0.04);
#132=CIRCLE('',#7141,0.04);
#133=CIRCLE('',#7142,0.04);
#134=CIRCLE('',#7145,0.04);
#135=CIRCLE('',#7146,0.04);
#136=CIRCLE('',#7165,0.04);
#137=CIRCLE('',#7166,0.04);
#138=CIRCLE('',#7183,0.09);
#139=CIRCLE('',#7184,0.09);
#140=CIRCLE('',#7187,0.05);
#141=CIRCLE('',#7188,0.05);
#142=CIRCLE('',#7192,0.14);
#143=CIRCLE('',#7193,0.14);
#144=CIRCLE('',#7194,0.14);
#145=CIRCLE('',#7196,0.17);
#146=CIRCLE('',#7198,0.17);
#147=CIRCLE('',#7199,0.17);
#148=CIRCLE('',#7217,0.14);
#149=CIRCLE('',#7218,0.17);
#150=CIRCLE('',#7221,0.14);
#151=CIRCLE('',#7222,0.14);
#152=CIRCLE('',#7225,0.17);
#153=CIRCLE('',#7226,0.17);
#154=CIRCLE('',#7323,0.05);
#155=CIRCLE('',#7324,0.05);
#156=CIRCLE('',#7336,0.05);
#157=ADVANCED_FACE('',(#802),#493,.T.);
#158=ADVANCED_FACE('',(#803),#494,.T.);
#159=ADVANCED_FACE('',(#804),#495,.T.);
#160=ADVANCED_FACE('',(#805),#496,.T.);
#161=ADVANCED_FACE('',(#806),#497,.T.);
#162=ADVANCED_FACE('',(#807),#498,.T.);
#163=ADVANCED_FACE('',(#808),#499,.T.);
#164=ADVANCED_FACE('',(#809),#500,.T.);
#165=ADVANCED_FACE('',(#810),#501,.T.);
#166=ADVANCED_FACE('',(#811),#502,.T.);
#167=ADVANCED_FACE('',(#812),#503,.T.);
#168=ADVANCED_FACE('',(#813),#504,.T.);
#169=ADVANCED_FACE('',(#814),#505,.T.);
#170=ADVANCED_FACE('',(#815),#506,.T.);
#171=ADVANCED_FACE('',(#816),#507,.T.);
#172=ADVANCED_FACE('',(#817),#508,.T.);
#173=ADVANCED_FACE('',(#818),#509,.T.);
#174=ADVANCED_FACE('',(#819),#510,.T.);
#175=ADVANCED_FACE('',(#820),#511,.T.);
#176=ADVANCED_FACE('',(#821),#512,.T.);
#177=ADVANCED_FACE('',(#822),#513,.T.);
#178=ADVANCED_FACE('',(#823),#514,.F.);
#179=ADVANCED_FACE('',(#824),#72,.T.);
#180=ADVANCED_FACE('',(#825),#515,.T.);
#181=ADVANCED_FACE('',(#826),#73,.T.);
#182=ADVANCED_FACE('',(#827),#516,.T.);
#183=ADVANCED_FACE('',(#828),#74,.F.);
#184=ADVANCED_FACE('',(#829),#517,.T.);
#185=ADVANCED_FACE('',(#830),#75,.T.);
#186=ADVANCED_FACE('',(#831),#518,.T.);
#187=ADVANCED_FACE('',(#832),#76,.F.);
#188=ADVANCED_FACE('',(#833),#519,.F.);
#189=ADVANCED_FACE('',(#834),#520,.F.);
#190=ADVANCED_FACE('',(#835),#521,.F.);
#191=ADVANCED_FACE('',(#836),#522,.F.);
#192=ADVANCED_FACE('',(#837),#523,.F.);
#193=ADVANCED_FACE('',(#838),#524,.F.);
#194=ADVANCED_FACE('',(#839),#525,.F.);
#195=ADVANCED_FACE('',(#840),#526,.F.);
#196=ADVANCED_FACE('',(#841),#527,.T.);
#197=ADVANCED_FACE('',(#842),#528,.F.);
#198=ADVANCED_FACE('',(#843),#529,.F.);
#199=ADVANCED_FACE('',(#844),#530,.F.);
#200=ADVANCED_FACE('',(#845),#531,.F.);
#201=ADVANCED_FACE('',(#846),#532,.F.);
#202=ADVANCED_FACE('',(#847),#533,.F.);
#203=ADVANCED_FACE('',(#848),#534,.F.);
#204=ADVANCED_FACE('',(#849),#535,.F.);
#205=ADVANCED_FACE('',(#850),#536,.F.);
#206=ADVANCED_FACE('',(#851),#537,.F.);
#207=ADVANCED_FACE('',(#852),#538,.F.);
#208=ADVANCED_FACE('',(#853),#539,.F.);
#209=ADVANCED_FACE('',(#854),#540,.F.);
#210=ADVANCED_FACE('',(#855),#541,.F.);
#211=ADVANCED_FACE('',(#856),#542,.T.);
#212=ADVANCED_FACE('',(#857),#543,.T.);
#213=ADVANCED_FACE('',(#858),#77,.T.);
#214=ADVANCED_FACE('',(#859),#544,.T.);
#215=ADVANCED_FACE('',(#860),#545,.T.);
#216=ADVANCED_FACE('',(#861),#546,.T.);
#217=ADVANCED_FACE('',(#862),#547,.T.);
#218=ADVANCED_FACE('',(#863),#548,.T.);
#219=ADVANCED_FACE('',(#864),#549,.T.);
#220=ADVANCED_FACE('',(#865),#550,.T.);
#221=ADVANCED_FACE('',(#866),#551,.T.);
#222=ADVANCED_FACE('',(#867),#78,.T.);
#223=ADVANCED_FACE('',(#868),#552,.T.);
#224=ADVANCED_FACE('',(#869),#553,.T.);
#225=ADVANCED_FACE('',(#870),#79,.T.);
#226=ADVANCED_FACE('',(#871),#554,.T.);
#227=ADVANCED_FACE('',(#872),#80,.F.);
#228=ADVANCED_FACE('',(#873),#555,.T.);
#229=ADVANCED_FACE('',(#874),#556,.T.);
#230=ADVANCED_FACE('',(#875),#557,.T.);
#231=ADVANCED_FACE('',(#876),#558,.T.);
#232=ADVANCED_FACE('',(#877),#559,.T.);
#233=ADVANCED_FACE('',(#878),#560,.T.);
#234=ADVANCED_FACE('',(#879),#561,.T.);
#235=ADVANCED_FACE('',(#880),#562,.T.);
#236=ADVANCED_FACE('',(#881),#563,.T.);
#237=ADVANCED_FACE('',(#882),#564,.T.);
#238=ADVANCED_FACE('',(#883),#565,.T.);
#239=ADVANCED_FACE('',(#884),#566,.F.);
#240=ADVANCED_FACE('',(#885),#567,.F.);
#241=ADVANCED_FACE('',(#886),#568,.F.);
#242=ADVANCED_FACE('',(#887),#569,.F.);
#243=ADVANCED_FACE('',(#888),#570,.F.);
#244=ADVANCED_FACE('',(#889),#571,.T.);
#245=ADVANCED_FACE('',(#890),#572,.T.);
#246=ADVANCED_FACE('',(#891),#573,.T.);
#247=ADVANCED_FACE('',(#892),#574,.T.);
#248=ADVANCED_FACE('',(#893),#575,.T.);
#249=ADVANCED_FACE('',(#894),#576,.T.);
#250=ADVANCED_FACE('',(#895),#577,.T.);
#251=ADVANCED_FACE('',(#896),#81,.T.);
#252=ADVANCED_FACE('',(#897),#578,.T.);
#253=ADVANCED_FACE('',(#898),#579,.T.);
#254=ADVANCED_FACE('',(#899),#82,.T.);
#255=ADVANCED_FACE('',(#900),#580,.T.);
#256=ADVANCED_FACE('',(#901),#83,.F.);
#257=ADVANCED_FACE('',(#902),#581,.T.);
#258=ADVANCED_FACE('',(#903),#582,.T.);
#259=ADVANCED_FACE('',(#904),#583,.T.);
#260=ADVANCED_FACE('',(#905),#584,.T.);
#261=ADVANCED_FACE('',(#906),#585,.T.);
#262=ADVANCED_FACE('',(#907),#586,.T.);
#263=ADVANCED_FACE('',(#908),#587,.T.);
#264=ADVANCED_FACE('',(#909),#588,.T.);
#265=ADVANCED_FACE('',(#910),#589,.T.);
#266=ADVANCED_FACE('',(#911),#590,.T.);
#267=ADVANCED_FACE('',(#912),#591,.T.);
#268=ADVANCED_FACE('',(#913),#592,.F.);
#269=ADVANCED_FACE('',(#914),#593,.F.);
#270=ADVANCED_FACE('',(#915),#594,.F.);
#271=ADVANCED_FACE('',(#916),#595,.F.);
#272=ADVANCED_FACE('',(#917),#596,.F.);
#273=ADVANCED_FACE('',(#918),#597,.T.);
#274=ADVANCED_FACE('',(#919),#598,.T.);
#275=ADVANCED_FACE('',(#920),#599,.T.);
#276=ADVANCED_FACE('',(#921),#600,.T.);
#277=ADVANCED_FACE('',(#922),#601,.T.);
#278=ADVANCED_FACE('',(#923),#602,.T.);
#279=ADVANCED_FACE('',(#924),#603,.T.);
#280=ADVANCED_FACE('',(#925),#84,.T.);
#281=ADVANCED_FACE('',(#926),#604,.T.);
#282=ADVANCED_FACE('',(#927),#605,.T.);
#283=ADVANCED_FACE('',(#928),#85,.T.);
#284=ADVANCED_FACE('',(#929),#606,.T.);
#285=ADVANCED_FACE('',(#930),#86,.F.);
#286=ADVANCED_FACE('',(#931),#607,.T.);
#287=ADVANCED_FACE('',(#932),#608,.T.);
#288=ADVANCED_FACE('',(#933),#609,.T.);
#289=ADVANCED_FACE('',(#934),#610,.T.);
#290=ADVANCED_FACE('',(#935),#611,.T.);
#291=ADVANCED_FACE('',(#936),#612,.T.);
#292=ADVANCED_FACE('',(#937),#613,.T.);
#293=ADVANCED_FACE('',(#938),#614,.T.);
#294=ADVANCED_FACE('',(#939),#615,.T.);
#295=ADVANCED_FACE('',(#940),#616,.T.);
#296=ADVANCED_FACE('',(#941),#617,.T.);
#297=ADVANCED_FACE('',(#942),#618,.F.);
#298=ADVANCED_FACE('',(#943),#619,.F.);
#299=ADVANCED_FACE('',(#944),#620,.F.);
#300=ADVANCED_FACE('',(#945),#621,.F.);
#301=ADVANCED_FACE('',(#946),#622,.F.);
#302=ADVANCED_FACE('',(#947),#623,.T.);
#303=ADVANCED_FACE('',(#948),#624,.T.);
#304=ADVANCED_FACE('',(#949),#625,.T.);
#305=ADVANCED_FACE('',(#950),#626,.T.);
#306=ADVANCED_FACE('',(#951),#627,.T.);
#307=ADVANCED_FACE('',(#952),#628,.T.);
#308=ADVANCED_FACE('',(#953),#629,.T.);
#309=ADVANCED_FACE('',(#954),#87,.T.);
#310=ADVANCED_FACE('',(#955),#630,.T.);
#311=ADVANCED_FACE('',(#956),#631,.T.);
#312=ADVANCED_FACE('',(#957),#88,.T.);
#313=ADVANCED_FACE('',(#958),#632,.T.);
#314=ADVANCED_FACE('',(#959),#89,.F.);
#315=ADVANCED_FACE('',(#960),#633,.T.);
#316=ADVANCED_FACE('',(#961),#634,.T.);
#317=ADVANCED_FACE('',(#962),#635,.T.);
#318=ADVANCED_FACE('',(#963),#636,.T.);
#319=ADVANCED_FACE('',(#964),#637,.T.);
#320=ADVANCED_FACE('',(#965),#638,.T.);
#321=ADVANCED_FACE('',(#966),#639,.T.);
#322=ADVANCED_FACE('',(#967),#640,.T.);
#323=ADVANCED_FACE('',(#968),#641,.T.);
#324=ADVANCED_FACE('',(#969),#642,.T.);
#325=ADVANCED_FACE('',(#970),#643,.T.);
#326=ADVANCED_FACE('',(#971),#644,.F.);
#327=ADVANCED_FACE('',(#972),#645,.F.);
#328=ADVANCED_FACE('',(#973),#646,.F.);
#329=ADVANCED_FACE('',(#974),#647,.F.);
#330=ADVANCED_FACE('',(#975),#648,.F.);
#331=ADVANCED_FACE('',(#976),#649,.T.);
#332=ADVANCED_FACE('',(#977),#90,.T.);
#333=ADVANCED_FACE('',(#978),#650,.T.);
#334=ADVANCED_FACE('',(#33,#34,#35,#36,#37,#38,#39),#651,.F.);
#335=ADVANCED_FACE('',(#979),#652,.T.);
#336=ADVANCED_FACE('',(#980),#653,.F.);
#337=ADVANCED_FACE('',(#981),#654,.T.);
#338=ADVANCED_FACE('',(#982),#655,.T.);
#339=ADVANCED_FACE('',(#983),#656,.T.);
#340=ADVANCED_FACE('',(#40,#41,#42,#43,#44,#45,#46),#657,.F.);
#341=ADVANCED_FACE('',(#984),#658,.F.);
#342=ADVANCED_FACE('',(#985),#659,.T.);
#343=ADVANCED_FACE('',(#986),#660,.T.);
#344=ADVANCED_FACE('',(#987),#661,.F.);
#345=ADVANCED_FACE('',(#988),#662,.F.);
#346=ADVANCED_FACE('',(#989),#663,.T.);
#347=ADVANCED_FACE('',(#990),#664,.T.);
#348=ADVANCED_FACE('',(#991),#91,.T.);
#349=ADVANCED_FACE('',(#992),#665,.T.);
#350=ADVANCED_FACE('',(#993),#92,.T.);
#351=ADVANCED_FACE('',(#994),#666,.T.);
#352=ADVANCED_FACE('',(#995),#667,.T.);
#353=ADVANCED_FACE('',(#996),#93,.T.);
#354=ADVANCED_FACE('',(#997),#668,.F.);
#355=ADVANCED_FACE('',(#998),#94,.T.);
#356=ADVANCED_FACE('',(#999),#669,.F.);
#357=ADVANCED_FACE('',(#1000),#670,.F.);
#358=ADVANCED_FACE('',(#1001),#671,.F.);
#359=ADVANCED_FACE('',(#1002),#672,.F.);
#360=ADVANCED_FACE('',(#1003),#673,.F.);
#361=ADVANCED_FACE('',(#1004),#674,.F.);
#362=ADVANCED_FACE('',(#1005),#675,.F.);
#363=ADVANCED_FACE('',(#1006),#676,.T.);
#364=ADVANCED_FACE('',(#1007),#677,.F.);
#365=ADVANCED_FACE('',(#1008),#678,.F.);
#366=ADVANCED_FACE('',(#1009),#679,.F.);
#367=ADVANCED_FACE('',(#1010),#680,.F.);
#368=ADVANCED_FACE('',(#1011),#681,.F.);
#369=ADVANCED_FACE('',(#1012),#682,.F.);
#370=ADVANCED_FACE('',(#1013),#683,.F.);
#371=ADVANCED_FACE('',(#1014),#684,.F.);
#372=ADVANCED_FACE('',(#1015),#685,.F.);
#373=ADVANCED_FACE('',(#1016),#686,.F.);
#374=ADVANCED_FACE('',(#1017),#95,.T.);
#375=ADVANCED_FACE('',(#1018),#687,.F.);
#376=ADVANCED_FACE('',(#1019),#96,.T.);
#377=ADVANCED_FACE('',(#1020),#688,.T.);
#378=ADVANCED_FACE('',(#1021),#689,.T.);
#379=ADVANCED_FACE('',(#1022),#690,.F.);
#380=ADVANCED_FACE('',(#1023),#691,.T.);
#381=ADVANCED_FACE('',(#1024),#692,.F.);
#382=ADVANCED_FACE('',(#1025),#693,.F.);
#383=ADVANCED_FACE('',(#1026),#694,.F.);
#384=ADVANCED_FACE('',(#1027),#695,.T.);
#385=ADVANCED_FACE('',(#1028),#696,.T.);
#386=ADVANCED_FACE('',(#1029),#697,.T.);
#387=ADVANCED_FACE('',(#1030),#698,.T.);
#388=ADVANCED_FACE('',(#1031),#699,.T.);
#389=ADVANCED_FACE('',(#1032),#700,.T.);
#390=ADVANCED_FACE('',(#1033),#701,.T.);
#391=ADVANCED_FACE('',(#47,#48,#49,#50,#51,#52,#53),#702,.T.);
#392=ADVANCED_FACE('',(#1034),#703,.F.);
#393=ADVANCED_FACE('',(#1035),#704,.T.);
#394=ADVANCED_FACE('',(#1036),#705,.F.);
#395=ADVANCED_FACE('',(#1037),#706,.F.);
#396=ADVANCED_FACE('',(#1038),#707,.T.);
#397=ADVANCED_FACE('',(#1039),#708,.T.);
#398=ADVANCED_FACE('',(#1040),#709,.T.);
#399=ADVANCED_FACE('',(#1041),#710,.T.);
#400=ADVANCED_FACE('',(#1042),#711,.F.);
#401=ADVANCED_FACE('',(#1043),#712,.F.);
#402=ADVANCED_FACE('',(#1044),#713,.T.);
#403=ADVANCED_FACE('',(#1045),#714,.F.);
#404=ADVANCED_FACE('',(#1046),#715,.F.);
#405=ADVANCED_FACE('',(#1047),#716,.F.);
#406=ADVANCED_FACE('',(#1048),#717,.F.);
#407=ADVANCED_FACE('',(#1049),#718,.T.);
#408=ADVANCED_FACE('',(#54,#55),#719,.T.);
#409=ADVANCED_FACE('',(#1050),#720,.T.);
#410=ADVANCED_FACE('',(#1051),#721,.T.);
#411=ADVANCED_FACE('',(#1052),#722,.T.);
#412=ADVANCED_FACE('',(#1053),#723,.T.);
#413=ADVANCED_FACE('',(#1054),#724,.T.);
#414=ADVANCED_FACE('',(#1055),#725,.T.);
#415=ADVANCED_FACE('',(#1056),#726,.F.);
#416=ADVANCED_FACE('',(#56,#57,#58,#59,#60,#61,#62),#727,.T.);
#417=ADVANCED_FACE('',(#1057),#728,.F.);
#418=ADVANCED_FACE('',(#1058),#729,.F.);
#419=ADVANCED_FACE('',(#1059),#730,.F.);
#420=ADVANCED_FACE('',(#1060),#731,.F.);
#421=ADVANCED_FACE('',(#1061),#732,.F.);
#422=ADVANCED_FACE('',(#1062),#733,.T.);
#423=ADVANCED_FACE('',(#1063),#734,.T.);
#424=ADVANCED_FACE('',(#1064),#735,.T.);
#425=ADVANCED_FACE('',(#1065),#736,.T.);
#426=ADVANCED_FACE('',(#1066),#737,.T.);
#427=ADVANCED_FACE('',(#1067),#738,.T.);
#428=ADVANCED_FACE('',(#1068),#739,.T.);
#429=ADVANCED_FACE('',(#1069),#740,.F.);
#430=ADVANCED_FACE('',(#1070),#741,.F.);
#431=ADVANCED_FACE('',(#1071),#742,.F.);
#432=ADVANCED_FACE('',(#1072),#743,.F.);
#433=ADVANCED_FACE('',(#1073),#744,.F.);
#434=ADVANCED_FACE('',(#1074),#745,.F.);
#435=ADVANCED_FACE('',(#1075),#746,.F.);
#436=ADVANCED_FACE('',(#1076),#747,.F.);
#437=ADVANCED_FACE('',(#1077),#748,.F.);
#438=ADVANCED_FACE('',(#1078),#749,.F.);
#439=ADVANCED_FACE('',(#1079),#750,.F.);
#440=ADVANCED_FACE('',(#1080),#751,.F.);
#441=ADVANCED_FACE('',(#1081),#752,.F.);
#442=ADVANCED_FACE('',(#1082),#753,.F.);
#443=ADVANCED_FACE('',(#1083),#754,.T.);
#444=ADVANCED_FACE('',(#1084),#755,.T.);
#445=ADVANCED_FACE('',(#1085),#756,.T.);
#446=ADVANCED_FACE('',(#1086),#757,.T.);
#447=ADVANCED_FACE('',(#1087),#758,.T.);
#448=ADVANCED_FACE('',(#1088),#759,.T.);
#449=ADVANCED_FACE('',(#1089),#760,.F.);
#450=ADVANCED_FACE('',(#1090),#761,.F.);
#451=ADVANCED_FACE('',(#1091),#762,.F.);
#452=ADVANCED_FACE('',(#1092),#763,.F.);
#453=ADVANCED_FACE('',(#1093),#764,.F.);
#454=ADVANCED_FACE('',(#1094),#765,.F.);
#455=ADVANCED_FACE('',(#1095),#766,.T.);
#456=ADVANCED_FACE('',(#1096),#767,.T.);
#457=ADVANCED_FACE('',(#1097),#768,.T.);
#458=ADVANCED_FACE('',(#1098),#769,.T.);
#459=ADVANCED_FACE('',(#1099),#770,.T.);
#460=ADVANCED_FACE('',(#1100),#771,.T.);
#461=ADVANCED_FACE('',(#1101),#772,.T.);
#462=ADVANCED_FACE('',(#1102),#773,.T.);
#463=ADVANCED_FACE('',(#1103),#774,.F.);
#464=ADVANCED_FACE('',(#1104),#775,.F.);
#465=ADVANCED_FACE('',(#1105),#776,.F.);
#466=ADVANCED_FACE('',(#1106),#777,.F.);
#467=ADVANCED_FACE('',(#1107),#778,.F.);
#468=ADVANCED_FACE('',(#1108),#779,.F.);
#469=ADVANCED_FACE('',(#1109),#780,.T.);
#470=ADVANCED_FACE('',(#1110),#781,.T.);
#471=ADVANCED_FACE('',(#1111),#782,.T.);
#472=ADVANCED_FACE('',(#1112),#97,.T.);
#473=ADVANCED_FACE('',(#1113),#783,.T.);
#474=ADVANCED_FACE('',(#1114),#784,.T.);
#475=ADVANCED_FACE('',(#1115),#785,.T.);
#476=ADVANCED_FACE('',(#1116),#786,.T.);
#477=ADVANCED_FACE('',(#1117),#787,.T.);
#478=ADVANCED_FACE('',(#1118),#788,.F.);
#479=ADVANCED_FACE('',(#1119),#789,.F.);
#480=ADVANCED_FACE('',(#63,#64,#65,#66,#67,#68,#69,#70,#71),#790,.F.);
#481=ADVANCED_FACE('',(#1120),#791,.F.);
#482=ADVANCED_FACE('',(#1121),#792,.F.);
#483=ADVANCED_FACE('',(#1122),#98,.T.);
#484=ADVANCED_FACE('',(#1123),#793,.F.);
#485=ADVANCED_FACE('',(#1124),#794,.F.);
#486=ADVANCED_FACE('',(#1125),#795,.F.);
#487=ADVANCED_FACE('',(#1126),#796,.F.);
#488=ADVANCED_FACE('',(#1127),#797,.T.);
#489=ADVANCED_FACE('',(#1128),#798,.T.);
#490=ADVANCED_FACE('',(#1129),#799,.F.);
#491=ADVANCED_FACE('',(#1130),#800,.F.);
#492=ADVANCED_FACE('',(#1131),#801,.F.);
#493=PLANE('',#6953);
#494=PLANE('',#6954);
#495=PLANE('',#6955);
#496=PLANE('',#6956);
#497=PLANE('',#6957);
#498=PLANE('',#6958);
#499=PLANE('',#6959);
#500=PLANE('',#6960);
#501=PLANE('',#6961);
#502=PLANE('',#6962);
#503=PLANE('',#6963);
#504=PLANE('',#6964);
#505=PLANE('',#6965);
#506=PLANE('',#6966);
#507=PLANE('',#6967);
#508=PLANE('',#6968);
#509=PLANE('',#6969);
#510=PLANE('',#6970);
#511=PLANE('',#6971);
#512=PLANE('',#6972);
#513=PLANE('',#6973);
#514=PLANE('',#6974);
#515=PLANE('',#6978);
#516=PLANE('',#6982);
#517=PLANE('',#6986);
#518=PLANE('',#6990);
#519=PLANE('',#6994);
#520=PLANE('',#6995);
#521=PLANE('',#6996);
#522=PLANE('',#6997);
#523=PLANE('',#6998);
#524=PLANE('',#6999);
#525=PLANE('',#7000);
#526=PLANE('',#7001);
#527=PLANE('',#7002);
#528=PLANE('',#7003);
#529=PLANE('',#7004);
#530=PLANE('',#7005);
#531=PLANE('',#7006);
#532=PLANE('',#7007);
#533=PLANE('',#7008);
#534=PLANE('',#7009);
#535=PLANE('',#7010);
#536=PLANE('',#7011);
#537=PLANE('',#7012);
#538=PLANE('',#7014);
#539=PLANE('',#7015);
#540=PLANE('',#7016);
#541=PLANE('',#7017);
#542=PLANE('',#7018);
#543=PLANE('',#7019);
#544=PLANE('',#7023);
#545=PLANE('',#7024);
#546=PLANE('',#7025);
#547=PLANE('',#7026);
#548=PLANE('',#7027);
#549=PLANE('',#7028);
#550=PLANE('',#7029);
#551=PLANE('',#7030);
#552=PLANE('',#7034);
#553=PLANE('',#7035);
#554=PLANE('',#7039);
#555=PLANE('',#7043);
#556=PLANE('',#7044);
#557=PLANE('',#7045);
#558=PLANE('',#7046);
#559=PLANE('',#7047);
#560=PLANE('',#7048);
#561=PLANE('',#7049);
#562=PLANE('',#7050);
#563=PLANE('',#7051);
#564=PLANE('',#7052);
#565=PLANE('',#7053);
#566=PLANE('',#7054);
#567=PLANE('',#7055);
#568=PLANE('',#7056);
#569=PLANE('',#7057);
#570=PLANE('',#7058);
#571=PLANE('',#7059);
#572=PLANE('',#7060);
#573=PLANE('',#7061);
#574=PLANE('',#7062);
#575=PLANE('',#7063);
#576=PLANE('',#7064);
#577=PLANE('',#7065);
#578=PLANE('',#7069);
#579=PLANE('',#7070);
#580=PLANE('',#7074);
#581=PLANE('',#7078);
#582=PLANE('',#7079);
#583=PLANE('',#7080);
#584=PLANE('',#7081);
#585=PLANE('',#7082);
#586=PLANE('',#7083);
#587=PLANE('',#7084);
#588=PLANE('',#7085);
#589=PLANE('',#7086);
#590=PLANE('',#7087);
#591=PLANE('',#7088);
#592=PLANE('',#7089);
#593=PLANE('',#7090);
#594=PLANE('',#7091);
#595=PLANE('',#7092);
#596=PLANE('',#7093);
#597=PLANE('',#7094);
#598=PLANE('',#7095);
#599=PLANE('',#7096);
#600=PLANE('',#7097);
#601=PLANE('',#7098);
#602=PLANE('',#7099);
#603=PLANE('',#7100);
#604=PLANE('',#7104);
#605=PLANE('',#7105);
#606=PLANE('',#7109);
#607=PLANE('',#7113);
#608=PLANE('',#7114);
#609=PLANE('',#7115);
#610=PLANE('',#7116);
#611=PLANE('',#7117);
#612=PLANE('',#7118);
#613=PLANE('',#7119);
#614=PLANE('',#7120);
#615=PLANE('',#7121);
#616=PLANE('',#7122);
#617=PLANE('',#7123);
#618=PLANE('',#7124);
#619=PLANE('',#7125);
#620=PLANE('',#7126);
#621=PLANE('',#7127);
#622=PLANE('',#7128);
#623=PLANE('',#7129);
#624=PLANE('',#7130);
#625=PLANE('',#7131);
#626=PLANE('',#7132);
#627=PLANE('',#7133);
#628=PLANE('',#7134);
#629=PLANE('',#7135);
#630=PLANE('',#7139);
#631=PLANE('',#7140);
#632=PLANE('',#7144);
#633=PLANE('',#7148);
#634=PLANE('',#7149);
#635=PLANE('',#7150);
#636=PLANE('',#7151);
#637=PLANE('',#7152);
#638=PLANE('',#7153);
#639=PLANE('',#7154);
#640=PLANE('',#7155);
#641=PLANE('',#7156);
#642=PLANE('',#7157);
#643=PLANE('',#7158);
#644=PLANE('',#7159);
#645=PLANE('',#7160);
#646=PLANE('',#7161);
#647=PLANE('',#7162);
#648=PLANE('',#7163);
#649=PLANE('',#7164);
#650=PLANE('',#7168);
#651=PLANE('',#7169);
#652=PLANE('',#7170);
#653=PLANE('',#7171);
#654=PLANE('',#7172);
#655=PLANE('',#7173);
#656=PLANE('',#7174);
#657=PLANE('',#7175);
#658=PLANE('',#7176);
#659=PLANE('',#7177);
#660=PLANE('',#7178);
#661=PLANE('',#7179);
#662=PLANE('',#7180);
#663=PLANE('',#7181);
#664=PLANE('',#7182);
#665=PLANE('',#7186);
#666=PLANE('',#7190);
#667=PLANE('',#7191);
#668=PLANE('',#7197);
#669=PLANE('',#7201);
#670=PLANE('',#7202);
#671=PLANE('',#7203);
#672=PLANE('',#7204);
#673=PLANE('',#7205);
#674=PLANE('',#7206);
#675=PLANE('',#7207);
#676=PLANE('',#7208);
#677=PLANE('',#7209);
#678=PLANE('',#7210);
#679=PLANE('',#7211);
#680=PLANE('',#7212);
#681=PLANE('',#7213);
#682=PLANE('',#7214);
#683=PLANE('',#7215);
#684=PLANE('',#7216);
#685=PLANE('',#7219);
#686=PLANE('',#7220);
#687=PLANE('',#7224);
#688=PLANE('',#7228);
#689=PLANE('',#7229);
#690=PLANE('',#7230);
#691=PLANE('',#7231);
#692=PLANE('',#7232);
#693=PLANE('',#7233);
#694=PLANE('',#7234);
#695=PLANE('',#7235);
#696=PLANE('',#7236);
#697=PLANE('',#7237);
#698=PLANE('',#7238);
#699=PLANE('',#7239);
#700=PLANE('',#7240);
#701=PLANE('',#7241);
#702=PLANE('',#7242);
#703=PLANE('',#7243);
#704=PLANE('',#7244);
#705=PLANE('',#7245);
#706=PLANE('',#7246);
#707=PLANE('',#7247);
#708=PLANE('',#7248);
#709=PLANE('',#7249);
#710=PLANE('',#7250);
#711=PLANE('',#7251);
#712=PLANE('',#7252);
#713=PLANE('',#7253);
#714=PLANE('',#7254);
#715=PLANE('',#7255);
#716=PLANE('',#7256);
#717=PLANE('',#7257);
#718=PLANE('',#7258);
#719=PLANE('',#7259);
#720=PLANE('',#7260);
#721=PLANE('',#7261);
#722=PLANE('',#7262);
#723=PLANE('',#7263);
#724=PLANE('',#7264);
#725=PLANE('',#7265);
#726=PLANE('',#7266);
#727=PLANE('',#7267);
#728=PLANE('',#7268);
#729=PLANE('',#7269);
#730=PLANE('',#7270);
#731=PLANE('',#7271);
#732=PLANE('',#7272);
#733=PLANE('',#7273);
#734=PLANE('',#7274);
#735=PLANE('',#7275);
#736=PLANE('',#7276);
#737=PLANE('',#7277);
#738=PLANE('',#7278);
#739=PLANE('',#7279);
#740=PLANE('',#7280);
#741=PLANE('',#7281);
#742=PLANE('',#7282);
#743=PLANE('',#7283);
#744=PLANE('',#7284);
#745=PLANE('',#7285);
#746=PLANE('',#7286);
#747=PLANE('',#7287);
#748=PLANE('',#7288);
#749=PLANE('',#7289);
#750=PLANE('',#7290);
#751=PLANE('',#7291);
#752=PLANE('',#7292);
#753=PLANE('',#7293);
#754=PLANE('',#7294);
#755=PLANE('',#7295);
#756=PLANE('',#7296);
#757=PLANE('',#7297);
#758=PLANE('',#7298);
#759=PLANE('',#7299);
#760=PLANE('',#7300);
#761=PLANE('',#7301);
#762=PLANE('',#7302);
#763=PLANE('',#7303);
#764=PLANE('',#7304);
#765=PLANE('',#7305);
#766=PLANE('',#7306);
#767=PLANE('',#7307);
#768=PLANE('',#7308);
#769=PLANE('',#7309);
#770=PLANE('',#7310);
#771=PLANE('',#7311);
#772=PLANE('',#7312);
#773=PLANE('',#7313);
#774=PLANE('',#7314);
#775=PLANE('',#7315);
#776=PLANE('',#7316);
#777=PLANE('',#7317);
#778=PLANE('',#7318);
#779=PLANE('',#7319);
#780=PLANE('',#7320);
#781=PLANE('',#7321);
#782=PLANE('',#7322);
#783=PLANE('',#7326);
#784=PLANE('',#7327);
#785=PLANE('',#7328);
#786=PLANE('',#7329);
#787=PLANE('',#7330);
#788=PLANE('',#7331);
#789=PLANE('',#7332);
#790=PLANE('',#7333);
#791=PLANE('',#7334);
#792=PLANE('',#7335);
#793=PLANE('',#7338);
#794=PLANE('',#7339);
#795=PLANE('',#7340);
#796=PLANE('',#7341);
#797=PLANE('',#7342);
#798=PLANE('',#7343);
#799=PLANE('',#7344);
#800=PLANE('',#7345);
#801=PLANE('',#7346);
#802=FACE_OUTER_BOUND('',#1132,.T.);
#803=FACE_OUTER_BOUND('',#1133,.T.);
#804=FACE_OUTER_BOUND('',#1134,.T.);
#805=FACE_OUTER_BOUND('',#1135,.T.);
#806=FACE_OUTER_BOUND('',#1136,.T.);
#807=FACE_OUTER_BOUND('',#1137,.T.);
#808=FACE_OUTER_BOUND('',#1138,.T.);
#809=FACE_OUTER_BOUND('',#1139,.T.);
#810=FACE_OUTER_BOUND('',#1140,.T.);
#811=FACE_OUTER_BOUND('',#1141,.T.);
#812=FACE_OUTER_BOUND('',#1142,.T.);
#813=FACE_OUTER_BOUND('',#1143,.T.);
#814=FACE_OUTER_BOUND('',#1144,.T.);
#815=FACE_OUTER_BOUND('',#1145,.T.);
#816=FACE_OUTER_BOUND('',#1146,.T.);
#817=FACE_OUTER_BOUND('',#1147,.T.);
#818=FACE_OUTER_BOUND('',#1148,.T.);
#819=FACE_OUTER_BOUND('',#1149,.T.);
#820=FACE_OUTER_BOUND('',#1150,.T.);
#821=FACE_OUTER_BOUND('',#1151,.T.);
#822=FACE_OUTER_BOUND('',#1152,.T.);
#823=FACE_OUTER_BOUND('',#1153,.T.);
#824=FACE_OUTER_BOUND('',#1154,.T.);
#825=FACE_OUTER_BOUND('',#1155,.T.);
#826=FACE_OUTER_BOUND('',#1156,.T.);
#827=FACE_OUTER_BOUND('',#1157,.T.);
#828=FACE_OUTER_BOUND('',#1158,.T.);
#829=FACE_OUTER_BOUND('',#1159,.T.);
#830=FACE_OUTER_BOUND('',#1160,.T.);
#831=FACE_OUTER_BOUND('',#1161,.T.);
#832=FACE_OUTER_BOUND('',#1162,.T.);
#833=FACE_OUTER_BOUND('',#1163,.T.);
#834=FACE_OUTER_BOUND('',#1164,.T.);
#835=FACE_OUTER_BOUND('',#1165,.T.);
#836=FACE_OUTER_BOUND('',#1166,.T.);
#837=FACE_OUTER_BOUND('',#1167,.T.);
#838=FACE_OUTER_BOUND('',#1168,.T.);
#839=FACE_OUTER_BOUND('',#1169,.T.);
#840=FACE_OUTER_BOUND('',#1170,.T.);
#841=FACE_OUTER_BOUND('',#1171,.T.);
#842=FACE_OUTER_BOUND('',#1172,.T.);
#843=FACE_OUTER_BOUND('',#1173,.T.);
#844=FACE_OUTER_BOUND('',#1174,.T.);
#845=FACE_OUTER_BOUND('',#1175,.T.);
#846=FACE_OUTER_BOUND('',#1176,.T.);
#847=FACE_OUTER_BOUND('',#1177,.T.);
#848=FACE_OUTER_BOUND('',#1178,.T.);
#849=FACE_OUTER_BOUND('',#1179,.T.);
#850=FACE_OUTER_BOUND('',#1180,.T.);
#851=FACE_OUTER_BOUND('',#1181,.T.);
#852=FACE_OUTER_BOUND('',#1182,.T.);
#853=FACE_OUTER_BOUND('',#1183,.T.);
#854=FACE_OUTER_BOUND('',#1184,.T.);
#855=FACE_OUTER_BOUND('',#1185,.T.);
#856=FACE_OUTER_BOUND('',#1186,.T.);
#857=FACE_OUTER_BOUND('',#1187,.T.);
#858=FACE_OUTER_BOUND('',#1188,.T.);
#859=FACE_OUTER_BOUND('',#1189,.T.);
#860=FACE_OUTER_BOUND('',#1190,.T.);
#861=FACE_OUTER_BOUND('',#1191,.T.);
#862=FACE_OUTER_BOUND('',#1192,.T.);
#863=FACE_OUTER_BOUND('',#1193,.T.);
#864=FACE_OUTER_BOUND('',#1194,.T.);
#865=FACE_OUTER_BOUND('',#1195,.T.);
#866=FACE_OUTER_BOUND('',#1196,.T.);
#867=FACE_OUTER_BOUND('',#1197,.T.);
#868=FACE_OUTER_BOUND('',#1198,.T.);
#869=FACE_OUTER_BOUND('',#1199,.T.);
#870=FACE_OUTER_BOUND('',#1200,.T.);
#871=FACE_OUTER_BOUND('',#1201,.T.);
#872=FACE_OUTER_BOUND('',#1202,.T.);
#873=FACE_OUTER_BOUND('',#1203,.T.);
#874=FACE_OUTER_BOUND('',#1204,.T.);
#875=FACE_OUTER_BOUND('',#1205,.T.);
#876=FACE_OUTER_BOUND('',#1206,.T.);
#877=FACE_OUTER_BOUND('',#1207,.T.);
#878=FACE_OUTER_BOUND('',#1208,.T.);
#879=FACE_OUTER_BOUND('',#1209,.T.);
#880=FACE_OUTER_BOUND('',#1210,.T.);
#881=FACE_OUTER_BOUND('',#1211,.T.);
#882=FACE_OUTER_BOUND('',#1212,.T.);
#883=FACE_OUTER_BOUND('',#1213,.T.);
#884=FACE_OUTER_BOUND('',#1214,.T.);
#885=FACE_OUTER_BOUND('',#1215,.T.);
#886=FACE_OUTER_BOUND('',#1216,.T.);
#887=FACE_OUTER_BOUND('',#1217,.T.);
#888=FACE_OUTER_BOUND('',#1218,.T.);
#889=FACE_OUTER_BOUND('',#1219,.T.);
#890=FACE_OUTER_BOUND('',#1220,.T.);
#891=FACE_OUTER_BOUND('',#1221,.T.);
#892=FACE_OUTER_BOUND('',#1222,.T.);
#893=FACE_OUTER_BOUND('',#1223,.T.);
#894=FACE_OUTER_BOUND('',#1224,.T.);
#895=FACE_OUTER_BOUND('',#1225,.T.);
#896=FACE_OUTER_BOUND('',#1226,.T.);
#897=FACE_OUTER_BOUND('',#1227,.T.);
#898=FACE_OUTER_BOUND('',#1228,.T.);
#899=FACE_OUTER_BOUND('',#1229,.T.);
#900=FACE_OUTER_BOUND('',#1230,.T.);
#901=FACE_OUTER_BOUND('',#1231,.T.);
#902=FACE_OUTER_BOUND('',#1232,.T.);
#903=FACE_OUTER_BOUND('',#1233,.T.);
#904=FACE_OUTER_BOUND('',#1234,.T.);
#905=FACE_OUTER_BOUND('',#1235,.T.);
#906=FACE_OUTER_BOUND('',#1236,.T.);
#907=FACE_OUTER_BOUND('',#1237,.T.);
#908=FACE_OUTER_BOUND('',#1238,.T.);
#909=FACE_OUTER_BOUND('',#1239,.T.);
#910=FACE_OUTER_BOUND('',#1240,.T.);
#911=FACE_OUTER_BOUND('',#1241,.T.);
#912=FACE_OUTER_BOUND('',#1242,.T.);
#913=FACE_OUTER_BOUND('',#1243,.T.);
#914=FACE_OUTER_BOUND('',#1244,.T.);
#915=FACE_OUTER_BOUND('',#1245,.T.);
#916=FACE_OUTER_BOUND('',#1246,.T.);
#917=FACE_OUTER_BOUND('',#1247,.T.);
#918=FACE_OUTER_BOUND('',#1248,.T.);
#919=FACE_OUTER_BOUND('',#1249,.T.);
#920=FACE_OUTER_BOUND('',#1250,.T.);
#921=FACE_OUTER_BOUND('',#1251,.T.);
#922=FACE_OUTER_BOUND('',#1252,.T.);
#923=FACE_OUTER_BOUND('',#1253,.T.);
#924=FACE_OUTER_BOUND('',#1254,.T.);
#925=FACE_OUTER_BOUND('',#1255,.T.);
#926=FACE_OUTER_BOUND('',#1256,.T.);
#927=FACE_OUTER_BOUND('',#1257,.T.);
#928=FACE_OUTER_BOUND('',#1258,.T.);
#929=FACE_OUTER_BOUND('',#1259,.T.);
#930=FACE_OUTER_BOUND('',#1260,.T.);
#931=FACE_OUTER_BOUND('',#1261,.T.);
#932=FACE_OUTER_BOUND('',#1262,.T.);
#933=FACE_OUTER_BOUND('',#1263,.T.);
#934=FACE_OUTER_BOUND('',#1264,.T.);
#935=FACE_OUTER_BOUND('',#1265,.T.);
#936=FACE_OUTER_BOUND('',#1266,.T.);
#937=FACE_OUTER_BOUND('',#1267,.T.);
#938=FACE_OUTER_BOUND('',#1268,.T.);
#939=FACE_OUTER_BOUND('',#1269,.T.);
#940=FACE_OUTER_BOUND('',#1270,.T.);
#941=FACE_OUTER_BOUND('',#1271,.T.);
#942=FACE_OUTER_BOUND('',#1272,.T.);
#943=FACE_OUTER_BOUND('',#1273,.T.);
#944=FACE_OUTER_BOUND('',#1274,.T.);
#945=FACE_OUTER_BOUND('',#1275,.T.);
#946=FACE_OUTER_BOUND('',#1276,.T.);
#947=FACE_OUTER_BOUND('',#1277,.T.);
#948=FACE_OUTER_BOUND('',#1278,.T.);
#949=FACE_OUTER_BOUND('',#1279,.T.);
#950=FACE_OUTER_BOUND('',#1280,.T.);
#951=FACE_OUTER_BOUND('',#1281,.T.);
#952=FACE_OUTER_BOUND('',#1282,.T.);
#953=FACE_OUTER_BOUND('',#1283,.T.);
#954=FACE_OUTER_BOUND('',#1284,.T.);
#955=FACE_OUTER_BOUND('',#1285,.T.);
#956=FACE_OUTER_BOUND('',#1286,.T.);
#957=FACE_OUTER_BOUND('',#1287,.T.);
#958=FACE_OUTER_BOUND('',#1288,.T.);
#959=FACE_OUTER_BOUND('',#1289,.T.);
#960=FACE_OUTER_BOUND('',#1290,.T.);
#961=FACE_OUTER_BOUND('',#1291,.T.);
#962=FACE_OUTER_BOUND('',#1292,.T.);
#963=FACE_OUTER_BOUND('',#1293,.T.);
#964=FACE_OUTER_BOUND('',#1294,.T.);
#965=FACE_OUTER_BOUND('',#1295,.T.);
#966=FACE_OUTER_BOUND('',#1296,.T.);
#967=FACE_OUTER_BOUND('',#1297,.T.);
#968=FACE_OUTER_BOUND('',#1298,.T.);
#969=FACE_OUTER_BOUND('',#1299,.T.);
#970=FACE_OUTER_BOUND('',#1300,.T.);
#971=FACE_OUTER_BOUND('',#1301,.T.);
#972=FACE_OUTER_BOUND('',#1302,.T.);
#973=FACE_OUTER_BOUND('',#1303,.T.);
#974=FACE_OUTER_BOUND('',#1304,.T.);
#975=FACE_OUTER_BOUND('',#1305,.T.);
#976=FACE_OUTER_BOUND('',#1306,.T.);
#977=FACE_OUTER_BOUND('',#1307,.T.);
#978=FACE_OUTER_BOUND('',#1308,.T.);
#979=FACE_OUTER_BOUND('',#1316,.T.);
#980=FACE_OUTER_BOUND('',#1317,.T.);
#981=FACE_OUTER_BOUND('',#1318,.T.);
#982=FACE_OUTER_BOUND('',#1319,.T.);
#983=FACE_OUTER_BOUND('',#1320,.T.);
#984=FACE_OUTER_BOUND('',#1328,.T.);
#985=FACE_OUTER_BOUND('',#1329,.T.);
#986=FACE_OUTER_BOUND('',#1330,.T.);
#987=FACE_OUTER_BOUND('',#1331,.T.);
#988=FACE_OUTER_BOUND('',#1332,.T.);
#989=FACE_OUTER_BOUND('',#1333,.T.);
#990=FACE_OUTER_BOUND('',#1334,.T.);
#991=FACE_OUTER_BOUND('',#1335,.T.);
#992=FACE_OUTER_BOUND('',#1336,.T.);
#993=FACE_OUTER_BOUND('',#1337,.T.);
#994=FACE_OUTER_BOUND('',#1338,.T.);
#995=FACE_OUTER_BOUND('',#1339,.T.);
#996=FACE_OUTER_BOUND('',#1340,.T.);
#997=FACE_OUTER_BOUND('',#1341,.T.);
#998=FACE_OUTER_BOUND('',#1342,.T.);
#999=FACE_OUTER_BOUND('',#1343,.T.);
#1000=FACE_OUTER_BOUND('',#1344,.T.);
#1001=FACE_OUTER_BOUND('',#1345,.T.);
#1002=FACE_OUTER_BOUND('',#1346,.T.);
#1003=FACE_OUTER_BOUND('',#1347,.T.);
#1004=FACE_OUTER_BOUND('',#1348,.T.);
#1005=FACE_OUTER_BOUND('',#1349,.T.);
#1006=FACE_OUTER_BOUND('',#1350,.T.);
#1007=FACE_OUTER_BOUND('',#1351,.T.);
#1008=FACE_OUTER_BOUND('',#1352,.T.);
#1009=FACE_OUTER_BOUND('',#1353,.T.);
#1010=FACE_OUTER_BOUND('',#1354,.T.);
#1011=FACE_OUTER_BOUND('',#1355,.T.);
#1012=FACE_OUTER_BOUND('',#1356,.T.);
#1013=FACE_OUTER_BOUND('',#1357,.T.);
#1014=FACE_OUTER_BOUND('',#1358,.T.);
#1015=FACE_OUTER_BOUND('',#1359,.T.);
#1016=FACE_OUTER_BOUND('',#1360,.T.);
#1017=FACE_OUTER_BOUND('',#1361,.T.);
#1018=FACE_OUTER_BOUND('',#1362,.T.);
#1019=FACE_OUTER_BOUND('',#1363,.T.);
#1020=FACE_OUTER_BOUND('',#1364,.T.);
#1021=FACE_OUTER_BOUND('',#1365,.T.);
#1022=FACE_OUTER_BOUND('',#1366,.T.);
#1023=FACE_OUTER_BOUND('',#1367,.T.);
#1024=FACE_OUTER_BOUND('',#1368,.T.);
#1025=FACE_OUTER_BOUND('',#1369,.T.);
#1026=FACE_OUTER_BOUND('',#1370,.T.);
#1027=FACE_OUTER_BOUND('',#1371,.T.);
#1028=FACE_OUTER_BOUND('',#1372,.T.);
#1029=FACE_OUTER_BOUND('',#1373,.T.);
#1030=FACE_OUTER_BOUND('',#1374,.T.);
#1031=FACE_OUTER_BOUND('',#1375,.T.);
#1032=FACE_OUTER_BOUND('',#1376,.T.);
#1033=FACE_OUTER_BOUND('',#1377,.T.);
#1034=FACE_OUTER_BOUND('',#1385,.T.);
#1035=FACE_OUTER_BOUND('',#1386,.T.);
#1036=FACE_OUTER_BOUND('',#1387,.T.);
#1037=FACE_OUTER_BOUND('',#1388,.T.);
#1038=FACE_OUTER_BOUND('',#1389,.T.);
#1039=FACE_OUTER_BOUND('',#1390,.T.);
#1040=FACE_OUTER_BOUND('',#1391,.T.);
#1041=FACE_OUTER_BOUND('',#1392,.T.);
#1042=FACE_OUTER_BOUND('',#1393,.T.);
#1043=FACE_OUTER_BOUND('',#1394,.T.);
#1044=FACE_OUTER_BOUND('',#1395,.T.);
#1045=FACE_OUTER_BOUND('',#1396,.T.);
#1046=FACE_OUTER_BOUND('',#1397,.T.);
#1047=FACE_OUTER_BOUND('',#1398,.T.);
#1048=FACE_OUTER_BOUND('',#1399,.T.);
#1049=FACE_OUTER_BOUND('',#1400,.T.);
#1050=FACE_OUTER_BOUND('',#1403,.T.);
#1051=FACE_OUTER_BOUND('',#1404,.T.);
#1052=FACE_OUTER_BOUND('',#1405,.T.);
#1053=FACE_OUTER_BOUND('',#1406,.T.);
#1054=FACE_OUTER_BOUND('',#1407,.T.);
#1055=FACE_OUTER_BOUND('',#1408,.T.);
#1056=FACE_OUTER_BOUND('',#1409,.T.);
#1057=FACE_OUTER_BOUND('',#1417,.T.);
#1058=FACE_OUTER_BOUND('',#1418,.T.);
#1059=FACE_OUTER_BOUND('',#1419,.T.);
#1060=FACE_OUTER_BOUND('',#1420,.T.);
#1061=FACE_OUTER_BOUND('',#1421,.T.);
#1062=FACE_OUTER_BOUND('',#1422,.T.);
#1063=FACE_OUTER_BOUND('',#1423,.T.);
#1064=FACE_OUTER_BOUND('',#1424,.T.);
#1065=FACE_OUTER_BOUND('',#1425,.T.);
#1066=FACE_OUTER_BOUND('',#1426,.T.);
#1067=FACE_OUTER_BOUND('',#1427,.T.);
#1068=FACE_OUTER_BOUND('',#1428,.T.);
#1069=FACE_OUTER_BOUND('',#1429,.T.);
#1070=FACE_OUTER_BOUND('',#1430,.T.);
#1071=FACE_OUTER_BOUND('',#1431,.T.);
#1072=FACE_OUTER_BOUND('',#1432,.T.);
#1073=FACE_OUTER_BOUND('',#1433,.T.);
#1074=FACE_OUTER_BOUND('',#1434,.T.);
#1075=FACE_OUTER_BOUND('',#1435,.T.);
#1076=FACE_OUTER_BOUND('',#1436,.T.);
#1077=FACE_OUTER_BOUND('',#1437,.T.);
#1078=FACE_OUTER_BOUND('',#1438,.T.);
#1079=FACE_OUTER_BOUND('',#1439,.T.);
#1080=FACE_OUTER_BOUND('',#1440,.T.);
#1081=FACE_OUTER_BOUND('',#1441,.T.);
#1082=FACE_OUTER_BOUND('',#1442,.T.);
#1083=FACE_OUTER_BOUND('',#1443,.T.);
#1084=FACE_OUTER_BOUND('',#1444,.T.);
#1085=FACE_OUTER_BOUND('',#1445,.T.);
#1086=FACE_OUTER_BOUND('',#1446,.T.);
#1087=FACE_OUTER_BOUND('',#1447,.T.);
#1088=FACE_OUTER_BOUND('',#1448,.T.);
#1089=FACE_OUTER_BOUND('',#1449,.T.);
#1090=FACE_OUTER_BOUND('',#1450,.T.);
#1091=FACE_OUTER_BOUND('',#1451,.T.);
#1092=FACE_OUTER_BOUND('',#1452,.T.);
#1093=FACE_OUTER_BOUND('',#1453,.T.);
#1094=FACE_OUTER_BOUND('',#1454,.T.);
#1095=FACE_OUTER_BOUND('',#1455,.T.);
#1096=FACE_OUTER_BOUND('',#1456,.T.);
#1097=FACE_OUTER_BOUND('',#1457,.T.);
#1098=FACE_OUTER_BOUND('',#1458,.T.);
#1099=FACE_OUTER_BOUND('',#1459,.T.);
#1100=FACE_OUTER_BOUND('',#1460,.T.);
#1101=FACE_OUTER_BOUND('',#1461,.T.);
#1102=FACE_OUTER_BOUND('',#1462,.T.);
#1103=FACE_OUTER_BOUND('',#1463,.T.);
#1104=FACE_OUTER_BOUND('',#1464,.T.);
#1105=FACE_OUTER_BOUND('',#1465,.T.);
#1106=FACE_OUTER_BOUND('',#1466,.T.);
#1107=FACE_OUTER_BOUND('',#1467,.T.);
#1108=FACE_OUTER_BOUND('',#1468,.T.);
#1109=FACE_OUTER_BOUND('',#1469,.T.);
#1110=FACE_OUTER_BOUND('',#1470,.T.);
#1111=FACE_OUTER_BOUND('',#1471,.T.);
#1112=FACE_OUTER_BOUND('',#1472,.T.);
#1113=FACE_OUTER_BOUND('',#1473,.T.);
#1114=FACE_OUTER_BOUND('',#1474,.T.);
#1115=FACE_OUTER_BOUND('',#1475,.T.);
#1116=FACE_OUTER_BOUND('',#1476,.T.);
#1117=FACE_OUTER_BOUND('',#1477,.T.);
#1118=FACE_OUTER_BOUND('',#1478,.T.);
#1119=FACE_OUTER_BOUND('',#1479,.T.);
#1120=FACE_OUTER_BOUND('',#1489,.T.);
#1121=FACE_OUTER_BOUND('',#1490,.T.);
#1122=FACE_OUTER_BOUND('',#1491,.T.);
#1123=FACE_OUTER_BOUND('',#1492,.T.);
#1124=FACE_OUTER_BOUND('',#1493,.T.);
#1125=FACE_OUTER_BOUND('',#1494,.T.);
#1126=FACE_OUTER_BOUND('',#1495,.T.);
#1127=FACE_OUTER_BOUND('',#1496,.T.);
#1128=FACE_OUTER_BOUND('',#1497,.T.);
#1129=FACE_OUTER_BOUND('',#1498,.T.);
#1130=FACE_OUTER_BOUND('',#1499,.T.);
#1131=FACE_OUTER_BOUND('',#1500,.T.);
#1132=EDGE_LOOP('',(#1501,#1502,#1503,#1504));
#1133=EDGE_LOOP('',(#1505,#1506,#1507,#1508));
#1134=EDGE_LOOP('',(#1509,#1510,#1511,#1512));
#1135=EDGE_LOOP('',(#1513,#1514,#1515,#1516));
#1136=EDGE_LOOP('',(#1517,#1518,#1519,#1520));
#1137=EDGE_LOOP('',(#1521,#1522,#1523,#1524));
#1138=EDGE_LOOP('',(#1525,#1526,#1527,#1528));
#1139=EDGE_LOOP('',(#1529,#1530,#1531,#1532));
#1140=EDGE_LOOP('',(#1533,#1534,#1535,#1536));
#1141=EDGE_LOOP('',(#1537,#1538,#1539,#1540));
#1142=EDGE_LOOP('',(#1541,#1542,#1543,#1544));
#1143=EDGE_LOOP('',(#1545,#1546,#1547,#1548));
#1144=EDGE_LOOP('',(#1549,#1550,#1551,#1552));
#1145=EDGE_LOOP('',(#1553,#1554,#1555,#1556));
#1146=EDGE_LOOP('',(#1557,#1558,#1559,#1560));
#1147=EDGE_LOOP('',(#1561,#1562,#1563,#1564));
#1148=EDGE_LOOP('',(#1565,#1566,#1567,#1568));
#1149=EDGE_LOOP('',(#1569,#1570,#1571,#1572));
#1150=EDGE_LOOP('',(#1573,#1574,#1575,#1576));
#1151=EDGE_LOOP('',(#1577,#1578,#1579,#1580));
#1152=EDGE_LOOP('',(#1581,#1582,#1583,#1584));
#1153=EDGE_LOOP('',(#1585,#1586,#1587,#1588));
#1154=EDGE_LOOP('',(#1589,#1590,#1591,#1592));
#1155=EDGE_LOOP('',(#1593,#1594,#1595,#1596));
#1156=EDGE_LOOP('',(#1597,#1598,#1599,#1600));
#1157=EDGE_LOOP('',(#1601,#1602,#1603,#1604));
#1158=EDGE_LOOP('',(#1605,#1606,#1607,#1608));
#1159=EDGE_LOOP('',(#1609,#1610,#1611,#1612));
#1160=EDGE_LOOP('',(#1613,#1614,#1615,#1616));
#1161=EDGE_LOOP('',(#1617,#1618,#1619,#1620));
#1162=EDGE_LOOP('',(#1621,#1622,#1623,#1624));
#1163=EDGE_LOOP('',(#1625,#1626,#1627));
#1164=EDGE_LOOP('',(#1628,#1629,#1630,#1631));
#1165=EDGE_LOOP('',(#1632,#1633,#1634,#1635));
#1166=EDGE_LOOP('',(#1636,#1637,#1638,#1639));
#1167=EDGE_LOOP('',(#1640,#1641,#1642,#1643));
#1168=EDGE_LOOP('',(#1644,#1645,#1646,#1647,#1648));
#1169=EDGE_LOOP('',(#1649,#1650,#1651));
#1170=EDGE_LOOP('',(#1652,#1653,#1654,#1655));
#1171=EDGE_LOOP('',(#1656,#1657,#1658,#1659,#1660,#1661));
#1172=EDGE_LOOP('',(#1662,#1663,#1664,#1665,#1666));
#1173=EDGE_LOOP('',(#1667,#1668,#1669,#1670,#1671,#1672,#1673,#1674));
#1174=EDGE_LOOP('',(#1675,#1676,#1677,#1678));
#1175=EDGE_LOOP('',(#1679,#1680,#1681,#1682));
#1176=EDGE_LOOP('',(#1683,#1684,#1685,#1686));
#1177=EDGE_LOOP('',(#1687,#1688,#1689,#1690));
#1178=EDGE_LOOP('',(#1691,#1692,#1693,#1694));
#1179=EDGE_LOOP('',(#1695,#1696,#1697,#1698));
#1180=EDGE_LOOP('',(#1699,#1700,#1701,#1702));
#1181=EDGE_LOOP('',(#1703,#1704,#1705,#1706,#1707,#1708,#1709,#1710,#1711,
#1712,#1713,#1714));
#1182=EDGE_LOOP('',(#1715,#1716,#1717,#1718,#1719,#1720,#1721));
#1183=EDGE_LOOP('',(#1722,#1723,#1724,#1725));
#1184=EDGE_LOOP('',(#1726,#1727,#1728,#1729));
#1185=EDGE_LOOP('',(#1730,#1731,#1732,#1733,#1734,#1735,#1736,#1737,#1738,
#1739));
#1186=EDGE_LOOP('',(#1740,#1741,#1742,#1743,#1744,#1745,#1746,#1747));
#1187=EDGE_LOOP('',(#1748,#1749,#1750,#1751));
#1188=EDGE_LOOP('',(#1752,#1753,#1754,#1755));
#1189=EDGE_LOOP('',(#1756,#1757,#1758,#1759));
#1190=EDGE_LOOP('',(#1760,#1761,#1762,#1763));
#1191=EDGE_LOOP('',(#1764,#1765,#1766,#1767));
#1192=EDGE_LOOP('',(#1768,#1769,#1770,#1771));
#1193=EDGE_LOOP('',(#1772,#1773,#1774,#1775));
#1194=EDGE_LOOP('',(#1776,#1777,#1778,#1779));
#1195=EDGE_LOOP('',(#1780,#1781,#1782,#1783));
#1196=EDGE_LOOP('',(#1784,#1785,#1786,#1787));
#1197=EDGE_LOOP('',(#1788,#1789,#1790,#1791));
#1198=EDGE_LOOP('',(#1792,#1793,#1794,#1795));
#1199=EDGE_LOOP('',(#1796,#1797,#1798,#1799));
#1200=EDGE_LOOP('',(#1800,#1801,#1802,#1803));
#1201=EDGE_LOOP('',(#1804,#1805,#1806,#1807));
#1202=EDGE_LOOP('',(#1808,#1809,#1810,#1811));
#1203=EDGE_LOOP('',(#1812,#1813,#1814,#1815));
#1204=EDGE_LOOP('',(#1816,#1817,#1818,#1819));
#1205=EDGE_LOOP('',(#1820,#1821,#1822,#1823));
#1206=EDGE_LOOP('',(#1824,#1825,#1826,#1827));
#1207=EDGE_LOOP('',(#1828,#1829,#1830,#1831));
#1208=EDGE_LOOP('',(#1832,#1833,#1834,#1835,#1836));
#1209=EDGE_LOOP('',(#1837,#1838,#1839,#1840));
#1210=EDGE_LOOP('',(#1841,#1842,#1843,#1844));
#1211=EDGE_LOOP('',(#1845,#1846,#1847,#1848,#1849));
#1212=EDGE_LOOP('',(#1850,#1851,#1852,#1853,#1854,#1855,#1856,#1857,#1858,
#1859));
#1213=EDGE_LOOP('',(#1860,#1861,#1862,#1863));
#1214=EDGE_LOOP('',(#1864,#1865,#1866,#1867,#1868));
#1215=EDGE_LOOP('',(#1869,#1870,#1871,#1872));
#1216=EDGE_LOOP('',(#1873,#1874,#1875,#1876));
#1217=EDGE_LOOP('',(#1877,#1878,#1879,#1880,#1881));
#1218=EDGE_LOOP('',(#1882,#1883,#1884,#1885,#1886,#1887,#1888,#1889,#1890,
#1891));
#1219=EDGE_LOOP('',(#1892,#1893,#1894,#1895));
#1220=EDGE_LOOP('',(#1896,#1897,#1898,#1899));
#1221=EDGE_LOOP('',(#1900,#1901,#1902,#1903));
#1222=EDGE_LOOP('',(#1904,#1905,#1906,#1907));
#1223=EDGE_LOOP('',(#1908,#1909,#1910,#1911));
#1224=EDGE_LOOP('',(#1912,#1913,#1914,#1915));
#1225=EDGE_LOOP('',(#1916,#1917,#1918,#1919));
#1226=EDGE_LOOP('',(#1920,#1921,#1922,#1923));
#1227=EDGE_LOOP('',(#1924,#1925,#1926,#1927));
#1228=EDGE_LOOP('',(#1928,#1929,#1930,#1931));
#1229=EDGE_LOOP('',(#1932,#1933,#1934,#1935));
#1230=EDGE_LOOP('',(#1936,#1937,#1938,#1939));
#1231=EDGE_LOOP('',(#1940,#1941,#1942,#1943));
#1232=EDGE_LOOP('',(#1944,#1945,#1946,#1947));
#1233=EDGE_LOOP('',(#1948,#1949,#1950,#1951));
#1234=EDGE_LOOP('',(#1952,#1953,#1954,#1955));
#1235=EDGE_LOOP('',(#1956,#1957,#1958,#1959));
#1236=EDGE_LOOP('',(#1960,#1961,#1962,#1963));
#1237=EDGE_LOOP('',(#1964,#1965,#1966,#1967,#1968));
#1238=EDGE_LOOP('',(#1969,#1970,#1971,#1972));
#1239=EDGE_LOOP('',(#1973,#1974,#1975,#1976));
#1240=EDGE_LOOP('',(#1977,#1978,#1979,#1980,#1981));
#1241=EDGE_LOOP('',(#1982,#1983,#1984,#1985,#1986,#1987,#1988,#1989,#1990,
#1991));
#1242=EDGE_LOOP('',(#1992,#1993,#1994,#1995));
#1243=EDGE_LOOP('',(#1996,#1997,#1998,#1999,#2000));
#1244=EDGE_LOOP('',(#2001,#2002,#2003,#2004));
#1245=EDGE_LOOP('',(#2005,#2006,#2007,#2008));
#1246=EDGE_LOOP('',(#2009,#2010,#2011,#2012,#2013));
#1247=EDGE_LOOP('',(#2014,#2015,#2016,#2017,#2018,#2019,#2020,#2021,#2022,
#2023));
#1248=EDGE_LOOP('',(#2024,#2025,#2026,#2027));
#1249=EDGE_LOOP('',(#2028,#2029,#2030,#2031));
#1250=EDGE_LOOP('',(#2032,#2033,#2034,#2035));
#1251=EDGE_LOOP('',(#2036,#2037,#2038,#2039));
#1252=EDGE_LOOP('',(#2040,#2041,#2042,#2043));
#1253=EDGE_LOOP('',(#2044,#2045,#2046,#2047));
#1254=EDGE_LOOP('',(#2048,#2049,#2050,#2051));
#1255=EDGE_LOOP('',(#2052,#2053,#2054,#2055));
#1256=EDGE_LOOP('',(#2056,#2057,#2058,#2059));
#1257=EDGE_LOOP('',(#2060,#2061,#2062,#2063));
#1258=EDGE_LOOP('',(#2064,#2065,#2066,#2067));
#1259=EDGE_LOOP('',(#2068,#2069,#2070,#2071));
#1260=EDGE_LOOP('',(#2072,#2073,#2074,#2075));
#1261=EDGE_LOOP('',(#2076,#2077,#2078,#2079));
#1262=EDGE_LOOP('',(#2080,#2081,#2082,#2083));
#1263=EDGE_LOOP('',(#2084,#2085,#2086,#2087));
#1264=EDGE_LOOP('',(#2088,#2089,#2090,#2091));
#1265=EDGE_LOOP('',(#2092,#2093,#2094,#2095));
#1266=EDGE_LOOP('',(#2096,#2097,#2098,#2099,#2100));
#1267=EDGE_LOOP('',(#2101,#2102,#2103,#2104));
#1268=EDGE_LOOP('',(#2105,#2106,#2107,#2108));
#1269=EDGE_LOOP('',(#2109,#2110,#2111,#2112,#2113));
#1270=EDGE_LOOP('',(#2114,#2115,#2116,#2117,#2118,#2119,#2120,#2121,#2122,
#2123));
#1271=EDGE_LOOP('',(#2124,#2125,#2126,#2127));
#1272=EDGE_LOOP('',(#2128,#2129,#2130,#2131,#2132));
#1273=EDGE_LOOP('',(#2133,#2134,#2135,#2136));
#1274=EDGE_LOOP('',(#2137,#2138,#2139,#2140));
#1275=EDGE_LOOP('',(#2141,#2142,#2143,#2144,#2145));
#1276=EDGE_LOOP('',(#2146,#2147,#2148,#2149,#2150,#2151,#2152,#2153,#2154,
#2155));
#1277=EDGE_LOOP('',(#2156,#2157,#2158,#2159));
#1278=EDGE_LOOP('',(#2160,#2161,#2162,#2163));
#1279=EDGE_LOOP('',(#2164,#2165,#2166,#2167));
#1280=EDGE_LOOP('',(#2168,#2169,#2170,#2171));
#1281=EDGE_LOOP('',(#2172,#2173,#2174,#2175));
#1282=EDGE_LOOP('',(#2176,#2177,#2178,#2179));
#1283=EDGE_LOOP('',(#2180,#2181,#2182,#2183));
#1284=EDGE_LOOP('',(#2184,#2185,#2186,#2187));
#1285=EDGE_LOOP('',(#2188,#2189,#2190,#2191));
#1286=EDGE_LOOP('',(#2192,#2193,#2194,#2195));
#1287=EDGE_LOOP('',(#2196,#2197,#2198,#2199));
#1288=EDGE_LOOP('',(#2200,#2201,#2202,#2203));
#1289=EDGE_LOOP('',(#2204,#2205,#2206,#2207));
#1290=EDGE_LOOP('',(#2208,#2209,#2210,#2211));
#1291=EDGE_LOOP('',(#2212,#2213,#2214,#2215));
#1292=EDGE_LOOP('',(#2216,#2217,#2218,#2219));
#1293=EDGE_LOOP('',(#2220,#2221,#2222,#2223));
#1294=EDGE_LOOP('',(#2224,#2225,#2226,#2227));
#1295=EDGE_LOOP('',(#2228,#2229,#2230,#2231,#2232));
#1296=EDGE_LOOP('',(#2233,#2234,#2235,#2236));
#1297=EDGE_LOOP('',(#2237,#2238,#2239,#2240));
#1298=EDGE_LOOP('',(#2241,#2242,#2243,#2244,#2245));
#1299=EDGE_LOOP('',(#2246,#2247,#2248,#2249,#2250,#2251,#2252,#2253,#2254,
#2255));
#1300=EDGE_LOOP('',(#2256,#2257,#2258,#2259));
#1301=EDGE_LOOP('',(#2260,#2261,#2262,#2263,#2264));
#1302=EDGE_LOOP('',(#2265,#2266,#2267,#2268));
#1303=EDGE_LOOP('',(#2269,#2270,#2271,#2272));
#1304=EDGE_LOOP('',(#2273,#2274,#2275,#2276,#2277));
#1305=EDGE_LOOP('',(#2278,#2279,#2280,#2281,#2282,#2283,#2284,#2285,#2286,
#2287));
#1306=EDGE_LOOP('',(#2288,#2289,#2290,#2291));
#1307=EDGE_LOOP('',(#2292,#2293,#2294,#2295));
#1308=EDGE_LOOP('',(#2296,#2297,#2298,#2299));
#1309=EDGE_LOOP('',(#2300,#2301,#2302,#2303));
#1310=EDGE_LOOP('',(#2304,#2305,#2306,#2307));
#1311=EDGE_LOOP('',(#2308,#2309,#2310,#2311));
#1312=EDGE_LOOP('',(#2312,#2313,#2314,#2315));
#1313=EDGE_LOOP('',(#2316,#2317,#2318,#2319));
#1314=EDGE_LOOP('',(#2320,#2321,#2322,#2323));
#1315=EDGE_LOOP('',(#2324,#2325,#2326,#2327));
#1316=EDGE_LOOP('',(#2328,#2329,#2330,#2331));
#1317=EDGE_LOOP('',(#2332,#2333,#2334,#2335,#2336,#2337));
#1318=EDGE_LOOP('',(#2338,#2339,#2340,#2341));
#1319=EDGE_LOOP('',(#2342,#2343,#2344,#2345));
#1320=EDGE_LOOP('',(#2346,#2347,#2348,#2349,#2350,#2351,#2352,#2353));
#1321=EDGE_LOOP('',(#2354,#2355,#2356,#2357));
#1322=EDGE_LOOP('',(#2358,#2359,#2360,#2361));
#1323=EDGE_LOOP('',(#2362,#2363,#2364,#2365));
#1324=EDGE_LOOP('',(#2366,#2367,#2368,#2369));
#1325=EDGE_LOOP('',(#2370,#2371,#2372,#2373));
#1326=EDGE_LOOP('',(#2374,#2375,#2376,#2377));
#1327=EDGE_LOOP('',(#2378,#2379,#2380,#2381));
#1328=EDGE_LOOP('',(#2382,#2383,#2384,#2385,#2386,#2387));
#1329=EDGE_LOOP('',(#2388,#2389,#2390,#2391,#2392,#2393,#2394,#2395,#2396,
#2397,#2398,#2399));
#1330=EDGE_LOOP('',(#2400,#2401,#2402,#2403,#2404,#2405,#2406,#2407));
#1331=EDGE_LOOP('',(#2408,#2409,#2410,#2411));
#1332=EDGE_LOOP('',(#2412,#2413,#2414,#2415));
#1333=EDGE_LOOP('',(#2416,#2417,#2418,#2419,#2420,#2421));
#1334=EDGE_LOOP('',(#2422,#2423,#2424,#2425,#2426,#2427));
#1335=EDGE_LOOP('',(#2428,#2429,#2430,#2431));
#1336=EDGE_LOOP('',(#2432,#2433,#2434,#2435));
#1337=EDGE_LOOP('',(#2436,#2437,#2438,#2439));
#1338=EDGE_LOOP('',(#2440,#2441,#2442,#2443));
#1339=EDGE_LOOP('',(#2444,#2445,#2446,#2447));
#1340=EDGE_LOOP('',(#2448,#2449,#2450,#2451,#2452,#2453));
#1341=EDGE_LOOP('',(#2454,#2455,#2456,#2457,#2458,#2459,#2460,#2461,#2462));
#1342=EDGE_LOOP('',(#2463,#2464,#2465,#2466,#2467,#2468));
#1343=EDGE_LOOP('',(#2469,#2470,#2471,#2472,#2473,#2474,#2475,#2476,#2477,
#2478,#2479));
#1344=EDGE_LOOP('',(#2480,#2481,#2482,#2483,#2484,#2485));
#1345=EDGE_LOOP('',(#2486,#2487,#2488,#2489));
#1346=EDGE_LOOP('',(#2490,#2491,#2492,#2493));
#1347=EDGE_LOOP('',(#2494,#2495,#2496,#2497));
#1348=EDGE_LOOP('',(#2498,#2499,#2500,#2501));
#1349=EDGE_LOOP('',(#2502,#2503,#2504,#2505));
#1350=EDGE_LOOP('',(#2506,#2507,#2508,#2509,#2510,#2511,#2512,#2513,#2514,
#2515,#2516,#2517,#2518,#2519,#2520,#2521,#2522,#2523,#2524,#2525,#2526,
#2527));
#1351=EDGE_LOOP('',(#2528,#2529,#2530,#2531));
#1352=EDGE_LOOP('',(#2532,#2533,#2534,#2535));
#1353=EDGE_LOOP('',(#2536,#2537,#2538,#2539));
#1354=EDGE_LOOP('',(#2540,#2541,#2542,#2543));
#1355=EDGE_LOOP('',(#2544,#2545,#2546,#2547));
#1356=EDGE_LOOP('',(#2548,#2549,#2550,#2551,#2552,#2553));
#1357=EDGE_LOOP('',(#2554,#2555,#2556,#2557,#2558,#2559,#2560,#2561));
#1358=EDGE_LOOP('',(#2562,#2563,#2564,#2565,#2566,#2567,#2568,#2569));
#1359=EDGE_LOOP('',(#2570,#2571,#2572,#2573,#2574,#2575,#2576,#2577,#2578,
#2579,#2580));
#1360=EDGE_LOOP('',(#2581,#2582,#2583,#2584));
#1361=EDGE_LOOP('',(#2585,#2586,#2587,#2588,#2589,#2590));
#1362=EDGE_LOOP('',(#2591,#2592,#2593,#2594));
#1363=EDGE_LOOP('',(#2595,#2596,#2597,#2598,#2599,#2600));
#1364=EDGE_LOOP('',(#2601,#2602,#2603,#2604,#2605,#2606,#2607,#2608,#2609));
#1365=EDGE_LOOP('',(#2610,#2611,#2612,#2613,#2614,#2615,#2616,#2617));
#1366=EDGE_LOOP('',(#2618,#2619,#2620,#2621));
#1367=EDGE_LOOP('',(#2622,#2623,#2624,#2625,#2626,#2627));
#1368=EDGE_LOOP('',(#2628,#2629,#2630,#2631));
#1369=EDGE_LOOP('',(#2632,#2633,#2634,#2635));
#1370=EDGE_LOOP('',(#2636,#2637,#2638,#2639,#2640,#2641,#2642));
#1371=EDGE_LOOP('',(#2643,#2644,#2645,#2646));
#1372=EDGE_LOOP('',(#2647,#2648,#2649,#2650));
#1373=EDGE_LOOP('',(#2651,#2652,#2653,#2654));
#1374=EDGE_LOOP('',(#2655,#2656,#2657,#2658));
#1375=EDGE_LOOP('',(#2659,#2660,#2661,#2662,#2663,#2664,#2665));
#1376=EDGE_LOOP('',(#2666,#2667,#2668,#2669));
#1377=EDGE_LOOP('',(#2670,#2671,#2672,#2673));
#1378=EDGE_LOOP('',(#2674,#2675,#2676,#2677));
#1379=EDGE_LOOP('',(#2678,#2679,#2680,#2681));
#1380=EDGE_LOOP('',(#2682,#2683,#2684,#2685));
#1381=EDGE_LOOP('',(#2686,#2687,#2688,#2689));
#1382=EDGE_LOOP('',(#2690,#2691,#2692,#2693));
#1383=EDGE_LOOP('',(#2694,#2695,#2696,#2697));
#1384=EDGE_LOOP('',(#2698,#2699,#2700,#2701,#2702,#2703,#2704,#2705,#2706,
#2707,#2708,#2709));
#1385=EDGE_LOOP('',(#2710,#2711,#2712,#2713,#2714,#2715));
#1386=EDGE_LOOP('',(#2716,#2717,#2718,#2719));
#1387=EDGE_LOOP('',(#2720,#2721,#2722,#2723,#2724,#2725,#2726,#2727,#2728,
#2729,#2730));
#1388=EDGE_LOOP('',(#2731,#2732,#2733,#2734));
#1389=EDGE_LOOP('',(#2735,#2736,#2737,#2738,#2739,#2740,#2741,#2742,#2743,
#2744));
#1390=EDGE_LOOP('',(#2745,#2746,#2747,#2748));
#1391=EDGE_LOOP('',(#2749,#2750,#2751,#2752));
#1392=EDGE_LOOP('',(#2753,#2754,#2755,#2756));
#1393=EDGE_LOOP('',(#2757,#2758,#2759,#2760));
#1394=EDGE_LOOP('',(#2761,#2762,#2763,#2764,#2765,#2766));
#1395=EDGE_LOOP('',(#2767,#2768,#2769,#2770,#2771,#2772));
#1396=EDGE_LOOP('',(#2773,#2774,#2775,#2776));
#1397=EDGE_LOOP('',(#2777,#2778,#2779,#2780));
#1398=EDGE_LOOP('',(#2781,#2782,#2783,#2784));
#1399=EDGE_LOOP('',(#2785,#2786,#2787,#2788));
#1400=EDGE_LOOP('',(#2789,#2790,#2791,#2792));
#1401=EDGE_LOOP('',(#2793,#2794,#2795,#2796));
#1402=EDGE_LOOP('',(#2797,#2798,#2799,#2800,#2801,#2802,#2803,#2804,#2805,
#2806,#2807,#2808,#2809,#2810,#2811,#2812));
#1403=EDGE_LOOP('',(#2813,#2814,#2815,#2816));
#1404=EDGE_LOOP('',(#2817,#2818,#2819,#2820,#2821,#2822,#2823,#2824,#2825,
#2826,#2827));
#1405=EDGE_LOOP('',(#2828,#2829,#2830,#2831));
#1406=EDGE_LOOP('',(#2832,#2833,#2834,#2835,#2836,#2837,#2838,#2839));
#1407=EDGE_LOOP('',(#2840,#2841,#2842,#2843));
#1408=EDGE_LOOP('',(#2844,#2845,#2846,#2847));
#1409=EDGE_LOOP('',(#2848,#2849,#2850,#2851));
#1410=EDGE_LOOP('',(#2852,#2853,#2854,#2855));
#1411=EDGE_LOOP('',(#2856,#2857,#2858,#2859));
#1412=EDGE_LOOP('',(#2860,#2861,#2862,#2863));
#1413=EDGE_LOOP('',(#2864,#2865,#2866,#2867));
#1414=EDGE_LOOP('',(#2868,#2869,#2870,#2871));
#1415=EDGE_LOOP('',(#2872,#2873,#2874,#2875));
#1416=EDGE_LOOP('',(#2876,#2877,#2878,#2879,#2880,#2881,#2882,#2883,#2884,
#2885,#2886,#2887));
#1417=EDGE_LOOP('',(#2888,#2889,#2890,#2891,#2892));
#1418=EDGE_LOOP('',(#2893,#2894,#2895,#2896));
#1419=EDGE_LOOP('',(#2897,#2898,#2899,#2900,#2901));
#1420=EDGE_LOOP('',(#2902,#2903,#2904,#2905,#2906,#2907,#2908,#2909,#2910,
#2911));
#1421=EDGE_LOOP('',(#2912,#2913,#2914,#2915));
#1422=EDGE_LOOP('',(#2916,#2917,#2918,#2919));
#1423=EDGE_LOOP('',(#2920,#2921,#2922,#2923));
#1424=EDGE_LOOP('',(#2924,#2925,#2926,#2927,#2928));
#1425=EDGE_LOOP('',(#2929,#2930,#2931,#2932));
#1426=EDGE_LOOP('',(#2933,#2934,#2935,#2936,#2937));
#1427=EDGE_LOOP('',(#2938,#2939,#2940,#2941,#2942,#2943,#2944,#2945,#2946,
#2947));
#1428=EDGE_LOOP('',(#2948,#2949,#2950,#2951));
#1429=EDGE_LOOP('',(#2952,#2953,#2954,#2955));
#1430=EDGE_LOOP('',(#2956,#2957,#2958,#2959,#2960,#2961,#2962,#2963,#2964,
#2965,#2966));
#1431=EDGE_LOOP('',(#2967,#2968,#2969,#2970));
#1432=EDGE_LOOP('',(#2971,#2972,#2973,#2974));
#1433=EDGE_LOOP('',(#2975,#2976,#2977,#2978));
#1434=EDGE_LOOP('',(#2979,#2980,#2981,#2982));
#1435=EDGE_LOOP('',(#2983,#2984,#2985,#2986,#2987,#2988,#2989,#2990,#2991,
#2992,#2993));
#1436=EDGE_LOOP('',(#2994,#2995,#2996,#2997));
#1437=EDGE_LOOP('',(#2998,#2999,#3000,#3001));
#1438=EDGE_LOOP('',(#3002,#3003,#3004,#3005));
#1439=EDGE_LOOP('',(#3006,#3007,#3008,#3009));
#1440=EDGE_LOOP('',(#3010,#3011,#3012,#3013));
#1441=EDGE_LOOP('',(#3014,#3015,#3016,#3017));
#1442=EDGE_LOOP('',(#3018,#3019,#3020,#3021));
#1443=EDGE_LOOP('',(#3022,#3023,#3024,#3025,#3026));
#1444=EDGE_LOOP('',(#3027,#3028,#3029,#3030));
#1445=EDGE_LOOP('',(#3031,#3032,#3033,#3034));
#1446=EDGE_LOOP('',(#3035,#3036,#3037,#3038,#3039));
#1447=EDGE_LOOP('',(#3040,#3041,#3042,#3043,#3044,#3045,#3046,#3047,#3048,
#3049));
#1448=EDGE_LOOP('',(#3050,#3051,#3052,#3053));
#1449=EDGE_LOOP('',(#3054,#3055,#3056,#3057,#3058));
#1450=EDGE_LOOP('',(#3059,#3060,#3061,#3062));
#1451=EDGE_LOOP('',(#3063,#3064,#3065,#3066));
#1452=EDGE_LOOP('',(#3067,#3068,#3069,#3070,#3071));
#1453=EDGE_LOOP('',(#3072,#3073,#3074,#3075,#3076,#3077,#3078,#3079,#3080,
#3081));
#1454=EDGE_LOOP('',(#3082,#3083,#3084,#3085,#3086,#3087,#3088,#3089,#3090,
#3091,#3092,#3093,#3094,#3095,#3096,#3097,#3098,#3099,#3100,#3101,#3102,
#3103,#3104,#3105,#3106,#3107,#3108,#3109,#3110,#3111,#3112,#3113,#3114,
#3115,#3116,#3117,#3118,#3119));
#1455=EDGE_LOOP('',(#3120,#3121,#3122,#3123,#3124,#3125,#3126,#3127));
#1456=EDGE_LOOP('',(#3128,#3129,#3130,#3131));
#1457=EDGE_LOOP('',(#3132,#3133,#3134,#3135));
#1458=EDGE_LOOP('',(#3136,#3137,#3138,#3139));
#1459=EDGE_LOOP('',(#3140,#3141,#3142,#3143));
#1460=EDGE_LOOP('',(#3144,#3145,#3146,#3147));
#1461=EDGE_LOOP('',(#3148,#3149,#3150,#3151));
#1462=EDGE_LOOP('',(#3152,#3153,#3154,#3155));
#1463=EDGE_LOOP('',(#3156,#3157,#3158,#3159,#3160,#3161,#3162,#3163,#3164,
#3165));
#1464=EDGE_LOOP('',(#3166,#3167,#3168,#3169));
#1465=EDGE_LOOP('',(#3170,#3171,#3172,#3173));
#1466=EDGE_LOOP('',(#3174,#3175,#3176,#3177));
#1467=EDGE_LOOP('',(#3178,#3179,#3180,#3181));
#1468=EDGE_LOOP('',(#3182,#3183,#3184,#3185,#3186,#3187,#3188,#3189));
#1469=EDGE_LOOP('',(#3190,#3191,#3192,#3193));
#1470=EDGE_LOOP('',(#3194,#3195,#3196,#3197));
#1471=EDGE_LOOP('',(#3198,#3199,#3200,#3201));
#1472=EDGE_LOOP('',(#3202,#3203,#3204,#3205));
#1473=EDGE_LOOP('',(#3206,#3207,#3208,#3209));
#1474=EDGE_LOOP('',(#3210,#3211,#3212,#3213));
#1475=EDGE_LOOP('',(#3214,#3215,#3216,#3217,#3218,#3219,#3220,#3221,#3222,
#3223,#3224,#3225));
#1476=EDGE_LOOP('',(#3226,#3227,#3228,#3229,#3230,#3231,#3232));
#1477=EDGE_LOOP('',(#3233,#3234,#3235,#3236));
#1478=EDGE_LOOP('',(#3237,#3238,#3239,#3240,#3241,#3242,#3243,#3244,#3245,
#3246,#3247,#3248));
#1479=EDGE_LOOP('',(#3249,#3250,#3251,#3252,#3253,#3254,#3255));
#1480=EDGE_LOOP('',(#3256,#3257,#3258,#3259));
#1481=EDGE_LOOP('',(#3260,#3261,#3262,#3263));
#1482=EDGE_LOOP('',(#3264,#3265,#3266,#3267));
#1483=EDGE_LOOP('',(#3268,#3269,#3270,#3271));
#1484=EDGE_LOOP('',(#3272,#3273,#3274,#3275));
#1485=EDGE_LOOP('',(#3276,#3277,#3278,#3279));
#1486=EDGE_LOOP('',(#3280,#3281,#3282,#3283));
#1487=EDGE_LOOP('',(#3284,#3285,#3286,#3287));
#1488=EDGE_LOOP('',(#3288,#3289,#3290,#3291,#3292,#3293,#3294,#3295,#3296,
#3297,#3298,#3299,#3300,#3301,#3302,#3303,#3304,#3305,#3306,#3307,#3308,
#3309,#3310,#3311,#3312,#3313,#3314,#3315,#3316,#3317,#3318,#3319));
#1489=EDGE_LOOP('',(#3320,#3321,#3322,#3323));
#1490=EDGE_LOOP('',(#3324,#3325,#3326,#3327));
#1491=EDGE_LOOP('',(#3328,#3329,#3330,#3331));
#1492=EDGE_LOOP('',(#3332,#3333,#3334,#3335));
#1493=EDGE_LOOP('',(#3336,#3337,#3338,#3339));
#1494=EDGE_LOOP('',(#3340,#3341,#3342,#3343));
#1495=EDGE_LOOP('',(#3344,#3345,#3346,#3347));
#1496=EDGE_LOOP('',(#3348,#3349,#3350,#3351,#3352,#3353,#3354,#3355,#3356,
#3357,#3358,#3359));
#1497=EDGE_LOOP('',(#3360,#3361,#3362,#3363,#3364,#3365,#3366));
#1498=EDGE_LOOP('',(#3367,#3368,#3369,#3370));
#1499=EDGE_LOOP('',(#3371,#3372,#3373,#3374));
#1500=EDGE_LOOP('',(#3375,#3376,#3377,#3378,#3379,#3380,#3381,#3382));
#1501=ORIENTED_EDGE('',*,*,#4009,.T.);
#1502=ORIENTED_EDGE('',*,*,#4010,.F.);
#1503=ORIENTED_EDGE('',*,*,#4011,.F.);
#1504=ORIENTED_EDGE('',*,*,#4012,.T.);
#1505=ORIENTED_EDGE('',*,*,#4013,.T.);
#1506=ORIENTED_EDGE('',*,*,#4014,.F.);
#1507=ORIENTED_EDGE('',*,*,#4009,.F.);
#1508=ORIENTED_EDGE('',*,*,#4015,.T.);
#1509=ORIENTED_EDGE('',*,*,#4016,.T.);
#1510=ORIENTED_EDGE('',*,*,#4017,.F.);
#1511=ORIENTED_EDGE('',*,*,#4013,.F.);
#1512=ORIENTED_EDGE('',*,*,#4018,.T.);
#1513=ORIENTED_EDGE('',*,*,#4019,.T.);
#1514=ORIENTED_EDGE('',*,*,#4020,.F.);
#1515=ORIENTED_EDGE('',*,*,#4016,.F.);
#1516=ORIENTED_EDGE('',*,*,#4021,.T.);
#1517=ORIENTED_EDGE('',*,*,#4022,.F.);
#1518=ORIENTED_EDGE('',*,*,#4019,.F.);
#1519=ORIENTED_EDGE('',*,*,#4023,.T.);
#1520=ORIENTED_EDGE('',*,*,#4024,.T.);
#1521=ORIENTED_EDGE('',*,*,#4025,.T.);
#1522=ORIENTED_EDGE('',*,*,#4026,.F.);
#1523=ORIENTED_EDGE('',*,*,#4027,.F.);
#1524=ORIENTED_EDGE('',*,*,#4028,.T.);
#1525=ORIENTED_EDGE('',*,*,#4029,.F.);
#1526=ORIENTED_EDGE('',*,*,#4030,.F.);
#1527=ORIENTED_EDGE('',*,*,#4031,.T.);
#1528=ORIENTED_EDGE('',*,*,#4032,.T.);
#1529=ORIENTED_EDGE('',*,*,#4030,.T.);
#1530=ORIENTED_EDGE('',*,*,#4033,.F.);
#1531=ORIENTED_EDGE('',*,*,#4034,.F.);
#1532=ORIENTED_EDGE('',*,*,#4035,.T.);
#1533=ORIENTED_EDGE('',*,*,#4034,.T.);
#1534=ORIENTED_EDGE('',*,*,#4036,.F.);
#1535=ORIENTED_EDGE('',*,*,#4037,.F.);
#1536=ORIENTED_EDGE('',*,*,#4038,.T.);
#1537=ORIENTED_EDGE('',*,*,#4037,.T.);
#1538=ORIENTED_EDGE('',*,*,#4039,.F.);
#1539=ORIENTED_EDGE('',*,*,#4040,.F.);
#1540=ORIENTED_EDGE('',*,*,#4041,.T.);
#1541=ORIENTED_EDGE('',*,*,#4040,.T.);
#1542=ORIENTED_EDGE('',*,*,#4042,.F.);
#1543=ORIENTED_EDGE('',*,*,#4043,.F.);
#1544=ORIENTED_EDGE('',*,*,#4044,.T.);
#1545=ORIENTED_EDGE('',*,*,#4043,.T.);
#1546=ORIENTED_EDGE('',*,*,#4045,.F.);
#1547=ORIENTED_EDGE('',*,*,#4046,.F.);
#1548=ORIENTED_EDGE('',*,*,#4047,.T.);
#1549=ORIENTED_EDGE('',*,*,#4048,.T.);
#1550=ORIENTED_EDGE('',*,*,#4049,.F.);
#1551=ORIENTED_EDGE('',*,*,#4050,.F.);
#1552=ORIENTED_EDGE('',*,*,#4051,.T.);
#1553=ORIENTED_EDGE('',*,*,#4052,.T.);
#1554=ORIENTED_EDGE('',*,*,#4050,.T.);
#1555=ORIENTED_EDGE('',*,*,#4053,.F.);
#1556=ORIENTED_EDGE('',*,*,#4054,.F.);
#1557=ORIENTED_EDGE('',*,*,#4055,.F.);
#1558=ORIENTED_EDGE('',*,*,#4056,.F.);
#1559=ORIENTED_EDGE('',*,*,#4057,.T.);
#1560=ORIENTED_EDGE('',*,*,#4058,.T.);
#1561=ORIENTED_EDGE('',*,*,#4056,.T.);
#1562=ORIENTED_EDGE('',*,*,#4059,.F.);
#1563=ORIENTED_EDGE('',*,*,#4060,.F.);
#1564=ORIENTED_EDGE('',*,*,#4061,.T.);
#1565=ORIENTED_EDGE('',*,*,#4062,.F.);
#1566=ORIENTED_EDGE('',*,*,#4063,.F.);
#1567=ORIENTED_EDGE('',*,*,#4064,.T.);
#1568=ORIENTED_EDGE('',*,*,#4065,.T.);
#1569=ORIENTED_EDGE('',*,*,#4066,.T.);
#1570=ORIENTED_EDGE('',*,*,#4060,.T.);
#1571=ORIENTED_EDGE('',*,*,#4067,.F.);
#1572=ORIENTED_EDGE('',*,*,#4068,.F.);
#1573=ORIENTED_EDGE('',*,*,#4069,.T.);
#1574=ORIENTED_EDGE('',*,*,#4070,.F.);
#1575=ORIENTED_EDGE('',*,*,#4071,.F.);
#1576=ORIENTED_EDGE('',*,*,#4072,.T.);
#1577=ORIENTED_EDGE('',*,*,#4073,.T.);
#1578=ORIENTED_EDGE('',*,*,#4074,.F.);
#1579=ORIENTED_EDGE('',*,*,#4075,.F.);
#1580=ORIENTED_EDGE('',*,*,#4076,.T.);
#1581=ORIENTED_EDGE('',*,*,#4077,.T.);
#1582=ORIENTED_EDGE('',*,*,#4071,.T.);
#1583=ORIENTED_EDGE('',*,*,#4078,.F.);
#1584=ORIENTED_EDGE('',*,*,#4079,.F.);
#1585=ORIENTED_EDGE('',*,*,#4080,.F.);
#1586=ORIENTED_EDGE('',*,*,#4081,.T.);
#1587=ORIENTED_EDGE('',*,*,#4082,.T.);
#1588=ORIENTED_EDGE('',*,*,#4083,.F.);
#1589=ORIENTED_EDGE('',*,*,#4084,.F.);
#1590=ORIENTED_EDGE('',*,*,#4085,.T.);
#1591=ORIENTED_EDGE('',*,*,#4081,.F.);
#1592=ORIENTED_EDGE('',*,*,#4086,.F.);
#1593=ORIENTED_EDGE('',*,*,#4087,.T.);
#1594=ORIENTED_EDGE('',*,*,#4088,.T.);
#1595=ORIENTED_EDGE('',*,*,#4089,.F.);
#1596=ORIENTED_EDGE('',*,*,#4090,.F.);
#1597=ORIENTED_EDGE('',*,*,#4091,.T.);
#1598=ORIENTED_EDGE('',*,*,#4092,.F.);
#1599=ORIENTED_EDGE('',*,*,#4088,.F.);
#1600=ORIENTED_EDGE('',*,*,#4093,.T.);
#1601=ORIENTED_EDGE('',*,*,#4094,.T.);
#1602=ORIENTED_EDGE('',*,*,#4095,.F.);
#1603=ORIENTED_EDGE('',*,*,#4091,.F.);
#1604=ORIENTED_EDGE('',*,*,#4096,.T.);
#1605=ORIENTED_EDGE('',*,*,#4097,.F.);
#1606=ORIENTED_EDGE('',*,*,#4094,.F.);
#1607=ORIENTED_EDGE('',*,*,#4098,.T.);
#1608=ORIENTED_EDGE('',*,*,#4099,.T.);
#1609=ORIENTED_EDGE('',*,*,#4100,.T.);
#1610=ORIENTED_EDGE('',*,*,#4101,.T.);
#1611=ORIENTED_EDGE('',*,*,#4102,.F.);
#1612=ORIENTED_EDGE('',*,*,#4103,.F.);
#1613=ORIENTED_EDGE('',*,*,#4104,.T.);
#1614=ORIENTED_EDGE('',*,*,#4105,.F.);
#1615=ORIENTED_EDGE('',*,*,#4101,.F.);
#1616=ORIENTED_EDGE('',*,*,#4106,.T.);
#1617=ORIENTED_EDGE('',*,*,#4107,.T.);
#1618=ORIENTED_EDGE('',*,*,#4108,.F.);
#1619=ORIENTED_EDGE('',*,*,#4104,.F.);
#1620=ORIENTED_EDGE('',*,*,#4109,.T.);
#1621=ORIENTED_EDGE('',*,*,#4110,.F.);
#1622=ORIENTED_EDGE('',*,*,#4107,.F.);
#1623=ORIENTED_EDGE('',*,*,#4111,.T.);
#1624=ORIENTED_EDGE('',*,*,#4112,.T.);
#1625=ORIENTED_EDGE('',*,*,#4113,.F.);
#1626=ORIENTED_EDGE('',*,*,#4114,.F.);
#1627=ORIENTED_EDGE('',*,*,#4115,.T.);
#1628=ORIENTED_EDGE('',*,*,#4114,.T.);
#1629=ORIENTED_EDGE('',*,*,#4116,.F.);
#1630=ORIENTED_EDGE('',*,*,#4117,.F.);
#1631=ORIENTED_EDGE('',*,*,#4118,.T.);
#1632=ORIENTED_EDGE('',*,*,#4117,.T.);
#1633=ORIENTED_EDGE('',*,*,#4119,.F.);
#1634=ORIENTED_EDGE('',*,*,#4120,.F.);
#1635=ORIENTED_EDGE('',*,*,#4121,.T.);
#1636=ORIENTED_EDGE('',*,*,#4122,.F.);
#1637=ORIENTED_EDGE('',*,*,#4123,.T.);
#1638=ORIENTED_EDGE('',*,*,#4124,.T.);
#1639=ORIENTED_EDGE('',*,*,#4125,.T.);
#1640=ORIENTED_EDGE('',*,*,#4126,.T.);
#1641=ORIENTED_EDGE('',*,*,#4127,.T.);
#1642=ORIENTED_EDGE('',*,*,#4128,.F.);
#1643=ORIENTED_EDGE('',*,*,#4129,.T.);
#1644=ORIENTED_EDGE('',*,*,#4130,.T.);
#1645=ORIENTED_EDGE('',*,*,#4129,.F.);
#1646=ORIENTED_EDGE('',*,*,#4131,.F.);
#1647=ORIENTED_EDGE('',*,*,#4132,.T.);
#1648=ORIENTED_EDGE('',*,*,#4133,.T.);
#1649=ORIENTED_EDGE('',*,*,#4134,.T.);
#1650=ORIENTED_EDGE('',*,*,#4135,.F.);
#1651=ORIENTED_EDGE('',*,*,#4130,.F.);
#1652=ORIENTED_EDGE('',*,*,#4120,.T.);
#1653=ORIENTED_EDGE('',*,*,#4136,.F.);
#1654=ORIENTED_EDGE('',*,*,#4134,.F.);
#1655=ORIENTED_EDGE('',*,*,#4137,.F.);
#1656=ORIENTED_EDGE('',*,*,#4133,.F.);
#1657=ORIENTED_EDGE('',*,*,#4138,.F.);
#1658=ORIENTED_EDGE('',*,*,#4139,.T.);
#1659=ORIENTED_EDGE('',*,*,#4118,.F.);
#1660=ORIENTED_EDGE('',*,*,#4121,.F.);
#1661=ORIENTED_EDGE('',*,*,#4137,.T.);
#1662=ORIENTED_EDGE('',*,*,#4140,.T.);
#1663=ORIENTED_EDGE('',*,*,#4141,.T.);
#1664=ORIENTED_EDGE('',*,*,#4125,.F.);
#1665=ORIENTED_EDGE('',*,*,#4115,.F.);
#1666=ORIENTED_EDGE('',*,*,#4139,.F.);
#1667=ORIENTED_EDGE('',*,*,#4142,.T.);
#1668=ORIENTED_EDGE('',*,*,#4143,.F.);
#1669=ORIENTED_EDGE('',*,*,#4144,.F.);
#1670=ORIENTED_EDGE('',*,*,#4145,.T.);
#1671=ORIENTED_EDGE('',*,*,#4146,.T.);
#1672=ORIENTED_EDGE('',*,*,#4147,.T.);
#1673=ORIENTED_EDGE('',*,*,#4148,.F.);
#1674=ORIENTED_EDGE('',*,*,#4149,.F.);
#1675=ORIENTED_EDGE('',*,*,#4150,.T.);
#1676=ORIENTED_EDGE('',*,*,#4151,.T.);
#1677=ORIENTED_EDGE('',*,*,#4152,.F.);
#1678=ORIENTED_EDGE('',*,*,#4153,.F.);
#1679=ORIENTED_EDGE('',*,*,#4154,.T.);
#1680=ORIENTED_EDGE('',*,*,#4155,.T.);
#1681=ORIENTED_EDGE('',*,*,#4150,.F.);
#1682=ORIENTED_EDGE('',*,*,#4156,.F.);
#1683=ORIENTED_EDGE('',*,*,#4157,.T.);
#1684=ORIENTED_EDGE('',*,*,#4158,.T.);
#1685=ORIENTED_EDGE('',*,*,#4154,.F.);
#1686=ORIENTED_EDGE('',*,*,#4159,.F.);
#1687=ORIENTED_EDGE('',*,*,#4160,.T.);
#1688=ORIENTED_EDGE('',*,*,#4161,.T.);
#1689=ORIENTED_EDGE('',*,*,#4157,.F.);
#1690=ORIENTED_EDGE('',*,*,#4162,.F.);
#1691=ORIENTED_EDGE('',*,*,#4163,.T.);
#1692=ORIENTED_EDGE('',*,*,#4164,.T.);
#1693=ORIENTED_EDGE('',*,*,#4160,.F.);
#1694=ORIENTED_EDGE('',*,*,#4165,.F.);
#1695=ORIENTED_EDGE('',*,*,#4166,.T.);
#1696=ORIENTED_EDGE('',*,*,#4167,.T.);
#1697=ORIENTED_EDGE('',*,*,#4163,.F.);
#1698=ORIENTED_EDGE('',*,*,#4168,.F.);
#1699=ORIENTED_EDGE('',*,*,#4169,.T.);
#1700=ORIENTED_EDGE('',*,*,#4170,.T.);
#1701=ORIENTED_EDGE('',*,*,#4166,.F.);
#1702=ORIENTED_EDGE('',*,*,#4171,.F.);
#1703=ORIENTED_EDGE('',*,*,#4147,.F.);
#1704=ORIENTED_EDGE('',*,*,#4172,.T.);
#1705=ORIENTED_EDGE('',*,*,#4173,.T.);
#1706=ORIENTED_EDGE('',*,*,#4174,.F.);
#1707=ORIENTED_EDGE('',*,*,#4151,.F.);
#1708=ORIENTED_EDGE('',*,*,#4155,.F.);
#1709=ORIENTED_EDGE('',*,*,#4158,.F.);
#1710=ORIENTED_EDGE('',*,*,#4161,.F.);
#1711=ORIENTED_EDGE('',*,*,#4164,.F.);
#1712=ORIENTED_EDGE('',*,*,#4167,.F.);
#1713=ORIENTED_EDGE('',*,*,#4170,.F.);
#1714=ORIENTED_EDGE('',*,*,#4175,.F.);
#1715=ORIENTED_EDGE('',*,*,#4176,.T.);
#1716=ORIENTED_EDGE('',*,*,#4177,.F.);
#1717=ORIENTED_EDGE('',*,*,#4178,.F.);
#1718=ORIENTED_EDGE('',*,*,#4179,.F.);
#1719=ORIENTED_EDGE('',*,*,#4180,.F.);
#1720=ORIENTED_EDGE('',*,*,#4181,.F.);
#1721=ORIENTED_EDGE('',*,*,#4182,.F.);
#1722=ORIENTED_EDGE('',*,*,#4183,.F.);
#1723=ORIENTED_EDGE('',*,*,#4184,.T.);
#1724=ORIENTED_EDGE('',*,*,#4185,.T.);
#1725=ORIENTED_EDGE('',*,*,#4173,.F.);
#1726=ORIENTED_EDGE('',*,*,#4186,.T.);
#1727=ORIENTED_EDGE('',*,*,#4187,.F.);
#1728=ORIENTED_EDGE('',*,*,#4188,.F.);
#1729=ORIENTED_EDGE('',*,*,#4189,.T.);
#1730=ORIENTED_EDGE('',*,*,#4152,.T.);
#1731=ORIENTED_EDGE('',*,*,#4174,.T.);
#1732=ORIENTED_EDGE('',*,*,#4185,.F.);
#1733=ORIENTED_EDGE('',*,*,#4190,.T.);
#1734=ORIENTED_EDGE('',*,*,#4122,.T.);
#1735=ORIENTED_EDGE('',*,*,#4141,.F.);
#1736=ORIENTED_EDGE('',*,*,#4191,.F.);
#1737=ORIENTED_EDGE('',*,*,#4192,.T.);
#1738=ORIENTED_EDGE('',*,*,#4186,.F.);
#1739=ORIENTED_EDGE('',*,*,#4193,.F.);
#1740=ORIENTED_EDGE('',*,*,#4194,.F.);
#1741=ORIENTED_EDGE('',*,*,#4195,.F.);
#1742=ORIENTED_EDGE('',*,*,#4196,.F.);
#1743=ORIENTED_EDGE('',*,*,#4197,.F.);
#1744=ORIENTED_EDGE('',*,*,#4143,.T.);
#1745=ORIENTED_EDGE('',*,*,#4198,.T.);
#1746=ORIENTED_EDGE('',*,*,#4187,.T.);
#1747=ORIENTED_EDGE('',*,*,#4192,.F.);
#1748=ORIENTED_EDGE('',*,*,#4199,.T.);
#1749=ORIENTED_EDGE('',*,*,#4200,.T.);
#1750=ORIENTED_EDGE('',*,*,#4201,.F.);
#1751=ORIENTED_EDGE('',*,*,#4202,.F.);
#1752=ORIENTED_EDGE('',*,*,#4203,.T.);
#1753=ORIENTED_EDGE('',*,*,#4204,.F.);
#1754=ORIENTED_EDGE('',*,*,#4200,.F.);
#1755=ORIENTED_EDGE('',*,*,#4205,.T.);
#1756=ORIENTED_EDGE('',*,*,#4206,.F.);
#1757=ORIENTED_EDGE('',*,*,#4203,.F.);
#1758=ORIENTED_EDGE('',*,*,#4207,.T.);
#1759=ORIENTED_EDGE('',*,*,#4208,.T.);
#1760=ORIENTED_EDGE('',*,*,#4209,.T.);
#1761=ORIENTED_EDGE('',*,*,#4210,.F.);
#1762=ORIENTED_EDGE('',*,*,#4211,.F.);
#1763=ORIENTED_EDGE('',*,*,#4212,.T.);
#1764=ORIENTED_EDGE('',*,*,#4213,.F.);
#1765=ORIENTED_EDGE('',*,*,#4214,.F.);
#1766=ORIENTED_EDGE('',*,*,#4215,.T.);
#1767=ORIENTED_EDGE('',*,*,#4216,.T.);
#1768=ORIENTED_EDGE('',*,*,#4217,.T.);
#1769=ORIENTED_EDGE('',*,*,#4218,.T.);
#1770=ORIENTED_EDGE('',*,*,#4219,.F.);
#1771=ORIENTED_EDGE('',*,*,#4220,.F.);
#1772=ORIENTED_EDGE('',*,*,#4221,.T.);
#1773=ORIENTED_EDGE('',*,*,#4222,.F.);
#1774=ORIENTED_EDGE('',*,*,#4218,.F.);
#1775=ORIENTED_EDGE('',*,*,#4223,.T.);
#1776=ORIENTED_EDGE('',*,*,#4224,.T.);
#1777=ORIENTED_EDGE('',*,*,#4211,.T.);
#1778=ORIENTED_EDGE('',*,*,#4225,.F.);
#1779=ORIENTED_EDGE('',*,*,#4226,.F.);
#1780=ORIENTED_EDGE('',*,*,#4227,.F.);
#1781=ORIENTED_EDGE('',*,*,#4221,.F.);
#1782=ORIENTED_EDGE('',*,*,#4228,.T.);
#1783=ORIENTED_EDGE('',*,*,#4229,.T.);
#1784=ORIENTED_EDGE('',*,*,#4230,.T.);
#1785=ORIENTED_EDGE('',*,*,#4231,.T.);
#1786=ORIENTED_EDGE('',*,*,#4232,.F.);
#1787=ORIENTED_EDGE('',*,*,#4233,.F.);
#1788=ORIENTED_EDGE('',*,*,#4234,.T.);
#1789=ORIENTED_EDGE('',*,*,#4235,.F.);
#1790=ORIENTED_EDGE('',*,*,#4231,.F.);
#1791=ORIENTED_EDGE('',*,*,#4236,.T.);
#1792=ORIENTED_EDGE('',*,*,#4237,.F.);
#1793=ORIENTED_EDGE('',*,*,#4234,.F.);
#1794=ORIENTED_EDGE('',*,*,#4238,.T.);
#1795=ORIENTED_EDGE('',*,*,#4239,.T.);
#1796=ORIENTED_EDGE('',*,*,#4240,.T.);
#1797=ORIENTED_EDGE('',*,*,#4241,.T.);
#1798=ORIENTED_EDGE('',*,*,#4242,.F.);
#1799=ORIENTED_EDGE('',*,*,#4243,.F.);
#1800=ORIENTED_EDGE('',*,*,#4244,.T.);
#1801=ORIENTED_EDGE('',*,*,#4245,.F.);
#1802=ORIENTED_EDGE('',*,*,#4241,.F.);
#1803=ORIENTED_EDGE('',*,*,#4246,.T.);
#1804=ORIENTED_EDGE('',*,*,#4247,.T.);
#1805=ORIENTED_EDGE('',*,*,#4248,.F.);
#1806=ORIENTED_EDGE('',*,*,#4244,.F.);
#1807=ORIENTED_EDGE('',*,*,#4249,.T.);
#1808=ORIENTED_EDGE('',*,*,#4250,.F.);
#1809=ORIENTED_EDGE('',*,*,#4247,.F.);
#1810=ORIENTED_EDGE('',*,*,#4251,.T.);
#1811=ORIENTED_EDGE('',*,*,#4252,.T.);
#1812=ORIENTED_EDGE('',*,*,#4253,.T.);
#1813=ORIENTED_EDGE('',*,*,#4254,.F.);
#1814=ORIENTED_EDGE('',*,*,#4255,.F.);
#1815=ORIENTED_EDGE('',*,*,#4256,.T.);
#1816=ORIENTED_EDGE('',*,*,#4257,.T.);
#1817=ORIENTED_EDGE('',*,*,#4258,.F.);
#1818=ORIENTED_EDGE('',*,*,#4253,.F.);
#1819=ORIENTED_EDGE('',*,*,#4259,.T.);
#1820=ORIENTED_EDGE('',*,*,#4260,.T.);
#1821=ORIENTED_EDGE('',*,*,#4261,.F.);
#1822=ORIENTED_EDGE('',*,*,#4257,.F.);
#1823=ORIENTED_EDGE('',*,*,#4262,.T.);
#1824=ORIENTED_EDGE('',*,*,#4263,.T.);
#1825=ORIENTED_EDGE('',*,*,#4264,.F.);
#1826=ORIENTED_EDGE('',*,*,#4260,.F.);
#1827=ORIENTED_EDGE('',*,*,#4265,.T.);
#1828=ORIENTED_EDGE('',*,*,#4266,.F.);
#1829=ORIENTED_EDGE('',*,*,#4263,.F.);
#1830=ORIENTED_EDGE('',*,*,#4267,.T.);
#1831=ORIENTED_EDGE('',*,*,#4268,.T.);
#1832=ORIENTED_EDGE('',*,*,#4225,.T.);
#1833=ORIENTED_EDGE('',*,*,#4210,.T.);
#1834=ORIENTED_EDGE('',*,*,#4269,.F.);
#1835=ORIENTED_EDGE('',*,*,#4213,.T.);
#1836=ORIENTED_EDGE('',*,*,#4270,.T.);
#1837=ORIENTED_EDGE('',*,*,#4219,.T.);
#1838=ORIENTED_EDGE('',*,*,#4222,.T.);
#1839=ORIENTED_EDGE('',*,*,#4227,.T.);
#1840=ORIENTED_EDGE('',*,*,#4271,.F.);
#1841=ORIENTED_EDGE('',*,*,#4232,.T.);
#1842=ORIENTED_EDGE('',*,*,#4235,.T.);
#1843=ORIENTED_EDGE('',*,*,#4237,.T.);
#1844=ORIENTED_EDGE('',*,*,#4272,.F.);
#1845=ORIENTED_EDGE('',*,*,#4242,.T.);
#1846=ORIENTED_EDGE('',*,*,#4245,.T.);
#1847=ORIENTED_EDGE('',*,*,#4248,.T.);
#1848=ORIENTED_EDGE('',*,*,#4250,.T.);
#1849=ORIENTED_EDGE('',*,*,#4273,.T.);
#1850=ORIENTED_EDGE('',*,*,#4274,.T.);
#1851=ORIENTED_EDGE('',*,*,#4254,.T.);
#1852=ORIENTED_EDGE('',*,*,#4258,.T.);
#1853=ORIENTED_EDGE('',*,*,#4261,.T.);
#1854=ORIENTED_EDGE('',*,*,#4264,.T.);
#1855=ORIENTED_EDGE('',*,*,#4266,.T.);
#1856=ORIENTED_EDGE('',*,*,#4275,.F.);
#1857=ORIENTED_EDGE('',*,*,#4276,.T.);
#1858=ORIENTED_EDGE('',*,*,#4277,.F.);
#1859=ORIENTED_EDGE('',*,*,#4278,.F.);
#1860=ORIENTED_EDGE('',*,*,#4279,.T.);
#1861=ORIENTED_EDGE('',*,*,#4255,.T.);
#1862=ORIENTED_EDGE('',*,*,#4274,.F.);
#1863=ORIENTED_EDGE('',*,*,#4280,.F.);
#1864=ORIENTED_EDGE('',*,*,#4215,.F.);
#1865=ORIENTED_EDGE('',*,*,#4281,.T.);
#1866=ORIENTED_EDGE('',*,*,#4212,.F.);
#1867=ORIENTED_EDGE('',*,*,#4224,.F.);
#1868=ORIENTED_EDGE('',*,*,#4282,.F.);
#1869=ORIENTED_EDGE('',*,*,#4228,.F.);
#1870=ORIENTED_EDGE('',*,*,#4223,.F.);
#1871=ORIENTED_EDGE('',*,*,#4217,.F.);
#1872=ORIENTED_EDGE('',*,*,#4283,.T.);
#1873=ORIENTED_EDGE('',*,*,#4238,.F.);
#1874=ORIENTED_EDGE('',*,*,#4236,.F.);
#1875=ORIENTED_EDGE('',*,*,#4230,.F.);
#1876=ORIENTED_EDGE('',*,*,#4284,.T.);
#1877=ORIENTED_EDGE('',*,*,#4251,.F.);
#1878=ORIENTED_EDGE('',*,*,#4249,.F.);
#1879=ORIENTED_EDGE('',*,*,#4246,.F.);
#1880=ORIENTED_EDGE('',*,*,#4240,.F.);
#1881=ORIENTED_EDGE('',*,*,#4285,.F.);
#1882=ORIENTED_EDGE('',*,*,#4286,.T.);
#1883=ORIENTED_EDGE('',*,*,#4287,.F.);
#1884=ORIENTED_EDGE('',*,*,#4288,.T.);
#1885=ORIENTED_EDGE('',*,*,#4267,.F.);
#1886=ORIENTED_EDGE('',*,*,#4265,.F.);
#1887=ORIENTED_EDGE('',*,*,#4262,.F.);
#1888=ORIENTED_EDGE('',*,*,#4259,.F.);
#1889=ORIENTED_EDGE('',*,*,#4256,.F.);
#1890=ORIENTED_EDGE('',*,*,#4279,.F.);
#1891=ORIENTED_EDGE('',*,*,#4289,.T.);
#1892=ORIENTED_EDGE('',*,*,#4290,.T.);
#1893=ORIENTED_EDGE('',*,*,#4291,.F.);
#1894=ORIENTED_EDGE('',*,*,#4292,.F.);
#1895=ORIENTED_EDGE('',*,*,#4293,.T.);
#1896=ORIENTED_EDGE('',*,*,#4294,.F.);
#1897=ORIENTED_EDGE('',*,*,#4295,.F.);
#1898=ORIENTED_EDGE('',*,*,#4296,.T.);
#1899=ORIENTED_EDGE('',*,*,#4297,.T.);
#1900=ORIENTED_EDGE('',*,*,#4298,.T.);
#1901=ORIENTED_EDGE('',*,*,#4299,.T.);
#1902=ORIENTED_EDGE('',*,*,#4300,.F.);
#1903=ORIENTED_EDGE('',*,*,#4301,.F.);
#1904=ORIENTED_EDGE('',*,*,#4302,.T.);
#1905=ORIENTED_EDGE('',*,*,#4303,.F.);
#1906=ORIENTED_EDGE('',*,*,#4299,.F.);
#1907=ORIENTED_EDGE('',*,*,#4304,.T.);
#1908=ORIENTED_EDGE('',*,*,#4305,.T.);
#1909=ORIENTED_EDGE('',*,*,#4292,.T.);
#1910=ORIENTED_EDGE('',*,*,#4306,.F.);
#1911=ORIENTED_EDGE('',*,*,#4307,.F.);
#1912=ORIENTED_EDGE('',*,*,#4308,.F.);
#1913=ORIENTED_EDGE('',*,*,#4302,.F.);
#1914=ORIENTED_EDGE('',*,*,#4309,.T.);
#1915=ORIENTED_EDGE('',*,*,#4310,.T.);
#1916=ORIENTED_EDGE('',*,*,#4311,.T.);
#1917=ORIENTED_EDGE('',*,*,#4312,.T.);
#1918=ORIENTED_EDGE('',*,*,#4313,.F.);
#1919=ORIENTED_EDGE('',*,*,#4314,.F.);
#1920=ORIENTED_EDGE('',*,*,#4315,.T.);
#1921=ORIENTED_EDGE('',*,*,#4316,.F.);
#1922=ORIENTED_EDGE('',*,*,#4312,.F.);
#1923=ORIENTED_EDGE('',*,*,#4317,.T.);
#1924=ORIENTED_EDGE('',*,*,#4318,.F.);
#1925=ORIENTED_EDGE('',*,*,#4315,.F.);
#1926=ORIENTED_EDGE('',*,*,#4319,.T.);
#1927=ORIENTED_EDGE('',*,*,#4320,.T.);
#1928=ORIENTED_EDGE('',*,*,#4321,.T.);
#1929=ORIENTED_EDGE('',*,*,#4322,.T.);
#1930=ORIENTED_EDGE('',*,*,#4323,.F.);
#1931=ORIENTED_EDGE('',*,*,#4324,.F.);
#1932=ORIENTED_EDGE('',*,*,#4325,.T.);
#1933=ORIENTED_EDGE('',*,*,#4326,.F.);
#1934=ORIENTED_EDGE('',*,*,#4322,.F.);
#1935=ORIENTED_EDGE('',*,*,#4327,.T.);
#1936=ORIENTED_EDGE('',*,*,#4328,.T.);
#1937=ORIENTED_EDGE('',*,*,#4329,.F.);
#1938=ORIENTED_EDGE('',*,*,#4325,.F.);
#1939=ORIENTED_EDGE('',*,*,#4330,.T.);
#1940=ORIENTED_EDGE('',*,*,#4331,.F.);
#1941=ORIENTED_EDGE('',*,*,#4328,.F.);
#1942=ORIENTED_EDGE('',*,*,#4332,.T.);
#1943=ORIENTED_EDGE('',*,*,#4333,.T.);
#1944=ORIENTED_EDGE('',*,*,#4334,.T.);
#1945=ORIENTED_EDGE('',*,*,#4335,.F.);
#1946=ORIENTED_EDGE('',*,*,#4336,.F.);
#1947=ORIENTED_EDGE('',*,*,#4337,.T.);
#1948=ORIENTED_EDGE('',*,*,#4338,.T.);
#1949=ORIENTED_EDGE('',*,*,#4339,.F.);
#1950=ORIENTED_EDGE('',*,*,#4334,.F.);
#1951=ORIENTED_EDGE('',*,*,#4340,.T.);
#1952=ORIENTED_EDGE('',*,*,#4341,.T.);
#1953=ORIENTED_EDGE('',*,*,#4342,.F.);
#1954=ORIENTED_EDGE('',*,*,#4338,.F.);
#1955=ORIENTED_EDGE('',*,*,#4343,.T.);
#1956=ORIENTED_EDGE('',*,*,#4344,.T.);
#1957=ORIENTED_EDGE('',*,*,#4345,.F.);
#1958=ORIENTED_EDGE('',*,*,#4341,.F.);
#1959=ORIENTED_EDGE('',*,*,#4346,.T.);
#1960=ORIENTED_EDGE('',*,*,#4347,.F.);
#1961=ORIENTED_EDGE('',*,*,#4344,.F.);
#1962=ORIENTED_EDGE('',*,*,#4348,.T.);
#1963=ORIENTED_EDGE('',*,*,#4349,.T.);
#1964=ORIENTED_EDGE('',*,*,#4306,.T.);
#1965=ORIENTED_EDGE('',*,*,#4291,.T.);
#1966=ORIENTED_EDGE('',*,*,#4350,.F.);
#1967=ORIENTED_EDGE('',*,*,#4294,.T.);
#1968=ORIENTED_EDGE('',*,*,#4351,.T.);
#1969=ORIENTED_EDGE('',*,*,#4300,.T.);
#1970=ORIENTED_EDGE('',*,*,#4303,.T.);
#1971=ORIENTED_EDGE('',*,*,#4308,.T.);
#1972=ORIENTED_EDGE('',*,*,#4352,.F.);
#1973=ORIENTED_EDGE('',*,*,#4313,.T.);
#1974=ORIENTED_EDGE('',*,*,#4316,.T.);
#1975=ORIENTED_EDGE('',*,*,#4318,.T.);
#1976=ORIENTED_EDGE('',*,*,#4353,.F.);
#1977=ORIENTED_EDGE('',*,*,#4323,.T.);
#1978=ORIENTED_EDGE('',*,*,#4326,.T.);
#1979=ORIENTED_EDGE('',*,*,#4329,.T.);
#1980=ORIENTED_EDGE('',*,*,#4331,.T.);
#1981=ORIENTED_EDGE('',*,*,#4354,.T.);
#1982=ORIENTED_EDGE('',*,*,#4355,.T.);
#1983=ORIENTED_EDGE('',*,*,#4335,.T.);
#1984=ORIENTED_EDGE('',*,*,#4339,.T.);
#1985=ORIENTED_EDGE('',*,*,#4342,.T.);
#1986=ORIENTED_EDGE('',*,*,#4345,.T.);
#1987=ORIENTED_EDGE('',*,*,#4347,.T.);
#1988=ORIENTED_EDGE('',*,*,#4356,.F.);
#1989=ORIENTED_EDGE('',*,*,#4357,.T.);
#1990=ORIENTED_EDGE('',*,*,#4358,.F.);
#1991=ORIENTED_EDGE('',*,*,#4359,.F.);
#1992=ORIENTED_EDGE('',*,*,#4360,.T.);
#1993=ORIENTED_EDGE('',*,*,#4336,.T.);
#1994=ORIENTED_EDGE('',*,*,#4355,.F.);
#1995=ORIENTED_EDGE('',*,*,#4361,.F.);
#1996=ORIENTED_EDGE('',*,*,#4296,.F.);
#1997=ORIENTED_EDGE('',*,*,#4362,.T.);
#1998=ORIENTED_EDGE('',*,*,#4293,.F.);
#1999=ORIENTED_EDGE('',*,*,#4305,.F.);
#2000=ORIENTED_EDGE('',*,*,#4363,.F.);
#2001=ORIENTED_EDGE('',*,*,#4309,.F.);
#2002=ORIENTED_EDGE('',*,*,#4304,.F.);
#2003=ORIENTED_EDGE('',*,*,#4298,.F.);
#2004=ORIENTED_EDGE('',*,*,#4364,.T.);
#2005=ORIENTED_EDGE('',*,*,#4319,.F.);
#2006=ORIENTED_EDGE('',*,*,#4317,.F.);
#2007=ORIENTED_EDGE('',*,*,#4311,.F.);
#2008=ORIENTED_EDGE('',*,*,#4365,.T.);
#2009=ORIENTED_EDGE('',*,*,#4332,.F.);
#2010=ORIENTED_EDGE('',*,*,#4330,.F.);
#2011=ORIENTED_EDGE('',*,*,#4327,.F.);
#2012=ORIENTED_EDGE('',*,*,#4321,.F.);
#2013=ORIENTED_EDGE('',*,*,#4366,.F.);
#2014=ORIENTED_EDGE('',*,*,#4367,.T.);
#2015=ORIENTED_EDGE('',*,*,#4368,.F.);
#2016=ORIENTED_EDGE('',*,*,#4369,.T.);
#2017=ORIENTED_EDGE('',*,*,#4348,.F.);
#2018=ORIENTED_EDGE('',*,*,#4346,.F.);
#2019=ORIENTED_EDGE('',*,*,#4343,.F.);
#2020=ORIENTED_EDGE('',*,*,#4340,.F.);
#2021=ORIENTED_EDGE('',*,*,#4337,.F.);
#2022=ORIENTED_EDGE('',*,*,#4360,.F.);
#2023=ORIENTED_EDGE('',*,*,#4370,.T.);
#2024=ORIENTED_EDGE('',*,*,#4371,.T.);
#2025=ORIENTED_EDGE('',*,*,#4372,.F.);
#2026=ORIENTED_EDGE('',*,*,#4373,.F.);
#2027=ORIENTED_EDGE('',*,*,#4374,.T.);
#2028=ORIENTED_EDGE('',*,*,#4375,.F.);
#2029=ORIENTED_EDGE('',*,*,#4376,.F.);
#2030=ORIENTED_EDGE('',*,*,#4377,.T.);
#2031=ORIENTED_EDGE('',*,*,#4378,.T.);
#2032=ORIENTED_EDGE('',*,*,#4379,.T.);
#2033=ORIENTED_EDGE('',*,*,#4380,.T.);
#2034=ORIENTED_EDGE('',*,*,#4381,.F.);
#2035=ORIENTED_EDGE('',*,*,#4382,.F.);
#2036=ORIENTED_EDGE('',*,*,#4383,.T.);
#2037=ORIENTED_EDGE('',*,*,#4384,.F.);
#2038=ORIENTED_EDGE('',*,*,#4380,.F.);
#2039=ORIENTED_EDGE('',*,*,#4385,.T.);
#2040=ORIENTED_EDGE('',*,*,#4386,.T.);
#2041=ORIENTED_EDGE('',*,*,#4373,.T.);
#2042=ORIENTED_EDGE('',*,*,#4387,.F.);
#2043=ORIENTED_EDGE('',*,*,#4388,.F.);
#2044=ORIENTED_EDGE('',*,*,#4389,.F.);
#2045=ORIENTED_EDGE('',*,*,#4383,.F.);
#2046=ORIENTED_EDGE('',*,*,#4390,.T.);
#2047=ORIENTED_EDGE('',*,*,#4391,.T.);
#2048=ORIENTED_EDGE('',*,*,#4392,.T.);
#2049=ORIENTED_EDGE('',*,*,#4393,.T.);
#2050=ORIENTED_EDGE('',*,*,#4394,.F.);
#2051=ORIENTED_EDGE('',*,*,#4395,.F.);
#2052=ORIENTED_EDGE('',*,*,#4396,.T.);
#2053=ORIENTED_EDGE('',*,*,#4397,.F.);
#2054=ORIENTED_EDGE('',*,*,#4393,.F.);
#2055=ORIENTED_EDGE('',*,*,#4398,.T.);
#2056=ORIENTED_EDGE('',*,*,#4399,.F.);
#2057=ORIENTED_EDGE('',*,*,#4396,.F.);
#2058=ORIENTED_EDGE('',*,*,#4400,.T.);
#2059=ORIENTED_EDGE('',*,*,#4401,.T.);
#2060=ORIENTED_EDGE('',*,*,#4402,.T.);
#2061=ORIENTED_EDGE('',*,*,#4403,.T.);
#2062=ORIENTED_EDGE('',*,*,#4404,.F.);
#2063=ORIENTED_EDGE('',*,*,#4405,.F.);
#2064=ORIENTED_EDGE('',*,*,#4406,.T.);
#2065=ORIENTED_EDGE('',*,*,#4407,.F.);
#2066=ORIENTED_EDGE('',*,*,#4403,.F.);
#2067=ORIENTED_EDGE('',*,*,#4408,.T.);
#2068=ORIENTED_EDGE('',*,*,#4409,.T.);
#2069=ORIENTED_EDGE('',*,*,#4410,.F.);
#2070=ORIENTED_EDGE('',*,*,#4406,.F.);
#2071=ORIENTED_EDGE('',*,*,#4411,.T.);
#2072=ORIENTED_EDGE('',*,*,#4412,.F.);
#2073=ORIENTED_EDGE('',*,*,#4409,.F.);
#2074=ORIENTED_EDGE('',*,*,#4413,.T.);
#2075=ORIENTED_EDGE('',*,*,#4414,.T.);
#2076=ORIENTED_EDGE('',*,*,#4415,.T.);
#2077=ORIENTED_EDGE('',*,*,#4416,.F.);
#2078=ORIENTED_EDGE('',*,*,#4417,.F.);
#2079=ORIENTED_EDGE('',*,*,#4418,.T.);
#2080=ORIENTED_EDGE('',*,*,#4419,.T.);
#2081=ORIENTED_EDGE('',*,*,#4420,.F.);
#2082=ORIENTED_EDGE('',*,*,#4415,.F.);
#2083=ORIENTED_EDGE('',*,*,#4421,.T.);
#2084=ORIENTED_EDGE('',*,*,#4422,.T.);
#2085=ORIENTED_EDGE('',*,*,#4423,.F.);
#2086=ORIENTED_EDGE('',*,*,#4419,.F.);
#2087=ORIENTED_EDGE('',*,*,#4424,.T.);
#2088=ORIENTED_EDGE('',*,*,#4425,.T.);
#2089=ORIENTED_EDGE('',*,*,#4426,.F.);
#2090=ORIENTED_EDGE('',*,*,#4422,.F.);
#2091=ORIENTED_EDGE('',*,*,#4427,.T.);
#2092=ORIENTED_EDGE('',*,*,#4428,.F.);
#2093=ORIENTED_EDGE('',*,*,#4425,.F.);
#2094=ORIENTED_EDGE('',*,*,#4429,.T.);
#2095=ORIENTED_EDGE('',*,*,#4430,.T.);
#2096=ORIENTED_EDGE('',*,*,#4387,.T.);
#2097=ORIENTED_EDGE('',*,*,#4372,.T.);
#2098=ORIENTED_EDGE('',*,*,#4431,.F.);
#2099=ORIENTED_EDGE('',*,*,#4375,.T.);
#2100=ORIENTED_EDGE('',*,*,#4432,.T.);
#2101=ORIENTED_EDGE('',*,*,#4381,.T.);
#2102=ORIENTED_EDGE('',*,*,#4384,.T.);
#2103=ORIENTED_EDGE('',*,*,#4389,.T.);
#2104=ORIENTED_EDGE('',*,*,#4433,.F.);
#2105=ORIENTED_EDGE('',*,*,#4394,.T.);
#2106=ORIENTED_EDGE('',*,*,#4397,.T.);
#2107=ORIENTED_EDGE('',*,*,#4399,.T.);
#2108=ORIENTED_EDGE('',*,*,#4434,.F.);
#2109=ORIENTED_EDGE('',*,*,#4404,.T.);
#2110=ORIENTED_EDGE('',*,*,#4407,.T.);
#2111=ORIENTED_EDGE('',*,*,#4410,.T.);
#2112=ORIENTED_EDGE('',*,*,#4412,.T.);
#2113=ORIENTED_EDGE('',*,*,#4435,.T.);
#2114=ORIENTED_EDGE('',*,*,#4436,.T.);
#2115=ORIENTED_EDGE('',*,*,#4416,.T.);
#2116=ORIENTED_EDGE('',*,*,#4420,.T.);
#2117=ORIENTED_EDGE('',*,*,#4423,.T.);
#2118=ORIENTED_EDGE('',*,*,#4426,.T.);
#2119=ORIENTED_EDGE('',*,*,#4428,.T.);
#2120=ORIENTED_EDGE('',*,*,#4437,.F.);
#2121=ORIENTED_EDGE('',*,*,#4438,.T.);
#2122=ORIENTED_EDGE('',*,*,#4439,.F.);
#2123=ORIENTED_EDGE('',*,*,#4440,.F.);
#2124=ORIENTED_EDGE('',*,*,#4441,.T.);
#2125=ORIENTED_EDGE('',*,*,#4417,.T.);
#2126=ORIENTED_EDGE('',*,*,#4436,.F.);
#2127=ORIENTED_EDGE('',*,*,#4442,.F.);
#2128=ORIENTED_EDGE('',*,*,#4377,.F.);
#2129=ORIENTED_EDGE('',*,*,#4443,.T.);
#2130=ORIENTED_EDGE('',*,*,#4374,.F.);
#2131=ORIENTED_EDGE('',*,*,#4386,.F.);
#2132=ORIENTED_EDGE('',*,*,#4444,.F.);
#2133=ORIENTED_EDGE('',*,*,#4390,.F.);
#2134=ORIENTED_EDGE('',*,*,#4385,.F.);
#2135=ORIENTED_EDGE('',*,*,#4379,.F.);
#2136=ORIENTED_EDGE('',*,*,#4445,.T.);
#2137=ORIENTED_EDGE('',*,*,#4400,.F.);
#2138=ORIENTED_EDGE('',*,*,#4398,.F.);
#2139=ORIENTED_EDGE('',*,*,#4392,.F.);
#2140=ORIENTED_EDGE('',*,*,#4446,.T.);
#2141=ORIENTED_EDGE('',*,*,#4413,.F.);
#2142=ORIENTED_EDGE('',*,*,#4411,.F.);
#2143=ORIENTED_EDGE('',*,*,#4408,.F.);
#2144=ORIENTED_EDGE('',*,*,#4402,.F.);
#2145=ORIENTED_EDGE('',*,*,#4447,.F.);
#2146=ORIENTED_EDGE('',*,*,#4448,.T.);
#2147=ORIENTED_EDGE('',*,*,#4449,.F.);
#2148=ORIENTED_EDGE('',*,*,#4450,.T.);
#2149=ORIENTED_EDGE('',*,*,#4429,.F.);
#2150=ORIENTED_EDGE('',*,*,#4427,.F.);
#2151=ORIENTED_EDGE('',*,*,#4424,.F.);
#2152=ORIENTED_EDGE('',*,*,#4421,.F.);
#2153=ORIENTED_EDGE('',*,*,#4418,.F.);
#2154=ORIENTED_EDGE('',*,*,#4441,.F.);
#2155=ORIENTED_EDGE('',*,*,#4451,.T.);
#2156=ORIENTED_EDGE('',*,*,#4452,.T.);
#2157=ORIENTED_EDGE('',*,*,#4453,.F.);
#2158=ORIENTED_EDGE('',*,*,#4454,.F.);
#2159=ORIENTED_EDGE('',*,*,#4455,.T.);
#2160=ORIENTED_EDGE('',*,*,#4456,.F.);
#2161=ORIENTED_EDGE('',*,*,#4457,.F.);
#2162=ORIENTED_EDGE('',*,*,#4458,.T.);
#2163=ORIENTED_EDGE('',*,*,#4459,.T.);
#2164=ORIENTED_EDGE('',*,*,#4460,.T.);
#2165=ORIENTED_EDGE('',*,*,#4461,.T.);
#2166=ORIENTED_EDGE('',*,*,#4462,.F.);
#2167=ORIENTED_EDGE('',*,*,#4463,.F.);
#2168=ORIENTED_EDGE('',*,*,#4464,.T.);
#2169=ORIENTED_EDGE('',*,*,#4465,.F.);
#2170=ORIENTED_EDGE('',*,*,#4461,.F.);
#2171=ORIENTED_EDGE('',*,*,#4466,.T.);
#2172=ORIENTED_EDGE('',*,*,#4467,.T.);
#2173=ORIENTED_EDGE('',*,*,#4454,.T.);
#2174=ORIENTED_EDGE('',*,*,#4468,.F.);
#2175=ORIENTED_EDGE('',*,*,#4469,.F.);
#2176=ORIENTED_EDGE('',*,*,#4470,.F.);
#2177=ORIENTED_EDGE('',*,*,#4464,.F.);
#2178=ORIENTED_EDGE('',*,*,#4471,.T.);
#2179=ORIENTED_EDGE('',*,*,#4472,.T.);
#2180=ORIENTED_EDGE('',*,*,#4473,.T.);
#2181=ORIENTED_EDGE('',*,*,#4474,.T.);
#2182=ORIENTED_EDGE('',*,*,#4475,.F.);
#2183=ORIENTED_EDGE('',*,*,#4476,.F.);
#2184=ORIENTED_EDGE('',*,*,#4477,.T.);
#2185=ORIENTED_EDGE('',*,*,#4478,.F.);
#2186=ORIENTED_EDGE('',*,*,#4474,.F.);
#2187=ORIENTED_EDGE('',*,*,#4479,.T.);
#2188=ORIENTED_EDGE('',*,*,#4480,.F.);
#2189=ORIENTED_EDGE('',*,*,#4477,.F.);
#2190=ORIENTED_EDGE('',*,*,#4481,.T.);
#2191=ORIENTED_EDGE('',*,*,#4482,.T.);
#2192=ORIENTED_EDGE('',*,*,#4483,.T.);
#2193=ORIENTED_EDGE('',*,*,#4484,.T.);
#2194=ORIENTED_EDGE('',*,*,#4485,.F.);
#2195=ORIENTED_EDGE('',*,*,#4486,.F.);
#2196=ORIENTED_EDGE('',*,*,#4487,.T.);
#2197=ORIENTED_EDGE('',*,*,#4488,.F.);
#2198=ORIENTED_EDGE('',*,*,#4484,.F.);
#2199=ORIENTED_EDGE('',*,*,#4489,.T.);
#2200=ORIENTED_EDGE('',*,*,#4490,.T.);
#2201=ORIENTED_EDGE('',*,*,#4491,.F.);
#2202=ORIENTED_EDGE('',*,*,#4487,.F.);
#2203=ORIENTED_EDGE('',*,*,#4492,.T.);
#2204=ORIENTED_EDGE('',*,*,#4493,.F.);
#2205=ORIENTED_EDGE('',*,*,#4490,.F.);
#2206=ORIENTED_EDGE('',*,*,#4494,.T.);
#2207=ORIENTED_EDGE('',*,*,#4495,.T.);
#2208=ORIENTED_EDGE('',*,*,#4496,.T.);
#2209=ORIENTED_EDGE('',*,*,#4497,.F.);
#2210=ORIENTED_EDGE('',*,*,#4498,.F.);
#2211=ORIENTED_EDGE('',*,*,#4499,.T.);
#2212=ORIENTED_EDGE('',*,*,#4500,.T.);
#2213=ORIENTED_EDGE('',*,*,#4501,.F.);
#2214=ORIENTED_EDGE('',*,*,#4496,.F.);
#2215=ORIENTED_EDGE('',*,*,#4502,.T.);
#2216=ORIENTED_EDGE('',*,*,#4503,.T.);
#2217=ORIENTED_EDGE('',*,*,#4504,.F.);
#2218=ORIENTED_EDGE('',*,*,#4500,.F.);
#2219=ORIENTED_EDGE('',*,*,#4505,.T.);
#2220=ORIENTED_EDGE('',*,*,#4506,.T.);
#2221=ORIENTED_EDGE('',*,*,#4507,.F.);
#2222=ORIENTED_EDGE('',*,*,#4503,.F.);
#2223=ORIENTED_EDGE('',*,*,#4508,.T.);
#2224=ORIENTED_EDGE('',*,*,#4509,.F.);
#2225=ORIENTED_EDGE('',*,*,#4506,.F.);
#2226=ORIENTED_EDGE('',*,*,#4510,.T.);
#2227=ORIENTED_EDGE('',*,*,#4511,.T.);
#2228=ORIENTED_EDGE('',*,*,#4468,.T.);
#2229=ORIENTED_EDGE('',*,*,#4453,.T.);
#2230=ORIENTED_EDGE('',*,*,#4512,.F.);
#2231=ORIENTED_EDGE('',*,*,#4456,.T.);
#2232=ORIENTED_EDGE('',*,*,#4513,.T.);
#2233=ORIENTED_EDGE('',*,*,#4462,.T.);
#2234=ORIENTED_EDGE('',*,*,#4465,.T.);
#2235=ORIENTED_EDGE('',*,*,#4470,.T.);
#2236=ORIENTED_EDGE('',*,*,#4514,.F.);
#2237=ORIENTED_EDGE('',*,*,#4475,.T.);
#2238=ORIENTED_EDGE('',*,*,#4478,.T.);
#2239=ORIENTED_EDGE('',*,*,#4480,.T.);
#2240=ORIENTED_EDGE('',*,*,#4515,.F.);
#2241=ORIENTED_EDGE('',*,*,#4485,.T.);
#2242=ORIENTED_EDGE('',*,*,#4488,.T.);
#2243=ORIENTED_EDGE('',*,*,#4491,.T.);
#2244=ORIENTED_EDGE('',*,*,#4493,.T.);
#2245=ORIENTED_EDGE('',*,*,#4516,.T.);
#2246=ORIENTED_EDGE('',*,*,#4517,.T.);
#2247=ORIENTED_EDGE('',*,*,#4497,.T.);
#2248=ORIENTED_EDGE('',*,*,#4501,.T.);
#2249=ORIENTED_EDGE('',*,*,#4504,.T.);
#2250=ORIENTED_EDGE('',*,*,#4507,.T.);
#2251=ORIENTED_EDGE('',*,*,#4509,.T.);
#2252=ORIENTED_EDGE('',*,*,#4518,.F.);
#2253=ORIENTED_EDGE('',*,*,#4519,.T.);
#2254=ORIENTED_EDGE('',*,*,#4520,.F.);
#2255=ORIENTED_EDGE('',*,*,#4521,.F.);
#2256=ORIENTED_EDGE('',*,*,#4522,.T.);
#2257=ORIENTED_EDGE('',*,*,#4498,.T.);
#2258=ORIENTED_EDGE('',*,*,#4517,.F.);
#2259=ORIENTED_EDGE('',*,*,#4523,.F.);
#2260=ORIENTED_EDGE('',*,*,#4458,.F.);
#2261=ORIENTED_EDGE('',*,*,#4524,.T.);
#2262=ORIENTED_EDGE('',*,*,#4455,.F.);
#2263=ORIENTED_EDGE('',*,*,#4467,.F.);
#2264=ORIENTED_EDGE('',*,*,#4525,.F.);
#2265=ORIENTED_EDGE('',*,*,#4471,.F.);
#2266=ORIENTED_EDGE('',*,*,#4466,.F.);
#2267=ORIENTED_EDGE('',*,*,#4460,.F.);
#2268=ORIENTED_EDGE('',*,*,#4526,.T.);
#2269=ORIENTED_EDGE('',*,*,#4481,.F.);
#2270=ORIENTED_EDGE('',*,*,#4479,.F.);
#2271=ORIENTED_EDGE('',*,*,#4473,.F.);
#2272=ORIENTED_EDGE('',*,*,#4527,.T.);
#2273=ORIENTED_EDGE('',*,*,#4494,.F.);
#2274=ORIENTED_EDGE('',*,*,#4492,.F.);
#2275=ORIENTED_EDGE('',*,*,#4489,.F.);
#2276=ORIENTED_EDGE('',*,*,#4483,.F.);
#2277=ORIENTED_EDGE('',*,*,#4528,.F.);
#2278=ORIENTED_EDGE('',*,*,#4529,.T.);
#2279=ORIENTED_EDGE('',*,*,#4530,.F.);
#2280=ORIENTED_EDGE('',*,*,#4531,.T.);
#2281=ORIENTED_EDGE('',*,*,#4510,.F.);
#2282=ORIENTED_EDGE('',*,*,#4508,.F.);
#2283=ORIENTED_EDGE('',*,*,#4505,.F.);
#2284=ORIENTED_EDGE('',*,*,#4502,.F.);
#2285=ORIENTED_EDGE('',*,*,#4499,.F.);
#2286=ORIENTED_EDGE('',*,*,#4522,.F.);
#2287=ORIENTED_EDGE('',*,*,#4532,.T.);
#2288=ORIENTED_EDGE('',*,*,#4533,.T.);
#2289=ORIENTED_EDGE('',*,*,#4534,.F.);
#2290=ORIENTED_EDGE('',*,*,#4535,.F.);
#2291=ORIENTED_EDGE('',*,*,#4536,.T.);
#2292=ORIENTED_EDGE('',*,*,#4537,.T.);
#2293=ORIENTED_EDGE('',*,*,#4538,.F.);
#2294=ORIENTED_EDGE('',*,*,#4533,.F.);
#2295=ORIENTED_EDGE('',*,*,#4539,.T.);
#2296=ORIENTED_EDGE('',*,*,#4540,.T.);
#2297=ORIENTED_EDGE('',*,*,#4541,.F.);
#2298=ORIENTED_EDGE('',*,*,#4537,.F.);
#2299=ORIENTED_EDGE('',*,*,#4542,.T.);
#2300=ORIENTED_EDGE('',*,*,#4202,.T.);
#2301=ORIENTED_EDGE('',*,*,#4543,.T.);
#2302=ORIENTED_EDGE('',*,*,#4208,.F.);
#2303=ORIENTED_EDGE('',*,*,#4544,.F.);
#2304=ORIENTED_EDGE('',*,*,#4233,.T.);
#2305=ORIENTED_EDGE('',*,*,#4272,.T.);
#2306=ORIENTED_EDGE('',*,*,#4239,.F.);
#2307=ORIENTED_EDGE('',*,*,#4284,.F.);
#2308=ORIENTED_EDGE('',*,*,#4314,.T.);
#2309=ORIENTED_EDGE('',*,*,#4353,.T.);
#2310=ORIENTED_EDGE('',*,*,#4320,.F.);
#2311=ORIENTED_EDGE('',*,*,#4365,.F.);
#2312=ORIENTED_EDGE('',*,*,#4395,.T.);
#2313=ORIENTED_EDGE('',*,*,#4434,.T.);
#2314=ORIENTED_EDGE('',*,*,#4401,.F.);
#2315=ORIENTED_EDGE('',*,*,#4446,.F.);
#2316=ORIENTED_EDGE('',*,*,#4476,.T.);
#2317=ORIENTED_EDGE('',*,*,#4515,.T.);
#2318=ORIENTED_EDGE('',*,*,#4482,.F.);
#2319=ORIENTED_EDGE('',*,*,#4527,.F.);
#2320=ORIENTED_EDGE('',*,*,#4535,.T.);
#2321=ORIENTED_EDGE('',*,*,#4545,.T.);
#2322=ORIENTED_EDGE('',*,*,#4540,.F.);
#2323=ORIENTED_EDGE('',*,*,#4546,.F.);
#2324=ORIENTED_EDGE('',*,*,#4547,.T.);
#2325=ORIENTED_EDGE('',*,*,#4548,.F.);
#2326=ORIENTED_EDGE('',*,*,#4549,.F.);
#2327=ORIENTED_EDGE('',*,*,#4550,.T.);
#2328=ORIENTED_EDGE('',*,*,#4551,.T.);
#2329=ORIENTED_EDGE('',*,*,#4548,.T.);
#2330=ORIENTED_EDGE('',*,*,#4552,.T.);
#2331=ORIENTED_EDGE('',*,*,#4553,.T.);
#2332=ORIENTED_EDGE('',*,*,#4549,.T.);
#2333=ORIENTED_EDGE('',*,*,#4551,.F.);
#2334=ORIENTED_EDGE('',*,*,#4554,.F.);
#2335=ORIENTED_EDGE('',*,*,#4555,.F.);
#2336=ORIENTED_EDGE('',*,*,#4556,.T.);
#2337=ORIENTED_EDGE('',*,*,#4557,.F.);
#2338=ORIENTED_EDGE('',*,*,#4558,.F.);
#2339=ORIENTED_EDGE('',*,*,#4195,.T.);
#2340=ORIENTED_EDGE('',*,*,#4559,.T.);
#2341=ORIENTED_EDGE('',*,*,#4556,.F.);
#2342=ORIENTED_EDGE('',*,*,#4560,.T.);
#2343=ORIENTED_EDGE('',*,*,#4561,.F.);
#2344=ORIENTED_EDGE('',*,*,#4562,.F.);
#2345=ORIENTED_EDGE('',*,*,#4563,.T.);
#2346=ORIENTED_EDGE('',*,*,#4564,.F.);
#2347=ORIENTED_EDGE('',*,*,#4565,.F.);
#2348=ORIENTED_EDGE('',*,*,#4196,.T.);
#2349=ORIENTED_EDGE('',*,*,#4558,.T.);
#2350=ORIENTED_EDGE('',*,*,#4555,.T.);
#2351=ORIENTED_EDGE('',*,*,#4566,.F.);
#2352=ORIENTED_EDGE('',*,*,#4567,.T.);
#2353=ORIENTED_EDGE('',*,*,#4562,.T.);
#2354=ORIENTED_EDGE('',*,*,#4090,.T.);
#2355=ORIENTED_EDGE('',*,*,#4568,.F.);
#2356=ORIENTED_EDGE('',*,*,#4099,.F.);
#2357=ORIENTED_EDGE('',*,*,#4569,.T.);
#2358=ORIENTED_EDGE('',*,*,#4243,.T.);
#2359=ORIENTED_EDGE('',*,*,#4273,.F.);
#2360=ORIENTED_EDGE('',*,*,#4252,.F.);
#2361=ORIENTED_EDGE('',*,*,#4285,.T.);
#2362=ORIENTED_EDGE('',*,*,#4324,.T.);
#2363=ORIENTED_EDGE('',*,*,#4354,.F.);
#2364=ORIENTED_EDGE('',*,*,#4333,.F.);
#2365=ORIENTED_EDGE('',*,*,#4366,.T.);
#2366=ORIENTED_EDGE('',*,*,#4405,.T.);
#2367=ORIENTED_EDGE('',*,*,#4435,.F.);
#2368=ORIENTED_EDGE('',*,*,#4414,.F.);
#2369=ORIENTED_EDGE('',*,*,#4447,.T.);
#2370=ORIENTED_EDGE('',*,*,#4486,.T.);
#2371=ORIENTED_EDGE('',*,*,#4516,.F.);
#2372=ORIENTED_EDGE('',*,*,#4495,.F.);
#2373=ORIENTED_EDGE('',*,*,#4528,.T.);
#2374=ORIENTED_EDGE('',*,*,#4103,.T.);
#2375=ORIENTED_EDGE('',*,*,#4570,.F.);
#2376=ORIENTED_EDGE('',*,*,#4112,.F.);
#2377=ORIENTED_EDGE('',*,*,#4571,.T.);
#2378=ORIENTED_EDGE('',*,*,#4554,.T.);
#2379=ORIENTED_EDGE('',*,*,#4553,.F.);
#2380=ORIENTED_EDGE('',*,*,#4572,.F.);
#2381=ORIENTED_EDGE('',*,*,#4566,.T.);
#2382=ORIENTED_EDGE('',*,*,#4552,.F.);
#2383=ORIENTED_EDGE('',*,*,#4547,.F.);
#2384=ORIENTED_EDGE('',*,*,#4573,.F.);
#2385=ORIENTED_EDGE('',*,*,#4563,.F.);
#2386=ORIENTED_EDGE('',*,*,#4567,.F.);
#2387=ORIENTED_EDGE('',*,*,#4572,.T.);
#2388=ORIENTED_EDGE('',*,*,#4550,.F.);
#2389=ORIENTED_EDGE('',*,*,#4557,.T.);
#2390=ORIENTED_EDGE('',*,*,#4559,.F.);
#2391=ORIENTED_EDGE('',*,*,#4194,.T.);
#2392=ORIENTED_EDGE('',*,*,#4191,.T.);
#2393=ORIENTED_EDGE('',*,*,#4140,.F.);
#2394=ORIENTED_EDGE('',*,*,#4138,.T.);
#2395=ORIENTED_EDGE('',*,*,#4132,.F.);
#2396=ORIENTED_EDGE('',*,*,#4574,.F.);
#2397=ORIENTED_EDGE('',*,*,#4575,.F.);
#2398=ORIENTED_EDGE('',*,*,#4560,.F.);
#2399=ORIENTED_EDGE('',*,*,#4573,.T.);
#2400=ORIENTED_EDGE('',*,*,#4576,.T.);
#2401=ORIENTED_EDGE('',*,*,#4577,.T.);
#2402=ORIENTED_EDGE('',*,*,#4578,.T.);
#2403=ORIENTED_EDGE('',*,*,#4579,.T.);
#2404=ORIENTED_EDGE('',*,*,#4564,.T.);
#2405=ORIENTED_EDGE('',*,*,#4561,.T.);
#2406=ORIENTED_EDGE('',*,*,#4575,.T.);
#2407=ORIENTED_EDGE('',*,*,#4580,.T.);
#2408=ORIENTED_EDGE('',*,*,#4581,.T.);
#2409=ORIENTED_EDGE('',*,*,#4582,.F.);
#2410=ORIENTED_EDGE('',*,*,#4583,.F.);
#2411=ORIENTED_EDGE('',*,*,#4584,.F.);
#2412=ORIENTED_EDGE('',*,*,#4585,.T.);
#2413=ORIENTED_EDGE('',*,*,#4586,.T.);
#2414=ORIENTED_EDGE('',*,*,#4587,.F.);
#2415=ORIENTED_EDGE('',*,*,#4588,.T.);
#2416=ORIENTED_EDGE('',*,*,#4589,.T.);
#2417=ORIENTED_EDGE('',*,*,#4590,.F.);
#2418=ORIENTED_EDGE('',*,*,#4591,.T.);
#2419=ORIENTED_EDGE('',*,*,#4592,.F.);
#2420=ORIENTED_EDGE('',*,*,#4593,.T.);
#2421=ORIENTED_EDGE('',*,*,#4584,.T.);
#2422=ORIENTED_EDGE('',*,*,#4594,.T.);
#2423=ORIENTED_EDGE('',*,*,#4595,.T.);
#2424=ORIENTED_EDGE('',*,*,#4596,.T.);
#2425=ORIENTED_EDGE('',*,*,#4597,.T.);
#2426=ORIENTED_EDGE('',*,*,#4598,.T.);
#2427=ORIENTED_EDGE('',*,*,#4588,.F.);
#2428=ORIENTED_EDGE('',*,*,#4599,.T.);
#2429=ORIENTED_EDGE('',*,*,#4600,.F.);
#2430=ORIENTED_EDGE('',*,*,#4601,.F.);
#2431=ORIENTED_EDGE('',*,*,#4602,.T.);
#2432=ORIENTED_EDGE('',*,*,#4603,.F.);
#2433=ORIENTED_EDGE('',*,*,#4604,.T.);
#2434=ORIENTED_EDGE('',*,*,#4605,.T.);
#2435=ORIENTED_EDGE('',*,*,#4606,.F.);
#2436=ORIENTED_EDGE('',*,*,#4607,.T.);
#2437=ORIENTED_EDGE('',*,*,#4603,.T.);
#2438=ORIENTED_EDGE('',*,*,#4608,.F.);
#2439=ORIENTED_EDGE('',*,*,#4609,.F.);
#2440=ORIENTED_EDGE('',*,*,#4610,.F.);
#2441=ORIENTED_EDGE('',*,*,#4611,.F.);
#2442=ORIENTED_EDGE('',*,*,#4612,.T.);
#2443=ORIENTED_EDGE('',*,*,#4613,.T.);
#2444=ORIENTED_EDGE('',*,*,#4614,.T.);
#2445=ORIENTED_EDGE('',*,*,#4615,.F.);
#2446=ORIENTED_EDGE('',*,*,#4616,.F.);
#2447=ORIENTED_EDGE('',*,*,#4617,.T.);
#2448=ORIENTED_EDGE('',*,*,#4618,.F.);
#2449=ORIENTED_EDGE('',*,*,#4619,.T.);
#2450=ORIENTED_EDGE('',*,*,#4611,.T.);
#2451=ORIENTED_EDGE('',*,*,#4620,.F.);
#2452=ORIENTED_EDGE('',*,*,#4614,.F.);
#2453=ORIENTED_EDGE('',*,*,#4621,.T.);
#2454=ORIENTED_EDGE('',*,*,#4600,.T.);
#2455=ORIENTED_EDGE('',*,*,#4622,.T.);
#2456=ORIENTED_EDGE('',*,*,#4623,.F.);
#2457=ORIENTED_EDGE('',*,*,#4604,.F.);
#2458=ORIENTED_EDGE('',*,*,#4607,.F.);
#2459=ORIENTED_EDGE('',*,*,#4624,.F.);
#2460=ORIENTED_EDGE('',*,*,#4612,.F.);
#2461=ORIENTED_EDGE('',*,*,#4619,.F.);
#2462=ORIENTED_EDGE('',*,*,#4625,.F.);
#2463=ORIENTED_EDGE('',*,*,#4616,.T.);
#2464=ORIENTED_EDGE('',*,*,#4626,.F.);
#2465=ORIENTED_EDGE('',*,*,#4605,.F.);
#2466=ORIENTED_EDGE('',*,*,#4623,.T.);
#2467=ORIENTED_EDGE('',*,*,#4627,.T.);
#2468=ORIENTED_EDGE('',*,*,#4628,.T.);
#2469=ORIENTED_EDGE('',*,*,#4615,.T.);
#2470=ORIENTED_EDGE('',*,*,#4620,.T.);
#2471=ORIENTED_EDGE('',*,*,#4610,.T.);
#2472=ORIENTED_EDGE('',*,*,#4629,.T.);
#2473=ORIENTED_EDGE('',*,*,#4630,.F.);
#2474=ORIENTED_EDGE('',*,*,#4631,.F.);
#2475=ORIENTED_EDGE('',*,*,#4632,.F.);
#2476=ORIENTED_EDGE('',*,*,#4633,.T.);
#2477=ORIENTED_EDGE('',*,*,#4608,.T.);
#2478=ORIENTED_EDGE('',*,*,#4606,.T.);
#2479=ORIENTED_EDGE('',*,*,#4626,.T.);
#2480=ORIENTED_EDGE('',*,*,#4634,.F.);
#2481=ORIENTED_EDGE('',*,*,#4635,.T.);
#2482=ORIENTED_EDGE('',*,*,#4590,.T.);
#2483=ORIENTED_EDGE('',*,*,#4636,.F.);
#2484=ORIENTED_EDGE('',*,*,#4632,.T.);
#2485=ORIENTED_EDGE('',*,*,#4637,.F.);
#2486=ORIENTED_EDGE('',*,*,#4638,.F.);
#2487=ORIENTED_EDGE('',*,*,#4639,.T.);
#2488=ORIENTED_EDGE('',*,*,#4634,.T.);
#2489=ORIENTED_EDGE('',*,*,#4640,.F.);
#2490=ORIENTED_EDGE('',*,*,#4641,.F.);
#2491=ORIENTED_EDGE('',*,*,#4642,.T.);
#2492=ORIENTED_EDGE('',*,*,#4638,.T.);
#2493=ORIENTED_EDGE('',*,*,#4643,.F.);
#2494=ORIENTED_EDGE('',*,*,#4644,.F.);
#2495=ORIENTED_EDGE('',*,*,#4645,.T.);
#2496=ORIENTED_EDGE('',*,*,#4641,.T.);
#2497=ORIENTED_EDGE('',*,*,#4646,.F.);
#2498=ORIENTED_EDGE('',*,*,#4647,.T.);
#2499=ORIENTED_EDGE('',*,*,#4644,.T.);
#2500=ORIENTED_EDGE('',*,*,#4648,.F.);
#2501=ORIENTED_EDGE('',*,*,#4649,.T.);
#2502=ORIENTED_EDGE('',*,*,#4650,.F.);
#2503=ORIENTED_EDGE('',*,*,#4651,.F.);
#2504=ORIENTED_EDGE('',*,*,#4652,.F.);
#2505=ORIENTED_EDGE('',*,*,#4649,.F.);
#2506=ORIENTED_EDGE('',*,*,#4653,.F.);
#2507=ORIENTED_EDGE('',*,*,#4654,.F.);
#2508=ORIENTED_EDGE('',*,*,#4655,.F.);
#2509=ORIENTED_EDGE('',*,*,#4656,.F.);
#2510=ORIENTED_EDGE('',*,*,#4657,.F.);
#2511=ORIENTED_EDGE('',*,*,#4596,.F.);
#2512=ORIENTED_EDGE('',*,*,#4658,.T.);
#2513=ORIENTED_EDGE('',*,*,#4144,.T.);
#2514=ORIENTED_EDGE('',*,*,#4197,.T.);
#2515=ORIENTED_EDGE('',*,*,#4565,.T.);
#2516=ORIENTED_EDGE('',*,*,#4579,.F.);
#2517=ORIENTED_EDGE('',*,*,#4659,.F.);
#2518=ORIENTED_EDGE('',*,*,#4660,.F.);
#2519=ORIENTED_EDGE('',*,*,#4591,.F.);
#2520=ORIENTED_EDGE('',*,*,#4635,.F.);
#2521=ORIENTED_EDGE('',*,*,#4639,.F.);
#2522=ORIENTED_EDGE('',*,*,#4642,.F.);
#2523=ORIENTED_EDGE('',*,*,#4645,.F.);
#2524=ORIENTED_EDGE('',*,*,#4647,.F.);
#2525=ORIENTED_EDGE('',*,*,#4652,.T.);
#2526=ORIENTED_EDGE('',*,*,#4661,.F.);
#2527=ORIENTED_EDGE('',*,*,#4662,.T.);
#2528=ORIENTED_EDGE('',*,*,#4663,.T.);
#2529=ORIENTED_EDGE('',*,*,#4664,.F.);
#2530=ORIENTED_EDGE('',*,*,#4665,.F.);
#2531=ORIENTED_EDGE('',*,*,#4662,.F.);
#2532=ORIENTED_EDGE('',*,*,#4666,.F.);
#2533=ORIENTED_EDGE('',*,*,#4667,.F.);
#2534=ORIENTED_EDGE('',*,*,#4653,.T.);
#2535=ORIENTED_EDGE('',*,*,#4665,.T.);
#2536=ORIENTED_EDGE('',*,*,#4668,.F.);
#2537=ORIENTED_EDGE('',*,*,#4654,.T.);
#2538=ORIENTED_EDGE('',*,*,#4667,.T.);
#2539=ORIENTED_EDGE('',*,*,#4669,.F.);
#2540=ORIENTED_EDGE('',*,*,#4670,.F.);
#2541=ORIENTED_EDGE('',*,*,#4655,.T.);
#2542=ORIENTED_EDGE('',*,*,#4668,.T.);
#2543=ORIENTED_EDGE('',*,*,#4671,.F.);
#2544=ORIENTED_EDGE('',*,*,#4672,.F.);
#2545=ORIENTED_EDGE('',*,*,#4656,.T.);
#2546=ORIENTED_EDGE('',*,*,#4670,.T.);
#2547=ORIENTED_EDGE('',*,*,#4673,.F.);
#2548=ORIENTED_EDGE('',*,*,#4674,.F.);
#2549=ORIENTED_EDGE('',*,*,#4597,.F.);
#2550=ORIENTED_EDGE('',*,*,#4657,.T.);
#2551=ORIENTED_EDGE('',*,*,#4672,.T.);
#2552=ORIENTED_EDGE('',*,*,#4675,.T.);
#2553=ORIENTED_EDGE('',*,*,#4676,.F.);
#2554=ORIENTED_EDGE('',*,*,#4648,.T.);
#2555=ORIENTED_EDGE('',*,*,#4646,.T.);
#2556=ORIENTED_EDGE('',*,*,#4643,.T.);
#2557=ORIENTED_EDGE('',*,*,#4640,.T.);
#2558=ORIENTED_EDGE('',*,*,#4637,.T.);
#2559=ORIENTED_EDGE('',*,*,#4631,.T.);
#2560=ORIENTED_EDGE('',*,*,#4677,.F.);
#2561=ORIENTED_EDGE('',*,*,#4650,.T.);
#2562=ORIENTED_EDGE('',*,*,#4673,.T.);
#2563=ORIENTED_EDGE('',*,*,#4671,.T.);
#2564=ORIENTED_EDGE('',*,*,#4669,.T.);
#2565=ORIENTED_EDGE('',*,*,#4666,.T.);
#2566=ORIENTED_EDGE('',*,*,#4664,.T.);
#2567=ORIENTED_EDGE('',*,*,#4678,.F.);
#2568=ORIENTED_EDGE('',*,*,#4679,.F.);
#2569=ORIENTED_EDGE('',*,*,#4675,.F.);
#2570=ORIENTED_EDGE('',*,*,#4680,.F.);
#2571=ORIENTED_EDGE('',*,*,#4681,.F.);
#2572=ORIENTED_EDGE('',*,*,#4682,.F.);
#2573=ORIENTED_EDGE('',*,*,#4082,.F.);
#2574=ORIENTED_EDGE('',*,*,#4085,.F.);
#2575=ORIENTED_EDGE('',*,*,#4683,.F.);
#2576=ORIENTED_EDGE('',*,*,#4676,.T.);
#2577=ORIENTED_EDGE('',*,*,#4679,.T.);
#2578=ORIENTED_EDGE('',*,*,#4684,.F.);
#2579=ORIENTED_EDGE('',*,*,#4685,.F.);
#2580=ORIENTED_EDGE('',*,*,#4686,.F.);
#2581=ORIENTED_EDGE('',*,*,#4687,.T.);
#2582=ORIENTED_EDGE('',*,*,#4686,.T.);
#2583=ORIENTED_EDGE('',*,*,#4688,.F.);
#2584=ORIENTED_EDGE('',*,*,#4689,.F.);
#2585=ORIENTED_EDGE('',*,*,#4690,.F.);
#2586=ORIENTED_EDGE('',*,*,#4691,.F.);
#2587=ORIENTED_EDGE('',*,*,#4692,.T.);
#2588=ORIENTED_EDGE('',*,*,#4680,.T.);
#2589=ORIENTED_EDGE('',*,*,#4687,.F.);
#2590=ORIENTED_EDGE('',*,*,#4693,.F.);
#2591=ORIENTED_EDGE('',*,*,#4681,.T.);
#2592=ORIENTED_EDGE('',*,*,#4692,.F.);
#2593=ORIENTED_EDGE('',*,*,#4694,.F.);
#2594=ORIENTED_EDGE('',*,*,#4695,.T.);
#2595=ORIENTED_EDGE('',*,*,#4083,.T.);
#2596=ORIENTED_EDGE('',*,*,#4682,.T.);
#2597=ORIENTED_EDGE('',*,*,#4695,.F.);
#2598=ORIENTED_EDGE('',*,*,#4696,.F.);
#2599=ORIENTED_EDGE('',*,*,#4697,.T.);
#2600=ORIENTED_EDGE('',*,*,#4698,.F.);
#2601=ORIENTED_EDGE('',*,*,#4699,.F.);
#2602=ORIENTED_EDGE('',*,*,#4602,.F.);
#2603=ORIENTED_EDGE('',*,*,#4700,.T.);
#2604=ORIENTED_EDGE('',*,*,#4693,.T.);
#2605=ORIENTED_EDGE('',*,*,#4689,.T.);
#2606=ORIENTED_EDGE('',*,*,#4701,.T.);
#2607=ORIENTED_EDGE('',*,*,#4086,.T.);
#2608=ORIENTED_EDGE('',*,*,#4080,.T.);
#2609=ORIENTED_EDGE('',*,*,#4698,.T.);
#2610=ORIENTED_EDGE('',*,*,#4601,.T.);
#2611=ORIENTED_EDGE('',*,*,#4625,.T.);
#2612=ORIENTED_EDGE('',*,*,#4618,.T.);
#2613=ORIENTED_EDGE('',*,*,#4702,.F.);
#2614=ORIENTED_EDGE('',*,*,#4703,.F.);
#2615=ORIENTED_EDGE('',*,*,#4704,.T.);
#2616=ORIENTED_EDGE('',*,*,#4690,.T.);
#2617=ORIENTED_EDGE('',*,*,#4700,.F.);
#2618=ORIENTED_EDGE('',*,*,#4705,.T.);
#2619=ORIENTED_EDGE('',*,*,#4706,.F.);
#2620=ORIENTED_EDGE('',*,*,#4707,.F.);
#2621=ORIENTED_EDGE('',*,*,#4708,.T.);
#2622=ORIENTED_EDGE('',*,*,#4709,.T.);
#2623=ORIENTED_EDGE('',*,*,#4710,.T.);
#2624=ORIENTED_EDGE('',*,*,#4711,.T.);
#2625=ORIENTED_EDGE('',*,*,#4712,.T.);
#2626=ORIENTED_EDGE('',*,*,#4706,.T.);
#2627=ORIENTED_EDGE('',*,*,#4713,.F.);
#2628=ORIENTED_EDGE('',*,*,#4714,.F.);
#2629=ORIENTED_EDGE('',*,*,#4715,.F.);
#2630=ORIENTED_EDGE('',*,*,#4716,.T.);
#2631=ORIENTED_EDGE('',*,*,#4717,.F.);
#2632=ORIENTED_EDGE('',*,*,#4718,.F.);
#2633=ORIENTED_EDGE('',*,*,#4719,.F.);
#2634=ORIENTED_EDGE('',*,*,#4715,.T.);
#2635=ORIENTED_EDGE('',*,*,#4720,.T.);
#2636=ORIENTED_EDGE('',*,*,#4721,.T.);
#2637=ORIENTED_EDGE('',*,*,#4716,.F.);
#2638=ORIENTED_EDGE('',*,*,#4719,.T.);
#2639=ORIENTED_EDGE('',*,*,#4722,.F.);
#2640=ORIENTED_EDGE('',*,*,#4723,.F.);
#2641=ORIENTED_EDGE('',*,*,#4724,.F.);
#2642=ORIENTED_EDGE('',*,*,#4725,.F.);
#2643=ORIENTED_EDGE('',*,*,#4726,.T.);
#2644=ORIENTED_EDGE('',*,*,#4710,.F.);
#2645=ORIENTED_EDGE('',*,*,#4727,.F.);
#2646=ORIENTED_EDGE('',*,*,#4724,.T.);
#2647=ORIENTED_EDGE('',*,*,#4728,.F.);
#2648=ORIENTED_EDGE('',*,*,#4729,.T.);
#2649=ORIENTED_EDGE('',*,*,#4730,.T.);
#2650=ORIENTED_EDGE('',*,*,#4731,.F.);
#2651=ORIENTED_EDGE('',*,*,#4727,.T.);
#2652=ORIENTED_EDGE('',*,*,#4709,.F.);
#2653=ORIENTED_EDGE('',*,*,#4732,.F.);
#2654=ORIENTED_EDGE('',*,*,#4725,.T.);
#2655=ORIENTED_EDGE('',*,*,#4733,.F.);
#2656=ORIENTED_EDGE('',*,*,#4734,.T.);
#2657=ORIENTED_EDGE('',*,*,#4728,.T.);
#2658=ORIENTED_EDGE('',*,*,#4735,.F.);
#2659=ORIENTED_EDGE('',*,*,#4731,.T.);
#2660=ORIENTED_EDGE('',*,*,#4736,.T.);
#2661=ORIENTED_EDGE('',*,*,#4737,.T.);
#2662=ORIENTED_EDGE('',*,*,#4720,.F.);
#2663=ORIENTED_EDGE('',*,*,#4714,.T.);
#2664=ORIENTED_EDGE('',*,*,#4738,.F.);
#2665=ORIENTED_EDGE('',*,*,#4735,.T.);
#2666=ORIENTED_EDGE('',*,*,#4739,.T.);
#2667=ORIENTED_EDGE('',*,*,#4711,.F.);
#2668=ORIENTED_EDGE('',*,*,#4726,.F.);
#2669=ORIENTED_EDGE('',*,*,#4723,.T.);
#2670=ORIENTED_EDGE('',*,*,#4730,.F.);
#2671=ORIENTED_EDGE('',*,*,#4740,.T.);
#2672=ORIENTED_EDGE('',*,*,#4741,.T.);
#2673=ORIENTED_EDGE('',*,*,#4736,.F.);
#2674=ORIENTED_EDGE('',*,*,#4054,.T.);
#2675=ORIENTED_EDGE('',*,*,#4742,.F.);
#2676=ORIENTED_EDGE('',*,*,#4065,.F.);
#2677=ORIENTED_EDGE('',*,*,#4743,.T.);
#2678=ORIENTED_EDGE('',*,*,#4226,.T.);
#2679=ORIENTED_EDGE('',*,*,#4270,.F.);
#2680=ORIENTED_EDGE('',*,*,#4216,.F.);
#2681=ORIENTED_EDGE('',*,*,#4282,.T.);
#2682=ORIENTED_EDGE('',*,*,#4307,.T.);
#2683=ORIENTED_EDGE('',*,*,#4351,.F.);
#2684=ORIENTED_EDGE('',*,*,#4297,.F.);
#2685=ORIENTED_EDGE('',*,*,#4363,.T.);
#2686=ORIENTED_EDGE('',*,*,#4388,.T.);
#2687=ORIENTED_EDGE('',*,*,#4432,.F.);
#2688=ORIENTED_EDGE('',*,*,#4378,.F.);
#2689=ORIENTED_EDGE('',*,*,#4444,.T.);
#2690=ORIENTED_EDGE('',*,*,#4469,.T.);
#2691=ORIENTED_EDGE('',*,*,#4513,.F.);
#2692=ORIENTED_EDGE('',*,*,#4459,.F.);
#2693=ORIENTED_EDGE('',*,*,#4525,.T.);
#2694=ORIENTED_EDGE('',*,*,#4744,.T.);
#2695=ORIENTED_EDGE('',*,*,#4745,.F.);
#2696=ORIENTED_EDGE('',*,*,#4073,.F.);
#2697=ORIENTED_EDGE('',*,*,#4746,.T.);
#2698=ORIENTED_EDGE('',*,*,#4747,.T.);
#2699=ORIENTED_EDGE('',*,*,#4748,.F.);
#2700=ORIENTED_EDGE('',*,*,#4749,.F.);
#2701=ORIENTED_EDGE('',*,*,#4703,.T.);
#2702=ORIENTED_EDGE('',*,*,#4750,.F.);
#2703=ORIENTED_EDGE('',*,*,#4707,.T.);
#2704=ORIENTED_EDGE('',*,*,#4712,.F.);
#2705=ORIENTED_EDGE('',*,*,#4739,.F.);
#2706=ORIENTED_EDGE('',*,*,#4722,.T.);
#2707=ORIENTED_EDGE('',*,*,#4718,.T.);
#2708=ORIENTED_EDGE('',*,*,#4737,.F.);
#2709=ORIENTED_EDGE('',*,*,#4741,.F.);
#2710=ORIENTED_EDGE('',*,*,#4740,.F.);
#2711=ORIENTED_EDGE('',*,*,#4729,.F.);
#2712=ORIENTED_EDGE('',*,*,#4734,.F.);
#2713=ORIENTED_EDGE('',*,*,#4751,.T.);
#2714=ORIENTED_EDGE('',*,*,#4752,.F.);
#2715=ORIENTED_EDGE('',*,*,#4747,.F.);
#2716=ORIENTED_EDGE('',*,*,#4753,.F.);
#2717=ORIENTED_EDGE('',*,*,#4754,.F.);
#2718=ORIENTED_EDGE('',*,*,#4748,.T.);
#2719=ORIENTED_EDGE('',*,*,#4752,.T.);
#2720=ORIENTED_EDGE('',*,*,#4755,.F.);
#2721=ORIENTED_EDGE('',*,*,#4756,.F.);
#2722=ORIENTED_EDGE('',*,*,#4757,.F.);
#2723=ORIENTED_EDGE('',*,*,#4696,.T.);
#2724=ORIENTED_EDGE('',*,*,#4694,.T.);
#2725=ORIENTED_EDGE('',*,*,#4691,.T.);
#2726=ORIENTED_EDGE('',*,*,#4704,.F.);
#2727=ORIENTED_EDGE('',*,*,#4749,.T.);
#2728=ORIENTED_EDGE('',*,*,#4754,.T.);
#2729=ORIENTED_EDGE('',*,*,#4758,.F.);
#2730=ORIENTED_EDGE('',*,*,#4759,.T.);
#2731=ORIENTED_EDGE('',*,*,#4760,.F.);
#2732=ORIENTED_EDGE('',*,*,#4761,.F.);
#2733=ORIENTED_EDGE('',*,*,#4762,.T.);
#2734=ORIENTED_EDGE('',*,*,#4763,.F.);
#2735=ORIENTED_EDGE('',*,*,#4764,.T.);
#2736=ORIENTED_EDGE('',*,*,#4765,.T.);
#2737=ORIENTED_EDGE('',*,*,#4766,.F.);
#2738=ORIENTED_EDGE('',*,*,#4767,.F.);
#2739=ORIENTED_EDGE('',*,*,#4755,.T.);
#2740=ORIENTED_EDGE('',*,*,#4768,.T.);
#2741=ORIENTED_EDGE('',*,*,#4769,.T.);
#2742=ORIENTED_EDGE('',*,*,#4761,.T.);
#2743=ORIENTED_EDGE('',*,*,#4770,.F.);
#2744=ORIENTED_EDGE('',*,*,#4771,.F.);
#2745=ORIENTED_EDGE('',*,*,#4772,.T.);
#2746=ORIENTED_EDGE('',*,*,#4773,.F.);
#2747=ORIENTED_EDGE('',*,*,#4774,.F.);
#2748=ORIENTED_EDGE('',*,*,#4771,.T.);
#2749=ORIENTED_EDGE('',*,*,#4762,.F.);
#2750=ORIENTED_EDGE('',*,*,#4769,.F.);
#2751=ORIENTED_EDGE('',*,*,#4775,.F.);
#2752=ORIENTED_EDGE('',*,*,#4776,.T.);
#2753=ORIENTED_EDGE('',*,*,#4777,.T.);
#2754=ORIENTED_EDGE('',*,*,#4778,.F.);
#2755=ORIENTED_EDGE('',*,*,#4764,.F.);
#2756=ORIENTED_EDGE('',*,*,#4774,.T.);
#2757=ORIENTED_EDGE('',*,*,#4779,.T.);
#2758=ORIENTED_EDGE('',*,*,#4780,.T.);
#2759=ORIENTED_EDGE('',*,*,#4763,.T.);
#2760=ORIENTED_EDGE('',*,*,#4776,.F.);
#2761=ORIENTED_EDGE('',*,*,#4772,.F.);
#2762=ORIENTED_EDGE('',*,*,#4770,.T.);
#2763=ORIENTED_EDGE('',*,*,#4760,.T.);
#2764=ORIENTED_EDGE('',*,*,#4780,.F.);
#2765=ORIENTED_EDGE('',*,*,#4781,.F.);
#2766=ORIENTED_EDGE('',*,*,#4782,.F.);
#2767=ORIENTED_EDGE('',*,*,#4779,.F.);
#2768=ORIENTED_EDGE('',*,*,#4775,.T.);
#2769=ORIENTED_EDGE('',*,*,#4768,.F.);
#2770=ORIENTED_EDGE('',*,*,#4759,.F.);
#2771=ORIENTED_EDGE('',*,*,#4783,.F.);
#2772=ORIENTED_EDGE('',*,*,#4781,.T.);
#2773=ORIENTED_EDGE('',*,*,#4784,.F.);
#2774=ORIENTED_EDGE('',*,*,#4785,.F.);
#2775=ORIENTED_EDGE('',*,*,#4786,.T.);
#2776=ORIENTED_EDGE('',*,*,#4787,.T.);
#2777=ORIENTED_EDGE('',*,*,#4788,.T.);
#2778=ORIENTED_EDGE('',*,*,#4784,.T.);
#2779=ORIENTED_EDGE('',*,*,#4789,.F.);
#2780=ORIENTED_EDGE('',*,*,#4790,.T.);
#2781=ORIENTED_EDGE('',*,*,#4791,.F.);
#2782=ORIENTED_EDGE('',*,*,#4785,.T.);
#2783=ORIENTED_EDGE('',*,*,#4788,.F.);
#2784=ORIENTED_EDGE('',*,*,#4792,.T.);
#2785=ORIENTED_EDGE('',*,*,#4793,.F.);
#2786=ORIENTED_EDGE('',*,*,#4786,.F.);
#2787=ORIENTED_EDGE('',*,*,#4791,.T.);
#2788=ORIENTED_EDGE('',*,*,#4794,.F.);
#2789=ORIENTED_EDGE('',*,*,#4789,.T.);
#2790=ORIENTED_EDGE('',*,*,#4787,.F.);
#2791=ORIENTED_EDGE('',*,*,#4793,.T.);
#2792=ORIENTED_EDGE('',*,*,#4795,.F.);
#2793=ORIENTED_EDGE('',*,*,#4794,.T.);
#2794=ORIENTED_EDGE('',*,*,#4792,.F.);
#2795=ORIENTED_EDGE('',*,*,#4790,.F.);
#2796=ORIENTED_EDGE('',*,*,#4795,.T.);
#2797=ORIENTED_EDGE('',*,*,#4758,.T.);
#2798=ORIENTED_EDGE('',*,*,#4753,.T.);
#2799=ORIENTED_EDGE('',*,*,#4751,.F.);
#2800=ORIENTED_EDGE('',*,*,#4733,.T.);
#2801=ORIENTED_EDGE('',*,*,#4738,.T.);
#2802=ORIENTED_EDGE('',*,*,#4717,.T.);
#2803=ORIENTED_EDGE('',*,*,#4721,.F.);
#2804=ORIENTED_EDGE('',*,*,#4732,.T.);
#2805=ORIENTED_EDGE('',*,*,#4713,.T.);
#2806=ORIENTED_EDGE('',*,*,#4705,.F.);
#2807=ORIENTED_EDGE('',*,*,#4796,.F.);
#2808=ORIENTED_EDGE('',*,*,#4797,.T.);
#2809=ORIENTED_EDGE('',*,*,#4777,.F.);
#2810=ORIENTED_EDGE('',*,*,#4773,.T.);
#2811=ORIENTED_EDGE('',*,*,#4782,.T.);
#2812=ORIENTED_EDGE('',*,*,#4783,.T.);
#2813=ORIENTED_EDGE('',*,*,#4798,.F.);
#2814=ORIENTED_EDGE('',*,*,#4765,.F.);
#2815=ORIENTED_EDGE('',*,*,#4778,.T.);
#2816=ORIENTED_EDGE('',*,*,#4797,.F.);
#2817=ORIENTED_EDGE('',*,*,#4796,.T.);
#2818=ORIENTED_EDGE('',*,*,#4708,.F.);
#2819=ORIENTED_EDGE('',*,*,#4750,.T.);
#2820=ORIENTED_EDGE('',*,*,#4702,.T.);
#2821=ORIENTED_EDGE('',*,*,#4621,.F.);
#2822=ORIENTED_EDGE('',*,*,#4617,.F.);
#2823=ORIENTED_EDGE('',*,*,#4628,.F.);
#2824=ORIENTED_EDGE('',*,*,#4799,.T.);
#2825=ORIENTED_EDGE('',*,*,#4800,.T.);
#2826=ORIENTED_EDGE('',*,*,#4766,.T.);
#2827=ORIENTED_EDGE('',*,*,#4798,.T.);
#2828=ORIENTED_EDGE('',*,*,#4801,.T.);
#2829=ORIENTED_EDGE('',*,*,#4802,.F.);
#2830=ORIENTED_EDGE('',*,*,#4803,.F.);
#2831=ORIENTED_EDGE('',*,*,#4804,.T.);
#2832=ORIENTED_EDGE('',*,*,#4756,.T.);
#2833=ORIENTED_EDGE('',*,*,#4767,.T.);
#2834=ORIENTED_EDGE('',*,*,#4800,.F.);
#2835=ORIENTED_EDGE('',*,*,#4805,.F.);
#2836=ORIENTED_EDGE('',*,*,#4806,.F.);
#2837=ORIENTED_EDGE('',*,*,#4801,.F.);
#2838=ORIENTED_EDGE('',*,*,#4807,.T.);
#2839=ORIENTED_EDGE('',*,*,#4808,.F.);
#2840=ORIENTED_EDGE('',*,*,#4809,.T.);
#2841=ORIENTED_EDGE('',*,*,#4802,.T.);
#2842=ORIENTED_EDGE('',*,*,#4806,.T.);
#2843=ORIENTED_EDGE('',*,*,#4810,.T.);
#2844=ORIENTED_EDGE('',*,*,#4811,.T.);
#2845=ORIENTED_EDGE('',*,*,#4803,.T.);
#2846=ORIENTED_EDGE('',*,*,#4809,.F.);
#2847=ORIENTED_EDGE('',*,*,#4812,.F.);
#2848=ORIENTED_EDGE('',*,*,#4807,.F.);
#2849=ORIENTED_EDGE('',*,*,#4804,.F.);
#2850=ORIENTED_EDGE('',*,*,#4811,.F.);
#2851=ORIENTED_EDGE('',*,*,#4813,.F.);
#2852=ORIENTED_EDGE('',*,*,#4068,.T.);
#2853=ORIENTED_EDGE('',*,*,#4814,.T.);
#2854=ORIENTED_EDGE('',*,*,#4058,.F.);
#2855=ORIENTED_EDGE('',*,*,#4815,.F.);
#2856=ORIENTED_EDGE('',*,*,#4220,.T.);
#2857=ORIENTED_EDGE('',*,*,#4271,.T.);
#2858=ORIENTED_EDGE('',*,*,#4229,.F.);
#2859=ORIENTED_EDGE('',*,*,#4283,.F.);
#2860=ORIENTED_EDGE('',*,*,#4301,.T.);
#2861=ORIENTED_EDGE('',*,*,#4352,.T.);
#2862=ORIENTED_EDGE('',*,*,#4310,.F.);
#2863=ORIENTED_EDGE('',*,*,#4364,.F.);
#2864=ORIENTED_EDGE('',*,*,#4382,.T.);
#2865=ORIENTED_EDGE('',*,*,#4433,.T.);
#2866=ORIENTED_EDGE('',*,*,#4391,.F.);
#2867=ORIENTED_EDGE('',*,*,#4445,.F.);
#2868=ORIENTED_EDGE('',*,*,#4463,.T.);
#2869=ORIENTED_EDGE('',*,*,#4514,.T.);
#2870=ORIENTED_EDGE('',*,*,#4472,.F.);
#2871=ORIENTED_EDGE('',*,*,#4526,.F.);
#2872=ORIENTED_EDGE('',*,*,#4079,.T.);
#2873=ORIENTED_EDGE('',*,*,#4816,.T.);
#2874=ORIENTED_EDGE('',*,*,#4817,.F.);
#2875=ORIENTED_EDGE('',*,*,#4818,.F.);
#2876=ORIENTED_EDGE('',*,*,#4812,.T.);
#2877=ORIENTED_EDGE('',*,*,#4810,.F.);
#2878=ORIENTED_EDGE('',*,*,#4805,.T.);
#2879=ORIENTED_EDGE('',*,*,#4799,.F.);
#2880=ORIENTED_EDGE('',*,*,#4627,.F.);
#2881=ORIENTED_EDGE('',*,*,#4622,.F.);
#2882=ORIENTED_EDGE('',*,*,#4599,.F.);
#2883=ORIENTED_EDGE('',*,*,#4699,.T.);
#2884=ORIENTED_EDGE('',*,*,#4697,.F.);
#2885=ORIENTED_EDGE('',*,*,#4757,.T.);
#2886=ORIENTED_EDGE('',*,*,#4808,.T.);
#2887=ORIENTED_EDGE('',*,*,#4813,.T.);
#2888=ORIENTED_EDGE('',*,*,#4111,.F.);
#2889=ORIENTED_EDGE('',*,*,#4109,.F.);
#2890=ORIENTED_EDGE('',*,*,#4106,.F.);
#2891=ORIENTED_EDGE('',*,*,#4100,.F.);
#2892=ORIENTED_EDGE('',*,*,#4571,.F.);
#2893=ORIENTED_EDGE('',*,*,#4546,.T.);
#2894=ORIENTED_EDGE('',*,*,#4542,.F.);
#2895=ORIENTED_EDGE('',*,*,#4539,.F.);
#2896=ORIENTED_EDGE('',*,*,#4536,.F.);
#2897=ORIENTED_EDGE('',*,*,#4076,.F.);
#2898=ORIENTED_EDGE('',*,*,#4819,.T.);
#2899=ORIENTED_EDGE('',*,*,#4028,.F.);
#2900=ORIENTED_EDGE('',*,*,#4820,.F.);
#2901=ORIENTED_EDGE('',*,*,#4746,.F.);
#2902=ORIENTED_EDGE('',*,*,#4821,.T.);
#2903=ORIENTED_EDGE('',*,*,#4031,.F.);
#2904=ORIENTED_EDGE('',*,*,#4035,.F.);
#2905=ORIENTED_EDGE('',*,*,#4038,.F.);
#2906=ORIENTED_EDGE('',*,*,#4041,.F.);
#2907=ORIENTED_EDGE('',*,*,#4044,.F.);
#2908=ORIENTED_EDGE('',*,*,#4047,.F.);
#2909=ORIENTED_EDGE('',*,*,#4822,.T.);
#2910=ORIENTED_EDGE('',*,*,#4823,.T.);
#2911=ORIENTED_EDGE('',*,*,#4824,.F.);
#2912=ORIENTED_EDGE('',*,*,#4072,.F.);
#2913=ORIENTED_EDGE('',*,*,#4077,.F.);
#2914=ORIENTED_EDGE('',*,*,#4818,.T.);
#2915=ORIENTED_EDGE('',*,*,#4825,.F.);
#2916=ORIENTED_EDGE('',*,*,#4820,.T.);
#2917=ORIENTED_EDGE('',*,*,#4027,.T.);
#2918=ORIENTED_EDGE('',*,*,#4826,.F.);
#2919=ORIENTED_EDGE('',*,*,#4744,.F.);
#2920=ORIENTED_EDGE('',*,*,#4817,.T.);
#2921=ORIENTED_EDGE('',*,*,#4827,.F.);
#2922=ORIENTED_EDGE('',*,*,#4069,.F.);
#2923=ORIENTED_EDGE('',*,*,#4825,.T.);
#2924=ORIENTED_EDGE('',*,*,#4102,.T.);
#2925=ORIENTED_EDGE('',*,*,#4105,.T.);
#2926=ORIENTED_EDGE('',*,*,#4108,.T.);
#2927=ORIENTED_EDGE('',*,*,#4110,.T.);
#2928=ORIENTED_EDGE('',*,*,#4570,.T.);
#2929=ORIENTED_EDGE('',*,*,#4538,.T.);
#2930=ORIENTED_EDGE('',*,*,#4541,.T.);
#2931=ORIENTED_EDGE('',*,*,#4545,.F.);
#2932=ORIENTED_EDGE('',*,*,#4534,.T.);
#2933=ORIENTED_EDGE('',*,*,#4826,.T.);
#2934=ORIENTED_EDGE('',*,*,#4026,.T.);
#2935=ORIENTED_EDGE('',*,*,#4828,.F.);
#2936=ORIENTED_EDGE('',*,*,#4074,.T.);
#2937=ORIENTED_EDGE('',*,*,#4745,.T.);
#2938=ORIENTED_EDGE('',*,*,#4829,.T.);
#2939=ORIENTED_EDGE('',*,*,#4830,.F.);
#2940=ORIENTED_EDGE('',*,*,#4045,.T.);
#2941=ORIENTED_EDGE('',*,*,#4042,.T.);
#2942=ORIENTED_EDGE('',*,*,#4039,.T.);
#2943=ORIENTED_EDGE('',*,*,#4036,.T.);
#2944=ORIENTED_EDGE('',*,*,#4033,.T.);
#2945=ORIENTED_EDGE('',*,*,#4029,.T.);
#2946=ORIENTED_EDGE('',*,*,#4831,.F.);
#2947=ORIENTED_EDGE('',*,*,#4832,.T.);
#2948=ORIENTED_EDGE('',*,*,#4816,.F.);
#2949=ORIENTED_EDGE('',*,*,#4078,.T.);
#2950=ORIENTED_EDGE('',*,*,#4070,.T.);
#2951=ORIENTED_EDGE('',*,*,#4827,.T.);
#2952=ORIENTED_EDGE('',*,*,#4833,.T.);
#2953=ORIENTED_EDGE('',*,*,#4287,.T.);
#2954=ORIENTED_EDGE('',*,*,#4834,.F.);
#2955=ORIENTED_EDGE('',*,*,#4835,.F.);
#2956=ORIENTED_EDGE('',*,*,#4836,.F.);
#2957=ORIENTED_EDGE('',*,*,#4585,.F.);
#2958=ORIENTED_EDGE('',*,*,#4598,.F.);
#2959=ORIENTED_EDGE('',*,*,#4674,.T.);
#2960=ORIENTED_EDGE('',*,*,#4683,.T.);
#2961=ORIENTED_EDGE('',*,*,#4084,.T.);
#2962=ORIENTED_EDGE('',*,*,#4701,.F.);
#2963=ORIENTED_EDGE('',*,*,#4688,.T.);
#2964=ORIENTED_EDGE('',*,*,#4685,.T.);
#2965=ORIENTED_EDGE('',*,*,#4837,.T.);
#2966=ORIENTED_EDGE('',*,*,#4838,.T.);
#2967=ORIENTED_EDGE('',*,*,#4839,.T.);
#2968=ORIENTED_EDGE('',*,*,#4368,.T.);
#2969=ORIENTED_EDGE('',*,*,#4840,.F.);
#2970=ORIENTED_EDGE('',*,*,#4276,.F.);
#2971=ORIENTED_EDGE('',*,*,#4841,.T.);
#2972=ORIENTED_EDGE('',*,*,#4449,.T.);
#2973=ORIENTED_EDGE('',*,*,#4842,.F.);
#2974=ORIENTED_EDGE('',*,*,#4357,.F.);
#2975=ORIENTED_EDGE('',*,*,#4843,.T.);
#2976=ORIENTED_EDGE('',*,*,#4530,.T.);
#2977=ORIENTED_EDGE('',*,*,#4844,.F.);
#2978=ORIENTED_EDGE('',*,*,#4438,.F.);
#2979=ORIENTED_EDGE('',*,*,#4845,.T.);
#2980=ORIENTED_EDGE('',*,*,#4824,.T.);
#2981=ORIENTED_EDGE('',*,*,#4846,.F.);
#2982=ORIENTED_EDGE('',*,*,#4519,.F.);
#2983=ORIENTED_EDGE('',*,*,#4847,.T.);
#2984=ORIENTED_EDGE('',*,*,#4629,.F.);
#2985=ORIENTED_EDGE('',*,*,#4613,.F.);
#2986=ORIENTED_EDGE('',*,*,#4624,.T.);
#2987=ORIENTED_EDGE('',*,*,#4609,.T.);
#2988=ORIENTED_EDGE('',*,*,#4633,.F.);
#2989=ORIENTED_EDGE('',*,*,#4636,.T.);
#2990=ORIENTED_EDGE('',*,*,#4589,.F.);
#2991=ORIENTED_EDGE('',*,*,#4583,.T.);
#2992=ORIENTED_EDGE('',*,*,#4848,.F.);
#2993=ORIENTED_EDGE('',*,*,#4832,.F.);
#2994=ORIENTED_EDGE('',*,*,#4834,.T.);
#2995=ORIENTED_EDGE('',*,*,#4286,.F.);
#2996=ORIENTED_EDGE('',*,*,#4849,.F.);
#2997=ORIENTED_EDGE('',*,*,#4850,.T.);
#2998=ORIENTED_EDGE('',*,*,#4851,.F.);
#2999=ORIENTED_EDGE('',*,*,#4586,.F.);
#3000=ORIENTED_EDGE('',*,*,#4836,.T.);
#3001=ORIENTED_EDGE('',*,*,#4852,.F.);
#3002=ORIENTED_EDGE('',*,*,#4840,.T.);
#3003=ORIENTED_EDGE('',*,*,#4367,.F.);
#3004=ORIENTED_EDGE('',*,*,#4853,.F.);
#3005=ORIENTED_EDGE('',*,*,#4277,.T.);
#3006=ORIENTED_EDGE('',*,*,#4842,.T.);
#3007=ORIENTED_EDGE('',*,*,#4448,.F.);
#3008=ORIENTED_EDGE('',*,*,#4854,.F.);
#3009=ORIENTED_EDGE('',*,*,#4358,.T.);
#3010=ORIENTED_EDGE('',*,*,#4844,.T.);
#3011=ORIENTED_EDGE('',*,*,#4529,.F.);
#3012=ORIENTED_EDGE('',*,*,#4855,.F.);
#3013=ORIENTED_EDGE('',*,*,#4439,.T.);
#3014=ORIENTED_EDGE('',*,*,#4846,.T.);
#3015=ORIENTED_EDGE('',*,*,#4823,.F.);
#3016=ORIENTED_EDGE('',*,*,#4856,.F.);
#3017=ORIENTED_EDGE('',*,*,#4520,.T.);
#3018=ORIENTED_EDGE('',*,*,#4582,.T.);
#3019=ORIENTED_EDGE('',*,*,#4857,.F.);
#3020=ORIENTED_EDGE('',*,*,#4829,.F.);
#3021=ORIENTED_EDGE('',*,*,#4848,.T.);
#3022=ORIENTED_EDGE('',*,*,#4053,.T.);
#3023=ORIENTED_EDGE('',*,*,#4049,.T.);
#3024=ORIENTED_EDGE('',*,*,#4858,.F.);
#3025=ORIENTED_EDGE('',*,*,#4062,.T.);
#3026=ORIENTED_EDGE('',*,*,#4742,.T.);
#3027=ORIENTED_EDGE('',*,*,#4067,.T.);
#3028=ORIENTED_EDGE('',*,*,#4059,.T.);
#3029=ORIENTED_EDGE('',*,*,#4055,.T.);
#3030=ORIENTED_EDGE('',*,*,#4814,.F.);
#3031=ORIENTED_EDGE('',*,*,#4201,.T.);
#3032=ORIENTED_EDGE('',*,*,#4204,.T.);
#3033=ORIENTED_EDGE('',*,*,#4206,.T.);
#3034=ORIENTED_EDGE('',*,*,#4543,.F.);
#3035=ORIENTED_EDGE('',*,*,#4089,.T.);
#3036=ORIENTED_EDGE('',*,*,#4092,.T.);
#3037=ORIENTED_EDGE('',*,*,#4095,.T.);
#3038=ORIENTED_EDGE('',*,*,#4097,.T.);
#3039=ORIENTED_EDGE('',*,*,#4568,.T.);
#3040=ORIENTED_EDGE('',*,*,#4859,.T.);
#3041=ORIENTED_EDGE('',*,*,#4010,.T.);
#3042=ORIENTED_EDGE('',*,*,#4014,.T.);
#3043=ORIENTED_EDGE('',*,*,#4017,.T.);
#3044=ORIENTED_EDGE('',*,*,#4020,.T.);
#3045=ORIENTED_EDGE('',*,*,#4022,.T.);
#3046=ORIENTED_EDGE('',*,*,#4860,.F.);
#3047=ORIENTED_EDGE('',*,*,#4835,.T.);
#3048=ORIENTED_EDGE('',*,*,#4850,.F.);
#3049=ORIENTED_EDGE('',*,*,#4861,.F.);
#3050=ORIENTED_EDGE('',*,*,#4862,.T.);
#3051=ORIENTED_EDGE('',*,*,#4011,.T.);
#3052=ORIENTED_EDGE('',*,*,#4859,.F.);
#3053=ORIENTED_EDGE('',*,*,#4863,.F.);
#3054=ORIENTED_EDGE('',*,*,#4064,.F.);
#3055=ORIENTED_EDGE('',*,*,#4864,.T.);
#3056=ORIENTED_EDGE('',*,*,#4051,.F.);
#3057=ORIENTED_EDGE('',*,*,#4052,.F.);
#3058=ORIENTED_EDGE('',*,*,#4743,.F.);
#3059=ORIENTED_EDGE('',*,*,#4057,.F.);
#3060=ORIENTED_EDGE('',*,*,#4061,.F.);
#3061=ORIENTED_EDGE('',*,*,#4066,.F.);
#3062=ORIENTED_EDGE('',*,*,#4815,.T.);
#3063=ORIENTED_EDGE('',*,*,#4207,.F.);
#3064=ORIENTED_EDGE('',*,*,#4205,.F.);
#3065=ORIENTED_EDGE('',*,*,#4199,.F.);
#3066=ORIENTED_EDGE('',*,*,#4544,.T.);
#3067=ORIENTED_EDGE('',*,*,#4098,.F.);
#3068=ORIENTED_EDGE('',*,*,#4096,.F.);
#3069=ORIENTED_EDGE('',*,*,#4093,.F.);
#3070=ORIENTED_EDGE('',*,*,#4087,.F.);
#3071=ORIENTED_EDGE('',*,*,#4569,.F.);
#3072=ORIENTED_EDGE('',*,*,#4852,.T.);
#3073=ORIENTED_EDGE('',*,*,#4838,.F.);
#3074=ORIENTED_EDGE('',*,*,#4865,.T.);
#3075=ORIENTED_EDGE('',*,*,#4023,.F.);
#3076=ORIENTED_EDGE('',*,*,#4021,.F.);
#3077=ORIENTED_EDGE('',*,*,#4018,.F.);
#3078=ORIENTED_EDGE('',*,*,#4015,.F.);
#3079=ORIENTED_EDGE('',*,*,#4012,.F.);
#3080=ORIENTED_EDGE('',*,*,#4862,.F.);
#3081=ORIENTED_EDGE('',*,*,#4866,.T.);
#3082=ORIENTED_EDGE('',*,*,#4863,.T.);
#3083=ORIENTED_EDGE('',*,*,#4861,.T.);
#3084=ORIENTED_EDGE('',*,*,#4849,.T.);
#3085=ORIENTED_EDGE('',*,*,#4289,.F.);
#3086=ORIENTED_EDGE('',*,*,#4280,.T.);
#3087=ORIENTED_EDGE('',*,*,#4278,.T.);
#3088=ORIENTED_EDGE('',*,*,#4853,.T.);
#3089=ORIENTED_EDGE('',*,*,#4370,.F.);
#3090=ORIENTED_EDGE('',*,*,#4361,.T.);
#3091=ORIENTED_EDGE('',*,*,#4359,.T.);
#3092=ORIENTED_EDGE('',*,*,#4854,.T.);
#3093=ORIENTED_EDGE('',*,*,#4451,.F.);
#3094=ORIENTED_EDGE('',*,*,#4442,.T.);
#3095=ORIENTED_EDGE('',*,*,#4440,.T.);
#3096=ORIENTED_EDGE('',*,*,#4855,.T.);
#3097=ORIENTED_EDGE('',*,*,#4532,.F.);
#3098=ORIENTED_EDGE('',*,*,#4523,.T.);
#3099=ORIENTED_EDGE('',*,*,#4521,.T.);
#3100=ORIENTED_EDGE('',*,*,#4856,.T.);
#3101=ORIENTED_EDGE('',*,*,#4822,.F.);
#3102=ORIENTED_EDGE('',*,*,#4046,.T.);
#3103=ORIENTED_EDGE('',*,*,#4830,.T.);
#3104=ORIENTED_EDGE('',*,*,#4857,.T.);
#3105=ORIENTED_EDGE('',*,*,#4581,.F.);
#3106=ORIENTED_EDGE('',*,*,#4593,.F.);
#3107=ORIENTED_EDGE('',*,*,#4867,.T.);
#3108=ORIENTED_EDGE('',*,*,#4126,.F.);
#3109=ORIENTED_EDGE('',*,*,#4135,.T.);
#3110=ORIENTED_EDGE('',*,*,#4136,.T.);
#3111=ORIENTED_EDGE('',*,*,#4119,.T.);
#3112=ORIENTED_EDGE('',*,*,#4116,.T.);
#3113=ORIENTED_EDGE('',*,*,#4113,.T.);
#3114=ORIENTED_EDGE('',*,*,#4124,.F.);
#3115=ORIENTED_EDGE('',*,*,#4868,.T.);
#3116=ORIENTED_EDGE('',*,*,#4594,.F.);
#3117=ORIENTED_EDGE('',*,*,#4587,.T.);
#3118=ORIENTED_EDGE('',*,*,#4851,.T.);
#3119=ORIENTED_EDGE('',*,*,#4866,.F.);
#3120=ORIENTED_EDGE('',*,*,#4592,.T.);
#3121=ORIENTED_EDGE('',*,*,#4660,.T.);
#3122=ORIENTED_EDGE('',*,*,#4869,.T.);
#3123=ORIENTED_EDGE('',*,*,#4870,.F.);
#3124=ORIENTED_EDGE('',*,*,#4871,.F.);
#3125=ORIENTED_EDGE('',*,*,#4872,.F.);
#3126=ORIENTED_EDGE('',*,*,#4127,.F.);
#3127=ORIENTED_EDGE('',*,*,#4867,.F.);
#3128=ORIENTED_EDGE('',*,*,#4873,.T.);
#3129=ORIENTED_EDGE('',*,*,#4874,.F.);
#3130=ORIENTED_EDGE('',*,*,#4875,.F.);
#3131=ORIENTED_EDGE('',*,*,#4876,.T.);
#3132=ORIENTED_EDGE('',*,*,#4877,.T.);
#3133=ORIENTED_EDGE('',*,*,#4878,.F.);
#3134=ORIENTED_EDGE('',*,*,#4873,.F.);
#3135=ORIENTED_EDGE('',*,*,#4879,.T.);
#3136=ORIENTED_EDGE('',*,*,#4880,.T.);
#3137=ORIENTED_EDGE('',*,*,#4881,.F.);
#3138=ORIENTED_EDGE('',*,*,#4877,.F.);
#3139=ORIENTED_EDGE('',*,*,#4882,.T.);
#3140=ORIENTED_EDGE('',*,*,#4883,.T.);
#3141=ORIENTED_EDGE('',*,*,#4884,.F.);
#3142=ORIENTED_EDGE('',*,*,#4880,.F.);
#3143=ORIENTED_EDGE('',*,*,#4885,.T.);
#3144=ORIENTED_EDGE('',*,*,#4886,.T.);
#3145=ORIENTED_EDGE('',*,*,#4887,.F.);
#3146=ORIENTED_EDGE('',*,*,#4883,.F.);
#3147=ORIENTED_EDGE('',*,*,#4888,.T.);
#3148=ORIENTED_EDGE('',*,*,#4889,.T.);
#3149=ORIENTED_EDGE('',*,*,#4890,.F.);
#3150=ORIENTED_EDGE('',*,*,#4886,.F.);
#3151=ORIENTED_EDGE('',*,*,#4891,.T.);
#3152=ORIENTED_EDGE('',*,*,#4892,.F.);
#3153=ORIENTED_EDGE('',*,*,#4889,.F.);
#3154=ORIENTED_EDGE('',*,*,#4893,.T.);
#3155=ORIENTED_EDGE('',*,*,#4894,.T.);
#3156=ORIENTED_EDGE('',*,*,#4895,.T.);
#3157=ORIENTED_EDGE('',*,*,#4580,.F.);
#3158=ORIENTED_EDGE('',*,*,#4574,.T.);
#3159=ORIENTED_EDGE('',*,*,#4131,.T.);
#3160=ORIENTED_EDGE('',*,*,#4128,.T.);
#3161=ORIENTED_EDGE('',*,*,#4872,.T.);
#3162=ORIENTED_EDGE('',*,*,#4896,.T.);
#3163=ORIENTED_EDGE('',*,*,#4897,.F.);
#3164=ORIENTED_EDGE('',*,*,#4894,.F.);
#3165=ORIENTED_EDGE('',*,*,#4898,.T.);
#3166=ORIENTED_EDGE('',*,*,#4896,.F.);
#3167=ORIENTED_EDGE('',*,*,#4871,.T.);
#3168=ORIENTED_EDGE('',*,*,#4899,.T.);
#3169=ORIENTED_EDGE('',*,*,#4900,.F.);
#3170=ORIENTED_EDGE('',*,*,#4901,.T.);
#3171=ORIENTED_EDGE('',*,*,#4576,.F.);
#3172=ORIENTED_EDGE('',*,*,#4895,.F.);
#3173=ORIENTED_EDGE('',*,*,#4902,.T.);
#3174=ORIENTED_EDGE('',*,*,#4899,.F.);
#3175=ORIENTED_EDGE('',*,*,#4870,.T.);
#3176=ORIENTED_EDGE('',*,*,#4903,.T.);
#3177=ORIENTED_EDGE('',*,*,#4904,.F.);
#3178=ORIENTED_EDGE('',*,*,#4905,.T.);
#3179=ORIENTED_EDGE('',*,*,#4577,.F.);
#3180=ORIENTED_EDGE('',*,*,#4901,.F.);
#3181=ORIENTED_EDGE('',*,*,#4906,.T.);
#3182=ORIENTED_EDGE('',*,*,#4907,.T.);
#3183=ORIENTED_EDGE('',*,*,#4908,.F.);
#3184=ORIENTED_EDGE('',*,*,#4903,.F.);
#3185=ORIENTED_EDGE('',*,*,#4869,.F.);
#3186=ORIENTED_EDGE('',*,*,#4659,.T.);
#3187=ORIENTED_EDGE('',*,*,#4578,.F.);
#3188=ORIENTED_EDGE('',*,*,#4905,.F.);
#3189=ORIENTED_EDGE('',*,*,#4909,.T.);
#3190=ORIENTED_EDGE('',*,*,#4910,.T.);
#3191=ORIENTED_EDGE('',*,*,#4911,.F.);
#3192=ORIENTED_EDGE('',*,*,#4912,.F.);
#3193=ORIENTED_EDGE('',*,*,#4913,.T.);
#3194=ORIENTED_EDGE('',*,*,#4914,.T.);
#3195=ORIENTED_EDGE('',*,*,#4915,.F.);
#3196=ORIENTED_EDGE('',*,*,#4910,.F.);
#3197=ORIENTED_EDGE('',*,*,#4916,.T.);
#3198=ORIENTED_EDGE('',*,*,#4917,.T.);
#3199=ORIENTED_EDGE('',*,*,#4918,.F.);
#3200=ORIENTED_EDGE('',*,*,#4914,.F.);
#3201=ORIENTED_EDGE('',*,*,#4919,.T.);
#3202=ORIENTED_EDGE('',*,*,#4920,.T.);
#3203=ORIENTED_EDGE('',*,*,#4921,.F.);
#3204=ORIENTED_EDGE('',*,*,#4917,.F.);
#3205=ORIENTED_EDGE('',*,*,#4922,.T.);
#3206=ORIENTED_EDGE('',*,*,#4875,.T.);
#3207=ORIENTED_EDGE('',*,*,#4923,.F.);
#3208=ORIENTED_EDGE('',*,*,#4907,.F.);
#3209=ORIENTED_EDGE('',*,*,#4924,.T.);
#3210=ORIENTED_EDGE('',*,*,#4925,.T.);
#3211=ORIENTED_EDGE('',*,*,#4926,.F.);
#3212=ORIENTED_EDGE('',*,*,#4920,.F.);
#3213=ORIENTED_EDGE('',*,*,#4927,.T.);
#3214=ORIENTED_EDGE('',*,*,#4874,.T.);
#3215=ORIENTED_EDGE('',*,*,#4878,.T.);
#3216=ORIENTED_EDGE('',*,*,#4881,.T.);
#3217=ORIENTED_EDGE('',*,*,#4884,.T.);
#3218=ORIENTED_EDGE('',*,*,#4887,.T.);
#3219=ORIENTED_EDGE('',*,*,#4890,.T.);
#3220=ORIENTED_EDGE('',*,*,#4892,.T.);
#3221=ORIENTED_EDGE('',*,*,#4897,.T.);
#3222=ORIENTED_EDGE('',*,*,#4900,.T.);
#3223=ORIENTED_EDGE('',*,*,#4904,.T.);
#3224=ORIENTED_EDGE('',*,*,#4908,.T.);
#3225=ORIENTED_EDGE('',*,*,#4923,.T.);
#3226=ORIENTED_EDGE('',*,*,#4911,.T.);
#3227=ORIENTED_EDGE('',*,*,#4915,.T.);
#3228=ORIENTED_EDGE('',*,*,#4918,.T.);
#3229=ORIENTED_EDGE('',*,*,#4921,.T.);
#3230=ORIENTED_EDGE('',*,*,#4926,.T.);
#3231=ORIENTED_EDGE('',*,*,#4928,.F.);
#3232=ORIENTED_EDGE('',*,*,#4929,.T.);
#3233=ORIENTED_EDGE('',*,*,#4912,.T.);
#3234=ORIENTED_EDGE('',*,*,#4929,.F.);
#3235=ORIENTED_EDGE('',*,*,#4930,.F.);
#3236=ORIENTED_EDGE('',*,*,#4931,.T.);
#3237=ORIENTED_EDGE('',*,*,#4909,.F.);
#3238=ORIENTED_EDGE('',*,*,#4906,.F.);
#3239=ORIENTED_EDGE('',*,*,#4902,.F.);
#3240=ORIENTED_EDGE('',*,*,#4898,.F.);
#3241=ORIENTED_EDGE('',*,*,#4893,.F.);
#3242=ORIENTED_EDGE('',*,*,#4891,.F.);
#3243=ORIENTED_EDGE('',*,*,#4888,.F.);
#3244=ORIENTED_EDGE('',*,*,#4885,.F.);
#3245=ORIENTED_EDGE('',*,*,#4882,.F.);
#3246=ORIENTED_EDGE('',*,*,#4879,.F.);
#3247=ORIENTED_EDGE('',*,*,#4876,.F.);
#3248=ORIENTED_EDGE('',*,*,#4924,.F.);
#3249=ORIENTED_EDGE('',*,*,#4932,.T.);
#3250=ORIENTED_EDGE('',*,*,#4927,.F.);
#3251=ORIENTED_EDGE('',*,*,#4922,.F.);
#3252=ORIENTED_EDGE('',*,*,#4919,.F.);
#3253=ORIENTED_EDGE('',*,*,#4916,.F.);
#3254=ORIENTED_EDGE('',*,*,#4913,.F.);
#3255=ORIENTED_EDGE('',*,*,#4931,.F.);
#3256=ORIENTED_EDGE('',*,*,#4063,.T.);
#3257=ORIENTED_EDGE('',*,*,#4858,.T.);
#3258=ORIENTED_EDGE('',*,*,#4048,.F.);
#3259=ORIENTED_EDGE('',*,*,#4864,.F.);
#3260=ORIENTED_EDGE('',*,*,#4930,.T.);
#3261=ORIENTED_EDGE('',*,*,#4928,.T.);
#3262=ORIENTED_EDGE('',*,*,#4925,.F.);
#3263=ORIENTED_EDGE('',*,*,#4932,.F.);
#3264=ORIENTED_EDGE('',*,*,#4214,.T.);
#3265=ORIENTED_EDGE('',*,*,#4269,.T.);
#3266=ORIENTED_EDGE('',*,*,#4209,.F.);
#3267=ORIENTED_EDGE('',*,*,#4281,.F.);
#3268=ORIENTED_EDGE('',*,*,#4295,.T.);
#3269=ORIENTED_EDGE('',*,*,#4350,.T.);
#3270=ORIENTED_EDGE('',*,*,#4290,.F.);
#3271=ORIENTED_EDGE('',*,*,#4362,.F.);
#3272=ORIENTED_EDGE('',*,*,#4376,.T.);
#3273=ORIENTED_EDGE('',*,*,#4431,.T.);
#3274=ORIENTED_EDGE('',*,*,#4371,.F.);
#3275=ORIENTED_EDGE('',*,*,#4443,.F.);
#3276=ORIENTED_EDGE('',*,*,#4457,.T.);
#3277=ORIENTED_EDGE('',*,*,#4512,.T.);
#3278=ORIENTED_EDGE('',*,*,#4452,.F.);
#3279=ORIENTED_EDGE('',*,*,#4524,.F.);
#3280=ORIENTED_EDGE('',*,*,#4075,.T.);
#3281=ORIENTED_EDGE('',*,*,#4828,.T.);
#3282=ORIENTED_EDGE('',*,*,#4025,.F.);
#3283=ORIENTED_EDGE('',*,*,#4819,.F.);
#3284=ORIENTED_EDGE('',*,*,#4933,.T.);
#3285=ORIENTED_EDGE('',*,*,#4176,.F.);
#3286=ORIENTED_EDGE('',*,*,#4934,.F.);
#3287=ORIENTED_EDGE('',*,*,#4935,.T.);
#3288=ORIENTED_EDGE('',*,*,#4837,.F.);
#3289=ORIENTED_EDGE('',*,*,#4684,.T.);
#3290=ORIENTED_EDGE('',*,*,#4678,.T.);
#3291=ORIENTED_EDGE('',*,*,#4663,.F.);
#3292=ORIENTED_EDGE('',*,*,#4661,.T.);
#3293=ORIENTED_EDGE('',*,*,#4651,.T.);
#3294=ORIENTED_EDGE('',*,*,#4677,.T.);
#3295=ORIENTED_EDGE('',*,*,#4630,.T.);
#3296=ORIENTED_EDGE('',*,*,#4847,.F.);
#3297=ORIENTED_EDGE('',*,*,#4831,.T.);
#3298=ORIENTED_EDGE('',*,*,#4032,.F.);
#3299=ORIENTED_EDGE('',*,*,#4821,.F.);
#3300=ORIENTED_EDGE('',*,*,#4845,.F.);
#3301=ORIENTED_EDGE('',*,*,#4518,.T.);
#3302=ORIENTED_EDGE('',*,*,#4511,.F.);
#3303=ORIENTED_EDGE('',*,*,#4531,.F.);
#3304=ORIENTED_EDGE('',*,*,#4843,.F.);
#3305=ORIENTED_EDGE('',*,*,#4437,.T.);
#3306=ORIENTED_EDGE('',*,*,#4430,.F.);
#3307=ORIENTED_EDGE('',*,*,#4450,.F.);
#3308=ORIENTED_EDGE('',*,*,#4841,.F.);
#3309=ORIENTED_EDGE('',*,*,#4356,.T.);
#3310=ORIENTED_EDGE('',*,*,#4349,.F.);
#3311=ORIENTED_EDGE('',*,*,#4369,.F.);
#3312=ORIENTED_EDGE('',*,*,#4839,.F.);
#3313=ORIENTED_EDGE('',*,*,#4275,.T.);
#3314=ORIENTED_EDGE('',*,*,#4268,.F.);
#3315=ORIENTED_EDGE('',*,*,#4288,.F.);
#3316=ORIENTED_EDGE('',*,*,#4833,.F.);
#3317=ORIENTED_EDGE('',*,*,#4860,.T.);
#3318=ORIENTED_EDGE('',*,*,#4024,.F.);
#3319=ORIENTED_EDGE('',*,*,#4865,.F.);
#3320=ORIENTED_EDGE('',*,*,#4148,.T.);
#3321=ORIENTED_EDGE('',*,*,#4175,.T.);
#3322=ORIENTED_EDGE('',*,*,#4169,.F.);
#3323=ORIENTED_EDGE('',*,*,#4936,.F.);
#3324=ORIENTED_EDGE('',*,*,#4937,.T.);
#3325=ORIENTED_EDGE('',*,*,#4177,.T.);
#3326=ORIENTED_EDGE('',*,*,#4933,.F.);
#3327=ORIENTED_EDGE('',*,*,#4938,.F.);
#3328=ORIENTED_EDGE('',*,*,#4939,.T.);
#3329=ORIENTED_EDGE('',*,*,#4178,.T.);
#3330=ORIENTED_EDGE('',*,*,#4937,.F.);
#3331=ORIENTED_EDGE('',*,*,#4940,.F.);
#3332=ORIENTED_EDGE('',*,*,#4941,.T.);
#3333=ORIENTED_EDGE('',*,*,#4179,.T.);
#3334=ORIENTED_EDGE('',*,*,#4939,.F.);
#3335=ORIENTED_EDGE('',*,*,#4942,.F.);
#3336=ORIENTED_EDGE('',*,*,#4943,.T.);
#3337=ORIENTED_EDGE('',*,*,#4180,.T.);
#3338=ORIENTED_EDGE('',*,*,#4941,.F.);
#3339=ORIENTED_EDGE('',*,*,#4944,.F.);
#3340=ORIENTED_EDGE('',*,*,#4945,.T.);
#3341=ORIENTED_EDGE('',*,*,#4181,.T.);
#3342=ORIENTED_EDGE('',*,*,#4943,.F.);
#3343=ORIENTED_EDGE('',*,*,#4946,.F.);
#3344=ORIENTED_EDGE('',*,*,#4934,.T.);
#3345=ORIENTED_EDGE('',*,*,#4182,.T.);
#3346=ORIENTED_EDGE('',*,*,#4945,.F.);
#3347=ORIENTED_EDGE('',*,*,#4947,.F.);
#3348=ORIENTED_EDGE('',*,*,#4171,.T.);
#3349=ORIENTED_EDGE('',*,*,#4168,.T.);
#3350=ORIENTED_EDGE('',*,*,#4165,.T.);
#3351=ORIENTED_EDGE('',*,*,#4162,.T.);
#3352=ORIENTED_EDGE('',*,*,#4159,.T.);
#3353=ORIENTED_EDGE('',*,*,#4156,.T.);
#3354=ORIENTED_EDGE('',*,*,#4153,.T.);
#3355=ORIENTED_EDGE('',*,*,#4193,.T.);
#3356=ORIENTED_EDGE('',*,*,#4189,.F.);
#3357=ORIENTED_EDGE('',*,*,#4948,.F.);
#3358=ORIENTED_EDGE('',*,*,#4149,.T.);
#3359=ORIENTED_EDGE('',*,*,#4936,.T.);
#3360=ORIENTED_EDGE('',*,*,#4946,.T.);
#3361=ORIENTED_EDGE('',*,*,#4944,.T.);
#3362=ORIENTED_EDGE('',*,*,#4942,.T.);
#3363=ORIENTED_EDGE('',*,*,#4940,.T.);
#3364=ORIENTED_EDGE('',*,*,#4938,.T.);
#3365=ORIENTED_EDGE('',*,*,#4935,.F.);
#3366=ORIENTED_EDGE('',*,*,#4947,.T.);
#3367=ORIENTED_EDGE('',*,*,#4146,.F.);
#3368=ORIENTED_EDGE('',*,*,#4949,.T.);
#3369=ORIENTED_EDGE('',*,*,#4183,.T.);
#3370=ORIENTED_EDGE('',*,*,#4172,.F.);
#3371=ORIENTED_EDGE('',*,*,#4188,.T.);
#3372=ORIENTED_EDGE('',*,*,#4198,.F.);
#3373=ORIENTED_EDGE('',*,*,#4142,.F.);
#3374=ORIENTED_EDGE('',*,*,#4948,.T.);
#3375=ORIENTED_EDGE('',*,*,#4145,.F.);
#3376=ORIENTED_EDGE('',*,*,#4658,.F.);
#3377=ORIENTED_EDGE('',*,*,#4595,.F.);
#3378=ORIENTED_EDGE('',*,*,#4868,.F.);
#3379=ORIENTED_EDGE('',*,*,#4123,.F.);
#3380=ORIENTED_EDGE('',*,*,#4190,.F.);
#3381=ORIENTED_EDGE('',*,*,#4184,.F.);
#3382=ORIENTED_EDGE('',*,*,#4949,.F.);
#3383=VERTEX_POINT('',#9087);
#3384=VERTEX_POINT('',#9088);
#3385=VERTEX_POINT('',#9090);
#3386=VERTEX_POINT('',#9092);
#3387=VERTEX_POINT('',#9096);
#3388=VERTEX_POINT('',#9097);
#3389=VERTEX_POINT('',#9102);
#3390=VERTEX_POINT('',#9103);
#3391=VERTEX_POINT('',#9108);
#3392=VERTEX_POINT('',#9109);
#3393=VERTEX_POINT('',#9114);
#3394=VERTEX_POINT('',#9116);
#3395=VERTEX_POINT('',#9120);
#3396=VERTEX_POINT('',#9121);
#3397=VERTEX_POINT('',#9123);
#3398=VERTEX_POINT('',#9125);
#3399=VERTEX_POINT('',#9129);
#3400=VERTEX_POINT('',#9130);
#3401=VERTEX_POINT('',#9132);
#3402=VERTEX_POINT('',#9134);
#3403=VERTEX_POINT('',#9138);
#3404=VERTEX_POINT('',#9140);
#3405=VERTEX_POINT('',#9144);
#3406=VERTEX_POINT('',#9146);
#3407=VERTEX_POINT('',#9150);
#3408=VERTEX_POINT('',#9152);
#3409=VERTEX_POINT('',#9156);
#3410=VERTEX_POINT('',#9158);
#3411=VERTEX_POINT('',#9162);
#3412=VERTEX_POINT('',#9164);
#3413=VERTEX_POINT('',#9168);
#3414=VERTEX_POINT('',#9169);
#3415=VERTEX_POINT('',#9171);
#3416=VERTEX_POINT('',#9173);
#3417=VERTEX_POINT('',#9177);
#3418=VERTEX_POINT('',#9179);
#3419=VERTEX_POINT('',#9183);
#3420=VERTEX_POINT('',#9184);
#3421=VERTEX_POINT('',#9186);
#3422=VERTEX_POINT('',#9188);
#3423=VERTEX_POINT('',#9192);
#3424=VERTEX_POINT('',#9194);
#3425=VERTEX_POINT('',#9198);
#3426=VERTEX_POINT('',#9199);
#3427=VERTEX_POINT('',#9201);
#3428=VERTEX_POINT('',#9203);
#3429=VERTEX_POINT('',#9207);
#3430=VERTEX_POINT('',#9209);
#3431=VERTEX_POINT('',#9213);
#3432=VERTEX_POINT('',#9214);
#3433=VERTEX_POINT('',#9216);
#3434=VERTEX_POINT('',#9218);
#3435=VERTEX_POINT('',#9222);
#3436=VERTEX_POINT('',#9223);
#3437=VERTEX_POINT('',#9225);
#3438=VERTEX_POINT('',#9227);
#3439=VERTEX_POINT('',#9231);
#3440=VERTEX_POINT('',#9233);
#3441=VERTEX_POINT('',#9237);
#3442=VERTEX_POINT('',#9238);
#3443=VERTEX_POINT('',#9240);
#3444=VERTEX_POINT('',#9242);
#3445=VERTEX_POINT('',#9246);
#3446=VERTEX_POINT('',#9247);
#3447=VERTEX_POINT('',#9252);
#3448=VERTEX_POINT('',#9253);
#3449=VERTEX_POINT('',#9255);
#3450=VERTEX_POINT('',#9257);
#3451=VERTEX_POINT('',#9261);
#3452=VERTEX_POINT('',#9262);
#3453=VERTEX_POINT('',#9267);
#3454=VERTEX_POINT('',#9268);
#3455=VERTEX_POINT('',#9273);
#3456=VERTEX_POINT('',#9275);
#3457=VERTEX_POINT('',#9279);
#3458=VERTEX_POINT('',#9280);
#3459=VERTEX_POINT('',#9282);
#3460=VERTEX_POINT('',#9284);
#3461=VERTEX_POINT('',#9288);
#3462=VERTEX_POINT('',#9289);
#3463=VERTEX_POINT('',#9294);
#3464=VERTEX_POINT('',#9295);
#3465=VERTEX_POINT('',#9300);
#3466=VERTEX_POINT('',#9302);
#3467=VERTEX_POINT('',#9306);
#3468=VERTEX_POINT('',#9307);
#3469=VERTEX_POINT('',#9309);
#3470=VERTEX_POINT('',#9313);
#3471=VERTEX_POINT('',#9315);
#3472=VERTEX_POINT('',#9319);
#3473=VERTEX_POINT('',#9321);
#3474=VERTEX_POINT('',#9325);
#3475=VERTEX_POINT('',#9326);
#3476=VERTEX_POINT('',#9328);
#3477=VERTEX_POINT('',#9333);
#3478=VERTEX_POINT('',#9334);
#3479=VERTEX_POINT('',#9336);
#3480=VERTEX_POINT('',#9338);
#3481=VERTEX_POINT('',#9342);
#3482=VERTEX_POINT('',#9344);
#3483=VERTEX_POINT('',#9346);
#3484=VERTEX_POINT('',#9350);
#3485=VERTEX_POINT('',#9357);
#3486=VERTEX_POINT('',#9361);
#3487=VERTEX_POINT('',#9365);
#3488=VERTEX_POINT('',#9366);
#3489=VERTEX_POINT('',#9368);
#3490=VERTEX_POINT('',#9370);
#3491=VERTEX_POINT('',#9372);
#3492=VERTEX_POINT('',#9374);
#3493=VERTEX_POINT('',#9376);
#3494=VERTEX_POINT('',#9378);
#3495=VERTEX_POINT('',#9382);
#3496=VERTEX_POINT('',#9383);
#3497=VERTEX_POINT('',#9385);
#3498=VERTEX_POINT('',#9387);
#3499=VERTEX_POINT('',#9391);
#3500=VERTEX_POINT('',#9392);
#3501=VERTEX_POINT('',#9397);
#3502=VERTEX_POINT('',#9398);
#3503=VERTEX_POINT('',#9403);
#3504=VERTEX_POINT('',#9404);
#3505=VERTEX_POINT('',#9409);
#3506=VERTEX_POINT('',#9410);
#3507=VERTEX_POINT('',#9415);
#3508=VERTEX_POINT('',#9416);
#3509=VERTEX_POINT('',#9421);
#3510=VERTEX_POINT('',#9422);
#3511=VERTEX_POINT('',#9427);
#3512=VERTEX_POINT('',#9429);
#3513=VERTEX_POINT('',#9434);
#3514=VERTEX_POINT('',#9435);
#3515=VERTEX_POINT('',#9437);
#3516=VERTEX_POINT('',#9439);
#3517=VERTEX_POINT('',#9441);
#3518=VERTEX_POINT('',#9443);
#3519=VERTEX_POINT('',#9445);
#3520=VERTEX_POINT('',#9449);
#3521=VERTEX_POINT('',#9451);
#3522=VERTEX_POINT('',#9455);
#3523=VERTEX_POINT('',#9456);
#3524=VERTEX_POINT('',#9458);
#3525=VERTEX_POINT('',#9460);
#3526=VERTEX_POINT('',#9465);
#3527=VERTEX_POINT('',#9470);
#3528=VERTEX_POINT('',#9472);
#3529=VERTEX_POINT('',#9474);
#3530=VERTEX_POINT('',#9479);
#3531=VERTEX_POINT('',#9480);
#3532=VERTEX_POINT('',#9482);
#3533=VERTEX_POINT('',#9484);
#3534=VERTEX_POINT('',#9488);
#3535=VERTEX_POINT('',#9489);
#3536=VERTEX_POINT('',#9494);
#3537=VERTEX_POINT('',#9496);
#3538=VERTEX_POINT('',#9500);
#3539=VERTEX_POINT('',#9501);
#3540=VERTEX_POINT('',#9503);
#3541=VERTEX_POINT('',#9505);
#3542=VERTEX_POINT('',#9509);
#3543=VERTEX_POINT('',#9510);
#3544=VERTEX_POINT('',#9512);
#3545=VERTEX_POINT('',#9514);
#3546=VERTEX_POINT('',#9518);
#3547=VERTEX_POINT('',#9519);
#3548=VERTEX_POINT('',#9521);
#3549=VERTEX_POINT('',#9523);
#3550=VERTEX_POINT('',#9527);
#3551=VERTEX_POINT('',#9528);
#3552=VERTEX_POINT('',#9533);
#3553=VERTEX_POINT('',#9535);
#3554=VERTEX_POINT('',#9539);
#3555=VERTEX_POINT('',#9541);
#3556=VERTEX_POINT('',#9545);
#3557=VERTEX_POINT('',#9546);
#3558=VERTEX_POINT('',#9548);
#3559=VERTEX_POINT('',#9550);
#3560=VERTEX_POINT('',#9554);
#3561=VERTEX_POINT('',#9555);
#3562=VERTEX_POINT('',#9560);
#3563=VERTEX_POINT('',#9562);
#3564=VERTEX_POINT('',#9566);
#3565=VERTEX_POINT('',#9567);
#3566=VERTEX_POINT('',#9569);
#3567=VERTEX_POINT('',#9571);
#3568=VERTEX_POINT('',#9575);
#3569=VERTEX_POINT('',#9576);
#3570=VERTEX_POINT('',#9581);
#3571=VERTEX_POINT('',#9582);
#3572=VERTEX_POINT('',#9587);
#3573=VERTEX_POINT('',#9589);
#3574=VERTEX_POINT('',#9593);
#3575=VERTEX_POINT('',#9594);
#3576=VERTEX_POINT('',#9596);
#3577=VERTEX_POINT('',#9598);
#3578=VERTEX_POINT('',#9602);
#3579=VERTEX_POINT('',#9603);
#3580=VERTEX_POINT('',#9608);
#3581=VERTEX_POINT('',#9609);
#3582=VERTEX_POINT('',#9614);
#3583=VERTEX_POINT('',#9615);
#3584=VERTEX_POINT('',#9620);
#3585=VERTEX_POINT('',#9622);
#3586=VERTEX_POINT('',#9635);
#3587=VERTEX_POINT('',#9637);
#3588=VERTEX_POINT('',#9639);
#3589=VERTEX_POINT('',#9641);
#3590=VERTEX_POINT('',#9645);
#3591=VERTEX_POINT('',#9658);
#3592=VERTEX_POINT('',#9659);
#3593=VERTEX_POINT('',#9661);
#3594=VERTEX_POINT('',#9666);
#3595=VERTEX_POINT('',#9667);
#3596=VERTEX_POINT('',#9669);
#3597=VERTEX_POINT('',#9671);
#3598=VERTEX_POINT('',#9675);
#3599=VERTEX_POINT('',#9676);
#3600=VERTEX_POINT('',#9678);
#3601=VERTEX_POINT('',#9680);
#3602=VERTEX_POINT('',#9684);
#3603=VERTEX_POINT('',#9685);
#3604=VERTEX_POINT('',#9687);
#3605=VERTEX_POINT('',#9689);
#3606=VERTEX_POINT('',#9693);
#3607=VERTEX_POINT('',#9694);
#3608=VERTEX_POINT('',#9699);
#3609=VERTEX_POINT('',#9701);
#3610=VERTEX_POINT('',#9705);
#3611=VERTEX_POINT('',#9707);
#3612=VERTEX_POINT('',#9711);
#3613=VERTEX_POINT('',#9712);
#3614=VERTEX_POINT('',#9714);
#3615=VERTEX_POINT('',#9716);
#3616=VERTEX_POINT('',#9720);
#3617=VERTEX_POINT('',#9721);
#3618=VERTEX_POINT('',#9726);
#3619=VERTEX_POINT('',#9728);
#3620=VERTEX_POINT('',#9732);
#3621=VERTEX_POINT('',#9733);
#3622=VERTEX_POINT('',#9735);
#3623=VERTEX_POINT('',#9737);
#3624=VERTEX_POINT('',#9741);
#3625=VERTEX_POINT('',#9742);
#3626=VERTEX_POINT('',#9747);
#3627=VERTEX_POINT('',#9748);
#3628=VERTEX_POINT('',#9753);
#3629=VERTEX_POINT('',#9755);
#3630=VERTEX_POINT('',#9759);
#3631=VERTEX_POINT('',#9760);
#3632=VERTEX_POINT('',#9762);
#3633=VERTEX_POINT('',#9764);
#3634=VERTEX_POINT('',#9768);
#3635=VERTEX_POINT('',#9769);
#3636=VERTEX_POINT('',#9774);
#3637=VERTEX_POINT('',#9775);
#3638=VERTEX_POINT('',#9780);
#3639=VERTEX_POINT('',#9781);
#3640=VERTEX_POINT('',#9786);
#3641=VERTEX_POINT('',#9788);
#3642=VERTEX_POINT('',#9801);
#3643=VERTEX_POINT('',#9803);
#3644=VERTEX_POINT('',#9805);
#3645=VERTEX_POINT('',#9807);
#3646=VERTEX_POINT('',#9811);
#3647=VERTEX_POINT('',#9824);
#3648=VERTEX_POINT('',#9825);
#3649=VERTEX_POINT('',#9827);
#3650=VERTEX_POINT('',#9832);
#3651=VERTEX_POINT('',#9833);
#3652=VERTEX_POINT('',#9835);
#3653=VERTEX_POINT('',#9837);
#3654=VERTEX_POINT('',#9841);
#3655=VERTEX_POINT('',#9842);
#3656=VERTEX_POINT('',#9844);
#3657=VERTEX_POINT('',#9846);
#3658=VERTEX_POINT('',#9850);
#3659=VERTEX_POINT('',#9851);
#3660=VERTEX_POINT('',#9853);
#3661=VERTEX_POINT('',#9855);
#3662=VERTEX_POINT('',#9859);
#3663=VERTEX_POINT('',#9860);
#3664=VERTEX_POINT('',#9865);
#3665=VERTEX_POINT('',#9867);
#3666=VERTEX_POINT('',#9871);
#3667=VERTEX_POINT('',#9873);
#3668=VERTEX_POINT('',#9877);
#3669=VERTEX_POINT('',#9878);
#3670=VERTEX_POINT('',#9880);
#3671=VERTEX_POINT('',#9882);
#3672=VERTEX_POINT('',#9886);
#3673=VERTEX_POINT('',#9887);
#3674=VERTEX_POINT('',#9892);
#3675=VERTEX_POINT('',#9894);
#3676=VERTEX_POINT('',#9898);
#3677=VERTEX_POINT('',#9899);
#3678=VERTEX_POINT('',#9901);
#3679=VERTEX_POINT('',#9903);
#3680=VERTEX_POINT('',#9907);
#3681=VERTEX_POINT('',#9908);
#3682=VERTEX_POINT('',#9913);
#3683=VERTEX_POINT('',#9914);
#3684=VERTEX_POINT('',#9919);
#3685=VERTEX_POINT('',#9921);
#3686=VERTEX_POINT('',#9925);
#3687=VERTEX_POINT('',#9926);
#3688=VERTEX_POINT('',#9928);
#3689=VERTEX_POINT('',#9930);
#3690=VERTEX_POINT('',#9934);
#3691=VERTEX_POINT('',#9935);
#3692=VERTEX_POINT('',#9940);
#3693=VERTEX_POINT('',#9941);
#3694=VERTEX_POINT('',#9946);
#3695=VERTEX_POINT('',#9947);
#3696=VERTEX_POINT('',#9952);
#3697=VERTEX_POINT('',#9954);
#3698=VERTEX_POINT('',#9967);
#3699=VERTEX_POINT('',#9969);
#3700=VERTEX_POINT('',#9971);
#3701=VERTEX_POINT('',#9973);
#3702=VERTEX_POINT('',#9977);
#3703=VERTEX_POINT('',#9990);
#3704=VERTEX_POINT('',#9991);
#3705=VERTEX_POINT('',#9993);
#3706=VERTEX_POINT('',#9998);
#3707=VERTEX_POINT('',#9999);
#3708=VERTEX_POINT('',#10001);
#3709=VERTEX_POINT('',#10003);
#3710=VERTEX_POINT('',#10007);
#3711=VERTEX_POINT('',#10008);
#3712=VERTEX_POINT('',#10010);
#3713=VERTEX_POINT('',#10012);
#3714=VERTEX_POINT('',#10016);
#3715=VERTEX_POINT('',#10017);
#3716=VERTEX_POINT('',#10019);
#3717=VERTEX_POINT('',#10021);
#3718=VERTEX_POINT('',#10025);
#3719=VERTEX_POINT('',#10026);
#3720=VERTEX_POINT('',#10031);
#3721=VERTEX_POINT('',#10033);
#3722=VERTEX_POINT('',#10037);
#3723=VERTEX_POINT('',#10039);
#3724=VERTEX_POINT('',#10043);
#3725=VERTEX_POINT('',#10044);
#3726=VERTEX_POINT('',#10046);
#3727=VERTEX_POINT('',#10048);
#3728=VERTEX_POINT('',#10052);
#3729=VERTEX_POINT('',#10053);
#3730=VERTEX_POINT('',#10058);
#3731=VERTEX_POINT('',#10060);
#3732=VERTEX_POINT('',#10064);
#3733=VERTEX_POINT('',#10065);
#3734=VERTEX_POINT('',#10067);
#3735=VERTEX_POINT('',#10069);
#3736=VERTEX_POINT('',#10073);
#3737=VERTEX_POINT('',#10074);
#3738=VERTEX_POINT('',#10079);
#3739=VERTEX_POINT('',#10080);
#3740=VERTEX_POINT('',#10085);
#3741=VERTEX_POINT('',#10087);
#3742=VERTEX_POINT('',#10091);
#3743=VERTEX_POINT('',#10092);
#3744=VERTEX_POINT('',#10094);
#3745=VERTEX_POINT('',#10096);
#3746=VERTEX_POINT('',#10100);
#3747=VERTEX_POINT('',#10101);
#3748=VERTEX_POINT('',#10106);
#3749=VERTEX_POINT('',#10107);
#3750=VERTEX_POINT('',#10112);
#3751=VERTEX_POINT('',#10113);
#3752=VERTEX_POINT('',#10118);
#3753=VERTEX_POINT('',#10120);
#3754=VERTEX_POINT('',#10133);
#3755=VERTEX_POINT('',#10135);
#3756=VERTEX_POINT('',#10137);
#3757=VERTEX_POINT('',#10139);
#3758=VERTEX_POINT('',#10143);
#3759=VERTEX_POINT('',#10156);
#3760=VERTEX_POINT('',#10157);
#3761=VERTEX_POINT('',#10159);
#3762=VERTEX_POINT('',#10164);
#3763=VERTEX_POINT('',#10165);
#3764=VERTEX_POINT('',#10167);
#3765=VERTEX_POINT('',#10169);
#3766=VERTEX_POINT('',#10173);
#3767=VERTEX_POINT('',#10174);
#3768=VERTEX_POINT('',#10179);
#3769=VERTEX_POINT('',#10180);
#3770=VERTEX_POINT('',#10189);
#3771=VERTEX_POINT('',#10190);
#3772=VERTEX_POINT('',#10192);
#3773=VERTEX_POINT('',#10194);
#3774=VERTEX_POINT('',#10198);
#3775=VERTEX_POINT('',#10200);
#3776=VERTEX_POINT('',#10204);
#3777=VERTEX_POINT('',#10206);
#3778=VERTEX_POINT('',#10208);
#3779=VERTEX_POINT('',#10215);
#3780=VERTEX_POINT('',#10216);
#3781=VERTEX_POINT('',#10218);
#3782=VERTEX_POINT('',#10220);
#3783=VERTEX_POINT('',#10224);
#3784=VERTEX_POINT('',#10227);
#3785=VERTEX_POINT('',#10239);
#3786=VERTEX_POINT('',#10243);
#3787=VERTEX_POINT('',#10244);
#3788=VERTEX_POINT('',#10246);
#3789=VERTEX_POINT('',#10248);
#3790=VERTEX_POINT('',#10253);
#3791=VERTEX_POINT('',#10254);
#3792=VERTEX_POINT('',#10256);
#3793=VERTEX_POINT('',#10258);
#3794=VERTEX_POINT('',#10262);
#3795=VERTEX_POINT('',#10263);
#3796=VERTEX_POINT('',#10265);
#3797=VERTEX_POINT('',#10267);
#3798=VERTEX_POINT('',#10271);
#3799=VERTEX_POINT('',#10273);
#3800=VERTEX_POINT('',#10275);
#3801=VERTEX_POINT('',#10277);
#3802=VERTEX_POINT('',#10281);
#3803=VERTEX_POINT('',#10283);
#3804=VERTEX_POINT('',#10285);
#3805=VERTEX_POINT('',#10287);
#3806=VERTEX_POINT('',#10291);
#3807=VERTEX_POINT('',#10292);
#3808=VERTEX_POINT('',#10294);
#3809=VERTEX_POINT('',#10296);
#3810=VERTEX_POINT('',#10300);
#3811=VERTEX_POINT('',#10301);
#3812=VERTEX_POINT('',#10303);
#3813=VERTEX_POINT('',#10305);
#3814=VERTEX_POINT('',#10309);
#3815=VERTEX_POINT('',#10311);
#3816=VERTEX_POINT('',#10315);
#3817=VERTEX_POINT('',#10316);
#3818=VERTEX_POINT('',#10318);
#3819=VERTEX_POINT('',#10320);
#3820=VERTEX_POINT('',#10324);
#3821=VERTEX_POINT('',#10325);
#3822=VERTEX_POINT('',#10327);
#3823=VERTEX_POINT('',#10329);
#3824=VERTEX_POINT('',#10333);
#3825=VERTEX_POINT('',#10334);
#3826=VERTEX_POINT('',#10340);
#3827=VERTEX_POINT('',#10347);
#3828=VERTEX_POINT('',#10351);
#3829=VERTEX_POINT('',#10353);
#3830=VERTEX_POINT('',#10355);
#3831=VERTEX_POINT('',#10357);
#3832=VERTEX_POINT('',#10361);
#3833=VERTEX_POINT('',#10362);
#3834=VERTEX_POINT('',#10368);
#3835=VERTEX_POINT('',#10369);
#3836=VERTEX_POINT('',#10374);
#3837=VERTEX_POINT('',#10375);
#3838=VERTEX_POINT('',#10380);
#3839=VERTEX_POINT('',#10381);
#3840=VERTEX_POINT('',#10386);
#3841=VERTEX_POINT('',#10388);
#3842=VERTEX_POINT('',#10392);
#3843=VERTEX_POINT('',#10394);
#3844=VERTEX_POINT('',#10398);
#3845=VERTEX_POINT('',#10399);
#3846=VERTEX_POINT('',#10401);
#3847=VERTEX_POINT('',#10403);
#3848=VERTEX_POINT('',#10405);
#3849=VERTEX_POINT('',#10409);
#3850=VERTEX_POINT('',#10412);
#3851=VERTEX_POINT('',#10416);
#3852=VERTEX_POINT('',#10418);
#3853=VERTEX_POINT('',#10422);
#3854=VERTEX_POINT('',#10426);
#3855=VERTEX_POINT('',#10430);
#3856=VERTEX_POINT('',#10434);
#3857=VERTEX_POINT('',#10438);
#3858=VERTEX_POINT('',#10440);
#3859=VERTEX_POINT('',#10446);
#3860=VERTEX_POINT('',#10450);
#3861=VERTEX_POINT('',#10451);
#3862=VERTEX_POINT('',#10453);
#3863=VERTEX_POINT('',#10457);
#3864=VERTEX_POINT('',#10459);
#3865=VERTEX_POINT('',#10463);
#3866=VERTEX_POINT('',#10465);
#3867=VERTEX_POINT('',#10469);
#3868=VERTEX_POINT('',#10470);
#3869=VERTEX_POINT('',#10472);
#3870=VERTEX_POINT('',#10477);
#3871=VERTEX_POINT('',#10481);
#3872=VERTEX_POINT('',#10483);
#3873=VERTEX_POINT('',#10491);
#3874=VERTEX_POINT('',#10493);
#3875=VERTEX_POINT('',#10497);
#3876=VERTEX_POINT('',#10498);
#3877=VERTEX_POINT('',#10500);
#3878=VERTEX_POINT('',#10502);
#3879=VERTEX_POINT('',#10506);
#3880=VERTEX_POINT('',#10507);
#3881=VERTEX_POINT('',#10509);
#3882=VERTEX_POINT('',#10511);
#3883=VERTEX_POINT('',#10516);
#3884=VERTEX_POINT('',#10517);
#3885=VERTEX_POINT('',#10519);
#3886=VERTEX_POINT('',#10521);
#3887=VERTEX_POINT('',#10525);
#3888=VERTEX_POINT('',#10526);
#3889=VERTEX_POINT('',#10531);
#3890=VERTEX_POINT('',#10533);
#3891=VERTEX_POINT('',#10535);
#3892=VERTEX_POINT('',#10537);
#3893=VERTEX_POINT('',#10544);
#3894=VERTEX_POINT('',#10545);
#3895=VERTEX_POINT('',#10547);
#3896=VERTEX_POINT('',#10549);
#3897=VERTEX_POINT('',#10555);
#3898=VERTEX_POINT('',#10556);
#3899=VERTEX_POINT('',#10561);
#3900=VERTEX_POINT('',#10568);
#3901=VERTEX_POINT('',#10574);
#3902=VERTEX_POINT('',#10575);
#3903=VERTEX_POINT('',#10579);
#3904=VERTEX_POINT('',#10581);
#3905=VERTEX_POINT('',#10586);
#3906=VERTEX_POINT('',#10590);
#3907=VERTEX_POINT('',#10594);
#3908=VERTEX_POINT('',#10595);
#3909=VERTEX_POINT('',#10597);
#3910=VERTEX_POINT('',#10600);
#3911=VERTEX_POINT('',#10604);
#3912=VERTEX_POINT('',#10605);
#3913=VERTEX_POINT('',#10607);
#3914=VERTEX_POINT('',#10609);
#3915=VERTEX_POINT('',#10613);
#3916=VERTEX_POINT('',#10614);
#3917=VERTEX_POINT('',#10616);
#3918=VERTEX_POINT('',#10618);
#3919=VERTEX_POINT('',#10621);
#3920=VERTEX_POINT('',#10624);
#3921=VERTEX_POINT('',#10628);
#3922=VERTEX_POINT('',#10630);
#3923=VERTEX_POINT('',#10634);
#3924=VERTEX_POINT('',#10638);
#3925=VERTEX_POINT('',#10642);
#3926=VERTEX_POINT('',#10646);
#3927=VERTEX_POINT('',#10652);
#3928=VERTEX_POINT('',#10653);
#3929=VERTEX_POINT('',#10655);
#3930=VERTEX_POINT('',#10657);
#3931=VERTEX_POINT('',#10661);
#3932=VERTEX_POINT('',#10663);
#3933=VERTEX_POINT('',#10667);
#3934=VERTEX_POINT('',#10671);
#3935=VERTEX_POINT('',#10677);
#3936=VERTEX_POINT('',#10683);
#3937=VERTEX_POINT('',#10687);
#3938=VERTEX_POINT('',#10688);
#3939=VERTEX_POINT('',#10690);
#3940=VERTEX_POINT('',#10692);
#3941=VERTEX_POINT('',#10696);
#3942=VERTEX_POINT('',#10699);
#3943=VERTEX_POINT('',#10703);
#3944=VERTEX_POINT('',#10707);
#3945=VERTEX_POINT('',#10715);
#3946=VERTEX_POINT('',#10717);
#3947=VERTEX_POINT('',#10726);
#3948=VERTEX_POINT('',#10728);
#3949=VERTEX_POINT('',#10730);
#3950=VERTEX_POINT('',#10744);
#3951=VERTEX_POINT('',#10745);
#3952=VERTEX_POINT('',#10748);
#3953=VERTEX_POINT('',#10753);
#3954=VERTEX_POINT('',#10755);
#3955=VERTEX_POINT('',#10759);
#3956=VERTEX_POINT('',#10761);
#3957=VERTEX_POINT('',#10780);
#3958=VERTEX_POINT('',#10784);
#3959=VERTEX_POINT('',#10803);
#3960=VERTEX_POINT('',#10808);
#3961=VERTEX_POINT('',#10823);
#3962=VERTEX_POINT('',#10825);
#3963=VERTEX_POINT('',#10827);
#3964=VERTEX_POINT('',#10831);
#3965=VERTEX_POINT('',#10832);
#3966=VERTEX_POINT('',#10834);
#3967=VERTEX_POINT('',#10836);
#3968=VERTEX_POINT('',#10840);
#3969=VERTEX_POINT('',#10841);
#3970=VERTEX_POINT('',#10846);
#3971=VERTEX_POINT('',#10847);
#3972=VERTEX_POINT('',#10852);
#3973=VERTEX_POINT('',#10853);
#3974=VERTEX_POINT('',#10858);
#3975=VERTEX_POINT('',#10859);
#3976=VERTEX_POINT('',#10864);
#3977=VERTEX_POINT('',#10865);
#3978=VERTEX_POINT('',#10870);
#3979=VERTEX_POINT('',#10872);
#3980=VERTEX_POINT('',#10876);
#3981=VERTEX_POINT('',#10878);
#3982=VERTEX_POINT('',#10883);
#3983=VERTEX_POINT('',#10887);
#3984=VERTEX_POINT('',#10891);
#3985=VERTEX_POINT('',#10895);
#3986=VERTEX_POINT('',#10899);
#3987=VERTEX_POINT('',#10900);
#3988=VERTEX_POINT('',#10905);
#3989=VERTEX_POINT('',#10906);
#3990=VERTEX_POINT('',#10908);
#3991=VERTEX_POINT('',#10910);
#3992=VERTEX_POINT('',#10914);
#3993=VERTEX_POINT('',#10915);
#3994=VERTEX_POINT('',#10920);
#3995=VERTEX_POINT('',#10921);
#3996=VERTEX_POINT('',#10926);
#3997=VERTEX_POINT('',#10927);
#3998=VERTEX_POINT('',#10935);
#3999=VERTEX_POINT('',#10936);
#4000=VERTEX_POINT('',#10942);
#4001=VERTEX_POINT('',#10946);
#4002=VERTEX_POINT('',#10953);
#4003=VERTEX_POINT('',#10955);
#4004=VERTEX_POINT('',#10961);
#4005=VERTEX_POINT('',#10965);
#4006=VERTEX_POINT('',#10969);
#4007=VERTEX_POINT('',#10973);
#4008=VERTEX_POINT('',#10977);
#4009=EDGE_CURVE('',#3383,#3384,#5078,.T.);
#4010=EDGE_CURVE('',#3385,#3384,#5079,.T.);
#4011=EDGE_CURVE('',#3386,#3385,#5080,.T.);
#4012=EDGE_CURVE('',#3386,#3383,#5081,.T.);
#4013=EDGE_CURVE('',#3387,#3388,#5082,.T.);
#4014=EDGE_CURVE('',#3384,#3388,#5083,.T.);
#4015=EDGE_CURVE('',#3383,#3387,#5084,.T.);
#4016=EDGE_CURVE('',#3389,#3390,#5085,.T.);
#4017=EDGE_CURVE('',#3388,#3390,#5086,.T.);
#4018=EDGE_CURVE('',#3387,#3389,#5087,.T.);
#4019=EDGE_CURVE('',#3391,#3392,#5088,.T.);
#4020=EDGE_CURVE('',#3390,#3392,#5089,.T.);
#4021=EDGE_CURVE('',#3389,#3391,#5090,.T.);
#4022=EDGE_CURVE('',#3392,#3393,#5091,.T.);
#4023=EDGE_CURVE('',#3391,#3394,#5092,.T.);
#4024=EDGE_CURVE('',#3394,#3393,#5093,.T.);
#4025=EDGE_CURVE('',#3395,#3396,#5094,.T.);
#4026=EDGE_CURVE('',#3397,#3396,#5095,.T.);
#4027=EDGE_CURVE('',#3398,#3397,#5096,.T.);
#4028=EDGE_CURVE('',#3398,#3395,#5097,.T.);
#4029=EDGE_CURVE('',#3399,#3400,#5098,.T.);
#4030=EDGE_CURVE('',#3401,#3399,#5099,.T.);
#4031=EDGE_CURVE('',#3401,#3402,#5100,.T.);
#4032=EDGE_CURVE('',#3402,#3400,#5101,.T.);
#4033=EDGE_CURVE('',#3403,#3399,#5102,.T.);
#4034=EDGE_CURVE('',#3404,#3403,#5103,.T.);
#4035=EDGE_CURVE('',#3404,#3401,#5104,.T.);
#4036=EDGE_CURVE('',#3405,#3403,#5105,.T.);
#4037=EDGE_CURVE('',#3406,#3405,#5106,.T.);
#4038=EDGE_CURVE('',#3406,#3404,#5107,.T.);
#4039=EDGE_CURVE('',#3407,#3405,#5108,.T.);
#4040=EDGE_CURVE('',#3408,#3407,#5109,.T.);
#4041=EDGE_CURVE('',#3408,#3406,#5110,.T.);
#4042=EDGE_CURVE('',#3409,#3407,#5111,.T.);
#4043=EDGE_CURVE('',#3410,#3409,#5112,.T.);
#4044=EDGE_CURVE('',#3410,#3408,#5113,.T.);
#4045=EDGE_CURVE('',#3411,#3409,#5114,.T.);
#4046=EDGE_CURVE('',#3412,#3411,#5115,.T.);
#4047=EDGE_CURVE('',#3412,#3410,#5116,.T.);
#4048=EDGE_CURVE('',#3413,#3414,#5117,.T.);
#4049=EDGE_CURVE('',#3415,#3414,#5118,.T.);
#4050=EDGE_CURVE('',#3416,#3415,#5119,.T.);
#4051=EDGE_CURVE('',#3416,#3413,#5120,.T.);
#4052=EDGE_CURVE('',#3417,#3416,#5121,.T.);
#4053=EDGE_CURVE('',#3418,#3415,#5122,.T.);
#4054=EDGE_CURVE('',#3417,#3418,#5123,.T.);
#4055=EDGE_CURVE('',#3419,#3420,#5124,.T.);
#4056=EDGE_CURVE('',#3421,#3419,#5125,.T.);
#4057=EDGE_CURVE('',#3421,#3422,#5126,.T.);
#4058=EDGE_CURVE('',#3422,#3420,#5127,.T.);
#4059=EDGE_CURVE('',#3423,#3419,#5128,.T.);
#4060=EDGE_CURVE('',#3424,#3423,#5129,.T.);
#4061=EDGE_CURVE('',#3424,#3421,#5130,.T.);
#4062=EDGE_CURVE('',#3425,#3426,#5131,.T.);
#4063=EDGE_CURVE('',#3427,#3425,#5132,.T.);
#4064=EDGE_CURVE('',#3427,#3428,#5133,.T.);
#4065=EDGE_CURVE('',#3428,#3426,#5134,.T.);
#4066=EDGE_CURVE('',#3429,#3424,#5135,.T.);
#4067=EDGE_CURVE('',#3430,#3423,#5136,.T.);
#4068=EDGE_CURVE('',#3429,#3430,#5137,.T.);
#4069=EDGE_CURVE('',#3431,#3432,#5138,.T.);
#4070=EDGE_CURVE('',#3433,#3432,#5139,.T.);
#4071=EDGE_CURVE('',#3434,#3433,#5140,.T.);
#4072=EDGE_CURVE('',#3434,#3431,#5141,.T.);
#4073=EDGE_CURVE('',#3435,#3436,#5142,.T.);
#4074=EDGE_CURVE('',#3437,#3436,#5143,.T.);
#4075=EDGE_CURVE('',#3438,#3437,#5144,.T.);
#4076=EDGE_CURVE('',#3438,#3435,#5145,.T.);
#4077=EDGE_CURVE('',#3439,#3434,#5146,.T.);
#4078=EDGE_CURVE('',#3440,#3433,#5147,.T.);
#4079=EDGE_CURVE('',#3439,#3440,#5148,.T.);
#4080=EDGE_CURVE('',#3441,#3442,#5149,.T.);
#4081=EDGE_CURVE('',#3441,#3443,#5150,.T.);
#4082=EDGE_CURVE('',#3443,#3444,#5151,.T.);
#4083=EDGE_CURVE('',#3442,#3444,#5152,.T.);
#4084=EDGE_CURVE('',#3445,#3446,#5153,.T.);
#4085=EDGE_CURVE('',#3445,#3443,#99,.T.);
#4086=EDGE_CURVE('',#3446,#3441,#100,.T.);
#4087=EDGE_CURVE('',#3447,#3448,#5154,.T.);
#4088=EDGE_CURVE('',#3448,#3449,#5155,.T.);
#4089=EDGE_CURVE('',#3450,#3449,#5156,.T.);
#4090=EDGE_CURVE('',#3447,#3450,#5157,.T.);
#4091=EDGE_CURVE('',#3451,#3452,#5158,.T.);
#4092=EDGE_CURVE('',#3449,#3452,#101,.T.);
#4093=EDGE_CURVE('',#3448,#3451,#102,.T.);
#4094=EDGE_CURVE('',#3453,#3454,#5159,.T.);
#4095=EDGE_CURVE('',#3452,#3454,#5160,.T.);
#4096=EDGE_CURVE('',#3451,#3453,#5161,.T.);
#4097=EDGE_CURVE('',#3454,#3455,#103,.T.);
#4098=EDGE_CURVE('',#3453,#3456,#104,.T.);
#4099=EDGE_CURVE('',#3456,#3455,#5162,.T.);
#4100=EDGE_CURVE('',#3457,#3458,#5163,.T.);
#4101=EDGE_CURVE('',#3458,#3459,#5164,.T.);
#4102=EDGE_CURVE('',#3460,#3459,#5165,.T.);
#4103=EDGE_CURVE('',#3457,#3460,#5166,.T.);
#4104=EDGE_CURVE('',#3461,#3462,#5167,.T.);
#4105=EDGE_CURVE('',#3459,#3462,#105,.T.);
#4106=EDGE_CURVE('',#3458,#3461,#106,.T.);
#4107=EDGE_CURVE('',#3463,#3464,#5168,.T.);
#4108=EDGE_CURVE('',#3462,#3464,#5169,.T.);
#4109=EDGE_CURVE('',#3461,#3463,#5170,.T.);
#4110=EDGE_CURVE('',#3464,#3465,#107,.T.);
#4111=EDGE_CURVE('',#3463,#3466,#108,.T.);
#4112=EDGE_CURVE('',#3466,#3465,#5171,.T.);
#4113=EDGE_CURVE('',#3467,#3468,#5172,.T.);
#4114=EDGE_CURVE('',#3469,#3467,#5173,.T.);
#4115=EDGE_CURVE('',#3469,#3468,#5174,.T.);
#4116=EDGE_CURVE('',#3470,#3467,#5175,.T.);
#4117=EDGE_CURVE('',#3471,#3470,#5176,.T.);
#4118=EDGE_CURVE('',#3471,#3469,#5177,.T.);
#4119=EDGE_CURVE('',#3472,#3470,#5178,.T.);
#4120=EDGE_CURVE('',#3473,#3472,#5179,.T.);
#4121=EDGE_CURVE('',#3473,#3471,#5180,.T.);
#4122=EDGE_CURVE('',#3474,#3475,#5181,.T.);
#4123=EDGE_CURVE('',#3474,#3476,#5182,.T.);
#4124=EDGE_CURVE('',#3476,#3468,#5183,.T.);
#4125=EDGE_CURVE('',#3468,#3475,#5184,.T.);
#4126=EDGE_CURVE('',#3477,#3478,#5185,.T.);
#4127=EDGE_CURVE('',#3478,#3479,#5186,.T.);
#4128=EDGE_CURVE('',#3480,#3479,#5187,.T.);
#4129=EDGE_CURVE('',#3480,#3477,#5188,.T.);
#4130=EDGE_CURVE('',#3481,#3477,#5189,.T.);
#4131=EDGE_CURVE('',#3482,#3480,#5190,.T.);
#4132=EDGE_CURVE('',#3482,#3483,#5191,.T.);
#4133=EDGE_CURVE('',#3483,#3481,#5192,.T.);
#4134=EDGE_CURVE('',#3481,#3484,#5193,.T.);
#4135=EDGE_CURVE('',#3477,#3484,#5194,.T.);
#4136=EDGE_CURVE('',#3484,#3472,#5195,.T.);
#4137=EDGE_CURVE('',#3473,#3481,#5196,.T.);
#4138=EDGE_CURVE('',#3485,#3483,#5197,.T.);
#4139=EDGE_CURVE('',#3485,#3469,#5198,.T.);
#4140=EDGE_CURVE('',#3485,#3486,#5199,.T.);
#4141=EDGE_CURVE('',#3486,#3475,#5200,.T.);
#4142=EDGE_CURVE('',#3487,#3488,#5201,.T.);
#4143=EDGE_CURVE('',#3489,#3488,#5202,.T.);
#4144=EDGE_CURVE('',#3490,#3489,#5203,.T.);
#4145=EDGE_CURVE('',#3490,#3491,#5204,.T.);
#4146=EDGE_CURVE('',#3491,#3492,#5205,.T.);
#4147=EDGE_CURVE('',#3492,#3493,#5206,.T.);
#4148=EDGE_CURVE('',#3494,#3493,#5207,.T.);
#4149=EDGE_CURVE('',#3487,#3494,#5208,.T.);
#4150=EDGE_CURVE('',#3495,#3496,#5209,.T.);
#4151=EDGE_CURVE('',#3496,#3497,#5210,.T.);
#4152=EDGE_CURVE('',#3498,#3497,#5211,.T.);
#4153=EDGE_CURVE('',#3495,#3498,#5212,.T.);
#4154=EDGE_CURVE('',#3499,#3500,#5213,.T.);
#4155=EDGE_CURVE('',#3500,#3496,#5214,.T.);
#4156=EDGE_CURVE('',#3499,#3495,#5215,.T.);
#4157=EDGE_CURVE('',#3501,#3502,#5216,.T.);
#4158=EDGE_CURVE('',#3502,#3500,#5217,.T.);
#4159=EDGE_CURVE('',#3501,#3499,#5218,.T.);
#4160=EDGE_CURVE('',#3503,#3504,#5219,.T.);
#4161=EDGE_CURVE('',#3504,#3502,#5220,.T.);
#4162=EDGE_CURVE('',#3503,#3501,#5221,.T.);
#4163=EDGE_CURVE('',#3505,#3506,#5222,.T.);
#4164=EDGE_CURVE('',#3506,#3504,#5223,.T.);
#4165=EDGE_CURVE('',#3505,#3503,#5224,.T.);
#4166=EDGE_CURVE('',#3507,#3508,#5225,.T.);
#4167=EDGE_CURVE('',#3508,#3506,#5226,.T.);
#4168=EDGE_CURVE('',#3507,#3505,#5227,.T.);
#4169=EDGE_CURVE('',#3509,#3510,#5228,.T.);
#4170=EDGE_CURVE('',#3510,#3508,#5229,.T.);
#4171=EDGE_CURVE('',#3509,#3507,#5230,.T.);
#4172=EDGE_CURVE('',#3492,#3511,#5231,.T.);
#4173=EDGE_CURVE('',#3511,#3512,#5232,.T.);
#4174=EDGE_CURVE('',#3497,#3512,#5233,.T.);
#4175=EDGE_CURVE('',#3493,#3510,#5234,.T.);
#4176=EDGE_CURVE('',#3513,#3514,#5235,.T.);
#4177=EDGE_CURVE('',#3515,#3514,#5236,.T.);
#4178=EDGE_CURVE('',#3516,#3515,#109,.T.);
#4179=EDGE_CURVE('',#3517,#3516,#5237,.T.);
#4180=EDGE_CURVE('',#3518,#3517,#5238,.T.);
#4181=EDGE_CURVE('',#3519,#3518,#5239,.T.);
#4182=EDGE_CURVE('',#3513,#3519,#5240,.T.);
#4183=EDGE_CURVE('',#3520,#3511,#5241,.T.);
#4184=EDGE_CURVE('',#3520,#3521,#5242,.T.);
#4185=EDGE_CURVE('',#3521,#3512,#5243,.T.);
#4186=EDGE_CURVE('',#3522,#3523,#5244,.T.);
#4187=EDGE_CURVE('',#3524,#3523,#5245,.T.);
#4188=EDGE_CURVE('',#3525,#3524,#5246,.T.);
#4189=EDGE_CURVE('',#3525,#3522,#5247,.T.);
#4190=EDGE_CURVE('',#3521,#3474,#5248,.T.);
#4191=EDGE_CURVE('',#3526,#3486,#5249,.T.);
#4192=EDGE_CURVE('',#3526,#3523,#5250,.T.);
#4193=EDGE_CURVE('',#3498,#3522,#5251,.T.);
#4194=EDGE_CURVE('',#3527,#3526,#5252,.T.);
#4195=EDGE_CURVE('',#3528,#3527,#5253,.T.);
#4196=EDGE_CURVE('',#3529,#3528,#5254,.T.);
#4197=EDGE_CURVE('',#3489,#3529,#5255,.T.);
#4198=EDGE_CURVE('',#3488,#3524,#5256,.T.);
#4199=EDGE_CURVE('',#3530,#3531,#5257,.T.);
#4200=EDGE_CURVE('',#3531,#3532,#5258,.T.);
#4201=EDGE_CURVE('',#3533,#3532,#5259,.T.);
#4202=EDGE_CURVE('',#3530,#3533,#5260,.T.);
#4203=EDGE_CURVE('',#3534,#3535,#5261,.T.);
#4204=EDGE_CURVE('',#3532,#3535,#110,.T.);
#4205=EDGE_CURVE('',#3531,#3534,#111,.T.);
#4206=EDGE_CURVE('',#3535,#3536,#5262,.T.);
#4207=EDGE_CURVE('',#3534,#3537,#5263,.T.);
#4208=EDGE_CURVE('',#3537,#3536,#5264,.T.);
#4209=EDGE_CURVE('',#3538,#3539,#5265,.T.);
#4210=EDGE_CURVE('',#3540,#3539,#5266,.T.);
#4211=EDGE_CURVE('',#3541,#3540,#5267,.T.);
#4212=EDGE_CURVE('',#3541,#3538,#5268,.T.);
#4213=EDGE_CURVE('',#3542,#3543,#5269,.T.);
#4214=EDGE_CURVE('',#3544,#3542,#5270,.T.);
#4215=EDGE_CURVE('',#3544,#3545,#5271,.T.);
#4216=EDGE_CURVE('',#3545,#3543,#5272,.T.);
#4217=EDGE_CURVE('',#3546,#3547,#5273,.T.);
#4218=EDGE_CURVE('',#3547,#3548,#5274,.T.);
#4219=EDGE_CURVE('',#3549,#3548,#5275,.T.);
#4220=EDGE_CURVE('',#3546,#3549,#5276,.T.);
#4221=EDGE_CURVE('',#3550,#3551,#5277,.T.);
#4222=EDGE_CURVE('',#3548,#3551,#5278,.T.);
#4223=EDGE_CURVE('',#3547,#3550,#5279,.T.);
#4224=EDGE_CURVE('',#3552,#3541,#5280,.T.);
#4225=EDGE_CURVE('',#3553,#3540,#5281,.T.);
#4226=EDGE_CURVE('',#3552,#3553,#5282,.T.);
#4227=EDGE_CURVE('',#3551,#3554,#5283,.T.);
#4228=EDGE_CURVE('',#3550,#3555,#5284,.T.);
#4229=EDGE_CURVE('',#3555,#3554,#5285,.T.);
#4230=EDGE_CURVE('',#3556,#3557,#5286,.T.);
#4231=EDGE_CURVE('',#3557,#3558,#5287,.T.);
#4232=EDGE_CURVE('',#3559,#3558,#5288,.T.);
#4233=EDGE_CURVE('',#3556,#3559,#5289,.T.);
#4234=EDGE_CURVE('',#3560,#3561,#5290,.T.);
#4235=EDGE_CURVE('',#3558,#3561,#112,.T.);
#4236=EDGE_CURVE('',#3557,#3560,#113,.T.);
#4237=EDGE_CURVE('',#3561,#3562,#5291,.T.);
#4238=EDGE_CURVE('',#3560,#3563,#5292,.T.);
#4239=EDGE_CURVE('',#3563,#3562,#5293,.T.);
#4240=EDGE_CURVE('',#3564,#3565,#5294,.T.);
#4241=EDGE_CURVE('',#3565,#3566,#5295,.T.);
#4242=EDGE_CURVE('',#3567,#3566,#5296,.T.);
#4243=EDGE_CURVE('',#3564,#3567,#5297,.T.);
#4244=EDGE_CURVE('',#3568,#3569,#5298,.T.);
#4245=EDGE_CURVE('',#3566,#3569,#114,.T.);
#4246=EDGE_CURVE('',#3565,#3568,#115,.T.);
#4247=EDGE_CURVE('',#3570,#3571,#5299,.T.);
#4248=EDGE_CURVE('',#3569,#3571,#5300,.T.);
#4249=EDGE_CURVE('',#3568,#3570,#5301,.T.);
#4250=EDGE_CURVE('',#3571,#3572,#116,.T.);
#4251=EDGE_CURVE('',#3570,#3573,#117,.T.);
#4252=EDGE_CURVE('',#3573,#3572,#5302,.T.);
#4253=EDGE_CURVE('',#3574,#3575,#5303,.T.);
#4254=EDGE_CURVE('',#3576,#3575,#5304,.T.);
#4255=EDGE_CURVE('',#3577,#3576,#5305,.T.);
#4256=EDGE_CURVE('',#3577,#3574,#5306,.T.);
#4257=EDGE_CURVE('',#3578,#3579,#5307,.T.);
#4258=EDGE_CURVE('',#3575,#3579,#5308,.T.);
#4259=EDGE_CURVE('',#3574,#3578,#5309,.T.);
#4260=EDGE_CURVE('',#3580,#3581,#5310,.T.);
#4261=EDGE_CURVE('',#3579,#3581,#5311,.T.);
#4262=EDGE_CURVE('',#3578,#3580,#5312,.T.);
#4263=EDGE_CURVE('',#3582,#3583,#5313,.T.);
#4264=EDGE_CURVE('',#3581,#3583,#5314,.T.);
#4265=EDGE_CURVE('',#3580,#3582,#5315,.T.);
#4266=EDGE_CURVE('',#3583,#3584,#5316,.T.);
#4267=EDGE_CURVE('',#3582,#3585,#5317,.T.);
#4268=EDGE_CURVE('',#3585,#3584,#5318,.T.);
#4269=EDGE_CURVE('',#3542,#3539,#5319,.T.);
#4270=EDGE_CURVE('',#3543,#3553,#5320,.T.);
#4271=EDGE_CURVE('',#3549,#3554,#5321,.T.);
#4272=EDGE_CURVE('',#3559,#3562,#5322,.T.);
#4273=EDGE_CURVE('',#3572,#3567,#5323,.T.);
#4274=EDGE_CURVE('',#3586,#3576,#5324,.T.);
#4275=EDGE_CURVE('',#3587,#3584,#5325,.T.);
#4276=EDGE_CURVE('',#3587,#3588,#5326,.T.);
#4277=EDGE_CURVE('',#3589,#3588,#5327,.T.);
#4278=EDGE_CURVE('',#3586,#3589,#5328,.T.);
#4279=EDGE_CURVE('',#3590,#3577,#5329,.T.);
#4280=EDGE_CURVE('',#3590,#3586,#5330,.T.);
#4281=EDGE_CURVE('',#3544,#3538,#5331,.T.);
#4282=EDGE_CURVE('',#3545,#3552,#5332,.T.);
#4283=EDGE_CURVE('',#3546,#3555,#5333,.T.);
#4284=EDGE_CURVE('',#3556,#3563,#5334,.T.);
#4285=EDGE_CURVE('',#3573,#3564,#5335,.T.);
#4286=EDGE_CURVE('',#3591,#3592,#5336,.T.);
#4287=EDGE_CURVE('',#3593,#3592,#5337,.T.);
#4288=EDGE_CURVE('',#3593,#3585,#5338,.T.);
#4289=EDGE_CURVE('',#3590,#3591,#5339,.T.);
#4290=EDGE_CURVE('',#3594,#3595,#5340,.T.);
#4291=EDGE_CURVE('',#3596,#3595,#5341,.T.);
#4292=EDGE_CURVE('',#3597,#3596,#5342,.T.);
#4293=EDGE_CURVE('',#3597,#3594,#5343,.T.);
#4294=EDGE_CURVE('',#3598,#3599,#5344,.T.);
#4295=EDGE_CURVE('',#3600,#3598,#5345,.T.);
#4296=EDGE_CURVE('',#3600,#3601,#5346,.T.);
#4297=EDGE_CURVE('',#3601,#3599,#5347,.T.);
#4298=EDGE_CURVE('',#3602,#3603,#5348,.T.);
#4299=EDGE_CURVE('',#3603,#3604,#5349,.T.);
#4300=EDGE_CURVE('',#3605,#3604,#5350,.T.);
#4301=EDGE_CURVE('',#3602,#3605,#5351,.T.);
#4302=EDGE_CURVE('',#3606,#3607,#5352,.T.);
#4303=EDGE_CURVE('',#3604,#3607,#5353,.T.);
#4304=EDGE_CURVE('',#3603,#3606,#5354,.T.);
#4305=EDGE_CURVE('',#3608,#3597,#5355,.T.);
#4306=EDGE_CURVE('',#3609,#3596,#5356,.T.);
#4307=EDGE_CURVE('',#3608,#3609,#5357,.T.);
#4308=EDGE_CURVE('',#3607,#3610,#5358,.T.);
#4309=EDGE_CURVE('',#3606,#3611,#5359,.T.);
#4310=EDGE_CURVE('',#3611,#3610,#5360,.T.);
#4311=EDGE_CURVE('',#3612,#3613,#5361,.T.);
#4312=EDGE_CURVE('',#3613,#3614,#5362,.T.);
#4313=EDGE_CURVE('',#3615,#3614,#5363,.T.);
#4314=EDGE_CURVE('',#3612,#3615,#5364,.T.);
#4315=EDGE_CURVE('',#3616,#3617,#5365,.T.);
#4316=EDGE_CURVE('',#3614,#3617,#118,.T.);
#4317=EDGE_CURVE('',#3613,#3616,#119,.T.);
#4318=EDGE_CURVE('',#3617,#3618,#5366,.T.);
#4319=EDGE_CURVE('',#3616,#3619,#5367,.T.);
#4320=EDGE_CURVE('',#3619,#3618,#5368,.T.);
#4321=EDGE_CURVE('',#3620,#3621,#5369,.T.);
#4322=EDGE_CURVE('',#3621,#3622,#5370,.T.);
#4323=EDGE_CURVE('',#3623,#3622,#5371,.T.);
#4324=EDGE_CURVE('',#3620,#3623,#5372,.T.);
#4325=EDGE_CURVE('',#3624,#3625,#5373,.T.);
#4326=EDGE_CURVE('',#3622,#3625,#120,.T.);
#4327=EDGE_CURVE('',#3621,#3624,#121,.T.);
#4328=EDGE_CURVE('',#3626,#3627,#5374,.T.);
#4329=EDGE_CURVE('',#3625,#3627,#5375,.T.);
#4330=EDGE_CURVE('',#3624,#3626,#5376,.T.);
#4331=EDGE_CURVE('',#3627,#3628,#122,.T.);
#4332=EDGE_CURVE('',#3626,#3629,#123,.T.);
#4333=EDGE_CURVE('',#3629,#3628,#5377,.T.);
#4334=EDGE_CURVE('',#3630,#3631,#5378,.T.);
#4335=EDGE_CURVE('',#3632,#3631,#5379,.T.);
#4336=EDGE_CURVE('',#3633,#3632,#5380,.T.);
#4337=EDGE_CURVE('',#3633,#3630,#5381,.T.);
#4338=EDGE_CURVE('',#3634,#3635,#5382,.T.);
#4339=EDGE_CURVE('',#3631,#3635,#5383,.T.);
#4340=EDGE_CURVE('',#3630,#3634,#5384,.T.);
#4341=EDGE_CURVE('',#3636,#3637,#5385,.T.);
#4342=EDGE_CURVE('',#3635,#3637,#5386,.T.);
#4343=EDGE_CURVE('',#3634,#3636,#5387,.T.);
#4344=EDGE_CURVE('',#3638,#3639,#5388,.T.);
#4345=EDGE_CURVE('',#3637,#3639,#5389,.T.);
#4346=EDGE_CURVE('',#3636,#3638,#5390,.T.);
#4347=EDGE_CURVE('',#3639,#3640,#5391,.T.);
#4348=EDGE_CURVE('',#3638,#3641,#5392,.T.);
#4349=EDGE_CURVE('',#3641,#3640,#5393,.T.);
#4350=EDGE_CURVE('',#3598,#3595,#5394,.T.);
#4351=EDGE_CURVE('',#3599,#3609,#5395,.T.);
#4352=EDGE_CURVE('',#3605,#3610,#5396,.T.);
#4353=EDGE_CURVE('',#3615,#3618,#5397,.T.);
#4354=EDGE_CURVE('',#3628,#3623,#5398,.T.);
#4355=EDGE_CURVE('',#3642,#3632,#5399,.T.);
#4356=EDGE_CURVE('',#3643,#3640,#5400,.T.);
#4357=EDGE_CURVE('',#3643,#3644,#5401,.T.);
#4358=EDGE_CURVE('',#3645,#3644,#5402,.T.);
#4359=EDGE_CURVE('',#3642,#3645,#5403,.T.);
#4360=EDGE_CURVE('',#3646,#3633,#5404,.T.);
#4361=EDGE_CURVE('',#3646,#3642,#5405,.T.);
#4362=EDGE_CURVE('',#3600,#3594,#5406,.T.);
#4363=EDGE_CURVE('',#3601,#3608,#5407,.T.);
#4364=EDGE_CURVE('',#3602,#3611,#5408,.T.);
#4365=EDGE_CURVE('',#3612,#3619,#5409,.T.);
#4366=EDGE_CURVE('',#3629,#3620,#5410,.T.);
#4367=EDGE_CURVE('',#3647,#3648,#5411,.T.);
#4368=EDGE_CURVE('',#3649,#3648,#5412,.T.);
#4369=EDGE_CURVE('',#3649,#3641,#5413,.T.);
#4370=EDGE_CURVE('',#3646,#3647,#5414,.T.);
#4371=EDGE_CURVE('',#3650,#3651,#5415,.T.);
#4372=EDGE_CURVE('',#3652,#3651,#5416,.T.);
#4373=EDGE_CURVE('',#3653,#3652,#5417,.T.);
#4374=EDGE_CURVE('',#3653,#3650,#5418,.T.);
#4375=EDGE_CURVE('',#3654,#3655,#5419,.T.);
#4376=EDGE_CURVE('',#3656,#3654,#5420,.T.);
#4377=EDGE_CURVE('',#3656,#3657,#5421,.T.);
#4378=EDGE_CURVE('',#3657,#3655,#5422,.T.);
#4379=EDGE_CURVE('',#3658,#3659,#5423,.T.);
#4380=EDGE_CURVE('',#3659,#3660,#5424,.T.);
#4381=EDGE_CURVE('',#3661,#3660,#5425,.T.);
#4382=EDGE_CURVE('',#3658,#3661,#5426,.T.);
#4383=EDGE_CURVE('',#3662,#3663,#5427,.T.);
#4384=EDGE_CURVE('',#3660,#3663,#5428,.T.);
#4385=EDGE_CURVE('',#3659,#3662,#5429,.T.);
#4386=EDGE_CURVE('',#3664,#3653,#5430,.T.);
#4387=EDGE_CURVE('',#3665,#3652,#5431,.T.);
#4388=EDGE_CURVE('',#3664,#3665,#5432,.T.);
#4389=EDGE_CURVE('',#3663,#3666,#5433,.T.);
#4390=EDGE_CURVE('',#3662,#3667,#5434,.T.);
#4391=EDGE_CURVE('',#3667,#3666,#5435,.T.);
#4392=EDGE_CURVE('',#3668,#3669,#5436,.T.);
#4393=EDGE_CURVE('',#3669,#3670,#5437,.T.);
#4394=EDGE_CURVE('',#3671,#3670,#5438,.T.);
#4395=EDGE_CURVE('',#3668,#3671,#5439,.T.);
#4396=EDGE_CURVE('',#3672,#3673,#5440,.T.);
#4397=EDGE_CURVE('',#3670,#3673,#124,.T.);
#4398=EDGE_CURVE('',#3669,#3672,#125,.T.);
#4399=EDGE_CURVE('',#3673,#3674,#5441,.T.);
#4400=EDGE_CURVE('',#3672,#3675,#5442,.T.);
#4401=EDGE_CURVE('',#3675,#3674,#5443,.T.);
#4402=EDGE_CURVE('',#3676,#3677,#5444,.T.);
#4403=EDGE_CURVE('',#3677,#3678,#5445,.T.);
#4404=EDGE_CURVE('',#3679,#3678,#5446,.T.);
#4405=EDGE_CURVE('',#3676,#3679,#5447,.T.);
#4406=EDGE_CURVE('',#3680,#3681,#5448,.T.);
#4407=EDGE_CURVE('',#3678,#3681,#126,.T.);
#4408=EDGE_CURVE('',#3677,#3680,#127,.T.);
#4409=EDGE_CURVE('',#3682,#3683,#5449,.T.);
#4410=EDGE_CURVE('',#3681,#3683,#5450,.T.);
#4411=EDGE_CURVE('',#3680,#3682,#5451,.T.);
#4412=EDGE_CURVE('',#3683,#3684,#128,.T.);
#4413=EDGE_CURVE('',#3682,#3685,#129,.T.);
#4414=EDGE_CURVE('',#3685,#3684,#5452,.T.);
#4415=EDGE_CURVE('',#3686,#3687,#5453,.T.);
#4416=EDGE_CURVE('',#3688,#3687,#5454,.T.);
#4417=EDGE_CURVE('',#3689,#3688,#5455,.T.);
#4418=EDGE_CURVE('',#3689,#3686,#5456,.T.);
#4419=EDGE_CURVE('',#3690,#3691,#5457,.T.);
#4420=EDGE_CURVE('',#3687,#3691,#5458,.T.);
#4421=EDGE_CURVE('',#3686,#3690,#5459,.T.);
#4422=EDGE_CURVE('',#3692,#3693,#5460,.T.);
#4423=EDGE_CURVE('',#3691,#3693,#5461,.T.);
#4424=EDGE_CURVE('',#3690,#3692,#5462,.T.);
#4425=EDGE_CURVE('',#3694,#3695,#5463,.T.);
#4426=EDGE_CURVE('',#3693,#3695,#5464,.T.);
#4427=EDGE_CURVE('',#3692,#3694,#5465,.T.);
#4428=EDGE_CURVE('',#3695,#3696,#5466,.T.);
#4429=EDGE_CURVE('',#3694,#3697,#5467,.T.);
#4430=EDGE_CURVE('',#3697,#3696,#5468,.T.);
#4431=EDGE_CURVE('',#3654,#3651,#5469,.T.);
#4432=EDGE_CURVE('',#3655,#3665,#5470,.T.);
#4433=EDGE_CURVE('',#3661,#3666,#5471,.T.);
#4434=EDGE_CURVE('',#3671,#3674,#5472,.T.);
#4435=EDGE_CURVE('',#3684,#3679,#5473,.T.);
#4436=EDGE_CURVE('',#3698,#3688,#5474,.T.);
#4437=EDGE_CURVE('',#3699,#3696,#5475,.T.);
#4438=EDGE_CURVE('',#3699,#3700,#5476,.T.);
#4439=EDGE_CURVE('',#3701,#3700,#5477,.T.);
#4440=EDGE_CURVE('',#3698,#3701,#5478,.T.);
#4441=EDGE_CURVE('',#3702,#3689,#5479,.T.);
#4442=EDGE_CURVE('',#3702,#3698,#5480,.T.);
#4443=EDGE_CURVE('',#3656,#3650,#5481,.T.);
#4444=EDGE_CURVE('',#3657,#3664,#5482,.T.);
#4445=EDGE_CURVE('',#3658,#3667,#5483,.T.);
#4446=EDGE_CURVE('',#3668,#3675,#5484,.T.);
#4447=EDGE_CURVE('',#3685,#3676,#5485,.T.);
#4448=EDGE_CURVE('',#3703,#3704,#5486,.T.);
#4449=EDGE_CURVE('',#3705,#3704,#5487,.T.);
#4450=EDGE_CURVE('',#3705,#3697,#5488,.T.);
#4451=EDGE_CURVE('',#3702,#3703,#5489,.T.);
#4452=EDGE_CURVE('',#3706,#3707,#5490,.T.);
#4453=EDGE_CURVE('',#3708,#3707,#5491,.T.);
#4454=EDGE_CURVE('',#3709,#3708,#5492,.T.);
#4455=EDGE_CURVE('',#3709,#3706,#5493,.T.);
#4456=EDGE_CURVE('',#3710,#3711,#5494,.T.);
#4457=EDGE_CURVE('',#3712,#3710,#5495,.T.);
#4458=EDGE_CURVE('',#3712,#3713,#5496,.T.);
#4459=EDGE_CURVE('',#3713,#3711,#5497,.T.);
#4460=EDGE_CURVE('',#3714,#3715,#5498,.T.);
#4461=EDGE_CURVE('',#3715,#3716,#5499,.T.);
#4462=EDGE_CURVE('',#3717,#3716,#5500,.T.);
#4463=EDGE_CURVE('',#3714,#3717,#5501,.T.);
#4464=EDGE_CURVE('',#3718,#3719,#5502,.T.);
#4465=EDGE_CURVE('',#3716,#3719,#5503,.T.);
#4466=EDGE_CURVE('',#3715,#3718,#5504,.T.);
#4467=EDGE_CURVE('',#3720,#3709,#5505,.T.);
#4468=EDGE_CURVE('',#3721,#3708,#5506,.T.);
#4469=EDGE_CURVE('',#3720,#3721,#5507,.T.);
#4470=EDGE_CURVE('',#3719,#3722,#5508,.T.);
#4471=EDGE_CURVE('',#3718,#3723,#5509,.T.);
#4472=EDGE_CURVE('',#3723,#3722,#5510,.T.);
#4473=EDGE_CURVE('',#3724,#3725,#5511,.T.);
#4474=EDGE_CURVE('',#3725,#3726,#5512,.T.);
#4475=EDGE_CURVE('',#3727,#3726,#5513,.T.);
#4476=EDGE_CURVE('',#3724,#3727,#5514,.T.);
#4477=EDGE_CURVE('',#3728,#3729,#5515,.T.);
#4478=EDGE_CURVE('',#3726,#3729,#130,.T.);
#4479=EDGE_CURVE('',#3725,#3728,#131,.T.);
#4480=EDGE_CURVE('',#3729,#3730,#5516,.T.);
#4481=EDGE_CURVE('',#3728,#3731,#5517,.T.);
#4482=EDGE_CURVE('',#3731,#3730,#5518,.T.);
#4483=EDGE_CURVE('',#3732,#3733,#5519,.T.);
#4484=EDGE_CURVE('',#3733,#3734,#5520,.T.);
#4485=EDGE_CURVE('',#3735,#3734,#5521,.T.);
#4486=EDGE_CURVE('',#3732,#3735,#5522,.T.);
#4487=EDGE_CURVE('',#3736,#3737,#5523,.T.);
#4488=EDGE_CURVE('',#3734,#3737,#132,.T.);
#4489=EDGE_CURVE('',#3733,#3736,#133,.T.);
#4490=EDGE_CURVE('',#3738,#3739,#5524,.T.);
#4491=EDGE_CURVE('',#3737,#3739,#5525,.T.);
#4492=EDGE_CURVE('',#3736,#3738,#5526,.T.);
#4493=EDGE_CURVE('',#3739,#3740,#134,.T.);
#4494=EDGE_CURVE('',#3738,#3741,#135,.T.);
#4495=EDGE_CURVE('',#3741,#3740,#5527,.T.);
#4496=EDGE_CURVE('',#3742,#3743,#5528,.T.);
#4497=EDGE_CURVE('',#3744,#3743,#5529,.T.);
#4498=EDGE_CURVE('',#3745,#3744,#5530,.T.);
#4499=EDGE_CURVE('',#3745,#3742,#5531,.T.);
#4500=EDGE_CURVE('',#3746,#3747,#5532,.T.);
#4501=EDGE_CURVE('',#3743,#3747,#5533,.T.);
#4502=EDGE_CURVE('',#3742,#3746,#5534,.T.);
#4503=EDGE_CURVE('',#3748,#3749,#5535,.T.);
#4504=EDGE_CURVE('',#3747,#3749,#5536,.T.);
#4505=EDGE_CURVE('',#3746,#3748,#5537,.T.);
#4506=EDGE_CURVE('',#3750,#3751,#5538,.T.);
#4507=EDGE_CURVE('',#3749,#3751,#5539,.T.);
#4508=EDGE_CURVE('',#3748,#3750,#5540,.T.);
#4509=EDGE_CURVE('',#3751,#3752,#5541,.T.);
#4510=EDGE_CURVE('',#3750,#3753,#5542,.T.);
#4511=EDGE_CURVE('',#3753,#3752,#5543,.T.);
#4512=EDGE_CURVE('',#3710,#3707,#5544,.T.);
#4513=EDGE_CURVE('',#3711,#3721,#5545,.T.);
#4514=EDGE_CURVE('',#3717,#3722,#5546,.T.);
#4515=EDGE_CURVE('',#3727,#3730,#5547,.T.);
#4516=EDGE_CURVE('',#3740,#3735,#5548,.T.);
#4517=EDGE_CURVE('',#3754,#3744,#5549,.T.);
#4518=EDGE_CURVE('',#3755,#3752,#5550,.T.);
#4519=EDGE_CURVE('',#3755,#3756,#5551,.T.);
#4520=EDGE_CURVE('',#3757,#3756,#5552,.T.);
#4521=EDGE_CURVE('',#3754,#3757,#5553,.T.);
#4522=EDGE_CURVE('',#3758,#3745,#5554,.T.);
#4523=EDGE_CURVE('',#3758,#3754,#5555,.T.);
#4524=EDGE_CURVE('',#3712,#3706,#5556,.T.);
#4525=EDGE_CURVE('',#3713,#3720,#5557,.T.);
#4526=EDGE_CURVE('',#3714,#3723,#5558,.T.);
#4527=EDGE_CURVE('',#3724,#3731,#5559,.T.);
#4528=EDGE_CURVE('',#3741,#3732,#5560,.T.);
#4529=EDGE_CURVE('',#3759,#3760,#5561,.T.);
#4530=EDGE_CURVE('',#3761,#3760,#5562,.T.);
#4531=EDGE_CURVE('',#3761,#3753,#5563,.T.);
#4532=EDGE_CURVE('',#3758,#3759,#5564,.T.);
#4533=EDGE_CURVE('',#3762,#3763,#5565,.T.);
#4534=EDGE_CURVE('',#3764,#3763,#5566,.T.);
#4535=EDGE_CURVE('',#3765,#3764,#5567,.T.);
#4536=EDGE_CURVE('',#3765,#3762,#5568,.T.);
#4537=EDGE_CURVE('',#3766,#3767,#5569,.T.);
#4538=EDGE_CURVE('',#3763,#3767,#136,.T.);
#4539=EDGE_CURVE('',#3762,#3766,#137,.T.);
#4540=EDGE_CURVE('',#3768,#3769,#5570,.T.);
#4541=EDGE_CURVE('',#3767,#3769,#5571,.T.);
#4542=EDGE_CURVE('',#3766,#3768,#5572,.T.);
#4543=EDGE_CURVE('',#3533,#3536,#5573,.T.);
#4544=EDGE_CURVE('',#3530,#3537,#5574,.T.);
#4545=EDGE_CURVE('',#3764,#3769,#5575,.T.);
#4546=EDGE_CURVE('',#3765,#3768,#5576,.T.);
#4547=EDGE_CURVE('',#3770,#3771,#5577,.T.);
#4548=EDGE_CURVE('',#3772,#3771,#5578,.T.);
#4549=EDGE_CURVE('',#3773,#3772,#5579,.T.);
#4550=EDGE_CURVE('',#3773,#3770,#5580,.T.);
#4551=EDGE_CURVE('',#3774,#3772,#5581,.T.);
#4552=EDGE_CURVE('',#3771,#3775,#5582,.T.);
#4553=EDGE_CURVE('',#3775,#3774,#5583,.T.);
#4554=EDGE_CURVE('',#3776,#3774,#5584,.T.);
#4555=EDGE_CURVE('',#3777,#3776,#5585,.T.);
#4556=EDGE_CURVE('',#3777,#3778,#5586,.T.);
#4557=EDGE_CURVE('',#3773,#3778,#5587,.T.);
#4558=EDGE_CURVE('',#3528,#3777,#5588,.T.);
#4559=EDGE_CURVE('',#3527,#3778,#5589,.T.);
#4560=EDGE_CURVE('',#3779,#3780,#5590,.T.);
#4561=EDGE_CURVE('',#3781,#3780,#5591,.T.);
#4562=EDGE_CURVE('',#3782,#3781,#5592,.T.);
#4563=EDGE_CURVE('',#3782,#3779,#5593,.T.);
#4564=EDGE_CURVE('',#3783,#3781,#5594,.T.);
#4565=EDGE_CURVE('',#3529,#3783,#5595,.T.);
#4566=EDGE_CURVE('',#3784,#3776,#5596,.T.);
#4567=EDGE_CURVE('',#3784,#3782,#5597,.T.);
#4568=EDGE_CURVE('',#3455,#3450,#5598,.T.);
#4569=EDGE_CURVE('',#3456,#3447,#5599,.T.);
#4570=EDGE_CURVE('',#3465,#3460,#5600,.T.);
#4571=EDGE_CURVE('',#3466,#3457,#5601,.T.);
#4572=EDGE_CURVE('',#3784,#3775,#5602,.T.);
#4573=EDGE_CURVE('',#3779,#3770,#5603,.T.);
#4574=EDGE_CURVE('',#3785,#3482,#5604,.T.);
#4575=EDGE_CURVE('',#3780,#3785,#5605,.T.);
#4576=EDGE_CURVE('',#3786,#3787,#5606,.T.);
#4577=EDGE_CURVE('',#3787,#3788,#5607,.T.);
#4578=EDGE_CURVE('',#3788,#3789,#5608,.T.);
#4579=EDGE_CURVE('',#3789,#3783,#5609,.T.);
#4580=EDGE_CURVE('',#3785,#3786,#5610,.T.);
#4581=EDGE_CURVE('',#3790,#3791,#5611,.T.);
#4582=EDGE_CURVE('',#3792,#3791,#5612,.T.);
#4583=EDGE_CURVE('',#3793,#3792,#5613,.T.);
#4584=EDGE_CURVE('',#3790,#3793,#5614,.T.);
#4585=EDGE_CURVE('',#3794,#3795,#5615,.T.);
#4586=EDGE_CURVE('',#3795,#3796,#5616,.T.);
#4587=EDGE_CURVE('',#3797,#3796,#5617,.T.);
#4588=EDGE_CURVE('',#3797,#3794,#5618,.T.);
#4589=EDGE_CURVE('',#3793,#3798,#5619,.T.);
#4590=EDGE_CURVE('',#3799,#3798,#5620,.T.);
#4591=EDGE_CURVE('',#3799,#3800,#5621,.T.);
#4592=EDGE_CURVE('',#3801,#3800,#5622,.T.);
#4593=EDGE_CURVE('',#3801,#3790,#5623,.T.);
#4594=EDGE_CURVE('',#3797,#3802,#5624,.T.);
#4595=EDGE_CURVE('',#3802,#3803,#5625,.T.);
#4596=EDGE_CURVE('',#3803,#3804,#5626,.T.);
#4597=EDGE_CURVE('',#3804,#3805,#5627,.T.);
#4598=EDGE_CURVE('',#3805,#3794,#5628,.T.);
#4599=EDGE_CURVE('',#3806,#3807,#5629,.T.);
#4600=EDGE_CURVE('',#3808,#3807,#138,.T.);
#4601=EDGE_CURVE('',#3809,#3808,#5630,.T.);
#4602=EDGE_CURVE('',#3809,#3806,#139,.T.);
#4603=EDGE_CURVE('',#3810,#3811,#5631,.T.);
#4604=EDGE_CURVE('',#3810,#3812,#5632,.T.);
#4605=EDGE_CURVE('',#3812,#3813,#5633,.T.);
#4606=EDGE_CURVE('',#3811,#3813,#5634,.T.);
#4607=EDGE_CURVE('',#3814,#3810,#140,.T.);
#4608=EDGE_CURVE('',#3815,#3811,#141,.T.);
#4609=EDGE_CURVE('',#3814,#3815,#5635,.T.);
#4610=EDGE_CURVE('',#3816,#3817,#5636,.T.);
#4611=EDGE_CURVE('',#3818,#3816,#5637,.T.);
#4612=EDGE_CURVE('',#3818,#3819,#5638,.T.);
#4613=EDGE_CURVE('',#3819,#3817,#5639,.T.);
#4614=EDGE_CURVE('',#3820,#3821,#5640,.T.);
#4615=EDGE_CURVE('',#3822,#3821,#5641,.T.);
#4616=EDGE_CURVE('',#3823,#3822,#5642,.T.);
#4617=EDGE_CURVE('',#3823,#3820,#5643,.T.);
#4618=EDGE_CURVE('',#3824,#3825,#5644,.T.);
#4619=EDGE_CURVE('',#3824,#3818,#142,.T.);
#4620=EDGE_CURVE('',#3821,#3816,#143,.T.);
#4621=EDGE_CURVE('',#3820,#3825,#144,.T.);
#4622=EDGE_CURVE('',#3807,#3826,#5645,.T.);
#4623=EDGE_CURVE('',#3812,#3826,#145,.T.);
#4624=EDGE_CURVE('',#3819,#3814,#5646,.T.);
#4625=EDGE_CURVE('',#3808,#3824,#5647,.T.);
#4626=EDGE_CURVE('',#3813,#3822,#146,.T.);
#4627=EDGE_CURVE('',#3826,#3827,#5648,.T.);
#4628=EDGE_CURVE('',#3827,#3823,#147,.T.);
#4629=EDGE_CURVE('',#3817,#3828,#5649,.T.);
#4630=EDGE_CURVE('',#3829,#3828,#5650,.T.);
#4631=EDGE_CURVE('',#3830,#3829,#5651,.T.);
#4632=EDGE_CURVE('',#3831,#3830,#5652,.T.);
#4633=EDGE_CURVE('',#3831,#3815,#5653,.T.);
#4634=EDGE_CURVE('',#3832,#3833,#5654,.T.);
#4635=EDGE_CURVE('',#3832,#3799,#5655,.T.);
#4636=EDGE_CURVE('',#3831,#3798,#5656,.T.);
#4637=EDGE_CURVE('',#3833,#3830,#5657,.T.);
#4638=EDGE_CURVE('',#3834,#3835,#5658,.T.);
#4639=EDGE_CURVE('',#3834,#3832,#5659,.T.);
#4640=EDGE_CURVE('',#3835,#3833,#5660,.T.);
#4641=EDGE_CURVE('',#3836,#3837,#5661,.T.);
#4642=EDGE_CURVE('',#3836,#3834,#5662,.T.);
#4643=EDGE_CURVE('',#3837,#3835,#5663,.T.);
#4644=EDGE_CURVE('',#3838,#3839,#5664,.T.);
#4645=EDGE_CURVE('',#3838,#3836,#5665,.T.);
#4646=EDGE_CURVE('',#3839,#3837,#5666,.T.);
#4647=EDGE_CURVE('',#3840,#3838,#5667,.T.);
#4648=EDGE_CURVE('',#3841,#3839,#5668,.T.);
#4649=EDGE_CURVE('',#3841,#3840,#5669,.T.);
#4650=EDGE_CURVE('',#3842,#3841,#5670,.T.);
#4651=EDGE_CURVE('',#3843,#3842,#5671,.T.);
#4652=EDGE_CURVE('',#3840,#3843,#5672,.T.);
#4653=EDGE_CURVE('',#3844,#3845,#5673,.T.);
#4654=EDGE_CURVE('',#3846,#3844,#5674,.T.);
#4655=EDGE_CURVE('',#3847,#3846,#5675,.T.);
#4656=EDGE_CURVE('',#3848,#3847,#5676,.T.);
#4657=EDGE_CURVE('',#3804,#3848,#5677,.T.);
#4658=EDGE_CURVE('',#3803,#3490,#5678,.T.);
#4659=EDGE_CURVE('',#3849,#3789,#5679,.T.);
#4660=EDGE_CURVE('',#3800,#3849,#5680,.T.);
#4661=EDGE_CURVE('',#3850,#3843,#5681,.T.);
#4662=EDGE_CURVE('',#3850,#3845,#5682,.T.);
#4663=EDGE_CURVE('',#3850,#3851,#5683,.T.);
#4664=EDGE_CURVE('',#3852,#3851,#5684,.T.);
#4665=EDGE_CURVE('',#3845,#3852,#5685,.T.);
#4666=EDGE_CURVE('',#3853,#3852,#5686,.T.);
#4667=EDGE_CURVE('',#3844,#3853,#5687,.T.);
#4668=EDGE_CURVE('',#3846,#3854,#5688,.T.);
#4669=EDGE_CURVE('',#3854,#3853,#5689,.T.);
#4670=EDGE_CURVE('',#3847,#3855,#5690,.T.);
#4671=EDGE_CURVE('',#3855,#3854,#5691,.T.);
#4672=EDGE_CURVE('',#3848,#3856,#5692,.T.);
#4673=EDGE_CURVE('',#3856,#3855,#5693,.T.);
#4674=EDGE_CURVE('',#3805,#3857,#5694,.T.);
#4675=EDGE_CURVE('',#3856,#3858,#5695,.T.);
#4676=EDGE_CURVE('',#3857,#3858,#5696,.T.);
#4677=EDGE_CURVE('',#3842,#3829,#5697,.T.);
#4678=EDGE_CURVE('',#3859,#3851,#5698,.T.);
#4679=EDGE_CURVE('',#3858,#3859,#5699,.T.);
#4680=EDGE_CURVE('',#3860,#3861,#148,.T.);
#4681=EDGE_CURVE('',#3862,#3860,#5700,.T.);
#4682=EDGE_CURVE('',#3444,#3862,#149,.T.);
#4683=EDGE_CURVE('',#3857,#3445,#5701,.T.);
#4684=EDGE_CURVE('',#3863,#3859,#5702,.T.);
#4685=EDGE_CURVE('',#3864,#3863,#5703,.T.);
#4686=EDGE_CURVE('',#3861,#3864,#5704,.T.);
#4687=EDGE_CURVE('',#3865,#3861,#5705,.T.);
#4688=EDGE_CURVE('',#3866,#3864,#5706,.T.);
#4689=EDGE_CURVE('',#3865,#3866,#5707,.T.);
#4690=EDGE_CURVE('',#3867,#3868,#5708,.T.);
#4691=EDGE_CURVE('',#3869,#3867,#150,.T.);
#4692=EDGE_CURVE('',#3869,#3860,#5709,.T.);
#4693=EDGE_CURVE('',#3868,#3865,#151,.T.);
#4694=EDGE_CURVE('',#3870,#3869,#5710,.T.);
#4695=EDGE_CURVE('',#3870,#3862,#5711,.T.);
#4696=EDGE_CURVE('',#3871,#3870,#152,.T.);
#4697=EDGE_CURVE('',#3871,#3872,#5712,.T.);
#4698=EDGE_CURVE('',#3442,#3872,#153,.T.);
#4699=EDGE_CURVE('',#3806,#3872,#5713,.T.);
#4700=EDGE_CURVE('',#3809,#3868,#5714,.T.);
#4701=EDGE_CURVE('',#3866,#3446,#5715,.T.);
#4702=EDGE_CURVE('',#3873,#3825,#5716,.T.);
#4703=EDGE_CURVE('',#3874,#3873,#5717,.T.);
#4704=EDGE_CURVE('',#3874,#3867,#5718,.T.);
#4705=EDGE_CURVE('',#3875,#3876,#5719,.T.);
#4706=EDGE_CURVE('',#3877,#3876,#5720,.T.);
#4707=EDGE_CURVE('',#3878,#3877,#5721,.T.);
#4708=EDGE_CURVE('',#3878,#3875,#5722,.T.);
#4709=EDGE_CURVE('',#3879,#3880,#5723,.T.);
#4710=EDGE_CURVE('',#3880,#3881,#5724,.T.);
#4711=EDGE_CURVE('',#3881,#3882,#5725,.T.);
#4712=EDGE_CURVE('',#3882,#3877,#5726,.T.);
#4713=EDGE_CURVE('',#3879,#3876,#5727,.T.);
#4714=EDGE_CURVE('',#3883,#3884,#5728,.T.);
#4715=EDGE_CURVE('',#3885,#3883,#5729,.T.);
#4716=EDGE_CURVE('',#3885,#3886,#5730,.T.);
#4717=EDGE_CURVE('',#3884,#3886,#5731,.T.);
#4718=EDGE_CURVE('',#3887,#3888,#5732,.T.);
#4719=EDGE_CURVE('',#3885,#3887,#5733,.T.);
#4720=EDGE_CURVE('',#3883,#3888,#5734,.T.);
#4721=EDGE_CURVE('',#3889,#3886,#5735,.T.);
#4722=EDGE_CURVE('',#3890,#3887,#5736,.T.);
#4723=EDGE_CURVE('',#3891,#3890,#5737,.T.);
#4724=EDGE_CURVE('',#3892,#3891,#5738,.T.);
#4725=EDGE_CURVE('',#3889,#3892,#5739,.T.);
#4726=EDGE_CURVE('',#3891,#3881,#5740,.T.);
#4727=EDGE_CURVE('',#3892,#3880,#5741,.T.);
#4728=EDGE_CURVE('',#3893,#3894,#5742,.T.);
#4729=EDGE_CURVE('',#3893,#3895,#5743,.T.);
#4730=EDGE_CURVE('',#3895,#3896,#5744,.T.);
#4731=EDGE_CURVE('',#3894,#3896,#5745,.T.);
#4732=EDGE_CURVE('',#3889,#3879,#5746,.T.);
#4733=EDGE_CURVE('',#3897,#3898,#5747,.T.);
#4734=EDGE_CURVE('',#3897,#3893,#5748,.T.);
#4735=EDGE_CURVE('',#3898,#3894,#5749,.T.);
#4736=EDGE_CURVE('',#3896,#3899,#5750,.T.);
#4737=EDGE_CURVE('',#3899,#3888,#5751,.T.);
#4738=EDGE_CURVE('',#3898,#3884,#5752,.T.);
#4739=EDGE_CURVE('',#3890,#3882,#5753,.T.);
#4740=EDGE_CURVE('',#3895,#3900,#5754,.T.);
#4741=EDGE_CURVE('',#3900,#3899,#5755,.T.);
#4742=EDGE_CURVE('',#3426,#3418,#5756,.T.);
#4743=EDGE_CURVE('',#3428,#3417,#5757,.T.);
#4744=EDGE_CURVE('',#3901,#3902,#5758,.T.);
#4745=EDGE_CURVE('',#3436,#3902,#5759,.T.);
#4746=EDGE_CURVE('',#3435,#3901,#5760,.T.);
#4747=EDGE_CURVE('',#3900,#3903,#5761,.T.);
#4748=EDGE_CURVE('',#3904,#3903,#5762,.T.);
#4749=EDGE_CURVE('',#3874,#3904,#5763,.T.);
#4750=EDGE_CURVE('',#3878,#3873,#5764,.T.);
#4751=EDGE_CURVE('',#3897,#3905,#5765,.T.);
#4752=EDGE_CURVE('',#3903,#3905,#5766,.T.);
#4753=EDGE_CURVE('',#3906,#3905,#5767,.T.);
#4754=EDGE_CURVE('',#3904,#3906,#5768,.T.);
#4755=EDGE_CURVE('',#3907,#3908,#5769,.T.);
#4756=EDGE_CURVE('',#3909,#3907,#5770,.T.);
#4757=EDGE_CURVE('',#3871,#3909,#5771,.T.);
#4758=EDGE_CURVE('',#3910,#3906,#5772,.T.);
#4759=EDGE_CURVE('',#3910,#3908,#5773,.T.);
#4760=EDGE_CURVE('',#3911,#3912,#5774,.T.);
#4761=EDGE_CURVE('',#3913,#3911,#5775,.T.);
#4762=EDGE_CURVE('',#3913,#3914,#5776,.T.);
#4763=EDGE_CURVE('',#3912,#3914,#5777,.T.);
#4764=EDGE_CURVE('',#3915,#3916,#5778,.T.);
#4765=EDGE_CURVE('',#3916,#3917,#5779,.T.);
#4766=EDGE_CURVE('',#3918,#3917,#5780,.T.);
#4767=EDGE_CURVE('',#3907,#3918,#5781,.T.);
#4768=EDGE_CURVE('',#3908,#3919,#5782,.T.);
#4769=EDGE_CURVE('',#3919,#3913,#5783,.T.);
#4770=EDGE_CURVE('',#3920,#3911,#5784,.T.);
#4771=EDGE_CURVE('',#3915,#3920,#5785,.T.);
#4772=EDGE_CURVE('',#3920,#3921,#5786,.T.);
#4773=EDGE_CURVE('',#3922,#3921,#5787,.T.);
#4774=EDGE_CURVE('',#3915,#3922,#5788,.T.);
#4775=EDGE_CURVE('',#3923,#3919,#5789,.T.);
#4776=EDGE_CURVE('',#3923,#3914,#5790,.T.);
#4777=EDGE_CURVE('',#3922,#3924,#5791,.T.);
#4778=EDGE_CURVE('',#3916,#3924,#5792,.T.);
#4779=EDGE_CURVE('',#3923,#3925,#5793,.T.);
#4780=EDGE_CURVE('',#3925,#3912,#5794,.T.);
#4781=EDGE_CURVE('',#3926,#3925,#5795,.T.);
#4782=EDGE_CURVE('',#3921,#3926,#5796,.T.);
#4783=EDGE_CURVE('',#3926,#3910,#5797,.T.);
#4784=EDGE_CURVE('',#3927,#3928,#5798,.T.);
#4785=EDGE_CURVE('',#3929,#3927,#5799,.T.);
#4786=EDGE_CURVE('',#3929,#3930,#5800,.T.);
#4787=EDGE_CURVE('',#3930,#3928,#5801,.T.);
#4788=EDGE_CURVE('',#3931,#3927,#5802,.T.);
#4789=EDGE_CURVE('',#3932,#3928,#5803,.T.);
#4790=EDGE_CURVE('',#3932,#3931,#5804,.T.);
#4791=EDGE_CURVE('',#3929,#3933,#5805,.T.);
#4792=EDGE_CURVE('',#3931,#3933,#5806,.T.);
#4793=EDGE_CURVE('',#3930,#3934,#5807,.T.);
#4794=EDGE_CURVE('',#3934,#3933,#5808,.T.);
#4795=EDGE_CURVE('',#3932,#3934,#5809,.T.);
#4796=EDGE_CURVE('',#3935,#3875,#5810,.T.);
#4797=EDGE_CURVE('',#3935,#3924,#5811,.T.);
#4798=EDGE_CURVE('',#3917,#3935,#5812,.T.);
#4799=EDGE_CURVE('',#3827,#3936,#5813,.T.);
#4800=EDGE_CURVE('',#3936,#3918,#5814,.T.);
#4801=EDGE_CURVE('',#3937,#3938,#5815,.T.);
#4802=EDGE_CURVE('',#3939,#3938,#5816,.T.);
#4803=EDGE_CURVE('',#3940,#3939,#5817,.T.);
#4804=EDGE_CURVE('',#3940,#3937,#5818,.T.);
#4805=EDGE_CURVE('',#3941,#3936,#5819,.T.);
#4806=EDGE_CURVE('',#3938,#3941,#5820,.T.);
#4807=EDGE_CURVE('',#3937,#3942,#5821,.T.);
#4808=EDGE_CURVE('',#3909,#3942,#5822,.T.);
#4809=EDGE_CURVE('',#3943,#3939,#5823,.T.);
#4810=EDGE_CURVE('',#3941,#3943,#5824,.T.);
#4811=EDGE_CURVE('',#3944,#3940,#5825,.T.);
#4812=EDGE_CURVE('',#3944,#3943,#5826,.T.);
#4813=EDGE_CURVE('',#3942,#3944,#5827,.T.);
#4814=EDGE_CURVE('',#3430,#3420,#5828,.T.);
#4815=EDGE_CURVE('',#3429,#3422,#5829,.T.);
#4816=EDGE_CURVE('',#3440,#3945,#5830,.T.);
#4817=EDGE_CURVE('',#3946,#3945,#5831,.T.);
#4818=EDGE_CURVE('',#3439,#3946,#5832,.T.);
#4819=EDGE_CURVE('',#3438,#3395,#5833,.T.);
#4820=EDGE_CURVE('',#3901,#3398,#5834,.T.);
#4821=EDGE_CURVE('',#3947,#3402,#5835,.T.);
#4822=EDGE_CURVE('',#3412,#3948,#5836,.T.);
#4823=EDGE_CURVE('',#3948,#3949,#5837,.T.);
#4824=EDGE_CURVE('',#3947,#3949,#5838,.T.);
#4825=EDGE_CURVE('',#3431,#3946,#5839,.T.);
#4826=EDGE_CURVE('',#3902,#3397,#5840,.T.);
#4827=EDGE_CURVE('',#3432,#3945,#5841,.T.);
#4828=EDGE_CURVE('',#3437,#3396,#5842,.T.);
#4829=EDGE_CURVE('',#3950,#3951,#5843,.T.);
#4830=EDGE_CURVE('',#3411,#3951,#5844,.T.);
#4831=EDGE_CURVE('',#3952,#3400,#5845,.T.);
#4832=EDGE_CURVE('',#3952,#3950,#5846,.T.);
#4833=EDGE_CURVE('',#3953,#3593,#5847,.T.);
#4834=EDGE_CURVE('',#3954,#3592,#5848,.T.);
#4835=EDGE_CURVE('',#3953,#3954,#5849,.T.);
#4836=EDGE_CURVE('',#3795,#3955,#5850,.T.);
#4837=EDGE_CURVE('',#3863,#3956,#5851,.T.);
#4838=EDGE_CURVE('',#3956,#3955,#5852,.T.);
#4839=EDGE_CURVE('',#3587,#3649,#5853,.T.);
#4840=EDGE_CURVE('',#3588,#3648,#5854,.T.);
#4841=EDGE_CURVE('',#3643,#3705,#5855,.T.);
#4842=EDGE_CURVE('',#3644,#3704,#5856,.T.);
#4843=EDGE_CURVE('',#3699,#3761,#5857,.T.);
#4844=EDGE_CURVE('',#3700,#3760,#5858,.T.);
#4845=EDGE_CURVE('',#3755,#3947,#5859,.T.);
#4846=EDGE_CURVE('',#3756,#3949,#5860,.T.);
#4847=EDGE_CURVE('',#3952,#3828,#5861,.T.);
#4848=EDGE_CURVE('',#3950,#3792,#5862,.T.);
#4849=EDGE_CURVE('',#3957,#3591,#5863,.T.);
#4850=EDGE_CURVE('',#3957,#3954,#5864,.T.);
#4851=EDGE_CURVE('',#3796,#3958,#5865,.T.);
#4852=EDGE_CURVE('',#3958,#3955,#5866,.T.);
#4853=EDGE_CURVE('',#3589,#3647,#5867,.T.);
#4854=EDGE_CURVE('',#3645,#3703,#5868,.T.);
#4855=EDGE_CURVE('',#3701,#3759,#5869,.T.);
#4856=EDGE_CURVE('',#3757,#3948,#5870,.T.);
#4857=EDGE_CURVE('',#3951,#3791,#5871,.T.);
#4858=EDGE_CURVE('',#3425,#3414,#5872,.T.);
#4859=EDGE_CURVE('',#3959,#3385,#5873,.T.);
#4860=EDGE_CURVE('',#3953,#3393,#5874,.T.);
#4861=EDGE_CURVE('',#3959,#3957,#5875,.T.);
#4862=EDGE_CURVE('',#3960,#3386,#5876,.T.);
#4863=EDGE_CURVE('',#3960,#3959,#5877,.T.);
#4864=EDGE_CURVE('',#3427,#3413,#5878,.T.);
#4865=EDGE_CURVE('',#3956,#3394,#5879,.T.);
#4866=EDGE_CURVE('',#3960,#3958,#5880,.T.);
#4867=EDGE_CURVE('',#3801,#3478,#5881,.T.);
#4868=EDGE_CURVE('',#3476,#3802,#5882,.T.);
#4869=EDGE_CURVE('',#3849,#3961,#5883,.T.);
#4870=EDGE_CURVE('',#3962,#3961,#5884,.T.);
#4871=EDGE_CURVE('',#3963,#3962,#5885,.T.);
#4872=EDGE_CURVE('',#3479,#3963,#5886,.T.);
#4873=EDGE_CURVE('',#3964,#3965,#5887,.T.);
#4874=EDGE_CURVE('',#3966,#3965,#5888,.T.);
#4875=EDGE_CURVE('',#3967,#3966,#5889,.T.);
#4876=EDGE_CURVE('',#3967,#3964,#5890,.T.);
#4877=EDGE_CURVE('',#3968,#3969,#5891,.T.);
#4878=EDGE_CURVE('',#3965,#3969,#5892,.T.);
#4879=EDGE_CURVE('',#3964,#3968,#5893,.T.);
#4880=EDGE_CURVE('',#3970,#3971,#5894,.T.);
#4881=EDGE_CURVE('',#3969,#3971,#5895,.T.);
#4882=EDGE_CURVE('',#3968,#3970,#5896,.T.);
#4883=EDGE_CURVE('',#3972,#3973,#5897,.T.);
#4884=EDGE_CURVE('',#3971,#3973,#5898,.T.);
#4885=EDGE_CURVE('',#3970,#3972,#5899,.T.);
#4886=EDGE_CURVE('',#3974,#3975,#5900,.T.);
#4887=EDGE_CURVE('',#3973,#3975,#5901,.T.);
#4888=EDGE_CURVE('',#3972,#3974,#5902,.T.);
#4889=EDGE_CURVE('',#3976,#3977,#5903,.T.);
#4890=EDGE_CURVE('',#3975,#3977,#5904,.T.);
#4891=EDGE_CURVE('',#3974,#3976,#5905,.T.);
#4892=EDGE_CURVE('',#3977,#3978,#5906,.T.);
#4893=EDGE_CURVE('',#3976,#3979,#5907,.T.);
#4894=EDGE_CURVE('',#3979,#3978,#5908,.T.);
#4895=EDGE_CURVE('',#3980,#3786,#5909,.T.);
#4896=EDGE_CURVE('',#3963,#3981,#5910,.T.);
#4897=EDGE_CURVE('',#3978,#3981,#5911,.T.);
#4898=EDGE_CURVE('',#3979,#3980,#5912,.T.);
#4899=EDGE_CURVE('',#3962,#3982,#5913,.T.);
#4900=EDGE_CURVE('',#3981,#3982,#5914,.T.);
#4901=EDGE_CURVE('',#3983,#3787,#5915,.T.);
#4902=EDGE_CURVE('',#3980,#3983,#5916,.T.);
#4903=EDGE_CURVE('',#3961,#3984,#5917,.T.);
#4904=EDGE_CURVE('',#3982,#3984,#5918,.T.);
#4905=EDGE_CURVE('',#3985,#3788,#5919,.T.);
#4906=EDGE_CURVE('',#3983,#3985,#5920,.T.);
#4907=EDGE_CURVE('',#3986,#3987,#5921,.T.);
#4908=EDGE_CURVE('',#3984,#3987,#5922,.T.);
#4909=EDGE_CURVE('',#3985,#3986,#5923,.T.);
#4910=EDGE_CURVE('',#3988,#3989,#5924,.T.);
#4911=EDGE_CURVE('',#3990,#3989,#5925,.T.);
#4912=EDGE_CURVE('',#3991,#3990,#5926,.T.);
#4913=EDGE_CURVE('',#3991,#3988,#5927,.T.);
#4914=EDGE_CURVE('',#3992,#3993,#5928,.T.);
#4915=EDGE_CURVE('',#3989,#3993,#5929,.T.);
#4916=EDGE_CURVE('',#3988,#3992,#5930,.T.);
#4917=EDGE_CURVE('',#3994,#3995,#5931,.T.);
#4918=EDGE_CURVE('',#3993,#3995,#5932,.T.);
#4919=EDGE_CURVE('',#3992,#3994,#5933,.T.);
#4920=EDGE_CURVE('',#3996,#3997,#5934,.T.);
#4921=EDGE_CURVE('',#3995,#3997,#154,.T.);
#4922=EDGE_CURVE('',#3994,#3996,#155,.T.);
#4923=EDGE_CURVE('',#3987,#3966,#5935,.T.);
#4924=EDGE_CURVE('',#3986,#3967,#5936,.T.);
#4925=EDGE_CURVE('',#3998,#3999,#5937,.T.);
#4926=EDGE_CURVE('',#3997,#3999,#5938,.T.);
#4927=EDGE_CURVE('',#3996,#3998,#5939,.T.);
#4928=EDGE_CURVE('',#4000,#3999,#5940,.T.);
#4929=EDGE_CURVE('',#4000,#3990,#5941,.T.);
#4930=EDGE_CURVE('',#4001,#4000,#5942,.T.);
#4931=EDGE_CURVE('',#4001,#3991,#5943,.T.);
#4932=EDGE_CURVE('',#4001,#3998,#5944,.T.);
#4933=EDGE_CURVE('',#4002,#3514,#5945,.T.);
#4934=EDGE_CURVE('',#4003,#3513,#5946,.T.);
#4935=EDGE_CURVE('',#4003,#4002,#5947,.T.);
#4936=EDGE_CURVE('',#3494,#3509,#5948,.T.);
#4937=EDGE_CURVE('',#4004,#3515,#5949,.T.);
#4938=EDGE_CURVE('',#4004,#4002,#5950,.T.);
#4939=EDGE_CURVE('',#4005,#3516,#5951,.T.);
#4940=EDGE_CURVE('',#4005,#4004,#156,.T.);
#4941=EDGE_CURVE('',#4006,#3517,#5952,.T.);
#4942=EDGE_CURVE('',#4006,#4005,#5953,.T.);
#4943=EDGE_CURVE('',#4007,#3518,#5954,.T.);
#4944=EDGE_CURVE('',#4007,#4006,#5955,.T.);
#4945=EDGE_CURVE('',#4008,#3519,#5956,.T.);
#4946=EDGE_CURVE('',#4008,#4007,#5957,.T.);
#4947=EDGE_CURVE('',#4003,#4008,#5958,.T.);
#4948=EDGE_CURVE('',#3487,#3525,#5959,.T.);
#4949=EDGE_CURVE('',#3491,#3520,#5960,.T.);
#4950=CURVE_STYLE('',#4982,POSITIVE_LENGTH_MEASURE(0.7),#6950);
#4951=CURVE_STYLE('',#4983,POSITIVE_LENGTH_MEASURE(0.7),#6950);
#4952=CURVE_STYLE('',#4984,POSITIVE_LENGTH_MEASURE(0.7),#6950);
#4953=CURVE_STYLE('',#4985,POSITIVE_LENGTH_MEASURE(0.7),#6950);
#4954=CURVE_STYLE('',#4986,POSITIVE_LENGTH_MEASURE(0.7),#6950);
#4955=CURVE_STYLE('',#4987,POSITIVE_LENGTH_MEASURE(0.7),#6950);
#4956=CURVE_STYLE('',#4988,POSITIVE_LENGTH_MEASURE(0.7),#6950);
#4957=CURVE_STYLE('',#4989,POSITIVE_LENGTH_MEASURE(0.7),#6950);
#4958=CURVE_STYLE('',#4990,POSITIVE_LENGTH_MEASURE(0.7),#6950);
#4959=CURVE_STYLE('',#4991,POSITIVE_LENGTH_MEASURE(0.7),#6950);
#4960=CURVE_STYLE('',#4992,POSITIVE_LENGTH_MEASURE(0.7),#6950);
#4961=CURVE_STYLE('',#4993,POSITIVE_LENGTH_MEASURE(0.7),#6950);
#4962=CURVE_STYLE('',#4994,POSITIVE_LENGTH_MEASURE(0.7),#6950);
#4963=CURVE_STYLE('',#4995,POSITIVE_LENGTH_MEASURE(0.7),#6950);
#4964=CURVE_STYLE('',#4996,POSITIVE_LENGTH_MEASURE(0.7),#6950);
#4965=CURVE_STYLE('',#4997,POSITIVE_LENGTH_MEASURE(0.7),#6950);
#4966=CURVE_STYLE('',#4998,POSITIVE_LENGTH_MEASURE(0.7),#6950);
#4967=CURVE_STYLE('',#4999,POSITIVE_LENGTH_MEASURE(0.7),#6950);
#4968=CURVE_STYLE('',#5000,POSITIVE_LENGTH_MEASURE(0.7),#6950);
#4969=CURVE_STYLE('',#5001,POSITIVE_LENGTH_MEASURE(0.7),#6950);
#4970=CURVE_STYLE('',#5002,POSITIVE_LENGTH_MEASURE(0.7),#6950);
#4971=CURVE_STYLE('',#5003,POSITIVE_LENGTH_MEASURE(0.7),#6950);
#4972=CURVE_STYLE('',#5004,POSITIVE_LENGTH_MEASURE(0.7),#6950);
#4973=CURVE_STYLE('',#5005,POSITIVE_LENGTH_MEASURE(0.7),#6950);
#4974=CURVE_STYLE('',#5006,POSITIVE_LENGTH_MEASURE(0.7),#6950);
#4975=CURVE_STYLE('',#5007,POSITIVE_LENGTH_MEASURE(0.7),#6950);
#4976=CURVE_STYLE('',#5008,POSITIVE_LENGTH_MEASURE(0.7),#6950);
#4977=CURVE_STYLE('',#5009,POSITIVE_LENGTH_MEASURE(0.7),#6950);
#4978=CURVE_STYLE('',#5010,POSITIVE_LENGTH_MEASURE(0.7),#6950);
#4979=CURVE_STYLE('',#5011,POSITIVE_LENGTH_MEASURE(0.7),#6950);
#4980=CURVE_STYLE('',#5012,POSITIVE_LENGTH_MEASURE(0.7),#6950);
#4981=CURVE_STYLE('',#5013,POSITIVE_LENGTH_MEASURE(0.7),#6950);
#4982=DRAUGHTING_PRE_DEFINED_CURVE_FONT('continuous');
#4983=DRAUGHTING_PRE_DEFINED_CURVE_FONT('continuous');
#4984=DRAUGHTING_PRE_DEFINED_CURVE_FONT('continuous');
#4985=DRAUGHTING_PRE_DEFINED_CURVE_FONT('continuous');
#4986=DRAUGHTING_PRE_DEFINED_CURVE_FONT('continuous');
#4987=DRAUGHTING_PRE_DEFINED_CURVE_FONT('continuous');
#4988=DRAUGHTING_PRE_DEFINED_CURVE_FONT('continuous');
#4989=DRAUGHTING_PRE_DEFINED_CURVE_FONT('continuous');
#4990=DRAUGHTING_PRE_DEFINED_CURVE_FONT('continuous');
#4991=DRAUGHTING_PRE_DEFINED_CURVE_FONT('continuous');
#4992=DRAUGHTING_PRE_DEFINED_CURVE_FONT('continuous');
#4993=DRAUGHTING_PRE_DEFINED_CURVE_FONT('continuous');
#4994=DRAUGHTING_PRE_DEFINED_CURVE_FONT('continuous');
#4995=DRAUGHTING_PRE_DEFINED_CURVE_FONT('continuous');
#4996=DRAUGHTING_PRE_DEFINED_CURVE_FONT('continuous');
#4997=DRAUGHTING_PRE_DEFINED_CURVE_FONT('continuous');
#4998=DRAUGHTING_PRE_DEFINED_CURVE_FONT('continuous');
#4999=DRAUGHTING_PRE_DEFINED_CURVE_FONT('continuous');
#5000=DRAUGHTING_PRE_DEFINED_CURVE_FONT('continuous');
#5001=DRAUGHTING_PRE_DEFINED_CURVE_FONT('continuous');
#5002=DRAUGHTING_PRE_DEFINED_CURVE_FONT('continuous');
#5003=DRAUGHTING_PRE_DEFINED_CURVE_FONT('continuous');
#5004=DRAUGHTING_PRE_DEFINED_CURVE_FONT('continuous');
#5005=DRAUGHTING_PRE_DEFINED_CURVE_FONT('continuous');
#5006=DRAUGHTING_PRE_DEFINED_CURVE_FONT('continuous');
#5007=DRAUGHTING_PRE_DEFINED_CURVE_FONT('continuous');
#5008=DRAUGHTING_PRE_DEFINED_CURVE_FONT('continuous');
#5009=DRAUGHTING_PRE_DEFINED_CURVE_FONT('continuous');
#5010=DRAUGHTING_PRE_DEFINED_CURVE_FONT('continuous');
#5011=DRAUGHTING_PRE_DEFINED_CURVE_FONT('continuous');
#5012=DRAUGHTING_PRE_DEFINED_CURVE_FONT('continuous');
#5013=DRAUGHTING_PRE_DEFINED_CURVE_FONT('continuous');
#5014=TRIMMED_CURVE('Line2',#5046,(PARAMETER_VALUE(0.)),(
PARAMETER_VALUE(1.)),.T.,.PARAMETER.);
#5015=TRIMMED_CURVE('Line3',#5047,(PARAMETER_VALUE(0.)),(
PARAMETER_VALUE(1.)),.T.,.PARAMETER.);
#5016=TRIMMED_CURVE('Line4',#5048,(PARAMETER_VALUE(0.)),(
PARAMETER_VALUE(1.)),.T.,.PARAMETER.);
#5017=TRIMMED_CURVE('Line5',#5049,(PARAMETER_VALUE(0.)),(
PARAMETER_VALUE(1.)),.T.,.PARAMETER.);
#5018=TRIMMED_CURVE('Line6',#5050,(PARAMETER_VALUE(0.)),(
PARAMETER_VALUE(1.)),.T.,.PARAMETER.);
#5019=TRIMMED_CURVE('Line7',#5051,(PARAMETER_VALUE(0.)),(
PARAMETER_VALUE(1.)),.T.,.PARAMETER.);
#5020=TRIMMED_CURVE('Line8',#5052,(PARAMETER_VALUE(0.)),(
PARAMETER_VALUE(1.)),.T.,.PARAMETER.);
#5021=TRIMMED_CURVE('Line9',#5053,(PARAMETER_VALUE(0.)),(
PARAMETER_VALUE(1.)),.T.,.PARAMETER.);
#5022=TRIMMED_CURVE('Line12',#5054,(PARAMETER_VALUE(0.)),(
PARAMETER_VALUE(1.)),.T.,.PARAMETER.);
#5023=TRIMMED_CURVE('Line13',#5055,(PARAMETER_VALUE(0.)),(
PARAMETER_VALUE(1.)),.T.,.PARAMETER.);
#5024=TRIMMED_CURVE('Line14',#5056,(PARAMETER_VALUE(0.)),(
PARAMETER_VALUE(1.)),.T.,.PARAMETER.);
#5025=TRIMMED_CURVE('Line15',#5057,(PARAMETER_VALUE(0.)),(
PARAMETER_VALUE(1.)),.T.,.PARAMETER.);
#5026=TRIMMED_CURVE('Line16',#5058,(PARAMETER_VALUE(0.)),(
PARAMETER_VALUE(1.)),.T.,.PARAMETER.);
#5027=TRIMMED_CURVE('Line17',#5059,(PARAMETER_VALUE(0.)),(
PARAMETER_VALUE(1.)),.T.,.PARAMETER.);
#5028=TRIMMED_CURVE('Line18',#5060,(PARAMETER_VALUE(0.)),(
PARAMETER_VALUE(1.)),.T.,.PARAMETER.);
#5029=TRIMMED_CURVE('Line19',#5061,(PARAMETER_VALUE(0.)),(
PARAMETER_VALUE(1.)),.T.,.PARAMETER.);
#5030=TRIMMED_CURVE('Line20',#5062,(PARAMETER_VALUE(0.)),(
PARAMETER_VALUE(1.)),.T.,.PARAMETER.);
#5031=TRIMMED_CURVE('Line21',#5063,(PARAMETER_VALUE(0.)),(
PARAMETER_VALUE(1.)),.T.,.PARAMETER.);
#5032=TRIMMED_CURVE('Line22',#5064,(PARAMETER_VALUE(0.)),(
PARAMETER_VALUE(1.)),.T.,.PARAMETER.);
#5033=TRIMMED_CURVE('Line23',#5065,(PARAMETER_VALUE(0.)),(
PARAMETER_VALUE(1.)),.T.,.PARAMETER.);
#5034=TRIMMED_CURVE('Line24',#5066,(PARAMETER_VALUE(0.)),(
PARAMETER_VALUE(1.)),.T.,.PARAMETER.);
#5035=TRIMMED_CURVE('Line25',#5067,(PARAMETER_VALUE(0.)),(
PARAMETER_VALUE(1.)),.T.,.PARAMETER.);
#5036=TRIMMED_CURVE('Line26',#5068,(PARAMETER_VALUE(0.)),(
PARAMETER_VALUE(1.)),.T.,.PARAMETER.);
#5037=TRIMMED_CURVE('Line27',#5069,(PARAMETER_VALUE(0.)),(
PARAMETER_VALUE(1.)),.T.,.PARAMETER.);
#5038=TRIMMED_CURVE('Line172',#5070,(PARAMETER_VALUE(0.)),(
PARAMETER_VALUE(1.)),.T.,.PARAMETER.);
#5039=TRIMMED_CURVE('Line173',#5071,(PARAMETER_VALUE(0.)),(
PARAMETER_VALUE(1.)),.T.,.PARAMETER.);
#5040=TRIMMED_CURVE('Line174',#5072,(PARAMETER_VALUE(0.)),(
PARAMETER_VALUE(1.)),.T.,.PARAMETER.);
#5041=TRIMMED_CURVE('Line175',#5073,(PARAMETER_VALUE(0.)),(
PARAMETER_VALUE(1.)),.T.,.PARAMETER.);
#5042=TRIMMED_CURVE('Line176',#5074,(PARAMETER_VALUE(0.)),(
PARAMETER_VALUE(1.)),.T.,.PARAMETER.);
#5043=TRIMMED_CURVE('Line177',#5075,(PARAMETER_VALUE(0.)),(
PARAMETER_VALUE(1.)),.T.,.PARAMETER.);
#5044=TRIMMED_CURVE('Line178',#5076,(PARAMETER_VALUE(0.)),(
PARAMETER_VALUE(1.)),.T.,.PARAMETER.);
#5045=TRIMMED_CURVE('Line179',#5077,(PARAMETER_VALUE(0.)),(
PARAMETER_VALUE(1.)),.T.,.PARAMETER.);
#5046=LINE('Line2',#9054,#5961);
#5047=LINE('Line3',#9055,#5962);
#5048=LINE('Line4',#9056,#5963);
#5049=LINE('Line5',#9057,#5964);
#5050=LINE('Line6',#9058,#5965);
#5051=LINE('Line7',#9059,#5966);
#5052=LINE('Line8',#9060,#5967);
#5053=LINE('Line9',#9061,#5968);
#5054=LINE('Line12',#9062,#5969);
#5055=LINE('Line13',#9063,#5970);
#5056=LINE('Line14',#9064,#5971);
#5057=LINE('Line15',#9065,#5972);
#5058=LINE('Line16',#9066,#5973);
#5059=LINE('Line17',#9067,#5974);
#5060=LINE('Line18',#9068,#5975);
#5061=LINE('Line19',#9069,#5976);
#5062=LINE('Line20',#9070,#5977);
#5063=LINE('Line21',#9071,#5978);
#5064=LINE('Line22',#9072,#5979);
#5065=LINE('Line23',#9073,#5980);
#5066=LINE('Line24',#9074,#5981);
#5067=LINE('Line25',#9075,#5982);
#5068=LINE('Line26',#9076,#5983);
#5069=LINE('Line27',#9077,#5984);
#5070=LINE('Line172',#9078,#5985);
#5071=LINE('Line173',#9079,#5986);
#5072=LINE('Line174',#9080,#5987);
#5073=LINE('Line175',#9081,#5988);
#5074=LINE('Line176',#9082,#5989);
#5075=LINE('Line177',#9083,#5990);
#5076=LINE('Line178',#9084,#5991);
#5077=LINE('Line179',#9085,#5992);
#5078=LINE('',#9086,#5993);
#5079=LINE('',#9089,#5994);
#5080=LINE('',#9091,#5995);
#5081=LINE('',#9093,#5996);
#5082=LINE('',#9095,#5997);
#5083=LINE('',#9098,#5998);
#5084=LINE('',#9099,#5999);
#5085=LINE('',#9101,#6000);
#5086=LINE('',#9104,#6001);
#5087=LINE('',#9105,#6002);
#5088=LINE('',#9107,#6003);
#5089=LINE('',#9110,#6004);
#5090=LINE('',#9111,#6005);
#5091=LINE('',#9113,#6006);
#5092=LINE('',#9115,#6007);
#5093=LINE('',#9117,#6008);
#5094=LINE('',#9119,#6009);
#5095=LINE('',#9122,#6010);
#5096=LINE('',#9124,#6011);
#5097=LINE('',#9126,#6012);
#5098=LINE('',#9128,#6013);
#5099=LINE('',#9131,#6014);
#5100=LINE('',#9133,#6015);
#5101=LINE('',#9135,#6016);
#5102=LINE('',#9137,#6017);
#5103=LINE('',#9139,#6018);
#5104=LINE('',#9141,#6019);
#5105=LINE('',#9143,#6020);
#5106=LINE('',#9145,#6021);
#5107=LINE('',#9147,#6022);
#5108=LINE('',#9149,#6023);
#5109=LINE('',#9151,#6024);
#5110=LINE('',#9153,#6025);
#5111=LINE('',#9155,#6026);
#5112=LINE('',#9157,#6027);
#5113=LINE('',#9159,#6028);
#5114=LINE('',#9161,#6029);
#5115=LINE('',#9163,#6030);
#5116=LINE('',#9165,#6031);
#5117=LINE('',#9167,#6032);
#5118=LINE('',#9170,#6033);
#5119=LINE('',#9172,#6034);
#5120=LINE('',#9174,#6035);
#5121=LINE('',#9176,#6036);
#5122=LINE('',#9178,#6037);
#5123=LINE('',#9180,#6038);
#5124=LINE('',#9182,#6039);
#5125=LINE('',#9185,#6040);
#5126=LINE('',#9187,#6041);
#5127=LINE('',#9189,#6042);
#5128=LINE('',#9191,#6043);
#5129=LINE('',#9193,#6044);
#5130=LINE('',#9195,#6045);
#5131=LINE('',#9197,#6046);
#5132=LINE('',#9200,#6047);
#5133=LINE('',#9202,#6048);
#5134=LINE('',#9204,#6049);
#5135=LINE('',#9206,#6050);
#5136=LINE('',#9208,#6051);
#5137=LINE('',#9210,#6052);
#5138=LINE('',#9212,#6053);
#5139=LINE('',#9215,#6054);
#5140=LINE('',#9217,#6055);
#5141=LINE('',#9219,#6056);
#5142=LINE('',#9221,#6057);
#5143=LINE('',#9224,#6058);
#5144=LINE('',#9226,#6059);
#5145=LINE('',#9228,#6060);
#5146=LINE('',#9230,#6061);
#5147=LINE('',#9232,#6062);
#5148=LINE('',#9234,#6063);
#5149=LINE('',#9236,#6064);
#5150=LINE('',#9239,#6065);
#5151=LINE('',#9241,#6066);
#5152=LINE('',#9243,#6067);
#5153=LINE('',#9245,#6068);
#5154=LINE('',#9251,#6069);
#5155=LINE('',#9254,#6070);
#5156=LINE('',#9256,#6071);
#5157=LINE('',#9258,#6072);
#5158=LINE('',#9260,#6073);
#5159=LINE('',#9266,#6074);
#5160=LINE('',#9269,#6075);
#5161=LINE('',#9270,#6076);
#5162=LINE('',#9276,#6077);
#5163=LINE('',#9278,#6078);
#5164=LINE('',#9281,#6079);
#5165=LINE('',#9283,#6080);
#5166=LINE('',#9285,#6081);
#5167=LINE('',#9287,#6082);
#5168=LINE('',#9293,#6083);
#5169=LINE('',#9296,#6084);
#5170=LINE('',#9297,#6085);
#5171=LINE('',#9303,#6086);
#5172=LINE('',#9305,#6087);
#5173=LINE('',#9308,#6088);
#5174=LINE('',#9310,#6089);
#5175=LINE('',#9312,#6090);
#5176=LINE('',#9314,#6091);
#5177=LINE('',#9316,#6092);
#5178=LINE('',#9318,#6093);
#5179=LINE('',#9320,#6094);
#5180=LINE('',#9322,#6095);
#5181=LINE('',#9324,#6096);
#5182=LINE('',#9327,#6097);
#5183=LINE('',#9329,#6098);
#5184=LINE('',#9330,#6099);
#5185=LINE('',#9332,#6100);
#5186=LINE('',#9335,#6101);
#5187=LINE('',#9337,#6102);
#5188=LINE('',#9339,#6103);
#5189=LINE('',#9341,#6104);
#5190=LINE('',#9343,#6105);
#5191=LINE('',#9345,#6106);
#5192=LINE('',#9347,#6107);
#5193=LINE('',#9349,#6108);
#5194=LINE('',#9351,#6109);
#5195=LINE('',#9353,#6110);
#5196=LINE('',#9354,#6111);
#5197=LINE('',#9356,#6112);
#5198=LINE('',#9358,#6113);
#5199=LINE('',#9360,#6114);
#5200=LINE('',#9362,#6115);
#5201=LINE('',#9364,#6116);
#5202=LINE('',#9367,#6117);
#5203=LINE('',#9369,#6118);
#5204=LINE('',#9371,#6119);
#5205=LINE('',#9373,#6120);
#5206=LINE('',#9375,#6121);
#5207=LINE('',#9377,#6122);
#5208=LINE('',#9379,#6123);
#5209=LINE('',#9381,#6124);
#5210=LINE('',#9384,#6125);
#5211=LINE('',#9386,#6126);
#5212=LINE('',#9388,#6127);
#5213=LINE('',#9390,#6128);
#5214=LINE('',#9393,#6129);
#5215=LINE('',#9394,#6130);
#5216=LINE('',#9396,#6131);
#5217=LINE('',#9399,#6132);
#5218=LINE('',#9400,#6133);
#5219=LINE('',#9402,#6134);
#5220=LINE('',#9405,#6135);
#5221=LINE('',#9406,#6136);
#5222=LINE('',#9408,#6137);
#5223=LINE('',#9411,#6138);
#5224=LINE('',#9412,#6139);
#5225=LINE('',#9414,#6140);
#5226=LINE('',#9417,#6141);
#5227=LINE('',#9418,#6142);
#5228=LINE('',#9420,#6143);
#5229=LINE('',#9423,#6144);
#5230=LINE('',#9424,#6145);
#5231=LINE('',#9426,#6146);
#5232=LINE('',#9428,#6147);
#5233=LINE('',#9430,#6148);
#5234=LINE('',#9431,#6149);
#5235=LINE('',#9433,#6150);
#5236=LINE('',#9436,#6151);
#5237=LINE('',#9440,#6152);
#5238=LINE('',#9442,#6153);
#5239=LINE('',#9444,#6154);
#5240=LINE('',#9446,#6155);
#5241=LINE('',#9448,#6156);
#5242=LINE('',#9450,#6157);
#5243=LINE('',#9452,#6158);
#5244=LINE('',#9454,#6159);
#5245=LINE('',#9457,#6160);
#5246=LINE('',#9459,#6161);
#5247=LINE('',#9461,#6162);
#5248=LINE('',#9463,#6163);
#5249=LINE('',#9464,#6164);
#5250=LINE('',#9466,#6165);
#5251=LINE('',#9467,#6166);
#5252=LINE('',#9469,#6167);
#5253=LINE('',#9471,#6168);
#5254=LINE('',#9473,#6169);
#5255=LINE('',#9475,#6170);
#5256=LINE('',#9476,#6171);
#5257=LINE('',#9478,#6172);
#5258=LINE('',#9481,#6173);
#5259=LINE('',#9483,#6174);
#5260=LINE('',#9485,#6175);
#5261=LINE('',#9487,#6176);
#5262=LINE('',#9493,#6177);
#5263=LINE('',#9495,#6178);
#5264=LINE('',#9497,#6179);
#5265=LINE('',#9499,#6180);
#5266=LINE('',#9502,#6181);
#5267=LINE('',#9504,#6182);
#5268=LINE('',#9506,#6183);
#5269=LINE('',#9508,#6184);
#5270=LINE('',#9511,#6185);
#5271=LINE('',#9513,#6186);
#5272=LINE('',#9515,#6187);
#5273=LINE('',#9517,#6188);
#5274=LINE('',#9520,#6189);
#5275=LINE('',#9522,#6190);
#5276=LINE('',#9524,#6191);
#5277=LINE('',#9526,#6192);
#5278=LINE('',#9529,#6193);
#5279=LINE('',#9530,#6194);
#5280=LINE('',#9532,#6195);
#5281=LINE('',#9534,#6196);
#5282=LINE('',#9536,#6197);
#5283=LINE('',#9538,#6198);
#5284=LINE('',#9540,#6199);
#5285=LINE('',#9542,#6200);
#5286=LINE('',#9544,#6201);
#5287=LINE('',#9547,#6202);
#5288=LINE('',#9549,#6203);
#5289=LINE('',#9551,#6204);
#5290=LINE('',#9553,#6205);
#5291=LINE('',#9559,#6206);
#5292=LINE('',#9561,#6207);
#5293=LINE('',#9563,#6208);
#5294=LINE('',#9565,#6209);
#5295=LINE('',#9568,#6210);
#5296=LINE('',#9570,#6211);
#5297=LINE('',#9572,#6212);
#5298=LINE('',#9574,#6213);
#5299=LINE('',#9580,#6214);
#5300=LINE('',#9583,#6215);
#5301=LINE('',#9584,#6216);
#5302=LINE('',#9590,#6217);
#5303=LINE('',#9592,#6218);
#5304=LINE('',#9595,#6219);
#5305=LINE('',#9597,#6220);
#5306=LINE('',#9599,#6221);
#5307=LINE('',#9601,#6222);
#5308=LINE('',#9604,#6223);
#5309=LINE('',#9605,#6224);
#5310=LINE('',#9607,#6225);
#5311=LINE('',#9610,#6226);
#5312=LINE('',#9611,#6227);
#5313=LINE('',#9613,#6228);
#5314=LINE('',#9616,#6229);
#5315=LINE('',#9617,#6230);
#5316=LINE('',#9619,#6231);
#5317=LINE('',#9621,#6232);
#5318=LINE('',#9623,#6233);
#5319=LINE('',#9625,#6234);
#5320=LINE('',#9626,#6235);
#5321=LINE('',#9628,#6236);
#5322=LINE('',#9630,#6237);
#5323=LINE('',#9632,#6238);
#5324=LINE('',#9634,#6239);
#5325=LINE('',#9636,#6240);
#5326=LINE('',#9638,#6241);
#5327=LINE('',#9640,#6242);
#5328=LINE('',#9642,#6243);
#5329=LINE('',#9644,#6244);
#5330=LINE('',#9646,#6245);
#5331=LINE('',#9648,#6246);
#5332=LINE('',#9649,#6247);
#5333=LINE('',#9651,#6248);
#5334=LINE('',#9653,#6249);
#5335=LINE('',#9655,#6250);
#5336=LINE('',#9657,#6251);
#5337=LINE('',#9660,#6252);
#5338=LINE('',#9662,#6253);
#5339=LINE('',#9663,#6254);
#5340=LINE('',#9665,#6255);
#5341=LINE('',#9668,#6256);
#5342=LINE('',#9670,#6257);
#5343=LINE('',#9672,#6258);
#5344=LINE('',#9674,#6259);
#5345=LINE('',#9677,#6260);
#5346=LINE('',#9679,#6261);
#5347=LINE('',#9681,#6262);
#5348=LINE('',#9683,#6263);
#5349=LINE('',#9686,#6264);
#5350=LINE('',#9688,#6265);
#5351=LINE('',#9690,#6266);
#5352=LINE('',#9692,#6267);
#5353=LINE('',#9695,#6268);
#5354=LINE('',#9696,#6269);
#5355=LINE('',#9698,#6270);
#5356=LINE('',#9700,#6271);
#5357=LINE('',#9702,#6272);
#5358=LINE('',#9704,#6273);
#5359=LINE('',#9706,#6274);
#5360=LINE('',#9708,#6275);
#5361=LINE('',#9710,#6276);
#5362=LINE('',#9713,#6277);
#5363=LINE('',#9715,#6278);
#5364=LINE('',#9717,#6279);
#5365=LINE('',#9719,#6280);
#5366=LINE('',#9725,#6281);
#5367=LINE('',#9727,#6282);
#5368=LINE('',#9729,#6283);
#5369=LINE('',#9731,#6284);
#5370=LINE('',#9734,#6285);
#5371=LINE('',#9736,#6286);
#5372=LINE('',#9738,#6287);
#5373=LINE('',#9740,#6288);
#5374=LINE('',#9746,#6289);
#5375=LINE('',#9749,#6290);
#5376=LINE('',#9750,#6291);
#5377=LINE('',#9756,#6292);
#5378=LINE('',#9758,#6293);
#5379=LINE('',#9761,#6294);
#5380=LINE('',#9763,#6295);
#5381=LINE('',#9765,#6296);
#5382=LINE('',#9767,#6297);
#5383=LINE('',#9770,#6298);
#5384=LINE('',#9771,#6299);
#5385=LINE('',#9773,#6300);
#5386=LINE('',#9776,#6301);
#5387=LINE('',#9777,#6302);
#5388=LINE('',#9779,#6303);
#5389=LINE('',#9782,#6304);
#5390=LINE('',#9783,#6305);
#5391=LINE('',#9785,#6306);
#5392=LINE('',#9787,#6307);
#5393=LINE('',#9789,#6308);
#5394=LINE('',#9791,#6309);
#5395=LINE('',#9792,#6310);
#5396=LINE('',#9794,#6311);
#5397=LINE('',#9796,#6312);
#5398=LINE('',#9798,#6313);
#5399=LINE('',#9800,#6314);
#5400=LINE('',#9802,#6315);
#5401=LINE('',#9804,#6316);
#5402=LINE('',#9806,#6317);
#5403=LINE('',#9808,#6318);
#5404=LINE('',#9810,#6319);
#5405=LINE('',#9812,#6320);
#5406=LINE('',#9814,#6321);
#5407=LINE('',#9815,#6322);
#5408=LINE('',#9817,#6323);
#5409=LINE('',#9819,#6324);
#5410=LINE('',#9821,#6325);
#5411=LINE('',#9823,#6326);
#5412=LINE('',#9826,#6327);
#5413=LINE('',#9828,#6328);
#5414=LINE('',#9829,#6329);
#5415=LINE('',#9831,#6330);
#5416=LINE('',#9834,#6331);
#5417=LINE('',#9836,#6332);
#5418=LINE('',#9838,#6333);
#5419=LINE('',#9840,#6334);
#5420=LINE('',#9843,#6335);
#5421=LINE('',#9845,#6336);
#5422=LINE('',#9847,#6337);
#5423=LINE('',#9849,#6338);
#5424=LINE('',#9852,#6339);
#5425=LINE('',#9854,#6340);
#5426=LINE('',#9856,#6341);
#5427=LINE('',#9858,#6342);
#5428=LINE('',#9861,#6343);
#5429=LINE('',#9862,#6344);
#5430=LINE('',#9864,#6345);
#5431=LINE('',#9866,#6346);
#5432=LINE('',#9868,#6347);
#5433=LINE('',#9870,#6348);
#5434=LINE('',#9872,#6349);
#5435=LINE('',#9874,#6350);
#5436=LINE('',#9876,#6351);
#5437=LINE('',#9879,#6352);
#5438=LINE('',#9881,#6353);
#5439=LINE('',#9883,#6354);
#5440=LINE('',#9885,#6355);
#5441=LINE('',#9891,#6356);
#5442=LINE('',#9893,#6357);
#5443=LINE('',#9895,#6358);
#5444=LINE('',#9897,#6359);
#5445=LINE('',#9900,#6360);
#5446=LINE('',#9902,#6361);
#5447=LINE('',#9904,#6362);
#5448=LINE('',#9906,#6363);
#5449=LINE('',#9912,#6364);
#5450=LINE('',#9915,#6365);
#5451=LINE('',#9916,#6366);
#5452=LINE('',#9922,#6367);
#5453=LINE('',#9924,#6368);
#5454=LINE('',#9927,#6369);
#5455=LINE('',#9929,#6370);
#5456=LINE('',#9931,#6371);
#5457=LINE('',#9933,#6372);
#5458=LINE('',#9936,#6373);
#5459=LINE('',#9937,#6374);
#5460=LINE('',#9939,#6375);
#5461=LINE('',#9942,#6376);
#5462=LINE('',#9943,#6377);
#5463=LINE('',#9945,#6378);
#5464=LINE('',#9948,#6379);
#5465=LINE('',#9949,#6380);
#5466=LINE('',#9951,#6381);
#5467=LINE('',#9953,#6382);
#5468=LINE('',#9955,#6383);
#5469=LINE('',#9957,#6384);
#5470=LINE('',#9958,#6385);
#5471=LINE('',#9960,#6386);
#5472=LINE('',#9962,#6387);
#5473=LINE('',#9964,#6388);
#5474=LINE('',#9966,#6389);
#5475=LINE('',#9968,#6390);
#5476=LINE('',#9970,#6391);
#5477=LINE('',#9972,#6392);
#5478=LINE('',#9974,#6393);
#5479=LINE('',#9976,#6394);
#5480=LINE('',#9978,#6395);
#5481=LINE('',#9980,#6396);
#5482=LINE('',#9981,#6397);
#5483=LINE('',#9983,#6398);
#5484=LINE('',#9985,#6399);
#5485=LINE('',#9987,#6400);
#5486=LINE('',#9989,#6401);
#5487=LINE('',#9992,#6402);
#5488=LINE('',#9994,#6403);
#5489=LINE('',#9995,#6404);
#5490=LINE('',#9997,#6405);
#5491=LINE('',#10000,#6406);
#5492=LINE('',#10002,#6407);
#5493=LINE('',#10004,#6408);
#5494=LINE('',#10006,#6409);
#5495=LINE('',#10009,#6410);
#5496=LINE('',#10011,#6411);
#5497=LINE('',#10013,#6412);
#5498=LINE('',#10015,#6413);
#5499=LINE('',#10018,#6414);
#5500=LINE('',#10020,#6415);
#5501=LINE('',#10022,#6416);
#5502=LINE('',#10024,#6417);
#5503=LINE('',#10027,#6418);
#5504=LINE('',#10028,#6419);
#5505=LINE('',#10030,#6420);
#5506=LINE('',#10032,#6421);
#5507=LINE('',#10034,#6422);
#5508=LINE('',#10036,#6423);
#5509=LINE('',#10038,#6424);
#5510=LINE('',#10040,#6425);
#5511=LINE('',#10042,#6426);
#5512=LINE('',#10045,#6427);
#5513=LINE('',#10047,#6428);
#5514=LINE('',#10049,#6429);
#5515=LINE('',#10051,#6430);
#5516=LINE('',#10057,#6431);
#5517=LINE('',#10059,#6432);
#5518=LINE('',#10061,#6433);
#5519=LINE('',#10063,#6434);
#5520=LINE('',#10066,#6435);
#5521=LINE('',#10068,#6436);
#5522=LINE('',#10070,#6437);
#5523=LINE('',#10072,#6438);
#5524=LINE('',#10078,#6439);
#5525=LINE('',#10081,#6440);
#5526=LINE('',#10082,#6441);
#5527=LINE('',#10088,#6442);
#5528=LINE('',#10090,#6443);
#5529=LINE('',#10093,#6444);
#5530=LINE('',#10095,#6445);
#5531=LINE('',#10097,#6446);
#5532=LINE('',#10099,#6447);
#5533=LINE('',#10102,#6448);
#5534=LINE('',#10103,#6449);
#5535=LINE('',#10105,#6450);
#5536=LINE('',#10108,#6451);
#5537=LINE('',#10109,#6452);
#5538=LINE('',#10111,#6453);
#5539=LINE('',#10114,#6454);
#5540=LINE('',#10115,#6455);
#5541=LINE('',#10117,#6456);
#5542=LINE('',#10119,#6457);
#5543=LINE('',#10121,#6458);
#5544=LINE('',#10123,#6459);
#5545=LINE('',#10124,#6460);
#5546=LINE('',#10126,#6461);
#5547=LINE('',#10128,#6462);
#5548=LINE('',#10130,#6463);
#5549=LINE('',#10132,#6464);
#5550=LINE('',#10134,#6465);
#5551=LINE('',#10136,#6466);
#5552=LINE('',#10138,#6467);
#5553=LINE('',#10140,#6468);
#5554=LINE('',#10142,#6469);
#5555=LINE('',#10144,#6470);
#5556=LINE('',#10146,#6471);
#5557=LINE('',#10147,#6472);
#5558=LINE('',#10149,#6473);
#5559=LINE('',#10151,#6474);
#5560=LINE('',#10153,#6475);
#5561=LINE('',#10155,#6476);
#5562=LINE('',#10158,#6477);
#5563=LINE('',#10160,#6478);
#5564=LINE('',#10161,#6479);
#5565=LINE('',#10163,#6480);
#5566=LINE('',#10166,#6481);
#5567=LINE('',#10168,#6482);
#5568=LINE('',#10170,#6483);
#5569=LINE('',#10172,#6484);
#5570=LINE('',#10178,#6485);
#5571=LINE('',#10181,#6486);
#5572=LINE('',#10182,#6487);
#5573=LINE('',#10184,#6488);
#5574=LINE('',#10185,#6489);
#5575=LINE('',#10186,#6490);
#5576=LINE('',#10187,#6491);
#5577=LINE('',#10188,#6492);
#5578=LINE('',#10191,#6493);
#5579=LINE('',#10193,#6494);
#5580=LINE('',#10195,#6495);
#5581=LINE('',#10197,#6496);
#5582=LINE('',#10199,#6497);
#5583=LINE('',#10201,#6498);
#5584=LINE('',#10203,#6499);
#5585=LINE('',#10205,#6500);
#5586=LINE('',#10207,#6501);
#5587=LINE('',#10209,#6502);
#5588=LINE('',#10211,#6503);
#5589=LINE('',#10212,#6504);
#5590=LINE('',#10214,#6505);
#5591=LINE('',#10217,#6506);
#5592=LINE('',#10219,#6507);
#5593=LINE('',#10221,#6508);
#5594=LINE('',#10223,#6509);
#5595=LINE('',#10225,#6510);
#5596=LINE('',#10226,#6511);
#5597=LINE('',#10228,#6512);
#5598=LINE('',#10230,#6513);
#5599=LINE('',#10231,#6514);
#5600=LINE('',#10232,#6515);
#5601=LINE('',#10233,#6516);
#5602=LINE('',#10234,#6517);
#5603=LINE('',#10236,#6518);
#5604=LINE('',#10238,#6519);
#5605=LINE('',#10240,#6520);
#5606=LINE('',#10242,#6521);
#5607=LINE('',#10245,#6522);
#5608=LINE('',#10247,#6523);
#5609=LINE('',#10249,#6524);
#5610=LINE('',#10250,#6525);
#5611=LINE('',#10252,#6526);
#5612=LINE('',#10255,#6527);
#5613=LINE('',#10257,#6528);
#5614=LINE('',#10259,#6529);
#5615=LINE('',#10261,#6530);
#5616=LINE('',#10264,#6531);
#5617=LINE('',#10266,#6532);
#5618=LINE('',#10268,#6533);
#5619=LINE('',#10270,#6534);
#5620=LINE('',#10272,#6535);
#5621=LINE('',#10274,#6536);
#5622=LINE('',#10276,#6537);
#5623=LINE('',#10278,#6538);
#5624=LINE('',#10280,#6539);
#5625=LINE('',#10282,#6540);
#5626=LINE('',#10284,#6541);
#5627=LINE('',#10286,#6542);
#5628=LINE('',#10288,#6543);
#5629=LINE('',#10290,#6544);
#5630=LINE('',#10295,#6545);
#5631=LINE('',#10299,#6546);
#5632=LINE('',#10302,#6547);
#5633=LINE('',#10304,#6548);
#5634=LINE('',#10306,#6549);
#5635=LINE('',#10312,#6550);
#5636=LINE('',#10314,#6551);
#5637=LINE('',#10317,#6552);
#5638=LINE('',#10319,#6553);
#5639=LINE('',#10321,#6554);
#5640=LINE('',#10323,#6555);
#5641=LINE('',#10326,#6556);
#5642=LINE('',#10328,#6557);
#5643=LINE('',#10330,#6558);
#5644=LINE('',#10332,#6559);
#5645=LINE('',#10339,#6560);
#5646=LINE('',#10342,#6561);
#5647=LINE('',#10343,#6562);
#5648=LINE('',#10346,#6563);
#5649=LINE('',#10350,#6564);
#5650=LINE('',#10352,#6565);
#5651=LINE('',#10354,#6566);
#5652=LINE('',#10356,#6567);
#5653=LINE('',#10358,#6568);
#5654=LINE('',#10360,#6569);
#5655=LINE('',#10363,#6570);
#5656=LINE('',#10364,#6571);
#5657=LINE('',#10365,#6572);
#5658=LINE('',#10367,#6573);
#5659=LINE('',#10370,#6574);
#5660=LINE('',#10371,#6575);
#5661=LINE('',#10373,#6576);
#5662=LINE('',#10376,#6577);
#5663=LINE('',#10377,#6578);
#5664=LINE('',#10379,#6579);
#5665=LINE('',#10382,#6580);
#5666=LINE('',#10383,#6581);
#5667=LINE('',#10385,#6582);
#5668=LINE('',#10387,#6583);
#5669=LINE('',#10389,#6584);
#5670=LINE('',#10391,#6585);
#5671=LINE('',#10393,#6586);
#5672=LINE('',#10395,#6587);
#5673=LINE('',#10397,#6588);
#5674=LINE('',#10400,#6589);
#5675=LINE('',#10402,#6590);
#5676=LINE('',#10404,#6591);
#5677=LINE('',#10406,#6592);
#5678=LINE('',#10407,#6593);
#5679=LINE('',#10408,#6594);
#5680=LINE('',#10410,#6595);
#5681=LINE('',#10411,#6596);
#5682=LINE('',#10413,#6597);
#5683=LINE('',#10415,#6598);
#5684=LINE('',#10417,#6599);
#5685=LINE('',#10419,#6600);
#5686=LINE('',#10421,#6601);
#5687=LINE('',#10423,#6602);
#5688=LINE('',#10425,#6603);
#5689=LINE('',#10427,#6604);
#5690=LINE('',#10429,#6605);
#5691=LINE('',#10431,#6606);
#5692=LINE('',#10433,#6607);
#5693=LINE('',#10435,#6608);
#5694=LINE('',#10437,#6609);
#5695=LINE('',#10439,#6610);
#5696=LINE('',#10441,#6611);
#5697=LINE('',#10443,#6612);
#5698=LINE('',#10445,#6613);
#5699=LINE('',#10447,#6614);
#5700=LINE('',#10452,#6615);
#5701=LINE('',#10455,#6616);
#5702=LINE('',#10456,#6617);
#5703=LINE('',#10458,#6618);
#5704=LINE('',#10460,#6619);
#5705=LINE('',#10462,#6620);
#5706=LINE('',#10464,#6621);
#5707=LINE('',#10466,#6622);
#5708=LINE('',#10468,#6623);
#5709=LINE('',#10473,#6624);
#5710=LINE('',#10476,#6625);
#5711=LINE('',#10478,#6626);
#5712=LINE('',#10482,#6627);
#5713=LINE('',#10486,#6628);
#5714=LINE('',#10487,#6629);
#5715=LINE('',#10488,#6630);
#5716=LINE('',#10490,#6631);
#5717=LINE('',#10492,#6632);
#5718=LINE('',#10494,#6633);
#5719=LINE('',#10496,#6634);
#5720=LINE('',#10499,#6635);
#5721=LINE('',#10501,#6636);
#5722=LINE('',#10503,#6637);
#5723=LINE('',#10505,#6638);
#5724=LINE('',#10508,#6639);
#5725=LINE('',#10510,#6640);
#5726=LINE('',#10512,#6641);
#5727=LINE('',#10513,#6642);
#5728=LINE('',#10515,#6643);
#5729=LINE('',#10518,#6644);
#5730=LINE('',#10520,#6645);
#5731=LINE('',#10522,#6646);
#5732=LINE('',#10524,#6647);
#5733=LINE('',#10527,#6648);
#5734=LINE('',#10528,#6649);
#5735=LINE('',#10530,#6650);
#5736=LINE('',#10532,#6651);
#5737=LINE('',#10534,#6652);
#5738=LINE('',#10536,#6653);
#5739=LINE('',#10538,#6654);
#5740=LINE('',#10540,#6655);
#5741=LINE('',#10541,#6656);
#5742=LINE('',#10543,#6657);
#5743=LINE('',#10546,#6658);
#5744=LINE('',#10548,#6659);
#5745=LINE('',#10550,#6660);
#5746=LINE('',#10552,#6661);
#5747=LINE('',#10554,#6662);
#5748=LINE('',#10557,#6663);
#5749=LINE('',#10558,#6664);
#5750=LINE('',#10560,#6665);
#5751=LINE('',#10562,#6666);
#5752=LINE('',#10563,#6667);
#5753=LINE('',#10565,#6668);
#5754=LINE('',#10567,#6669);
#5755=LINE('',#10569,#6670);
#5756=LINE('',#10571,#6671);
#5757=LINE('',#10572,#6672);
#5758=LINE('',#10573,#6673);
#5759=LINE('',#10576,#6674);
#5760=LINE('',#10577,#6675);
#5761=LINE('',#10578,#6676);
#5762=LINE('',#10580,#6677);
#5763=LINE('',#10582,#6678);
#5764=LINE('',#10583,#6679);
#5765=LINE('',#10585,#6680);
#5766=LINE('',#10587,#6681);
#5767=LINE('',#10589,#6682);
#5768=LINE('',#10591,#6683);
#5769=LINE('',#10593,#6684);
#5770=LINE('',#10596,#6685);
#5771=LINE('',#10598,#6686);
#5772=LINE('',#10599,#6687);
#5773=LINE('',#10601,#6688);
#5774=LINE('',#10603,#6689);
#5775=LINE('',#10606,#6690);
#5776=LINE('',#10608,#6691);
#5777=LINE('',#10610,#6692);
#5778=LINE('',#10612,#6693);
#5779=LINE('',#10615,#6694);
#5780=LINE('',#10617,#6695);
#5781=LINE('',#10619,#6696);
#5782=LINE('',#10620,#6697);
#5783=LINE('',#10622,#6698);
#5784=LINE('',#10623,#6699);
#5785=LINE('',#10625,#6700);
#5786=LINE('',#10627,#6701);
#5787=LINE('',#10629,#6702);
#5788=LINE('',#10631,#6703);
#5789=LINE('',#10633,#6704);
#5790=LINE('',#10635,#6705);
#5791=LINE('',#10637,#6706);
#5792=LINE('',#10639,#6707);
#5793=LINE('',#10641,#6708);
#5794=LINE('',#10643,#6709);
#5795=LINE('',#10645,#6710);
#5796=LINE('',#10647,#6711);
#5797=LINE('',#10649,#6712);
#5798=LINE('',#10651,#6713);
#5799=LINE('',#10654,#6714);
#5800=LINE('',#10656,#6715);
#5801=LINE('',#10658,#6716);
#5802=LINE('',#10660,#6717);
#5803=LINE('',#10662,#6718);
#5804=LINE('',#10664,#6719);
#5805=LINE('',#10666,#6720);
#5806=LINE('',#10668,#6721);
#5807=LINE('',#10670,#6722);
#5808=LINE('',#10672,#6723);
#5809=LINE('',#10674,#6724);
#5810=LINE('',#10676,#6725);
#5811=LINE('',#10678,#6726);
#5812=LINE('',#10680,#6727);
#5813=LINE('',#10682,#6728);
#5814=LINE('',#10684,#6729);
#5815=LINE('',#10686,#6730);
#5816=LINE('',#10689,#6731);
#5817=LINE('',#10691,#6732);
#5818=LINE('',#10693,#6733);
#5819=LINE('',#10695,#6734);
#5820=LINE('',#10697,#6735);
#5821=LINE('',#10698,#6736);
#5822=LINE('',#10700,#6737);
#5823=LINE('',#10702,#6738);
#5824=LINE('',#10704,#6739);
#5825=LINE('',#10706,#6740);
#5826=LINE('',#10708,#6741);
#5827=LINE('',#10710,#6742);
#5828=LINE('',#10712,#6743);
#5829=LINE('',#10713,#6744);
#5830=LINE('',#10714,#6745);
#5831=LINE('',#10716,#6746);
#5832=LINE('',#10718,#6747);
#5833=LINE('',#10722,#6748);
#5834=LINE('',#10723,#6749);
#5835=LINE('',#10725,#6750);
#5836=LINE('',#10727,#6751);
#5837=LINE('',#10729,#6752);
#5838=LINE('',#10731,#6753);
#5839=LINE('',#10733,#6754);
#5840=LINE('',#10735,#6755);
#5841=LINE('',#10737,#6756);
#5842=LINE('',#10741,#6757);
#5843=LINE('',#10743,#6758);
#5844=LINE('',#10746,#6759);
#5845=LINE('',#10747,#6760);
#5846=LINE('',#10749,#6761);
#5847=LINE('',#10752,#6762);
#5848=LINE('',#10754,#6763);
#5849=LINE('',#10756,#6764);
#5850=LINE('',#10758,#6765);
#5851=LINE('',#10760,#6766);
#5852=LINE('',#10762,#6767);
#5853=LINE('',#10764,#6768);
#5854=LINE('',#10765,#6769);
#5855=LINE('',#10767,#6770);
#5856=LINE('',#10768,#6771);
#5857=LINE('',#10770,#6772);
#5858=LINE('',#10771,#6773);
#5859=LINE('',#10773,#6774);
#5860=LINE('',#10774,#6775);
#5861=LINE('',#10776,#6776);
#5862=LINE('',#10777,#6777);
#5863=LINE('',#10779,#6778);
#5864=LINE('',#10781,#6779);
#5865=LINE('',#10783,#6780);
#5866=LINE('',#10785,#6781);
#5867=LINE('',#10787,#6782);
#5868=LINE('',#10789,#6783);
#5869=LINE('',#10791,#6784);
#5870=LINE('',#10793,#6785);
#5871=LINE('',#10795,#6786);
#5872=LINE('',#10797,#6787);
#5873=LINE('',#10802,#6788);
#5874=LINE('',#10804,#6789);
#5875=LINE('',#10805,#6790);
#5876=LINE('',#10807,#6791);
#5877=LINE('',#10809,#6792);
#5878=LINE('',#10811,#6793);
#5879=LINE('',#10816,#6794);
#5880=LINE('',#10817,#6795);
#5881=LINE('',#10819,#6796);
#5882=LINE('',#10820,#6797);
#5883=LINE('',#10822,#6798);
#5884=LINE('',#10824,#6799);
#5885=LINE('',#10826,#6800);
#5886=LINE('',#10828,#6801);
#5887=LINE('',#10830,#6802);
#5888=LINE('',#10833,#6803);
#5889=LINE('',#10835,#6804);
#5890=LINE('',#10837,#6805);
#5891=LINE('',#10839,#6806);
#5892=LINE('',#10842,#6807);
#5893=LINE('',#10843,#6808);
#5894=LINE('',#10845,#6809);
#5895=LINE('',#10848,#6810);
#5896=LINE('',#10849,#6811);
#5897=LINE('',#10851,#6812);
#5898=LINE('',#10854,#6813);
#5899=LINE('',#10855,#6814);
#5900=LINE('',#10857,#6815);
#5901=LINE('',#10860,#6816);
#5902=LINE('',#10861,#6817);
#5903=LINE('',#10863,#6818);
#5904=LINE('',#10866,#6819);
#5905=LINE('',#10867,#6820);
#5906=LINE('',#10869,#6821);
#5907=LINE('',#10871,#6822);
#5908=LINE('',#10873,#6823);
#5909=LINE('',#10875,#6824);
#5910=LINE('',#10877,#6825);
#5911=LINE('',#10879,#6826);
#5912=LINE('',#10880,#6827);
#5913=LINE('',#10882,#6828);
#5914=LINE('',#10884,#6829);
#5915=LINE('',#10886,#6830);
#5916=LINE('',#10888,#6831);
#5917=LINE('',#10890,#6832);
#5918=LINE('',#10892,#6833);
#5919=LINE('',#10894,#6834);
#5920=LINE('',#10896,#6835);
#5921=LINE('',#10898,#6836);
#5922=LINE('',#10901,#6837);
#5923=LINE('',#10902,#6838);
#5924=LINE('',#10904,#6839);
#5925=LINE('',#10907,#6840);
#5926=LINE('',#10909,#6841);
#5927=LINE('',#10911,#6842);
#5928=LINE('',#10913,#6843);
#5929=LINE('',#10916,#6844);
#5930=LINE('',#10917,#6845);
#5931=LINE('',#10919,#6846);
#5932=LINE('',#10922,#6847);
#5933=LINE('',#10923,#6848);
#5934=LINE('',#10925,#6849);
#5935=LINE('',#10931,#6850);
#5936=LINE('',#10932,#6851);
#5937=LINE('',#10934,#6852);
#5938=LINE('',#10937,#6853);
#5939=LINE('',#10938,#6854);
#5940=LINE('',#10941,#6855);
#5941=LINE('',#10943,#6856);
#5942=LINE('',#10945,#6857);
#5943=LINE('',#10947,#6858);
#5944=LINE('',#10950,#6859);
#5945=LINE('',#10952,#6860);
#5946=LINE('',#10954,#6861);
#5947=LINE('',#10956,#6862);
#5948=LINE('',#10958,#6863);
#5949=LINE('',#10960,#6864);
#5950=LINE('',#10962,#6865);
#5951=LINE('',#10964,#6866);
#5952=LINE('',#10968,#6867);
#5953=LINE('',#10970,#6868);
#5954=LINE('',#10972,#6869);
#5955=LINE('',#10974,#6870);
#5956=LINE('',#10976,#6871);
#5957=LINE('',#10978,#6872);
#5958=LINE('',#10980,#6873);
#5959=LINE('',#10982,#6874);
#5960=LINE('',#10985,#6875);
#5961=VECTOR('',#7349,0.3);
#5962=VECTOR('',#7350,1.);
#5963=VECTOR('',#7351,0.3);
#5964=VECTOR('',#7352,1.);
#5965=VECTOR('',#7353,0.3);
#5966=VECTOR('',#7354,0.7);
#5967=VECTOR('',#7355,0.3);
#5968=VECTOR('',#7356,0.7);
#5969=VECTOR('',#7357,0.3);
#5970=VECTOR('',#7358,0.3);
#5971=VECTOR('',#7359,0.3);
#5972=VECTOR('',#7360,0.7);
#5973=VECTOR('',#7361,0.7);
#5974=VECTOR('',#7362,0.7);
#5975=VECTOR('',#7363,0.3);
#5976=VECTOR('',#7364,0.3);
#5977=VECTOR('',#7365,0.3);
#5978=VECTOR('',#7366,0.7);
#5979=VECTOR('',#7367,0.7);
#5980=VECTOR('',#7368,0.7);
#5981=VECTOR('',#7369,0.300000000000001);
#5982=VECTOR('',#7370,1.);
#5983=VECTOR('',#7371,0.300000000000001);
#5984=VECTOR('',#7372,1.);
#5985=VECTOR('',#7373,0.3);
#5986=VECTOR('',#7374,0.7);
#5987=VECTOR('',#7375,0.3);
#5988=VECTOR('',#7376,0.7);
#5989=VECTOR('',#7377,0.3);
#5990=VECTOR('',#7378,0.7);
#5991=VECTOR('',#7379,0.3);
#5992=VECTOR('',#7380,0.7);
#5993=VECTOR('',#7381,1.);
#5994=VECTOR('',#7382,1.);
#5995=VECTOR('',#7383,1.);
#5996=VECTOR('',#7384,1.);
#5997=VECTOR('',#7387,1.);
#5998=VECTOR('',#7388,1.);
#5999=VECTOR('',#7389,1.);
#6000=VECTOR('',#7392,1.);
#6001=VECTOR('',#7393,1.);
#6002=VECTOR('',#7394,1.);
#6003=VECTOR('',#7397,1.);
#6004=VECTOR('',#7398,1.);
#6005=VECTOR('',#7399,1.);
#6006=VECTOR('',#7402,1.);
#6007=VECTOR('',#7403,1.);
#6008=VECTOR('',#7404,1.);
#6009=VECTOR('',#7407,1.);
#6010=VECTOR('',#7408,1.);
#6011=VECTOR('',#7409,1.);
#6012=VECTOR('',#7410,1.);
#6013=VECTOR('',#7413,1.);
#6014=VECTOR('',#7414,1.);
#6015=VECTOR('',#7415,1.);
#6016=VECTOR('',#7416,1.);
#6017=VECTOR('',#7419,1.);
#6018=VECTOR('',#7420,1.);
#6019=VECTOR('',#7421,1.);
#6020=VECTOR('',#7424,1.);
#6021=VECTOR('',#7425,1.);
#6022=VECTOR('',#7426,1.);
#6023=VECTOR('',#7429,1.);
#6024=VECTOR('',#7430,1.);
#6025=VECTOR('',#7431,1.);
#6026=VECTOR('',#7434,1.);
#6027=VECTOR('',#7435,1.);
#6028=VECTOR('',#7436,1.);
#6029=VECTOR('',#7439,1.);
#6030=VECTOR('',#7440,1.);
#6031=VECTOR('',#7441,1.);
#6032=VECTOR('',#7444,1.);
#6033=VECTOR('',#7445,1.);
#6034=VECTOR('',#7446,1.);
#6035=VECTOR('',#7447,1.);
#6036=VECTOR('',#7450,1.);
#6037=VECTOR('',#7451,1.);
#6038=VECTOR('',#7452,1.);
#6039=VECTOR('',#7455,1.);
#6040=VECTOR('',#7456,1.);
#6041=VECTOR('',#7457,1.);
#6042=VECTOR('',#7458,1.);
#6043=VECTOR('',#7461,1.);
#6044=VECTOR('',#7462,1.);
#6045=VECTOR('',#7463,1.);
#6046=VECTOR('',#7466,1.);
#6047=VECTOR('',#7467,1.);
#6048=VECTOR('',#7468,1.);
#6049=VECTOR('',#7469,1.);
#6050=VECTOR('',#7472,1.);
#6051=VECTOR('',#7473,1.);
#6052=VECTOR('',#7474,1.);
#6053=VECTOR('',#7477,1.);
#6054=VECTOR('',#7478,1.);
#6055=VECTOR('',#7479,1.);
#6056=VECTOR('',#7480,1.);
#6057=VECTOR('',#7483,1.);
#6058=VECTOR('',#7484,1.);
#6059=VECTOR('',#7485,1.);
#6060=VECTOR('',#7486,1.);
#6061=VECTOR('',#7489,1.);
#6062=VECTOR('',#7490,1.);
#6063=VECTOR('',#7491,1.);
#6064=VECTOR('',#7494,1.);
#6065=VECTOR('',#7495,1.);
#6066=VECTOR('',#7496,1.);
#6067=VECTOR('',#7497,1.);
#6068=VECTOR('',#7500,1.);
#6069=VECTOR('',#7507,1.);
#6070=VECTOR('',#7508,1.);
#6071=VECTOR('',#7509,1.);
#6072=VECTOR('',#7510,1.);
#6073=VECTOR('',#7513,1.);
#6074=VECTOR('',#7520,1.);
#6075=VECTOR('',#7521,1.);
#6076=VECTOR('',#7522,1.);
#6077=VECTOR('',#7529,1.);
#6078=VECTOR('',#7532,1.);
#6079=VECTOR('',#7533,1.);
#6080=VECTOR('',#7534,1.);
#6081=VECTOR('',#7535,1.);
#6082=VECTOR('',#7538,1.);
#6083=VECTOR('',#7545,1.);
#6084=VECTOR('',#7546,1.);
#6085=VECTOR('',#7547,1.);
#6086=VECTOR('',#7554,1.);
#6087=VECTOR('',#7557,1.);
#6088=VECTOR('',#7558,1.);
#6089=VECTOR('',#7559,1.);
#6090=VECTOR('',#7562,1.);
#6091=VECTOR('',#7563,1.);
#6092=VECTOR('',#7564,1.);
#6093=VECTOR('',#7567,1.);
#6094=VECTOR('',#7568,1.);
#6095=VECTOR('',#7569,1.);
#6096=VECTOR('',#7572,1.);
#6097=VECTOR('',#7573,1.);
#6098=VECTOR('',#7574,1.);
#6099=VECTOR('',#7575,1.);
#6100=VECTOR('',#7578,1.);
#6101=VECTOR('',#7579,1.);
#6102=VECTOR('',#7580,1.);
#6103=VECTOR('',#7581,1.);
#6104=VECTOR('',#7584,1.);
#6105=VECTOR('',#7585,1.);
#6106=VECTOR('',#7586,1.);
#6107=VECTOR('',#7587,1.);
#6108=VECTOR('',#7590,1.);
#6109=VECTOR('',#7591,1.);
#6110=VECTOR('',#7594,1.);
#6111=VECTOR('',#7595,1.);
#6112=VECTOR('',#7598,1.);
#6113=VECTOR('',#7599,1.);
#6114=VECTOR('',#7602,1.);
#6115=VECTOR('',#7603,1.);
#6116=VECTOR('',#7606,1.);
#6117=VECTOR('',#7607,1.);
#6118=VECTOR('',#7608,1.);
#6119=VECTOR('',#7609,1.);
#6120=VECTOR('',#7610,1.);
#6121=VECTOR('',#7611,1.);
#6122=VECTOR('',#7612,1.);
#6123=VECTOR('',#7613,1.);
#6124=VECTOR('',#7616,1.);
#6125=VECTOR('',#7617,1.);
#6126=VECTOR('',#7618,1.);
#6127=VECTOR('',#7619,1.);
#6128=VECTOR('',#7622,1.);
#6129=VECTOR('',#7623,1.);
#6130=VECTOR('',#7624,1.);
#6131=VECTOR('',#7627,1.);
#6132=VECTOR('',#7628,1.);
#6133=VECTOR('',#7629,1.);
#6134=VECTOR('',#7632,1.);
#6135=VECTOR('',#7633,1.);
#6136=VECTOR('',#7634,1.);
#6137=VECTOR('',#7637,1.);
#6138=VECTOR('',#7638,1.);
#6139=VECTOR('',#7639,1.);
#6140=VECTOR('',#7642,1.);
#6141=VECTOR('',#7643,1.);
#6142=VECTOR('',#7644,1.);
#6143=VECTOR('',#7647,1.);
#6144=VECTOR('',#7648,1.);
#6145=VECTOR('',#7649,1.);
#6146=VECTOR('',#7652,1.);
#6147=VECTOR('',#7653,1.);
#6148=VECTOR('',#7654,1.);
#6149=VECTOR('',#7655,1.);
#6150=VECTOR('',#7658,1.);
#6151=VECTOR('',#7659,1.);
#6152=VECTOR('',#7662,1.);
#6153=VECTOR('',#7663,1.);
#6154=VECTOR('',#7664,1.);
#6155=VECTOR('',#7665,1.);
#6156=VECTOR('',#7668,1.);
#6157=VECTOR('',#7669,1.);
#6158=VECTOR('',#7670,1.);
#6159=VECTOR('',#7673,1.);
#6160=VECTOR('',#7674,1.);
#6161=VECTOR('',#7675,1.);
#6162=VECTOR('',#7676,1.);
#6163=VECTOR('',#7679,1.);
#6164=VECTOR('',#7680,1.);
#6165=VECTOR('',#7681,1.);
#6166=VECTOR('',#7682,1.);
#6167=VECTOR('',#7685,1.);
#6168=VECTOR('',#7686,1.);
#6169=VECTOR('',#7687,1.);
#6170=VECTOR('',#7688,1.);
#6171=VECTOR('',#7689,1.);
#6172=VECTOR('',#7692,1.);
#6173=VECTOR('',#7693,1.);
#6174=VECTOR('',#7694,1.);
#6175=VECTOR('',#7695,1.);
#6176=VECTOR('',#7698,1.);
#6177=VECTOR('',#7705,1.);
#6178=VECTOR('',#7706,1.);
#6179=VECTOR('',#7707,1.);
#6180=VECTOR('',#7710,1.);
#6181=VECTOR('',#7711,1.);
#6182=VECTOR('',#7712,1.);
#6183=VECTOR('',#7713,1.);
#6184=VECTOR('',#7716,1.);
#6185=VECTOR('',#7717,1.);
#6186=VECTOR('',#7718,1.);
#6187=VECTOR('',#7719,1.);
#6188=VECTOR('',#7722,1.);
#6189=VECTOR('',#7723,1.);
#6190=VECTOR('',#7724,1.);
#6191=VECTOR('',#7725,1.);
#6192=VECTOR('',#7728,1.);
#6193=VECTOR('',#7729,1.);
#6194=VECTOR('',#7730,1.);
#6195=VECTOR('',#7733,1.);
#6196=VECTOR('',#7734,1.);
#6197=VECTOR('',#7735,1.);
#6198=VECTOR('',#7738,1.);
#6199=VECTOR('',#7739,1.);
#6200=VECTOR('',#7740,1.);
#6201=VECTOR('',#7743,1.);
#6202=VECTOR('',#7744,1.);
#6203=VECTOR('',#7745,1.);
#6204=VECTOR('',#7746,1.);
#6205=VECTOR('',#7749,1.);
#6206=VECTOR('',#7756,1.);
#6207=VECTOR('',#7757,1.);
#6208=VECTOR('',#7758,1.);
#6209=VECTOR('',#7761,1.);
#6210=VECTOR('',#7762,1.);
#6211=VECTOR('',#7763,1.);
#6212=VECTOR('',#7764,1.);
#6213=VECTOR('',#7767,1.);
#6214=VECTOR('',#7774,1.);
#6215=VECTOR('',#7775,1.);
#6216=VECTOR('',#7776,1.);
#6217=VECTOR('',#7783,1.);
#6218=VECTOR('',#7786,1.);
#6219=VECTOR('',#7787,1.);
#6220=VECTOR('',#7788,1.);
#6221=VECTOR('',#7789,1.);
#6222=VECTOR('',#7792,1.);
#6223=VECTOR('',#7793,1.);
#6224=VECTOR('',#7794,1.);
#6225=VECTOR('',#7797,1.);
#6226=VECTOR('',#7798,1.);
#6227=VECTOR('',#7799,1.);
#6228=VECTOR('',#7802,1.);
#6229=VECTOR('',#7803,1.);
#6230=VECTOR('',#7804,1.);
#6231=VECTOR('',#7807,1.);
#6232=VECTOR('',#7808,1.);
#6233=VECTOR('',#7809,1.);
#6234=VECTOR('',#7812,1.);
#6235=VECTOR('',#7813,1.);
#6236=VECTOR('',#7816,1.);
#6237=VECTOR('',#7819,1.);
#6238=VECTOR('',#7822,1.);
#6239=VECTOR('',#7825,1.);
#6240=VECTOR('',#7826,1.);
#6241=VECTOR('',#7827,1.);
#6242=VECTOR('',#7828,1.);
#6243=VECTOR('',#7829,1.);
#6244=VECTOR('',#7832,1.);
#6245=VECTOR('',#7833,1.);
#6246=VECTOR('',#7836,1.);
#6247=VECTOR('',#7837,1.);
#6248=VECTOR('',#7840,1.);
#6249=VECTOR('',#7843,1.);
#6250=VECTOR('',#7846,1.);
#6251=VECTOR('',#7849,1.);
#6252=VECTOR('',#7850,1.);
#6253=VECTOR('',#7851,1.);
#6254=VECTOR('',#7852,1.);
#6255=VECTOR('',#7855,1.);
#6256=VECTOR('',#7856,1.);
#6257=VECTOR('',#7857,1.);
#6258=VECTOR('',#7858,1.);
#6259=VECTOR('',#7861,1.);
#6260=VECTOR('',#7862,1.);
#6261=VECTOR('',#7863,1.);
#6262=VECTOR('',#7864,1.);
#6263=VECTOR('',#7867,1.);
#6264=VECTOR('',#7868,1.);
#6265=VECTOR('',#7869,1.);
#6266=VECTOR('',#7870,1.);
#6267=VECTOR('',#7873,1.);
#6268=VECTOR('',#7874,1.);
#6269=VECTOR('',#7875,1.);
#6270=VECTOR('',#7878,1.);
#6271=VECTOR('',#7879,1.);
#6272=VECTOR('',#7880,1.);
#6273=VECTOR('',#7883,1.);
#6274=VECTOR('',#7884,1.);
#6275=VECTOR('',#7885,1.);
#6276=VECTOR('',#7888,1.);
#6277=VECTOR('',#7889,1.);
#6278=VECTOR('',#7890,1.);
#6279=VECTOR('',#7891,1.);
#6280=VECTOR('',#7894,1.);
#6281=VECTOR('',#7901,1.);
#6282=VECTOR('',#7902,1.);
#6283=VECTOR('',#7903,1.);
#6284=VECTOR('',#7906,1.);
#6285=VECTOR('',#7907,1.);
#6286=VECTOR('',#7908,1.);
#6287=VECTOR('',#7909,1.);
#6288=VECTOR('',#7912,1.);
#6289=VECTOR('',#7919,1.);
#6290=VECTOR('',#7920,1.);
#6291=VECTOR('',#7921,1.);
#6292=VECTOR('',#7928,1.);
#6293=VECTOR('',#7931,1.);
#6294=VECTOR('',#7932,1.);
#6295=VECTOR('',#7933,1.);
#6296=VECTOR('',#7934,1.);
#6297=VECTOR('',#7937,1.);
#6298=VECTOR('',#7938,1.);
#6299=VECTOR('',#7939,1.);
#6300=VECTOR('',#7942,1.);
#6301=VECTOR('',#7943,1.);
#6302=VECTOR('',#7944,1.);
#6303=VECTOR('',#7947,1.);
#6304=VECTOR('',#7948,1.);
#6305=VECTOR('',#7949,1.);
#6306=VECTOR('',#7952,1.);
#6307=VECTOR('',#7953,1.);
#6308=VECTOR('',#7954,1.);
#6309=VECTOR('',#7957,1.);
#6310=VECTOR('',#7958,1.);
#6311=VECTOR('',#7961,1.);
#6312=VECTOR('',#7964,1.);
#6313=VECTOR('',#7967,1.);
#6314=VECTOR('',#7970,1.);
#6315=VECTOR('',#7971,1.);
#6316=VECTOR('',#7972,1.);
#6317=VECTOR('',#7973,1.);
#6318=VECTOR('',#7974,1.);
#6319=VECTOR('',#7977,1.);
#6320=VECTOR('',#7978,1.);
#6321=VECTOR('',#7981,1.);
#6322=VECTOR('',#7982,1.);
#6323=VECTOR('',#7985,1.);
#6324=VECTOR('',#7988,1.);
#6325=VECTOR('',#7991,1.);
#6326=VECTOR('',#7994,1.);
#6327=VECTOR('',#7995,1.);
#6328=VECTOR('',#7996,1.);
#6329=VECTOR('',#7997,1.);
#6330=VECTOR('',#8000,1.);
#6331=VECTOR('',#8001,1.);
#6332=VECTOR('',#8002,1.);
#6333=VECTOR('',#8003,1.);
#6334=VECTOR('',#8006,1.);
#6335=VECTOR('',#8007,1.);
#6336=VECTOR('',#8008,1.);
#6337=VECTOR('',#8009,1.);
#6338=VECTOR('',#8012,1.);
#6339=VECTOR('',#8013,1.);
#6340=VECTOR('',#8014,1.);
#6341=VECTOR('',#8015,1.);
#6342=VECTOR('',#8018,1.);
#6343=VECTOR('',#8019,1.);
#6344=VECTOR('',#8020,1.);
#6345=VECTOR('',#8023,1.);
#6346=VECTOR('',#8024,1.);
#6347=VECTOR('',#8025,1.);
#6348=VECTOR('',#8028,1.);
#6349=VECTOR('',#8029,1.);
#6350=VECTOR('',#8030,1.);
#6351=VECTOR('',#8033,1.);
#6352=VECTOR('',#8034,1.);
#6353=VECTOR('',#8035,1.);
#6354=VECTOR('',#8036,1.);
#6355=VECTOR('',#8039,1.);
#6356=VECTOR('',#8046,1.);
#6357=VECTOR('',#8047,1.);
#6358=VECTOR('',#8048,1.);
#6359=VECTOR('',#8051,1.);
#6360=VECTOR('',#8052,1.);
#6361=VECTOR('',#8053,1.);
#6362=VECTOR('',#8054,1.);
#6363=VECTOR('',#8057,1.);
#6364=VECTOR('',#8064,1.);
#6365=VECTOR('',#8065,1.);
#6366=VECTOR('',#8066,1.);
#6367=VECTOR('',#8073,1.);
#6368=VECTOR('',#8076,1.);
#6369=VECTOR('',#8077,1.);
#6370=VECTOR('',#8078,1.);
#6371=VECTOR('',#8079,1.);
#6372=VECTOR('',#8082,1.);
#6373=VECTOR('',#8083,1.);
#6374=VECTOR('',#8084,1.);
#6375=VECTOR('',#8087,1.);
#6376=VECTOR('',#8088,1.);
#6377=VECTOR('',#8089,1.);
#6378=VECTOR('',#8092,1.);
#6379=VECTOR('',#8093,1.);
#6380=VECTOR('',#8094,1.);
#6381=VECTOR('',#8097,1.);
#6382=VECTOR('',#8098,1.);
#6383=VECTOR('',#8099,1.);
#6384=VECTOR('',#8102,1.);
#6385=VECTOR('',#8103,1.);
#6386=VECTOR('',#8106,1.);
#6387=VECTOR('',#8109,1.);
#6388=VECTOR('',#8112,1.);
#6389=VECTOR('',#8115,1.);
#6390=VECTOR('',#8116,1.);
#6391=VECTOR('',#8117,1.);
#6392=VECTOR('',#8118,1.);
#6393=VECTOR('',#8119,1.);
#6394=VECTOR('',#8122,1.);
#6395=VECTOR('',#8123,1.);
#6396=VECTOR('',#8126,1.);
#6397=VECTOR('',#8127,1.);
#6398=VECTOR('',#8130,1.);
#6399=VECTOR('',#8133,1.);
#6400=VECTOR('',#8136,1.);
#6401=VECTOR('',#8139,1.);
#6402=VECTOR('',#8140,1.);
#6403=VECTOR('',#8141,1.);
#6404=VECTOR('',#8142,1.);
#6405=VECTOR('',#8145,1.);
#6406=VECTOR('',#8146,1.);
#6407=VECTOR('',#8147,1.);
#6408=VECTOR('',#8148,1.);
#6409=VECTOR('',#8151,1.);
#6410=VECTOR('',#8152,1.);
#6411=VECTOR('',#8153,1.);
#6412=VECTOR('',#8154,1.);
#6413=VECTOR('',#8157,1.);
#6414=VECTOR('',#8158,1.);
#6415=VECTOR('',#8159,1.);
#6416=VECTOR('',#8160,1.);
#6417=VECTOR('',#8163,1.);
#6418=VECTOR('',#8164,1.);
#6419=VECTOR('',#8165,1.);
#6420=VECTOR('',#8168,1.);
#6421=VECTOR('',#8169,1.);
#6422=VECTOR('',#8170,1.);
#6423=VECTOR('',#8173,1.);
#6424=VECTOR('',#8174,1.);
#6425=VECTOR('',#8175,1.);
#6426=VECTOR('',#8178,1.);
#6427=VECTOR('',#8179,1.);
#6428=VECTOR('',#8180,1.);
#6429=VECTOR('',#8181,1.);
#6430=VECTOR('',#8184,1.);
#6431=VECTOR('',#8191,1.);
#6432=VECTOR('',#8192,1.);
#6433=VECTOR('',#8193,1.);
#6434=VECTOR('',#8196,1.);
#6435=VECTOR('',#8197,1.);
#6436=VECTOR('',#8198,1.);
#6437=VECTOR('',#8199,1.);
#6438=VECTOR('',#8202,1.);
#6439=VECTOR('',#8209,1.);
#6440=VECTOR('',#8210,1.);
#6441=VECTOR('',#8211,1.);
#6442=VECTOR('',#8218,1.);
#6443=VECTOR('',#8221,1.);
#6444=VECTOR('',#8222,1.);
#6445=VECTOR('',#8223,1.);
#6446=VECTOR('',#8224,1.);
#6447=VECTOR('',#8227,1.);
#6448=VECTOR('',#8228,1.);
#6449=VECTOR('',#8229,1.);
#6450=VECTOR('',#8232,1.);
#6451=VECTOR('',#8233,1.);
#6452=VECTOR('',#8234,1.);
#6453=VECTOR('',#8237,1.);
#6454=VECTOR('',#8238,1.);
#6455=VECTOR('',#8239,1.);
#6456=VECTOR('',#8242,1.);
#6457=VECTOR('',#8243,1.);
#6458=VECTOR('',#8244,1.);
#6459=VECTOR('',#8247,1.);
#6460=VECTOR('',#8248,1.);
#6461=VECTOR('',#8251,1.);
#6462=VECTOR('',#8254,1.);
#6463=VECTOR('',#8257,1.);
#6464=VECTOR('',#8260,1.);
#6465=VECTOR('',#8261,1.);
#6466=VECTOR('',#8262,1.);
#6467=VECTOR('',#8263,1.);
#6468=VECTOR('',#8264,1.);
#6469=VECTOR('',#8267,1.);
#6470=VECTOR('',#8268,1.);
#6471=VECTOR('',#8271,1.);
#6472=VECTOR('',#8272,1.);
#6473=VECTOR('',#8275,1.);
#6474=VECTOR('',#8278,1.);
#6475=VECTOR('',#8281,1.);
#6476=VECTOR('',#8284,1.);
#6477=VECTOR('',#8285,1.);
#6478=VECTOR('',#8286,1.);
#6479=VECTOR('',#8287,1.);
#6480=VECTOR('',#8290,1.);
#6481=VECTOR('',#8291,1.);
#6482=VECTOR('',#8292,1.);
#6483=VECTOR('',#8293,1.);
#6484=VECTOR('',#8296,1.);
#6485=VECTOR('',#8303,1.);
#6486=VECTOR('',#8304,1.);
#6487=VECTOR('',#8305,1.);
#6488=VECTOR('',#8308,1.);
#6489=VECTOR('',#8309,1.);
#6490=VECTOR('',#8310,1.);
#6491=VECTOR('',#8311,1.);
#6492=VECTOR('',#8312,1.);
#6493=VECTOR('',#8313,1.);
#6494=VECTOR('',#8314,1.);
#6495=VECTOR('',#8315,1.);
#6496=VECTOR('',#8318,1.);
#6497=VECTOR('',#8319,1.);
#6498=VECTOR('',#8320,1.);
#6499=VECTOR('',#8323,1.);
#6500=VECTOR('',#8324,1.);
#6501=VECTOR('',#8325,1.);
#6502=VECTOR('',#8326,1.);
#6503=VECTOR('',#8329,1.);
#6504=VECTOR('',#8330,1.);
#6505=VECTOR('',#8333,1.);
#6506=VECTOR('',#8334,1.);
#6507=VECTOR('',#8335,1.);
#6508=VECTOR('',#8336,1.);
#6509=VECTOR('',#8339,1.);
#6510=VECTOR('',#8340,1.);
#6511=VECTOR('',#8341,1.);
#6512=VECTOR('',#8342,1.);
#6513=VECTOR('',#8345,1.);
#6514=VECTOR('',#8346,1.);
#6515=VECTOR('',#8347,1.);
#6516=VECTOR('',#8348,1.);
#6517=VECTOR('',#8349,1.);
#6518=VECTOR('',#8352,1.);
#6519=VECTOR('',#8355,1.);
#6520=VECTOR('',#8356,1.);
#6521=VECTOR('',#8359,1.);
#6522=VECTOR('',#8360,1.);
#6523=VECTOR('',#8361,1.);
#6524=VECTOR('',#8362,1.);
#6525=VECTOR('',#8363,1.);
#6526=VECTOR('',#8366,1.);
#6527=VECTOR('',#8367,1.);
#6528=VECTOR('',#8368,1.);
#6529=VECTOR('',#8369,1.);
#6530=VECTOR('',#8372,1.);
#6531=VECTOR('',#8373,1.);
#6532=VECTOR('',#8374,1.);
#6533=VECTOR('',#8375,1.);
#6534=VECTOR('',#8378,1.);
#6535=VECTOR('',#8379,1.);
#6536=VECTOR('',#8380,1.);
#6537=VECTOR('',#8381,1.);
#6538=VECTOR('',#8382,1.);
#6539=VECTOR('',#8385,1.);
#6540=VECTOR('',#8386,1.);
#6541=VECTOR('',#8387,1.);
#6542=VECTOR('',#8388,1.);
#6543=VECTOR('',#8389,1.);
#6544=VECTOR('',#8392,1.);
#6545=VECTOR('',#8395,1.);
#6546=VECTOR('',#8400,1.);
#6547=VECTOR('',#8401,1.);
#6548=VECTOR('',#8402,1.);
#6549=VECTOR('',#8403,1.);
#6550=VECTOR('',#8410,1.);
#6551=VECTOR('',#8413,1.);
#6552=VECTOR('',#8414,1.);
#6553=VECTOR('',#8415,1.);
#6554=VECTOR('',#8416,1.);
#6555=VECTOR('',#8419,1.);
#6556=VECTOR('',#8420,1.);
#6557=VECTOR('',#8421,1.);
#6558=VECTOR('',#8422,1.);
#6559=VECTOR('',#8425,1.);
#6560=VECTOR('',#8434,1.);
#6561=VECTOR('',#8437,1.);
#6562=VECTOR('',#8438,1.);
#6563=VECTOR('',#8443,1.);
#6564=VECTOR('',#8448,1.);
#6565=VECTOR('',#8449,1.);
#6566=VECTOR('',#8450,1.);
#6567=VECTOR('',#8451,1.);
#6568=VECTOR('',#8452,1.);
#6569=VECTOR('',#8455,1.);
#6570=VECTOR('',#8456,1.);
#6571=VECTOR('',#8457,1.);
#6572=VECTOR('',#8458,1.);
#6573=VECTOR('',#8461,1.);
#6574=VECTOR('',#8462,1.);
#6575=VECTOR('',#8463,1.);
#6576=VECTOR('',#8466,1.);
#6577=VECTOR('',#8467,1.);
#6578=VECTOR('',#8468,1.);
#6579=VECTOR('',#8471,1.);
#6580=VECTOR('',#8472,1.);
#6581=VECTOR('',#8473,1.);
#6582=VECTOR('',#8476,1.);
#6583=VECTOR('',#8477,1.);
#6584=VECTOR('',#8478,1.);
#6585=VECTOR('',#8481,1.);
#6586=VECTOR('',#8482,1.);
#6587=VECTOR('',#8483,1.);
#6588=VECTOR('',#8486,1.);
#6589=VECTOR('',#8487,1.);
#6590=VECTOR('',#8488,1.);
#6591=VECTOR('',#8489,1.);
#6592=VECTOR('',#8490,1.);
#6593=VECTOR('',#8491,1.);
#6594=VECTOR('',#8492,1.);
#6595=VECTOR('',#8493,1.);
#6596=VECTOR('',#8494,1.);
#6597=VECTOR('',#8495,1.);
#6598=VECTOR('',#8498,1.);
#6599=VECTOR('',#8499,1.);
#6600=VECTOR('',#8500,1.);
#6601=VECTOR('',#8503,1.);
#6602=VECTOR('',#8504,1.);
#6603=VECTOR('',#8507,1.);
#6604=VECTOR('',#8508,1.);
#6605=VECTOR('',#8511,1.);
#6606=VECTOR('',#8512,1.);
#6607=VECTOR('',#8515,1.);
#6608=VECTOR('',#8516,1.);
#6609=VECTOR('',#8519,1.);
#6610=VECTOR('',#8520,1.);
#6611=VECTOR('',#8521,1.);
#6612=VECTOR('',#8524,1.);
#6613=VECTOR('',#8527,1.);
#6614=VECTOR('',#8528,1.);
#6615=VECTOR('',#8533,1.);
#6616=VECTOR('',#8536,1.);
#6617=VECTOR('',#8537,1.);
#6618=VECTOR('',#8538,1.);
#6619=VECTOR('',#8539,1.);
#6620=VECTOR('',#8542,1.);
#6621=VECTOR('',#8543,1.);
#6622=VECTOR('',#8544,1.);
#6623=VECTOR('',#8547,1.);
#6624=VECTOR('',#8550,1.);
#6625=VECTOR('',#8555,1.);
#6626=VECTOR('',#8556,1.);
#6627=VECTOR('',#8561,1.);
#6628=VECTOR('',#8566,1.);
#6629=VECTOR('',#8567,1.);
#6630=VECTOR('',#8568,1.);
#6631=VECTOR('',#8571,1.);
#6632=VECTOR('',#8572,1.);
#6633=VECTOR('',#8573,1.);
#6634=VECTOR('',#8576,1.);
#6635=VECTOR('',#8577,1.);
#6636=VECTOR('',#8578,1.);
#6637=VECTOR('',#8579,1.);
#6638=VECTOR('',#8582,1.);
#6639=VECTOR('',#8583,1.);
#6640=VECTOR('',#8584,1.);
#6641=VECTOR('',#8585,1.);
#6642=VECTOR('',#8586,1.);
#6643=VECTOR('',#8589,1.);
#6644=VECTOR('',#8590,1.);
#6645=VECTOR('',#8591,1.);
#6646=VECTOR('',#8592,1.);
#6647=VECTOR('',#8595,1.);
#6648=VECTOR('',#8596,1.);
#6649=VECTOR('',#8597,1.);
#6650=VECTOR('',#8600,1.);
#6651=VECTOR('',#8601,1.);
#6652=VECTOR('',#8602,1.);
#6653=VECTOR('',#8603,1.);
#6654=VECTOR('',#8604,1.);
#6655=VECTOR('',#8607,1.);
#6656=VECTOR('',#8608,1.);
#6657=VECTOR('',#8611,1.);
#6658=VECTOR('',#8612,1.);
#6659=VECTOR('',#8613,1.);
#6660=VECTOR('',#8614,1.);
#6661=VECTOR('',#8617,1.);
#6662=VECTOR('',#8620,1.);
#6663=VECTOR('',#8621,1.);
#6664=VECTOR('',#8622,1.);
#6665=VECTOR('',#8625,1.);
#6666=VECTOR('',#8626,1.);
#6667=VECTOR('',#8627,1.);
#6668=VECTOR('',#8630,1.);
#6669=VECTOR('',#8633,1.);
#6670=VECTOR('',#8634,1.);
#6671=VECTOR('',#8637,1.);
#6672=VECTOR('',#8638,1.);
#6673=VECTOR('',#8639,1.);
#6674=VECTOR('',#8640,1.);
#6675=VECTOR('',#8641,1.);
#6676=VECTOR('',#8642,1.);
#6677=VECTOR('',#8643,1.);
#6678=VECTOR('',#8644,1.);
#6679=VECTOR('',#8645,1.);
#6680=VECTOR('',#8648,1.);
#6681=VECTOR('',#8649,1.);
#6682=VECTOR('',#8652,1.);
#6683=VECTOR('',#8653,1.);
#6684=VECTOR('',#8656,1.);
#6685=VECTOR('',#8657,1.);
#6686=VECTOR('',#8658,1.);
#6687=VECTOR('',#8659,1.);
#6688=VECTOR('',#8660,1.);
#6689=VECTOR('',#8663,1.);
#6690=VECTOR('',#8664,1.);
#6691=VECTOR('',#8665,1.);
#6692=VECTOR('',#8666,1.);
#6693=VECTOR('',#8669,1.);
#6694=VECTOR('',#8670,1.);
#6695=VECTOR('',#8671,1.);
#6696=VECTOR('',#8672,1.);
#6697=VECTOR('',#8673,1.);
#6698=VECTOR('',#8674,1.);
#6699=VECTOR('',#8675,1.);
#6700=VECTOR('',#8676,1.);
#6701=VECTOR('',#8679,1.);
#6702=VECTOR('',#8680,1.);
#6703=VECTOR('',#8681,1.);
#6704=VECTOR('',#8684,1.);
#6705=VECTOR('',#8685,1.);
#6706=VECTOR('',#8688,1.);
#6707=VECTOR('',#8689,1.);
#6708=VECTOR('',#8692,1.);
#6709=VECTOR('',#8693,1.);
#6710=VECTOR('',#8696,1.);
#6711=VECTOR('',#8697,1.);
#6712=VECTOR('',#8700,1.);
#6713=VECTOR('',#8703,1.);
#6714=VECTOR('',#8704,1.);
#6715=VECTOR('',#8705,1.);
#6716=VECTOR('',#8706,1.);
#6717=VECTOR('',#8709,1.);
#6718=VECTOR('',#8710,1.);
#6719=VECTOR('',#8711,1.);
#6720=VECTOR('',#8714,1.);
#6721=VECTOR('',#8715,1.);
#6722=VECTOR('',#8718,1.);
#6723=VECTOR('',#8719,1.);
#6724=VECTOR('',#8722,1.);
#6725=VECTOR('',#8725,1.);
#6726=VECTOR('',#8726,1.);
#6727=VECTOR('',#8729,1.);
#6728=VECTOR('',#8732,1.);
#6729=VECTOR('',#8733,1.);
#6730=VECTOR('',#8736,1.);
#6731=VECTOR('',#8737,1.);
#6732=VECTOR('',#8738,1.);
#6733=VECTOR('',#8739,1.);
#6734=VECTOR('',#8742,1.);
#6735=VECTOR('',#8743,1.);
#6736=VECTOR('',#8744,1.);
#6737=VECTOR('',#8745,1.);
#6738=VECTOR('',#8748,1.);
#6739=VECTOR('',#8749,1.);
#6740=VECTOR('',#8752,1.);
#6741=VECTOR('',#8753,1.);
#6742=VECTOR('',#8756,1.);
#6743=VECTOR('',#8759,1.);
#6744=VECTOR('',#8760,1.);
#6745=VECTOR('',#8761,1.);
#6746=VECTOR('',#8762,1.);
#6747=VECTOR('',#8763,1.);
#6748=VECTOR('',#8770,1.);
#6749=VECTOR('',#8771,1.);
#6750=VECTOR('',#8774,1.);
#6751=VECTOR('',#8775,1.);
#6752=VECTOR('',#8776,1.);
#6753=VECTOR('',#8777,1.);
#6754=VECTOR('',#8780,1.);
#6755=VECTOR('',#8783,1.);
#6756=VECTOR('',#8786,1.);
#6757=VECTOR('',#8793,1.);
#6758=VECTOR('',#8796,1.);
#6759=VECTOR('',#8797,1.);
#6760=VECTOR('',#8798,1.);
#6761=VECTOR('',#8799,1.);
#6762=VECTOR('',#8804,1.);
#6763=VECTOR('',#8805,1.);
#6764=VECTOR('',#8806,1.);
#6765=VECTOR('',#8809,1.);
#6766=VECTOR('',#8810,1.);
#6767=VECTOR('',#8811,1.);
#6768=VECTOR('',#8814,1.);
#6769=VECTOR('',#8815,1.);
#6770=VECTOR('',#8818,1.);
#6771=VECTOR('',#8819,1.);
#6772=VECTOR('',#8822,1.);
#6773=VECTOR('',#8823,1.);
#6774=VECTOR('',#8826,1.);
#6775=VECTOR('',#8827,1.);
#6776=VECTOR('',#8830,1.);
#6777=VECTOR('',#8831,1.);
#6778=VECTOR('',#8834,1.);
#6779=VECTOR('',#8835,1.);
#6780=VECTOR('',#8838,1.);
#6781=VECTOR('',#8839,1.);
#6782=VECTOR('',#8842,1.);
#6783=VECTOR('',#8845,1.);
#6784=VECTOR('',#8848,1.);
#6785=VECTOR('',#8851,1.);
#6786=VECTOR('',#8854,1.);
#6787=VECTOR('',#8857,1.);
#6788=VECTOR('',#8866,1.);
#6789=VECTOR('',#8867,1.);
#6790=VECTOR('',#8868,1.);
#6791=VECTOR('',#8871,1.);
#6792=VECTOR('',#8872,1.);
#6793=VECTOR('',#8875,1.);
#6794=VECTOR('',#8884,1.);
#6795=VECTOR('',#8885,1.);
#6796=VECTOR('',#8888,1.);
#6797=VECTOR('',#8889,1.);
#6798=VECTOR('',#8892,1.);
#6799=VECTOR('',#8893,1.);
#6800=VECTOR('',#8894,1.);
#6801=VECTOR('',#8895,1.);
#6802=VECTOR('',#8898,1.);
#6803=VECTOR('',#8899,1.);
#6804=VECTOR('',#8900,1.);
#6805=VECTOR('',#8901,1.);
#6806=VECTOR('',#8904,1.);
#6807=VECTOR('',#8905,1.);
#6808=VECTOR('',#8906,1.);
#6809=VECTOR('',#8909,1.);
#6810=VECTOR('',#8910,1.);
#6811=VECTOR('',#8911,1.);
#6812=VECTOR('',#8914,1.);
#6813=VECTOR('',#8915,1.);
#6814=VECTOR('',#8916,1.);
#6815=VECTOR('',#8919,1.);
#6816=VECTOR('',#8920,1.);
#6817=VECTOR('',#8921,1.);
#6818=VECTOR('',#8924,1.);
#6819=VECTOR('',#8925,1.);
#6820=VECTOR('',#8926,1.);
#6821=VECTOR('',#8929,1.);
#6822=VECTOR('',#8930,1.);
#6823=VECTOR('',#8931,1.);
#6824=VECTOR('',#8934,1.);
#6825=VECTOR('',#8935,1.);
#6826=VECTOR('',#8936,1.);
#6827=VECTOR('',#8937,1.);
#6828=VECTOR('',#8940,1.);
#6829=VECTOR('',#8941,1.);
#6830=VECTOR('',#8944,1.);
#6831=VECTOR('',#8945,1.);
#6832=VECTOR('',#8948,1.);
#6833=VECTOR('',#8949,1.);
#6834=VECTOR('',#8952,1.);
#6835=VECTOR('',#8953,1.);
#6836=VECTOR('',#8956,1.);
#6837=VECTOR('',#8957,1.);
#6838=VECTOR('',#8958,1.);
#6839=VECTOR('',#8961,1.);
#6840=VECTOR('',#8962,1.);
#6841=VECTOR('',#8963,1.);
#6842=VECTOR('',#8964,1.);
#6843=VECTOR('',#8967,1.);
#6844=VECTOR('',#8968,1.);
#6845=VECTOR('',#8969,1.);
#6846=VECTOR('',#8972,1.);
#6847=VECTOR('',#8973,1.);
#6848=VECTOR('',#8974,1.);
#6849=VECTOR('',#8977,1.);
#6850=VECTOR('',#8984,1.);
#6851=VECTOR('',#8985,1.);
#6852=VECTOR('',#8988,1.);
#6853=VECTOR('',#8989,1.);
#6854=VECTOR('',#8990,1.);
#6855=VECTOR('',#8995,1.);
#6856=VECTOR('',#8996,1.);
#6857=VECTOR('',#8999,1.);
#6858=VECTOR('',#9000,1.);
#6859=VECTOR('',#9005,1.);
#6860=VECTOR('',#9008,1.);
#6861=VECTOR('',#9009,1.);
#6862=VECTOR('',#9010,1.);
#6863=VECTOR('',#9013,1.);
#6864=VECTOR('',#9016,1.);
#6865=VECTOR('',#9017,1.);
#6866=VECTOR('',#9020,1.);
#6867=VECTOR('',#9025,1.);
#6868=VECTOR('',#9026,1.);
#6869=VECTOR('',#9029,1.);
#6870=VECTOR('',#9030,1.);
#6871=VECTOR('',#9033,1.);
#6872=VECTOR('',#9034,1.);
#6873=VECTOR('',#9037,1.);
#6874=VECTOR('',#9040,1.);
#6875=VECTOR('',#9045,1.);
#6876=INVISIBILITY((#6879));
#6877=PRESENTATION_LAYER_ASSIGNMENT('61','Layer 61',(#9053));
#6878=PRESENTATION_LAYER_ASSIGNMENT('1','Layer 1',(#5014,#5015,#5016,#5017,
#5018,#5019,#5020,#5021,#5022,#5023,#5024,#5025,#5026,#5027,#5028,#5029,
#5030,#5031,#5032,#5033,#5034,#5035,#5036,#5037,#5038,#5039,#5040,#5041,
#5042,#5043,#5044,#5045,#31));
#6879=STYLED_ITEM('',(#6913),#9053);
#6880=STYLED_ITEM('',(#6914),#5014);
#6881=STYLED_ITEM('',(#6915),#5015);
#6882=STYLED_ITEM('',(#6916),#5016);
#6883=STYLED_ITEM('',(#6917),#5017);
#6884=STYLED_ITEM('',(#6918),#5018);
#6885=STYLED_ITEM('',(#6919),#5019);
#6886=STYLED_ITEM('',(#6920),#5020);
#6887=STYLED_ITEM('',(#6921),#5021);
#6888=STYLED_ITEM('',(#6922),#5022);
#6889=STYLED_ITEM('',(#6923),#5023);
#6890=STYLED_ITEM('',(#6924),#5024);
#6891=STYLED_ITEM('',(#6925),#5025);
#6892=STYLED_ITEM('',(#6926),#5026);
#6893=STYLED_ITEM('',(#6927),#5027);
#6894=STYLED_ITEM('',(#6928),#5028);
#6895=STYLED_ITEM('',(#6929),#5029);
#6896=STYLED_ITEM('',(#6930),#5030);
#6897=STYLED_ITEM('',(#6931),#5031);
#6898=STYLED_ITEM('',(#6932),#5032);
#6899=STYLED_ITEM('',(#6933),#5033);
#6900=STYLED_ITEM('',(#6934),#5034);
#6901=STYLED_ITEM('',(#6935),#5035);
#6902=STYLED_ITEM('',(#6936),#5036);
#6903=STYLED_ITEM('',(#6937),#5037);
#6904=STYLED_ITEM('',(#6938),#5038);
#6905=STYLED_ITEM('',(#6939),#5039);
#6906=STYLED_ITEM('',(#6940),#5040);
#6907=STYLED_ITEM('',(#6941),#5041);
#6908=STYLED_ITEM('',(#6942),#5042);
#6909=STYLED_ITEM('',(#6943),#5043);
#6910=STYLED_ITEM('',(#6944),#5044);
#6911=STYLED_ITEM('',(#6945),#5045);
#6912=STYLED_ITEM('',(#6946),#31);
#6913=PRESENTATION_STYLE_ASSIGNMENT((#6947));
#6914=PRESENTATION_STYLE_ASSIGNMENT((#4950));
#6915=PRESENTATION_STYLE_ASSIGNMENT((#4951));
#6916=PRESENTATION_STYLE_ASSIGNMENT((#4952));
#6917=PRESENTATION_STYLE_ASSIGNMENT((#4953));
#6918=PRESENTATION_STYLE_ASSIGNMENT((#4954));
#6919=PRESENTATION_STYLE_ASSIGNMENT((#4955));
#6920=PRESENTATION_STYLE_ASSIGNMENT((#4956));
#6921=PRESENTATION_STYLE_ASSIGNMENT((#4957));
#6922=PRESENTATION_STYLE_ASSIGNMENT((#4958));
#6923=PRESENTATION_STYLE_ASSIGNMENT((#4959));
#6924=PRESENTATION_STYLE_ASSIGNMENT((#4960));
#6925=PRESENTATION_STYLE_ASSIGNMENT((#4961));
#6926=PRESENTATION_STYLE_ASSIGNMENT((#4962));
#6927=PRESENTATION_STYLE_ASSIGNMENT((#4963));
#6928=PRESENTATION_STYLE_ASSIGNMENT((#4964));
#6929=PRESENTATION_STYLE_ASSIGNMENT((#4965));
#6930=PRESENTATION_STYLE_ASSIGNMENT((#4966));
#6931=PRESENTATION_STYLE_ASSIGNMENT((#4967));
#6932=PRESENTATION_STYLE_ASSIGNMENT((#4968));
#6933=PRESENTATION_STYLE_ASSIGNMENT((#4969));
#6934=PRESENTATION_STYLE_ASSIGNMENT((#4970));
#6935=PRESENTATION_STYLE_ASSIGNMENT((#4971));
#6936=PRESENTATION_STYLE_ASSIGNMENT((#4972));
#6937=PRESENTATION_STYLE_ASSIGNMENT((#4973));
#6938=PRESENTATION_STYLE_ASSIGNMENT((#4974));
#6939=PRESENTATION_STYLE_ASSIGNMENT((#4975));
#6940=PRESENTATION_STYLE_ASSIGNMENT((#4976));
#6941=PRESENTATION_STYLE_ASSIGNMENT((#4977));
#6942=PRESENTATION_STYLE_ASSIGNMENT((#4978));
#6943=PRESENTATION_STYLE_ASSIGNMENT((#4979));
#6944=PRESENTATION_STYLE_ASSIGNMENT((#4980));
#6945=PRESENTATION_STYLE_ASSIGNMENT((#4981));
#6946=PRESENTATION_STYLE_ASSIGNMENT((#26));
#6947=POINT_STYLE('',#6948,POSITIVE_LENGTH_MEASURE(3.),#6949);
#6948=PRE_DEFINED_POINT_MARKER_SYMBOL('plus');
#6949=COLOUR_RGB('Medium Maroon',0.6,0.4,0.4);
#6950=COLOUR_RGB('Medium Royal',0.2,0.4,0.8);
#6951=COLOUR_RGB('Medium Steel',0.596063172350652,0.666666666666667,0.686259250782025);
#6952=AXIS2_PLACEMENT_3D('',#9052,#7347,#7348);
#6953=AXIS2_PLACEMENT_3D('',#9094,#7385,#7386);
#6954=AXIS2_PLACEMENT_3D('',#9100,#7390,#7391);
#6955=AXIS2_PLACEMENT_3D('',#9106,#7395,#7396);
#6956=AXIS2_PLACEMENT_3D('',#9112,#7400,#7401);
#6957=AXIS2_PLACEMENT_3D('',#9118,#7405,#7406);
#6958=AXIS2_PLACEMENT_3D('',#9127,#7411,#7412);
#6959=AXIS2_PLACEMENT_3D('',#9136,#7417,#7418);
#6960=AXIS2_PLACEMENT_3D('',#9142,#7422,#7423);
#6961=AXIS2_PLACEMENT_3D('',#9148,#7427,#7428);
#6962=AXIS2_PLACEMENT_3D('',#9154,#7432,#7433);
#6963=AXIS2_PLACEMENT_3D('',#9160,#7437,#7438);
#6964=AXIS2_PLACEMENT_3D('',#9166,#7442,#7443);
#6965=AXIS2_PLACEMENT_3D('',#9175,#7448,#7449);
#6966=AXIS2_PLACEMENT_3D('',#9181,#7453,#7454);
#6967=AXIS2_PLACEMENT_3D('',#9190,#7459,#7460);
#6968=AXIS2_PLACEMENT_3D('',#9196,#7464,#7465);
#6969=AXIS2_PLACEMENT_3D('',#9205,#7470,#7471);
#6970=AXIS2_PLACEMENT_3D('',#9211,#7475,#7476);
#6971=AXIS2_PLACEMENT_3D('',#9220,#7481,#7482);
#6972=AXIS2_PLACEMENT_3D('',#9229,#7487,#7488);
#6973=AXIS2_PLACEMENT_3D('',#9235,#7492,#7493);
#6974=AXIS2_PLACEMENT_3D('',#9244,#7498,#7499);
#6975=AXIS2_PLACEMENT_3D('',#9248,#7501,#7502);
#6976=AXIS2_PLACEMENT_3D('',#9249,#7503,#7504);
#6977=AXIS2_PLACEMENT_3D('',#9250,#7505,#7506);
#6978=AXIS2_PLACEMENT_3D('',#9259,#7511,#7512);
#6979=AXIS2_PLACEMENT_3D('',#9263,#7514,#7515);
#6980=AXIS2_PLACEMENT_3D('',#9264,#7516,#7517);
#6981=AXIS2_PLACEMENT_3D('',#9265,#7518,#7519);
#6982=AXIS2_PLACEMENT_3D('',#9271,#7523,#7524);
#6983=AXIS2_PLACEMENT_3D('',#9272,#7525,#7526);
#6984=AXIS2_PLACEMENT_3D('',#9274,#7527,#7528);
#6985=AXIS2_PLACEMENT_3D('',#9277,#7530,#7531);
#6986=AXIS2_PLACEMENT_3D('',#9286,#7536,#7537);
#6987=AXIS2_PLACEMENT_3D('',#9290,#7539,#7540);
#6988=AXIS2_PLACEMENT_3D('',#9291,#7541,#7542);
#6989=AXIS2_PLACEMENT_3D('',#9292,#7543,#7544);
#6990=AXIS2_PLACEMENT_3D('',#9298,#7548,#7549);
#6991=AXIS2_PLACEMENT_3D('',#9299,#7550,#7551);
#6992=AXIS2_PLACEMENT_3D('',#9301,#7552,#7553);
#6993=AXIS2_PLACEMENT_3D('',#9304,#7555,#7556);
#6994=AXIS2_PLACEMENT_3D('',#9311,#7560,#7561);
#6995=AXIS2_PLACEMENT_3D('',#9317,#7565,#7566);
#6996=AXIS2_PLACEMENT_3D('',#9323,#7570,#7571);
#6997=AXIS2_PLACEMENT_3D('',#9331,#7576,#7577);
#6998=AXIS2_PLACEMENT_3D('',#9340,#7582,#7583);
#6999=AXIS2_PLACEMENT_3D('',#9348,#7588,#7589);
#7000=AXIS2_PLACEMENT_3D('',#9352,#7592,#7593);
#7001=AXIS2_PLACEMENT_3D('',#9355,#7596,#7597);
#7002=AXIS2_PLACEMENT_3D('',#9359,#7600,#7601);
#7003=AXIS2_PLACEMENT_3D('',#9363,#7604,#7605);
#7004=AXIS2_PLACEMENT_3D('',#9380,#7614,#7615);
#7005=AXIS2_PLACEMENT_3D('',#9389,#7620,#7621);
#7006=AXIS2_PLACEMENT_3D('',#9395,#7625,#7626);
#7007=AXIS2_PLACEMENT_3D('',#9401,#7630,#7631);
#7008=AXIS2_PLACEMENT_3D('',#9407,#7635,#7636);
#7009=AXIS2_PLACEMENT_3D('',#9413,#7640,#7641);
#7010=AXIS2_PLACEMENT_3D('',#9419,#7645,#7646);
#7011=AXIS2_PLACEMENT_3D('',#9425,#7650,#7651);
#7012=AXIS2_PLACEMENT_3D('',#9432,#7656,#7657);
#7013=AXIS2_PLACEMENT_3D('',#9438,#7660,#7661);
#7014=AXIS2_PLACEMENT_3D('',#9447,#7666,#7667);
#7015=AXIS2_PLACEMENT_3D('',#9453,#7671,#7672);
#7016=AXIS2_PLACEMENT_3D('',#9462,#7677,#7678);
#7017=AXIS2_PLACEMENT_3D('',#9468,#7683,#7684);
#7018=AXIS2_PLACEMENT_3D('',#9477,#7690,#7691);
#7019=AXIS2_PLACEMENT_3D('',#9486,#7696,#7697);
#7020=AXIS2_PLACEMENT_3D('',#9490,#7699,#7700);
#7021=AXIS2_PLACEMENT_3D('',#9491,#7701,#7702);
#7022=AXIS2_PLACEMENT_3D('',#9492,#7703,#7704);
#7023=AXIS2_PLACEMENT_3D('',#9498,#7708,#7709);
#7024=AXIS2_PLACEMENT_3D('',#9507,#7714,#7715);
#7025=AXIS2_PLACEMENT_3D('',#9516,#7720,#7721);
#7026=AXIS2_PLACEMENT_3D('',#9525,#7726,#7727);
#7027=AXIS2_PLACEMENT_3D('',#9531,#7731,#7732);
#7028=AXIS2_PLACEMENT_3D('',#9537,#7736,#7737);
#7029=AXIS2_PLACEMENT_3D('',#9543,#7741,#7742);
#7030=AXIS2_PLACEMENT_3D('',#9552,#7747,#7748);
#7031=AXIS2_PLACEMENT_3D('',#9556,#7750,#7751);
#7032=AXIS2_PLACEMENT_3D('',#9557,#7752,#7753);
#7033=AXIS2_PLACEMENT_3D('',#9558,#7754,#7755);
#7034=AXIS2_PLACEMENT_3D('',#9564,#7759,#7760);
#7035=AXIS2_PLACEMENT_3D('',#9573,#7765,#7766);
#7036=AXIS2_PLACEMENT_3D('',#9577,#7768,#7769);
#7037=AXIS2_PLACEMENT_3D('',#9578,#7770,#7771);
#7038=AXIS2_PLACEMENT_3D('',#9579,#7772,#7773);
#7039=AXIS2_PLACEMENT_3D('',#9585,#7777,#7778);
#7040=AXIS2_PLACEMENT_3D('',#9586,#7779,#7780);
#7041=AXIS2_PLACEMENT_3D('',#9588,#7781,#7782);
#7042=AXIS2_PLACEMENT_3D('',#9591,#7784,#7785);
#7043=AXIS2_PLACEMENT_3D('',#9600,#7790,#7791);
#7044=AXIS2_PLACEMENT_3D('',#9606,#7795,#7796);
#7045=AXIS2_PLACEMENT_3D('',#9612,#7800,#7801);
#7046=AXIS2_PLACEMENT_3D('',#9618,#7805,#7806);
#7047=AXIS2_PLACEMENT_3D('',#9624,#7810,#7811);
#7048=AXIS2_PLACEMENT_3D('',#9627,#7814,#7815);
#7049=AXIS2_PLACEMENT_3D('',#9629,#7817,#7818);
#7050=AXIS2_PLACEMENT_3D('',#9631,#7820,#7821);
#7051=AXIS2_PLACEMENT_3D('',#9633,#7823,#7824);
#7052=AXIS2_PLACEMENT_3D('',#9643,#7830,#7831);
#7053=AXIS2_PLACEMENT_3D('',#9647,#7834,#7835);
#7054=AXIS2_PLACEMENT_3D('',#9650,#7838,#7839);
#7055=AXIS2_PLACEMENT_3D('',#9652,#7841,#7842);
#7056=AXIS2_PLACEMENT_3D('',#9654,#7844,#7845);
#7057=AXIS2_PLACEMENT_3D('',#9656,#7847,#7848);
#7058=AXIS2_PLACEMENT_3D('',#9664,#7853,#7854);
#7059=AXIS2_PLACEMENT_3D('',#9673,#7859,#7860);
#7060=AXIS2_PLACEMENT_3D('',#9682,#7865,#7866);
#7061=AXIS2_PLACEMENT_3D('',#9691,#7871,#7872);
#7062=AXIS2_PLACEMENT_3D('',#9697,#7876,#7877);
#7063=AXIS2_PLACEMENT_3D('',#9703,#7881,#7882);
#7064=AXIS2_PLACEMENT_3D('',#9709,#7886,#7887);
#7065=AXIS2_PLACEMENT_3D('',#9718,#7892,#7893);
#7066=AXIS2_PLACEMENT_3D('',#9722,#7895,#7896);
#7067=AXIS2_PLACEMENT_3D('',#9723,#7897,#7898);
#7068=AXIS2_PLACEMENT_3D('',#9724,#7899,#7900);
#7069=AXIS2_PLACEMENT_3D('',#9730,#7904,#7905);
#7070=AXIS2_PLACEMENT_3D('',#9739,#7910,#7911);
#7071=AXIS2_PLACEMENT_3D('',#9743,#7913,#7914);
#7072=AXIS2_PLACEMENT_3D('',#9744,#7915,#7916);
#7073=AXIS2_PLACEMENT_3D('',#9745,#7917,#7918);
#7074=AXIS2_PLACEMENT_3D('',#9751,#7922,#7923);
#7075=AXIS2_PLACEMENT_3D('',#9752,#7924,#7925);
#7076=AXIS2_PLACEMENT_3D('',#9754,#7926,#7927);
#7077=AXIS2_PLACEMENT_3D('',#9757,#7929,#7930);
#7078=AXIS2_PLACEMENT_3D('',#9766,#7935,#7936);
#7079=AXIS2_PLACEMENT_3D('',#9772,#7940,#7941);
#7080=AXIS2_PLACEMENT_3D('',#9778,#7945,#7946);
#7081=AXIS2_PLACEMENT_3D('',#9784,#7950,#7951);
#7082=AXIS2_PLACEMENT_3D('',#9790,#7955,#7956);
#7083=AXIS2_PLACEMENT_3D('',#9793,#7959,#7960);
#7084=AXIS2_PLACEMENT_3D('',#9795,#7962,#7963);
#7085=AXIS2_PLACEMENT_3D('',#9797,#7965,#7966);
#7086=AXIS2_PLACEMENT_3D('',#9799,#7968,#7969);
#7087=AXIS2_PLACEMENT_3D('',#9809,#7975,#7976);
#7088=AXIS2_PLACEMENT_3D('',#9813,#7979,#7980);
#7089=AXIS2_PLACEMENT_3D('',#9816,#7983,#7984);
#7090=AXIS2_PLACEMENT_3D('',#9818,#7986,#7987);
#7091=AXIS2_PLACEMENT_3D('',#9820,#7989,#7990);
#7092=AXIS2_PLACEMENT_3D('',#9822,#7992,#7993);
#7093=AXIS2_PLACEMENT_3D('',#9830,#7998,#7999);
#7094=AXIS2_PLACEMENT_3D('',#9839,#8004,#8005);
#7095=AXIS2_PLACEMENT_3D('',#9848,#8010,#8011);
#7096=AXIS2_PLACEMENT_3D('',#9857,#8016,#8017);
#7097=AXIS2_PLACEMENT_3D('',#9863,#8021,#8022);
#7098=AXIS2_PLACEMENT_3D('',#9869,#8026,#8027);
#7099=AXIS2_PLACEMENT_3D('',#9875,#8031,#8032);
#7100=AXIS2_PLACEMENT_3D('',#9884,#8037,#8038);
#7101=AXIS2_PLACEMENT_3D('',#9888,#8040,#8041);
#7102=AXIS2_PLACEMENT_3D('',#9889,#8042,#8043);
#7103=AXIS2_PLACEMENT_3D('',#9890,#8044,#8045);
#7104=AXIS2_PLACEMENT_3D('',#9896,#8049,#8050);
#7105=AXIS2_PLACEMENT_3D('',#9905,#8055,#8056);
#7106=AXIS2_PLACEMENT_3D('',#9909,#8058,#8059);
#7107=AXIS2_PLACEMENT_3D('',#9910,#8060,#8061);
#7108=AXIS2_PLACEMENT_3D('',#9911,#8062,#8063);
#7109=AXIS2_PLACEMENT_3D('',#9917,#8067,#8068);
#7110=AXIS2_PLACEMENT_3D('',#9918,#8069,#8070);
#7111=AXIS2_PLACEMENT_3D('',#9920,#8071,#8072);
#7112=AXIS2_PLACEMENT_3D('',#9923,#8074,#8075);
#7113=AXIS2_PLACEMENT_3D('',#9932,#8080,#8081);
#7114=AXIS2_PLACEMENT_3D('',#9938,#8085,#8086);
#7115=AXIS2_PLACEMENT_3D('',#9944,#8090,#8091);
#7116=AXIS2_PLACEMENT_3D('',#9950,#8095,#8096);
#7117=AXIS2_PLACEMENT_3D('',#9956,#8100,#8101);
#7118=AXIS2_PLACEMENT_3D('',#9959,#8104,#8105);
#7119=AXIS2_PLACEMENT_3D('',#9961,#8107,#8108);
#7120=AXIS2_PLACEMENT_3D('',#9963,#8110,#8111);
#7121=AXIS2_PLACEMENT_3D('',#9965,#8113,#8114);
#7122=AXIS2_PLACEMENT_3D('',#9975,#8120,#8121);
#7123=AXIS2_PLACEMENT_3D('',#9979,#8124,#8125);
#7124=AXIS2_PLACEMENT_3D('',#9982,#8128,#8129);
#7125=AXIS2_PLACEMENT_3D('',#9984,#8131,#8132);
#7126=AXIS2_PLACEMENT_3D('',#9986,#8134,#8135);
#7127=AXIS2_PLACEMENT_3D('',#9988,#8137,#8138);
#7128=AXIS2_PLACEMENT_3D('',#9996,#8143,#8144);
#7129=AXIS2_PLACEMENT_3D('',#10005,#8149,#8150);
#7130=AXIS2_PLACEMENT_3D('',#10014,#8155,#8156);
#7131=AXIS2_PLACEMENT_3D('',#10023,#8161,#8162);
#7132=AXIS2_PLACEMENT_3D('',#10029,#8166,#8167);
#7133=AXIS2_PLACEMENT_3D('',#10035,#8171,#8172);
#7134=AXIS2_PLACEMENT_3D('',#10041,#8176,#8177);
#7135=AXIS2_PLACEMENT_3D('',#10050,#8182,#8183);
#7136=AXIS2_PLACEMENT_3D('',#10054,#8185,#8186);
#7137=AXIS2_PLACEMENT_3D('',#10055,#8187,#8188);
#7138=AXIS2_PLACEMENT_3D('',#10056,#8189,#8190);
#7139=AXIS2_PLACEMENT_3D('',#10062,#8194,#8195);
#7140=AXIS2_PLACEMENT_3D('',#10071,#8200,#8201);
#7141=AXIS2_PLACEMENT_3D('',#10075,#8203,#8204);
#7142=AXIS2_PLACEMENT_3D('',#10076,#8205,#8206);
#7143=AXIS2_PLACEMENT_3D('',#10077,#8207,#8208);
#7144=AXIS2_PLACEMENT_3D('',#10083,#8212,#8213);
#7145=AXIS2_PLACEMENT_3D('',#10084,#8214,#8215);
#7146=AXIS2_PLACEMENT_3D('',#10086,#8216,#8217);
#7147=AXIS2_PLACEMENT_3D('',#10089,#8219,#8220);
#7148=AXIS2_PLACEMENT_3D('',#10098,#8225,#8226);
#7149=AXIS2_PLACEMENT_3D('',#10104,#8230,#8231);
#7150=AXIS2_PLACEMENT_3D('',#10110,#8235,#8236);
#7151=AXIS2_PLACEMENT_3D('',#10116,#8240,#8241);
#7152=AXIS2_PLACEMENT_3D('',#10122,#8245,#8246);
#7153=AXIS2_PLACEMENT_3D('',#10125,#8249,#8250);
#7154=AXIS2_PLACEMENT_3D('',#10127,#8252,#8253);
#7155=AXIS2_PLACEMENT_3D('',#10129,#8255,#8256);
#7156=AXIS2_PLACEMENT_3D('',#10131,#8258,#8259);
#7157=AXIS2_PLACEMENT_3D('',#10141,#8265,#8266);
#7158=AXIS2_PLACEMENT_3D('',#10145,#8269,#8270);
#7159=AXIS2_PLACEMENT_3D('',#10148,#8273,#8274);
#7160=AXIS2_PLACEMENT_3D('',#10150,#8276,#8277);
#7161=AXIS2_PLACEMENT_3D('',#10152,#8279,#8280);
#7162=AXIS2_PLACEMENT_3D('',#10154,#8282,#8283);
#7163=AXIS2_PLACEMENT_3D('',#10162,#8288,#8289);
#7164=AXIS2_PLACEMENT_3D('',#10171,#8294,#8295);
#7165=AXIS2_PLACEMENT_3D('',#10175,#8297,#8298);
#7166=AXIS2_PLACEMENT_3D('',#10176,#8299,#8300);
#7167=AXIS2_PLACEMENT_3D('',#10177,#8301,#8302);
#7168=AXIS2_PLACEMENT_3D('',#10183,#8306,#8307);
#7169=AXIS2_PLACEMENT_3D('',#10196,#8316,#8317);
#7170=AXIS2_PLACEMENT_3D('',#10202,#8321,#8322);
#7171=AXIS2_PLACEMENT_3D('',#10210,#8327,#8328);
#7172=AXIS2_PLACEMENT_3D('',#10213,#8331,#8332);
#7173=AXIS2_PLACEMENT_3D('',#10222,#8337,#8338);
#7174=AXIS2_PLACEMENT_3D('',#10229,#8343,#8344);
#7175=AXIS2_PLACEMENT_3D('',#10235,#8350,#8351);
#7176=AXIS2_PLACEMENT_3D('',#10237,#8353,#8354);
#7177=AXIS2_PLACEMENT_3D('',#10241,#8357,#8358);
#7178=AXIS2_PLACEMENT_3D('',#10251,#8364,#8365);
#7179=AXIS2_PLACEMENT_3D('',#10260,#8370,#8371);
#7180=AXIS2_PLACEMENT_3D('',#10269,#8376,#8377);
#7181=AXIS2_PLACEMENT_3D('',#10279,#8383,#8384);
#7182=AXIS2_PLACEMENT_3D('',#10289,#8390,#8391);
#7183=AXIS2_PLACEMENT_3D('',#10293,#8393,#8394);
#7184=AXIS2_PLACEMENT_3D('',#10297,#8396,#8397);
#7185=AXIS2_PLACEMENT_3D('',#10298,#8398,#8399);
#7186=AXIS2_PLACEMENT_3D('',#10307,#8404,#8405);
#7187=AXIS2_PLACEMENT_3D('',#10308,#8406,#8407);
#7188=AXIS2_PLACEMENT_3D('',#10310,#8408,#8409);
#7189=AXIS2_PLACEMENT_3D('',#10313,#8411,#8412);
#7190=AXIS2_PLACEMENT_3D('',#10322,#8417,#8418);
#7191=AXIS2_PLACEMENT_3D('',#10331,#8423,#8424);
#7192=AXIS2_PLACEMENT_3D('',#10335,#8426,#8427);
#7193=AXIS2_PLACEMENT_3D('',#10336,#8428,#8429);
#7194=AXIS2_PLACEMENT_3D('',#10337,#8430,#8431);
#7195=AXIS2_PLACEMENT_3D('',#10338,#8432,#8433);
#7196=AXIS2_PLACEMENT_3D('',#10341,#8435,#8436);
#7197=AXIS2_PLACEMENT_3D('',#10344,#8439,#8440);
#7198=AXIS2_PLACEMENT_3D('',#10345,#8441,#8442);
#7199=AXIS2_PLACEMENT_3D('',#10348,#8444,#8445);
#7200=AXIS2_PLACEMENT_3D('',#10349,#8446,#8447);
#7201=AXIS2_PLACEMENT_3D('',#10359,#8453,#8454);
#7202=AXIS2_PLACEMENT_3D('',#10366,#8459,#8460);
#7203=AXIS2_PLACEMENT_3D('',#10372,#8464,#8465);
#7204=AXIS2_PLACEMENT_3D('',#10378,#8469,#8470);
#7205=AXIS2_PLACEMENT_3D('',#10384,#8474,#8475);
#7206=AXIS2_PLACEMENT_3D('',#10390,#8479,#8480);
#7207=AXIS2_PLACEMENT_3D('',#10396,#8484,#8485);
#7208=AXIS2_PLACEMENT_3D('',#10414,#8496,#8497);
#7209=AXIS2_PLACEMENT_3D('',#10420,#8501,#8502);
#7210=AXIS2_PLACEMENT_3D('',#10424,#8505,#8506);
#7211=AXIS2_PLACEMENT_3D('',#10428,#8509,#8510);
#7212=AXIS2_PLACEMENT_3D('',#10432,#8513,#8514);
#7213=AXIS2_PLACEMENT_3D('',#10436,#8517,#8518);
#7214=AXIS2_PLACEMENT_3D('',#10442,#8522,#8523);
#7215=AXIS2_PLACEMENT_3D('',#10444,#8525,#8526);
#7216=AXIS2_PLACEMENT_3D('',#10448,#8529,#8530);
#7217=AXIS2_PLACEMENT_3D('',#10449,#8531,#8532);
#7218=AXIS2_PLACEMENT_3D('',#10454,#8534,#8535);
#7219=AXIS2_PLACEMENT_3D('',#10461,#8540,#8541);
#7220=AXIS2_PLACEMENT_3D('',#10467,#8545,#8546);
#7221=AXIS2_PLACEMENT_3D('',#10471,#8548,#8549);
#7222=AXIS2_PLACEMENT_3D('',#10474,#8551,#8552);
#7223=AXIS2_PLACEMENT_3D('',#10475,#8553,#8554);
#7224=AXIS2_PLACEMENT_3D('',#10479,#8557,#8558);
#7225=AXIS2_PLACEMENT_3D('',#10480,#8559,#8560);
#7226=AXIS2_PLACEMENT_3D('',#10484,#8562,#8563);
#7227=AXIS2_PLACEMENT_3D('',#10485,#8564,#8565);
#7228=AXIS2_PLACEMENT_3D('',#10489,#8569,#8570);
#7229=AXIS2_PLACEMENT_3D('',#10495,#8574,#8575);
#7230=AXIS2_PLACEMENT_3D('',#10504,#8580,#8581);
#7231=AXIS2_PLACEMENT_3D('',#10514,#8587,#8588);
#7232=AXIS2_PLACEMENT_3D('',#10523,#8593,#8594);
#7233=AXIS2_PLACEMENT_3D('',#10529,#8598,#8599);
#7234=AXIS2_PLACEMENT_3D('',#10539,#8605,#8606);
#7235=AXIS2_PLACEMENT_3D('',#10542,#8609,#8610);
#7236=AXIS2_PLACEMENT_3D('',#10551,#8615,#8616);
#7237=AXIS2_PLACEMENT_3D('',#10553,#8618,#8619);
#7238=AXIS2_PLACEMENT_3D('',#10559,#8623,#8624);
#7239=AXIS2_PLACEMENT_3D('',#10564,#8628,#8629);
#7240=AXIS2_PLACEMENT_3D('',#10566,#8631,#8632);
#7241=AXIS2_PLACEMENT_3D('',#10570,#8635,#8636);
#7242=AXIS2_PLACEMENT_3D('',#10584,#8646,#8647);
#7243=AXIS2_PLACEMENT_3D('',#10588,#8650,#8651);
#7244=AXIS2_PLACEMENT_3D('',#10592,#8654,#8655);
#7245=AXIS2_PLACEMENT_3D('',#10602,#8661,#8662);
#7246=AXIS2_PLACEMENT_3D('',#10611,#8667,#8668);
#7247=AXIS2_PLACEMENT_3D('',#10626,#8677,#8678);
#7248=AXIS2_PLACEMENT_3D('',#10632,#8682,#8683);
#7249=AXIS2_PLACEMENT_3D('',#10636,#8686,#8687);
#7250=AXIS2_PLACEMENT_3D('',#10640,#8690,#8691);
#7251=AXIS2_PLACEMENT_3D('',#10644,#8694,#8695);
#7252=AXIS2_PLACEMENT_3D('',#10648,#8698,#8699);
#7253=AXIS2_PLACEMENT_3D('',#10650,#8701,#8702);
#7254=AXIS2_PLACEMENT_3D('',#10659,#8707,#8708);
#7255=AXIS2_PLACEMENT_3D('',#10665,#8712,#8713);
#7256=AXIS2_PLACEMENT_3D('',#10669,#8716,#8717);
#7257=AXIS2_PLACEMENT_3D('',#10673,#8720,#8721);
#7258=AXIS2_PLACEMENT_3D('',#10675,#8723,#8724);
#7259=AXIS2_PLACEMENT_3D('',#10679,#8727,#8728);
#7260=AXIS2_PLACEMENT_3D('',#10681,#8730,#8731);
#7261=AXIS2_PLACEMENT_3D('',#10685,#8734,#8735);
#7262=AXIS2_PLACEMENT_3D('',#10694,#8740,#8741);
#7263=AXIS2_PLACEMENT_3D('',#10701,#8746,#8747);
#7264=AXIS2_PLACEMENT_3D('',#10705,#8750,#8751);
#7265=AXIS2_PLACEMENT_3D('',#10709,#8754,#8755);
#7266=AXIS2_PLACEMENT_3D('',#10711,#8757,#8758);
#7267=AXIS2_PLACEMENT_3D('',#10719,#8764,#8765);
#7268=AXIS2_PLACEMENT_3D('',#10720,#8766,#8767);
#7269=AXIS2_PLACEMENT_3D('',#10721,#8768,#8769);
#7270=AXIS2_PLACEMENT_3D('',#10724,#8772,#8773);
#7271=AXIS2_PLACEMENT_3D('',#10732,#8778,#8779);
#7272=AXIS2_PLACEMENT_3D('',#10734,#8781,#8782);
#7273=AXIS2_PLACEMENT_3D('',#10736,#8784,#8785);
#7274=AXIS2_PLACEMENT_3D('',#10738,#8787,#8788);
#7275=AXIS2_PLACEMENT_3D('',#10739,#8789,#8790);
#7276=AXIS2_PLACEMENT_3D('',#10740,#8791,#8792);
#7277=AXIS2_PLACEMENT_3D('',#10742,#8794,#8795);
#7278=AXIS2_PLACEMENT_3D('',#10750,#8800,#8801);
#7279=AXIS2_PLACEMENT_3D('',#10751,#8802,#8803);
#7280=AXIS2_PLACEMENT_3D('',#10757,#8807,#8808);
#7281=AXIS2_PLACEMENT_3D('',#10763,#8812,#8813);
#7282=AXIS2_PLACEMENT_3D('',#10766,#8816,#8817);
#7283=AXIS2_PLACEMENT_3D('',#10769,#8820,#8821);
#7284=AXIS2_PLACEMENT_3D('',#10772,#8824,#8825);
#7285=AXIS2_PLACEMENT_3D('',#10775,#8828,#8829);
#7286=AXIS2_PLACEMENT_3D('',#10778,#8832,#8833);
#7287=AXIS2_PLACEMENT_3D('',#10782,#8836,#8837);
#7288=AXIS2_PLACEMENT_3D('',#10786,#8840,#8841);
#7289=AXIS2_PLACEMENT_3D('',#10788,#8843,#8844);
#7290=AXIS2_PLACEMENT_3D('',#10790,#8846,#8847);
#7291=AXIS2_PLACEMENT_3D('',#10792,#8849,#8850);
#7292=AXIS2_PLACEMENT_3D('',#10794,#8852,#8853);
#7293=AXIS2_PLACEMENT_3D('',#10796,#8855,#8856);
#7294=AXIS2_PLACEMENT_3D('',#10798,#8858,#8859);
#7295=AXIS2_PLACEMENT_3D('',#10799,#8860,#8861);
#7296=AXIS2_PLACEMENT_3D('',#10800,#8862,#8863);
#7297=AXIS2_PLACEMENT_3D('',#10801,#8864,#8865);
#7298=AXIS2_PLACEMENT_3D('',#10806,#8869,#8870);
#7299=AXIS2_PLACEMENT_3D('',#10810,#8873,#8874);
#7300=AXIS2_PLACEMENT_3D('',#10812,#8876,#8877);
#7301=AXIS2_PLACEMENT_3D('',#10813,#8878,#8879);
#7302=AXIS2_PLACEMENT_3D('',#10814,#8880,#8881);
#7303=AXIS2_PLACEMENT_3D('',#10815,#8882,#8883);
#7304=AXIS2_PLACEMENT_3D('',#10818,#8886,#8887);
#7305=AXIS2_PLACEMENT_3D('',#10821,#8890,#8891);
#7306=AXIS2_PLACEMENT_3D('',#10829,#8896,#8897);
#7307=AXIS2_PLACEMENT_3D('',#10838,#8902,#8903);
#7308=AXIS2_PLACEMENT_3D('',#10844,#8907,#8908);
#7309=AXIS2_PLACEMENT_3D('',#10850,#8912,#8913);
#7310=AXIS2_PLACEMENT_3D('',#10856,#8917,#8918);
#7311=AXIS2_PLACEMENT_3D('',#10862,#8922,#8923);
#7312=AXIS2_PLACEMENT_3D('',#10868,#8927,#8928);
#7313=AXIS2_PLACEMENT_3D('',#10874,#8932,#8933);
#7314=AXIS2_PLACEMENT_3D('',#10881,#8938,#8939);
#7315=AXIS2_PLACEMENT_3D('',#10885,#8942,#8943);
#7316=AXIS2_PLACEMENT_3D('',#10889,#8946,#8947);
#7317=AXIS2_PLACEMENT_3D('',#10893,#8950,#8951);
#7318=AXIS2_PLACEMENT_3D('',#10897,#8954,#8955);
#7319=AXIS2_PLACEMENT_3D('',#10903,#8959,#8960);
#7320=AXIS2_PLACEMENT_3D('',#10912,#8965,#8966);
#7321=AXIS2_PLACEMENT_3D('',#10918,#8970,#8971);
#7322=AXIS2_PLACEMENT_3D('',#10924,#8975,#8976);
#7323=AXIS2_PLACEMENT_3D('',#10928,#8978,#8979);
#7324=AXIS2_PLACEMENT_3D('',#10929,#8980,#8981);
#7325=AXIS2_PLACEMENT_3D('',#10930,#8982,#8983);
#7326=AXIS2_PLACEMENT_3D('',#10933,#8986,#8987);
#7327=AXIS2_PLACEMENT_3D('',#10939,#8991,#8992);
#7328=AXIS2_PLACEMENT_3D('',#10940,#8993,#8994);
#7329=AXIS2_PLACEMENT_3D('',#10944,#8997,#8998);
#7330=AXIS2_PLACEMENT_3D('',#10948,#9001,#9002);
#7331=AXIS2_PLACEMENT_3D('',#10949,#9003,#9004);
#7332=AXIS2_PLACEMENT_3D('',#10951,#9006,#9007);
#7333=AXIS2_PLACEMENT_3D('',#10957,#9011,#9012);
#7334=AXIS2_PLACEMENT_3D('',#10959,#9014,#9015);
#7335=AXIS2_PLACEMENT_3D('',#10963,#9018,#9019);
#7336=AXIS2_PLACEMENT_3D('',#10966,#9021,#9022);
#7337=AXIS2_PLACEMENT_3D('',#10967,#9023,#9024);
#7338=AXIS2_PLACEMENT_3D('',#10971,#9027,#9028);
#7339=AXIS2_PLACEMENT_3D('',#10975,#9031,#9032);
#7340=AXIS2_PLACEMENT_3D('',#10979,#9035,#9036);
#7341=AXIS2_PLACEMENT_3D('',#10981,#9038,#9039);
#7342=AXIS2_PLACEMENT_3D('',#10983,#9041,#9042);
#7343=AXIS2_PLACEMENT_3D('',#10984,#9043,#9044);
#7344=AXIS2_PLACEMENT_3D('',#10986,#9046,#9047);
#7345=AXIS2_PLACEMENT_3D('',#10987,#9048,#9049);
#7346=AXIS2_PLACEMENT_3D('',#10988,#9050,#9051);
#7347=DIRECTION('',(0.,0.,1.));
#7348=DIRECTION('',(1.,0.,0.));
#7349=DIRECTION('',(-1.,0.,0.));
#7350=DIRECTION('',(0.,-1.,0.));
#7351=DIRECTION('',(1.,0.,0.));
#7352=DIRECTION('',(0.,1.,0.));
#7353=DIRECTION('',(-1.,0.,0.));
#7354=DIRECTION('',(-1.58603289232165E-16,-1.,0.));
#7355=DIRECTION('',(1.,0.,0.));
#7356=DIRECTION('',(0.,1.,0.));
#7357=DIRECTION('',(-1.,0.,0.));
#7358=DIRECTION('',(-1.,0.,0.));
#7359=DIRECTION('',(-1.,0.,0.));
#7360=DIRECTION('',(0.,1.,0.));
#7361=DIRECTION('',(0.,1.,0.));
#7362=DIRECTION('',(0.,1.,0.));
#7363=DIRECTION('',(1.,0.,0.));
#7364=DIRECTION('',(1.,0.,0.));
#7365=DIRECTION('',(1.,0.,0.));
#7366=DIRECTION('',(0.,-1.,0.));
#7367=DIRECTION('',(-3.1720657846433E-16,-1.,0.));
#7368=DIRECTION('',(0.,-1.,0.));
#7369=DIRECTION('',(1.,0.,0.));
#7370=DIRECTION('',(0.,1.,0.));
#7371=DIRECTION('',(-1.,0.,0.));
#7372=DIRECTION('',(0.,-1.,0.));
#7373=DIRECTION('',(-1.,0.,0.));
#7374=DIRECTION('',(0.,1.,0.));
#7375=DIRECTION('',(1.,0.,0.));
#7376=DIRECTION('',(0.,-1.,0.));
#7377=DIRECTION('',(-1.,0.,0.));
#7378=DIRECTION('',(0.,1.,0.));
#7379=DIRECTION('',(1.,0.,0.));
#7380=DIRECTION('',(0.,-1.,0.));
#7381=DIRECTION('',(1.,0.,0.));
#7382=DIRECTION('',(0.,1.,0.));
#7383=DIRECTION('',(1.,0.,0.));
#7384=DIRECTION('',(0.,1.,0.));
#7385=DIRECTION('',(0.,0.,-1.));
#7386=DIRECTION('',(0.,1.,0.));
#7387=DIRECTION('',(1.,0.,0.));
#7388=DIRECTION('',(0.,0.,1.));
#7389=DIRECTION('',(0.,0.,1.));
#7390=DIRECTION('',(0.,1.,0.));
#7391=DIRECTION('',(0.,0.,1.));
#7392=DIRECTION('',(1.,0.,0.));
#7393=DIRECTION('',(0.,-1.,0.));
#7394=DIRECTION('',(0.,-1.,0.));
#7395=DIRECTION('',(0.,0.,1.));
#7396=DIRECTION('',(0.,-1.,0.));
#7397=DIRECTION('',(1.,0.,0.));
#7398=DIRECTION('',(0.,0.,1.));
#7399=DIRECTION('',(0.,0.,1.));
#7400=DIRECTION('',(0.,1.,0.));
#7401=DIRECTION('',(0.,0.,1.));
#7402=DIRECTION('',(0.,-1.,0.));
#7403=DIRECTION('',(0.,-1.,0.));
#7404=DIRECTION('',(1.,0.,0.));
#7405=DIRECTION('',(0.,0.,1.));
#7406=DIRECTION('',(0.,-1.,0.));
#7407=DIRECTION('',(1.,0.,0.));
#7408=DIRECTION('',(0.,-1.,0.));
#7409=DIRECTION('',(1.,0.,0.));
#7410=DIRECTION('',(0.,-1.,0.));
#7411=DIRECTION('',(0.,0.,1.));
#7412=DIRECTION('',(0.,-1.,0.));
#7413=DIRECTION('',(0.,-1.,0.));
#7414=DIRECTION('',(1.,0.,0.));
#7415=DIRECTION('',(0.,-1.,0.));
#7416=DIRECTION('',(1.,0.,0.));
#7417=DIRECTION('',(0.,0.,1.));
#7418=DIRECTION('',(0.,-1.,0.));
#7419=DIRECTION('',(0.,0.,1.));
#7420=DIRECTION('',(1.,0.,0.));
#7421=DIRECTION('',(0.,0.,1.));
#7422=DIRECTION('',(0.,1.,0.));
#7423=DIRECTION('',(0.,0.,1.));
#7424=DIRECTION('',(0.,-1.,0.));
#7425=DIRECTION('',(1.,0.,0.));
#7426=DIRECTION('',(0.,-1.,0.));
#7427=DIRECTION('',(0.,0.,1.));
#7428=DIRECTION('',(0.,-1.,0.));
#7429=DIRECTION('',(0.,0.,1.));
#7430=DIRECTION('',(1.,0.,0.));
#7431=DIRECTION('',(0.,0.,1.));
#7432=DIRECTION('',(0.,1.,0.));
#7433=DIRECTION('',(0.,0.,1.));
#7434=DIRECTION('',(0.,1.,0.));
#7435=DIRECTION('',(1.,0.,0.));
#7436=DIRECTION('',(0.,1.,0.));
#7437=DIRECTION('',(0.,0.,-1.));
#7438=DIRECTION('',(0.,1.,0.));
#7439=DIRECTION('',(0.,0.,-1.));
#7440=DIRECTION('',(1.,0.,0.));
#7441=DIRECTION('',(0.,0.,-1.));
#7442=DIRECTION('',(0.,-1.,0.));
#7443=DIRECTION('',(0.,0.,-1.));
#7444=DIRECTION('',(1.,0.,0.));
#7445=DIRECTION('',(0.,-1.,0.));
#7446=DIRECTION('',(1.,0.,0.));
#7447=DIRECTION('',(0.,-1.,0.));
#7448=DIRECTION('',(0.,0.,1.));
#7449=DIRECTION('',(0.,-1.,0.));
#7450=DIRECTION('',(0.,-0.996129850025381,0.0878938102963583));
#7451=DIRECTION('',(0.,-0.996129850025381,0.0878938102963583));
#7452=DIRECTION('',(1.,0.,0.));
#7453=DIRECTION('',(0.,0.0878938102963583,0.996129850025381));
#7454=DIRECTION('',(0.,-0.996129850025381,0.0878938102963583));
#7455=DIRECTION('',(0.,-0.996129850025381,0.0878938102963583));
#7456=DIRECTION('',(1.,0.,0.));
#7457=DIRECTION('',(0.,-0.996129850025381,0.0878938102963583));
#7458=DIRECTION('',(1.,0.,0.));
#7459=DIRECTION('',(0.,0.0878938102963583,0.996129850025381));
#7460=DIRECTION('',(0.,-0.996129850025381,0.0878938102963583));
#7461=DIRECTION('',(0.,0.,1.));
#7462=DIRECTION('',(1.,0.,0.));
#7463=DIRECTION('',(0.,0.,1.));
#7464=DIRECTION('',(0.,1.,0.));
#7465=DIRECTION('',(0.,0.,1.));
#7466=DIRECTION('',(0.,1.,0.));
#7467=DIRECTION('',(1.,0.,0.));
#7468=DIRECTION('',(0.,1.,0.));
#7469=DIRECTION('',(1.,0.,0.));
#7470=DIRECTION('',(0.,0.,-1.));
#7471=DIRECTION('',(0.,1.,0.));
#7472=DIRECTION('',(0.,1.,0.));
#7473=DIRECTION('',(0.,1.,0.));
#7474=DIRECTION('',(1.,0.,0.));
#7475=DIRECTION('',(0.,0.,-1.));
#7476=DIRECTION('',(0.,1.,0.));
#7477=DIRECTION('',(1.,0.,0.));
#7478=DIRECTION('',(0.,0.,1.));
#7479=DIRECTION('',(1.,0.,0.));
#7480=DIRECTION('',(0.,0.,1.));
#7481=DIRECTION('',(0.,1.,0.));
#7482=DIRECTION('',(0.,0.,1.));
#7483=DIRECTION('',(1.,0.,0.));
#7484=DIRECTION('',(0.,1.,0.));
#7485=DIRECTION('',(1.,0.,0.));
#7486=DIRECTION('',(0.,1.,0.));
#7487=DIRECTION('',(0.,0.,-1.));
#7488=DIRECTION('',(0.,1.,0.));
#7489=DIRECTION('',(0.,1.,0.));
#7490=DIRECTION('',(0.,1.,0.));
#7491=DIRECTION('',(1.,0.,0.));
#7492=DIRECTION('',(0.,0.,-1.));
#7493=DIRECTION('',(0.,1.,0.));
#7494=DIRECTION('',(0.,0.0871557427476639,0.996194698091745));
#7495=DIRECTION('',(-1.,0.,0.));
#7496=DIRECTION('',(0.,0.0871557427476639,0.996194698091745));
#7497=DIRECTION('',(-1.,0.,0.));
#7498=DIRECTION('',(0.,-0.996194698091745,0.0871557427476639));
#7499=DIRECTION('',(0.,0.0871557427476639,0.996194698091745));
#7500=DIRECTION('',(1.,0.,0.));
#7501=DIRECTION('',(1.,0.,0.));
#7502=DIRECTION('',(0.,0.836190489795364,-0.548439116744776));
#7503=DIRECTION('',(1.,0.,0.));
#7504=DIRECTION('',(0.,0.836190489795364,-0.548439116744776));
#7505=DIRECTION('',(1.,0.,0.));
#7506=DIRECTION('',(0.,1.,0.));
#7507=DIRECTION('',(0.,0.935315221896437,-0.353815539072014));
#7508=DIRECTION('',(1.,0.,0.));
#7509=DIRECTION('',(0.,0.935315221896437,-0.353815539072014));
#7510=DIRECTION('',(1.,0.,0.));
#7511=DIRECTION('',(0.,-0.353815539072014,-0.935315221896437));
#7512=DIRECTION('',(0.,0.935315221896437,-0.353815539072014));
#7513=DIRECTION('',(1.,0.,0.));
#7514=DIRECTION('',(1.,0.,0.));
#7515=DIRECTION('',(0.,-0.353815539072013,-0.935315221896438));
#7516=DIRECTION('',(1.,0.,0.));
#7517=DIRECTION('',(0.,-0.353815539072013,-0.935315221896438));
#7518=DIRECTION('',(1.,0.,0.));
#7519=DIRECTION('',(0.,1.,0.));
#7520=DIRECTION('',(1.,0.,0.));
#7521=DIRECTION('',(0.,0.642787609686505,0.766044443119007));
#7522=DIRECTION('',(0.,0.642787609686505,0.766044443119007));
#7523=DIRECTION('',(0.,0.766044443119007,-0.642787609686505));
#7524=DIRECTION('',(0.,0.642787609686505,0.766044443119007));
#7525=DIRECTION('',(-1.,0.,0.));
#7526=DIRECTION('',(0.,-0.766044443119003,0.642787609686504));
#7527=DIRECTION('',(-1.,0.,0.));
#7528=DIRECTION('',(0.,-0.766044443119003,0.642787609686504));
#7529=DIRECTION('',(1.,0.,0.));
#7530=DIRECTION('',(1.,0.,0.));
#7531=DIRECTION('',(0.,1.,0.));
#7532=DIRECTION('',(0.,0.935315221896437,-0.353815539072014));
#7533=DIRECTION('',(1.,0.,0.));
#7534=DIRECTION('',(0.,0.935315221896437,-0.353815539072014));
#7535=DIRECTION('',(1.,0.,0.));
#7536=DIRECTION('',(0.,-0.353815539072014,-0.935315221896437));
#7537=DIRECTION('',(0.,0.935315221896437,-0.353815539072014));
#7538=DIRECTION('',(1.,0.,0.));
#7539=DIRECTION('',(1.,0.,0.));
#7540=DIRECTION('',(0.,-0.353815539072013,-0.935315221896438));
#7541=DIRECTION('',(1.,0.,0.));
#7542=DIRECTION('',(0.,-0.353815539072013,-0.935315221896438));
#7543=DIRECTION('',(1.,0.,0.));
#7544=DIRECTION('',(0.,1.,0.));
#7545=DIRECTION('',(1.,0.,0.));
#7546=DIRECTION('',(0.,0.642787609686505,0.766044443119007));
#7547=DIRECTION('',(0.,0.642787609686505,0.766044443119007));
#7548=DIRECTION('',(0.,0.766044443119007,-0.642787609686505));
#7549=DIRECTION('',(0.,0.642787609686505,0.766044443119007));
#7550=DIRECTION('',(-1.,0.,0.));
#7551=DIRECTION('',(0.,-0.766044443119003,0.642787609686504));
#7552=DIRECTION('',(-1.,0.,0.));
#7553=DIRECTION('',(0.,-0.766044443119003,0.642787609686504));
#7554=DIRECTION('',(1.,0.,0.));
#7555=DIRECTION('',(1.,0.,0.));
#7556=DIRECTION('',(0.,1.,0.));
#7557=DIRECTION('',(-1.,0.,0.));
#7558=DIRECTION('',(0.,0.,1.));
#7559=DIRECTION('',(-0.707106781186548,0.,0.707106781186548));
#7560=DIRECTION('',(0.,-1.,0.));
#7561=DIRECTION('',(-1.,0.,0.));
#7562=DIRECTION('',(0.,-1.,0.));
#7563=DIRECTION('',(0.,0.,1.));
#7564=DIRECTION('',(0.,-1.,0.));
#7565=DIRECTION('',(1.,0.,0.));
#7566=DIRECTION('',(0.,-1.,0.));
#7567=DIRECTION('',(-1.,0.,0.));
#7568=DIRECTION('',(0.,0.,1.));
#7569=DIRECTION('',(-1.,0.,0.));
#7570=DIRECTION('',(0.,-1.,0.));
#7571=DIRECTION('',(-1.,0.,0.));
#7572=DIRECTION('',(1.,0.,0.));
#7573=DIRECTION('',(0.,0.707106781186548,-0.707106781186548));
#7574=DIRECTION('',(1.,0.,0.));
#7575=DIRECTION('',(-0.577350269189626,-0.577350269189626,0.577350269189626));
#7576=DIRECTION('',(0.,0.707106781186548,0.707106781186548));
#7577=DIRECTION('',(0.,-0.707106781186548,0.707106781186548));
#7578=DIRECTION('',(1.,0.,0.));
#7579=DIRECTION('',(0.,-0.707106781186548,0.707106781186548));
#7580=DIRECTION('',(1.,0.,0.));
#7581=DIRECTION('',(-0.577350269189626,0.577350269189626,-0.577350269189626));
#7582=DIRECTION('',(0.,0.707106781186548,0.707106781186548));
#7583=DIRECTION('',(0.,-0.707106781186548,0.707106781186548));
#7584=DIRECTION('',(0.707106781186498,0.,0.707106781186597));
#7585=DIRECTION('',(0.,1.,0.));
#7586=DIRECTION('',(-0.707106781186548,0.,-0.707106781186548));
#7587=DIRECTION('',(0.,1.,0.));
#7588=DIRECTION('',(-0.707106781186548,0.,0.707106781186548));
#7589=DIRECTION('',(-0.707106781186548,0.,-0.707106781186548));
#7590=DIRECTION('',(0.,0.,1.));
#7591=DIRECTION('',(-1.,0.,0.));
#7592=DIRECTION('',(0.,-1.,0.));
#7593=DIRECTION('',(-1.,0.,0.));
#7594=DIRECTION('',(0.,1.,0.));
#7595=DIRECTION('',(0.,-1.,0.));
#7596=DIRECTION('',(-1.,0.,0.));
#7597=DIRECTION('',(0.,1.,0.));
#7598=DIRECTION('',(1.,0.,0.));
#7599=DIRECTION('',(0.,1.,0.));
#7600=DIRECTION('',(0.,0.,-1.));
#7601=DIRECTION('',(0.,1.,0.));
#7602=DIRECTION('',(-0.707106781186548,0.,0.707106781186548));
#7603=DIRECTION('',(0.,1.,0.));
#7604=DIRECTION('',(0.707106781186548,0.,0.707106781186548));
#7605=DIRECTION('',(-0.707106781186548,0.,0.707106781186548));
#7606=DIRECTION('',(1.,0.,0.));
#7607=DIRECTION('',(0.,0.,-1.));
#7608=DIRECTION('',(1.,0.,0.));
#7609=DIRECTION('',(0.,0.,-1.));
#7610=DIRECTION('',(1.,0.,0.));
#7611=DIRECTION('',(0.,0.,1.));
#7612=DIRECTION('',(-1.,0.,0.));
#7613=DIRECTION('',(0.,0.,1.));
#7614=DIRECTION('',(0.,1.,0.));
#7615=DIRECTION('',(0.,0.,-1.));
#7616=DIRECTION('',(-1.,0.,0.));
#7617=DIRECTION('',(0.,0.,1.));
#7618=DIRECTION('',(-1.,0.,0.));
#7619=DIRECTION('',(0.,0.,1.));
#7620=DIRECTION('',(0.,-1.,0.));
#7621=DIRECTION('',(0.,0.,1.));
#7622=DIRECTION('',(-1.,0.,0.));
#7623=DIRECTION('',(0.,1.,0.));
#7624=DIRECTION('',(0.,1.,0.));
#7625=DIRECTION('',(0.,0.,1.));
#7626=DIRECTION('',(0.,1.,0.));
#7627=DIRECTION('',(-1.,0.,0.));
#7628=DIRECTION('',(0.,0.,-1.));
#7629=DIRECTION('',(0.,0.,-1.));
#7630=DIRECTION('',(0.,1.,0.));
#7631=DIRECTION('',(0.,0.,-1.));
#7632=DIRECTION('',(-1.,0.,0.));
#7633=DIRECTION('',(0.,1.,0.));
#7634=DIRECTION('',(0.,1.,0.));
#7635=DIRECTION('',(0.,0.,1.));
#7636=DIRECTION('',(0.,1.,0.));
#7637=DIRECTION('',(-1.,0.,0.));
#7638=DIRECTION('',(0.,0.,-1.));
#7639=DIRECTION('',(0.,0.,-1.));
#7640=DIRECTION('',(0.,1.,0.));
#7641=DIRECTION('',(0.,0.,-1.));
#7642=DIRECTION('',(-1.,0.,0.));
#7643=DIRECTION('',(0.,-1.,0.));
#7644=DIRECTION('',(0.,-1.,0.));
#7645=DIRECTION('',(0.,0.,-1.));
#7646=DIRECTION('',(0.,-1.,0.));
#7647=DIRECTION('',(-1.,0.,0.));
#7648=DIRECTION('',(0.,0.,-1.));
#7649=DIRECTION('',(0.,0.,-1.));
#7650=DIRECTION('',(0.,1.,0.));
#7651=DIRECTION('',(0.,0.,-1.));
#7652=DIRECTION('',(0.,0.819152044289016,-0.573576436351011));
#7653=DIRECTION('',(0.,0.,-1.));
#7654=DIRECTION('',(0.,-1.,0.));
#7655=DIRECTION('',(0.,-1.,0.));
#7656=DIRECTION('',(1.,0.,0.));
#7657=DIRECTION('',(0.,1.,0.));
#7658=DIRECTION('',(0.,0.,1.));
#7659=DIRECTION('',(0.,-1.,0.));
#7660=DIRECTION('',(1.,0.,0.));
#7661=DIRECTION('',(0.,0.324324324324316,-0.945945945945948));
#7662=DIRECTION('',(0.,0.945945945945949,0.324324324324317));
#7663=DIRECTION('',(0.,1.,0.));
#7664=DIRECTION('',(0.,0.,1.));
#7665=DIRECTION('',(0.,1.,0.));
#7666=DIRECTION('',(1.,0.,0.));
#7667=DIRECTION('',(0.,1.,0.));
#7668=DIRECTION('',(1.,0.,0.));
#7669=DIRECTION('',(0.,0.,-1.));
#7670=DIRECTION('',(1.,0.,0.));
#7671=DIRECTION('',(0.,1.,0.));
#7672=DIRECTION('',(0.,0.,-1.));
#7673=DIRECTION('',(1.,0.,0.));
#7674=DIRECTION('',(0.,0.,-1.));
#7675=DIRECTION('',(1.,0.,0.));
#7676=DIRECTION('',(0.,0.,-1.));
#7677=DIRECTION('',(0.,1.,0.));
#7678=DIRECTION('',(0.,0.,-1.));
#7679=DIRECTION('',(0.,1.,0.));
#7680=DIRECTION('',(1.,0.,0.));
#7681=DIRECTION('',(0.,1.,0.));
#7682=DIRECTION('',(0.,-1.,0.));
#7683=DIRECTION('',(0.,0.,1.));
#7684=DIRECTION('',(0.,1.,0.));
#7685=DIRECTION('',(0.,0.,-1.));
#7686=DIRECTION('',(0.,-1.,0.));
#7687=DIRECTION('',(0.,0.,-1.));
#7688=DIRECTION('',(0.,-1.,0.));
#7689=DIRECTION('',(0.,0.819152044289016,-0.573576436351011));
#7690=DIRECTION('',(-1.,0.,0.));
#7691=DIRECTION('',(0.,-1.,0.));
#7692=DIRECTION('',(0.,-0.642787609686505,0.766044443119007));
#7693=DIRECTION('',(1.,0.,0.));
#7694=DIRECTION('',(0.,-0.642787609686505,0.766044443119007));
#7695=DIRECTION('',(1.,0.,0.));
#7696=DIRECTION('',(0.,0.766044443119007,0.642787609686505));
#7697=DIRECTION('',(0.,-0.642787609686505,0.766044443119007));
#7698=DIRECTION('',(1.,0.,0.));
#7699=DIRECTION('',(1.,0.,0.));
#7700=DIRECTION('',(0.,0.766044443119003,0.642787609686506));
#7701=DIRECTION('',(1.,0.,0.));
#7702=DIRECTION('',(0.,0.766044443119003,0.642787609686506));
#7703=DIRECTION('',(1.,0.,0.));
#7704=DIRECTION('',(0.,1.,0.));
#7705=DIRECTION('',(0.,-0.866550024438594,-0.499090227459397));
#7706=DIRECTION('',(0.,-0.866550024438594,-0.499090227459397));
#7707=DIRECTION('',(1.,0.,0.));
#7708=DIRECTION('',(0.,-0.499090227459397,0.866550024438594));
#7709=DIRECTION('',(0.,-0.866550024438594,-0.499090227459397));
#7710=DIRECTION('',(1.,0.,0.));
#7711=DIRECTION('',(0.,-1.,0.));
#7712=DIRECTION('',(1.,0.,0.));
#7713=DIRECTION('',(0.,-1.,0.));
#7714=DIRECTION('',(0.,0.,1.));
#7715=DIRECTION('',(0.,-1.,0.));
#7716=DIRECTION('',(0.,1.,0.));
#7717=DIRECTION('',(1.,0.,0.));
#7718=DIRECTION('',(0.,1.,0.));
#7719=DIRECTION('',(1.,0.,0.));
#7720=DIRECTION('',(0.,0.,-1.));
#7721=DIRECTION('',(0.,1.,0.));
#7722=DIRECTION('',(0.,1.,0.));
#7723=DIRECTION('',(1.,0.,0.));
#7724=DIRECTION('',(0.,1.,0.));
#7725=DIRECTION('',(1.,0.,0.));
#7726=DIRECTION('',(0.,0.,-1.));
#7727=DIRECTION('',(0.,1.,0.));
#7728=DIRECTION('',(1.,0.,0.));
#7729=DIRECTION('',(0.,0.,1.));
#7730=DIRECTION('',(0.,0.,1.));
#7731=DIRECTION('',(0.,1.,0.));
#7732=DIRECTION('',(0.,0.,1.));
#7733=DIRECTION('',(0.,-0.996129850025381,0.0878938102963583));
#7734=DIRECTION('',(0.,-0.996129850025381,0.0878938102963583));
#7735=DIRECTION('',(1.,0.,0.));
#7736=DIRECTION('',(0.,0.0878938102963583,0.996129850025381));
#7737=DIRECTION('',(0.,-0.996129850025381,0.0878938102963583));
#7738=DIRECTION('',(0.,-0.996129850025381,0.0878938102963583));
#7739=DIRECTION('',(0.,-0.996129850025381,0.0878938102963583));
#7740=DIRECTION('',(1.,0.,0.));
#7741=DIRECTION('',(0.,0.0878938102963583,0.996129850025381));
#7742=DIRECTION('',(0.,-0.996129850025381,0.0878938102963583));
#7743=DIRECTION('',(0.,-0.642787609686505,0.766044443119007));
#7744=DIRECTION('',(1.,0.,0.));
#7745=DIRECTION('',(0.,-0.642787609686505,0.766044443119007));
#7746=DIRECTION('',(1.,0.,0.));
#7747=DIRECTION('',(0.,0.766044443119007,0.642787609686505));
#7748=DIRECTION('',(0.,-0.642787609686505,0.766044443119007));
#7749=DIRECTION('',(1.,0.,0.));
#7750=DIRECTION('',(1.,0.,0.));
#7751=DIRECTION('',(0.,0.766044443119003,0.642787609686506));
#7752=DIRECTION('',(1.,0.,0.));
#7753=DIRECTION('',(0.,0.766044443119003,0.642787609686506));
#7754=DIRECTION('',(1.,0.,0.));
#7755=DIRECTION('',(0.,1.,0.));
#7756=DIRECTION('',(0.,-0.866550024438594,-0.499090227459397));
#7757=DIRECTION('',(0.,-0.866550024438594,-0.499090227459397));
#7758=DIRECTION('',(1.,0.,0.));
#7759=DIRECTION('',(0.,-0.499090227459397,0.866550024438594));
#7760=DIRECTION('',(0.,-0.866550024438594,-0.499090227459397));
#7761=DIRECTION('',(0.,0.935315221896437,-0.353815539072014));
#7762=DIRECTION('',(1.,0.,0.));
#7763=DIRECTION('',(0.,0.935315221896437,-0.353815539072014));
#7764=DIRECTION('',(1.,0.,0.));
#7765=DIRECTION('',(0.,-0.353815539072014,-0.935315221896437));
#7766=DIRECTION('',(0.,0.935315221896437,-0.353815539072014));
#7767=DIRECTION('',(1.,0.,0.));
#7768=DIRECTION('',(1.,0.,0.));
#7769=DIRECTION('',(0.,-0.353815539072013,-0.935315221896438));
#7770=DIRECTION('',(1.,0.,0.));
#7771=DIRECTION('',(0.,-0.353815539072013,-0.935315221896438));
#7772=DIRECTION('',(1.,0.,0.));
#7773=DIRECTION('',(0.,1.,0.));
#7774=DIRECTION('',(1.,0.,0.));
#7775=DIRECTION('',(0.,0.642787609686505,0.766044443119007));
#7776=DIRECTION('',(0.,0.642787609686505,0.766044443119007));
#7777=DIRECTION('',(0.,0.766044443119007,-0.642787609686505));
#7778=DIRECTION('',(0.,0.642787609686505,0.766044443119007));
#7779=DIRECTION('',(-1.,0.,0.));
#7780=DIRECTION('',(0.,-0.766044443119003,0.642787609686504));
#7781=DIRECTION('',(-1.,0.,0.));
#7782=DIRECTION('',(0.,-0.766044443119003,0.642787609686504));
#7783=DIRECTION('',(1.,0.,0.));
#7784=DIRECTION('',(1.,0.,0.));
#7785=DIRECTION('',(0.,1.,0.));
#7786=DIRECTION('',(1.,0.,0.));
#7787=DIRECTION('',(0.,1.,0.));
#7788=DIRECTION('',(1.,0.,0.));
#7789=DIRECTION('',(0.,1.,0.));
#7790=DIRECTION('',(0.,0.,-1.));
#7791=DIRECTION('',(0.,1.,0.));
#7792=DIRECTION('',(1.,0.,0.));
#7793=DIRECTION('',(0.,0.,1.));
#7794=DIRECTION('',(0.,0.,1.));
#7795=DIRECTION('',(0.,1.,0.));
#7796=DIRECTION('',(0.,0.,1.));
#7797=DIRECTION('',(1.,0.,0.));
#7798=DIRECTION('',(0.,-1.,0.));
#7799=DIRECTION('',(0.,-1.,0.));
#7800=DIRECTION('',(0.,0.,1.));
#7801=DIRECTION('',(0.,-1.,0.));
#7802=DIRECTION('',(1.,0.,0.));
#7803=DIRECTION('',(0.,0.,1.));
#7804=DIRECTION('',(0.,0.,1.));
#7805=DIRECTION('',(0.,1.,0.));
#7806=DIRECTION('',(0.,0.,1.));
#7807=DIRECTION('',(0.,-1.,0.));
#7808=DIRECTION('',(0.,-1.,0.));
#7809=DIRECTION('',(1.,0.,0.));
#7810=DIRECTION('',(0.,0.,1.));
#7811=DIRECTION('',(0.,-1.,0.));
#7812=DIRECTION('',(0.,0.,1.));
#7813=DIRECTION('',(0.,0.0871557427476639,0.996194698091745));
#7814=DIRECTION('',(1.,0.,0.));
#7815=DIRECTION('',(0.,1.,0.));
#7816=DIRECTION('',(0.,0.0871557427476639,0.996194698091745));
#7817=DIRECTION('',(1.,0.,0.));
#7818=DIRECTION('',(0.,1.,0.));
#7819=DIRECTION('',(0.,-1.,0.));
#7820=DIRECTION('',(1.,0.,0.));
#7821=DIRECTION('',(0.,1.,0.));
#7822=DIRECTION('',(0.,-1.,0.));
#7823=DIRECTION('',(1.,0.,0.));
#7824=DIRECTION('',(0.,1.,0.));
#7825=DIRECTION('',(0.,0.,-1.));
#7826=DIRECTION('',(0.,0.,1.));
#7827=DIRECTION('',(0.,1.,0.));
#7828=DIRECTION('',(0.,0.,1.));
#7829=DIRECTION('',(0.,1.,0.));
#7830=DIRECTION('',(1.,0.,0.));
#7831=DIRECTION('',(0.,1.,0.));
#7832=DIRECTION('',(0.,0.,-1.));
#7833=DIRECTION('',(1.,0.,0.));
#7834=DIRECTION('',(0.,-1.,0.));
#7835=DIRECTION('',(0.,0.,-1.));
#7836=DIRECTION('',(0.,0.,1.));
#7837=DIRECTION('',(0.,0.0871557427476639,0.996194698091745));
#7838=DIRECTION('',(1.,0.,0.));
#7839=DIRECTION('',(0.,1.,0.));
#7840=DIRECTION('',(0.,0.0871557427476639,0.996194698091745));
#7841=DIRECTION('',(1.,0.,0.));
#7842=DIRECTION('',(0.,1.,0.));
#7843=DIRECTION('',(0.,-1.,0.));
#7844=DIRECTION('',(1.,0.,0.));
#7845=DIRECTION('',(0.,1.,0.));
#7846=DIRECTION('',(0.,-1.,0.));
#7847=DIRECTION('',(1.,0.,0.));
#7848=DIRECTION('',(0.,1.,0.));
#7849=DIRECTION('',(0.,0.,1.));
#7850=DIRECTION('',(0.,1.,0.));
#7851=DIRECTION('',(0.,0.,1.));
#7852=DIRECTION('',(0.,1.,0.));
#7853=DIRECTION('',(1.,0.,0.));
#7854=DIRECTION('',(0.,1.,0.));
#7855=DIRECTION('',(1.,0.,0.));
#7856=DIRECTION('',(0.,-1.,0.));
#7857=DIRECTION('',(1.,0.,0.));
#7858=DIRECTION('',(0.,-1.,0.));
#7859=DIRECTION('',(0.,0.,1.));
#7860=DIRECTION('',(0.,-1.,0.));
#7861=DIRECTION('',(0.,1.,0.));
#7862=DIRECTION('',(1.,0.,0.));
#7863=DIRECTION('',(0.,1.,0.));
#7864=DIRECTION('',(1.,0.,0.));
#7865=DIRECTION('',(0.,0.,-1.));
#7866=DIRECTION('',(0.,1.,0.));
#7867=DIRECTION('',(0.,1.,0.));
#7868=DIRECTION('',(1.,0.,0.));
#7869=DIRECTION('',(0.,1.,0.));
#7870=DIRECTION('',(1.,0.,0.));
#7871=DIRECTION('',(0.,0.,-1.));
#7872=DIRECTION('',(0.,1.,0.));
#7873=DIRECTION('',(1.,0.,0.));
#7874=DIRECTION('',(0.,0.,1.));
#7875=DIRECTION('',(0.,0.,1.));
#7876=DIRECTION('',(0.,1.,0.));
#7877=DIRECTION('',(0.,0.,1.));
#7878=DIRECTION('',(0.,-0.996129850025381,0.0878938102963583));
#7879=DIRECTION('',(0.,-0.996129850025381,0.0878938102963583));
#7880=DIRECTION('',(1.,0.,0.));
#7881=DIRECTION('',(0.,0.0878938102963583,0.996129850025381));
#7882=DIRECTION('',(0.,-0.996129850025381,0.0878938102963583));
#7883=DIRECTION('',(0.,-0.996129850025381,0.0878938102963583));
#7884=DIRECTION('',(0.,-0.996129850025381,0.0878938102963583));
#7885=DIRECTION('',(1.,0.,0.));
#7886=DIRECTION('',(0.,0.0878938102963583,0.996129850025381));
#7887=DIRECTION('',(0.,-0.996129850025381,0.0878938102963583));
#7888=DIRECTION('',(0.,-0.642787609686505,0.766044443119007));
#7889=DIRECTION('',(1.,0.,0.));
#7890=DIRECTION('',(0.,-0.642787609686505,0.766044443119007));
#7891=DIRECTION('',(1.,0.,0.));
#7892=DIRECTION('',(0.,0.766044443119007,0.642787609686505));
#7893=DIRECTION('',(0.,-0.642787609686505,0.766044443119007));
#7894=DIRECTION('',(1.,0.,0.));
#7895=DIRECTION('',(1.,0.,0.));
#7896=DIRECTION('',(0.,0.766044443119003,0.642787609686506));
#7897=DIRECTION('',(1.,0.,0.));
#7898=DIRECTION('',(0.,0.766044443119003,0.642787609686506));
#7899=DIRECTION('',(1.,0.,0.));
#7900=DIRECTION('',(0.,1.,0.));
#7901=DIRECTION('',(0.,-0.866550024438594,-0.499090227459397));
#7902=DIRECTION('',(0.,-0.866550024438594,-0.499090227459397));
#7903=DIRECTION('',(1.,0.,0.));
#7904=DIRECTION('',(0.,-0.499090227459397,0.866550024438594));
#7905=DIRECTION('',(0.,-0.866550024438594,-0.499090227459397));
#7906=DIRECTION('',(0.,0.935315221896437,-0.353815539072014));
#7907=DIRECTION('',(1.,0.,0.));
#7908=DIRECTION('',(0.,0.935315221896437,-0.353815539072014));
#7909=DIRECTION('',(1.,0.,0.));
#7910=DIRECTION('',(0.,-0.353815539072014,-0.935315221896437));
#7911=DIRECTION('',(0.,0.935315221896437,-0.353815539072014));
#7912=DIRECTION('',(1.,0.,0.));
#7913=DIRECTION('',(1.,0.,0.));
#7914=DIRECTION('',(0.,-0.353815539072013,-0.935315221896438));
#7915=DIRECTION('',(1.,0.,0.));
#7916=DIRECTION('',(0.,-0.353815539072013,-0.935315221896438));
#7917=DIRECTION('',(1.,0.,0.));
#7918=DIRECTION('',(0.,1.,0.));
#7919=DIRECTION('',(1.,0.,0.));
#7920=DIRECTION('',(0.,0.642787609686505,0.766044443119007));
#7921=DIRECTION('',(0.,0.642787609686505,0.766044443119007));
#7922=DIRECTION('',(0.,0.766044443119007,-0.642787609686505));
#7923=DIRECTION('',(0.,0.642787609686505,0.766044443119007));
#7924=DIRECTION('',(-1.,0.,0.));
#7925=DIRECTION('',(0.,-0.766044443119003,0.642787609686504));
#7926=DIRECTION('',(-1.,0.,0.));
#7927=DIRECTION('',(0.,-0.766044443119003,0.642787609686504));
#7928=DIRECTION('',(1.,0.,0.));
#7929=DIRECTION('',(1.,0.,0.));
#7930=DIRECTION('',(0.,1.,0.));
#7931=DIRECTION('',(1.,0.,0.));
#7932=DIRECTION('',(0.,1.,0.));
#7933=DIRECTION('',(1.,0.,0.));
#7934=DIRECTION('',(0.,1.,0.));
#7935=DIRECTION('',(0.,0.,-1.));
#7936=DIRECTION('',(0.,1.,0.));
#7937=DIRECTION('',(1.,0.,0.));
#7938=DIRECTION('',(0.,0.,1.));
#7939=DIRECTION('',(0.,0.,1.));
#7940=DIRECTION('',(0.,1.,0.));
#7941=DIRECTION('',(0.,0.,1.));
#7942=DIRECTION('',(1.,0.,0.));
#7943=DIRECTION('',(0.,-1.,0.));
#7944=DIRECTION('',(0.,-1.,0.));
#7945=DIRECTION('',(0.,0.,1.));
#7946=DIRECTION('',(0.,-1.,0.));
#7947=DIRECTION('',(1.,0.,0.));
#7948=DIRECTION('',(0.,0.,1.));
#7949=DIRECTION('',(0.,0.,1.));
#7950=DIRECTION('',(0.,1.,0.));
#7951=DIRECTION('',(0.,0.,1.));
#7952=DIRECTION('',(0.,-1.,0.));
#7953=DIRECTION('',(0.,-1.,0.));
#7954=DIRECTION('',(1.,0.,0.));
#7955=DIRECTION('',(0.,0.,1.));
#7956=DIRECTION('',(0.,-1.,0.));
#7957=DIRECTION('',(0.,0.,1.));
#7958=DIRECTION('',(0.,0.0871557427476639,0.996194698091745));
#7959=DIRECTION('',(1.,0.,0.));
#7960=DIRECTION('',(0.,1.,0.));
#7961=DIRECTION('',(0.,0.0871557427476639,0.996194698091745));
#7962=DIRECTION('',(1.,0.,0.));
#7963=DIRECTION('',(0.,1.,0.));
#7964=DIRECTION('',(0.,-1.,0.));
#7965=DIRECTION('',(1.,0.,0.));
#7966=DIRECTION('',(0.,1.,0.));
#7967=DIRECTION('',(0.,-1.,0.));
#7968=DIRECTION('',(1.,0.,0.));
#7969=DIRECTION('',(0.,1.,0.));
#7970=DIRECTION('',(0.,0.,-1.));
#7971=DIRECTION('',(0.,0.,1.));
#7972=DIRECTION('',(0.,1.,0.));
#7973=DIRECTION('',(0.,0.,1.));
#7974=DIRECTION('',(0.,1.,0.));
#7975=DIRECTION('',(1.,0.,0.));
#7976=DIRECTION('',(0.,1.,0.));
#7977=DIRECTION('',(0.,0.,-1.));
#7978=DIRECTION('',(1.,0.,0.));
#7979=DIRECTION('',(0.,-1.,0.));
#7980=DIRECTION('',(0.,0.,-1.));
#7981=DIRECTION('',(0.,0.,1.));
#7982=DIRECTION('',(0.,0.0871557427476639,0.996194698091745));
#7983=DIRECTION('',(1.,0.,0.));
#7984=DIRECTION('',(0.,1.,0.));
#7985=DIRECTION('',(0.,0.0871557427476639,0.996194698091745));
#7986=DIRECTION('',(1.,0.,0.));
#7987=DIRECTION('',(0.,1.,0.));
#7988=DIRECTION('',(0.,-1.,0.));
#7989=DIRECTION('',(1.,0.,0.));
#7990=DIRECTION('',(0.,1.,0.));
#7991=DIRECTION('',(0.,-1.,0.));
#7992=DIRECTION('',(1.,0.,0.));
#7993=DIRECTION('',(0.,1.,0.));
#7994=DIRECTION('',(0.,0.,1.));
#7995=DIRECTION('',(0.,1.,0.));
#7996=DIRECTION('',(0.,0.,1.));
#7997=DIRECTION('',(0.,1.,0.));
#7998=DIRECTION('',(1.,0.,0.));
#7999=DIRECTION('',(0.,1.,0.));
#8000=DIRECTION('',(1.,0.,0.));
#8001=DIRECTION('',(0.,-1.,0.));
#8002=DIRECTION('',(1.,0.,0.));
#8003=DIRECTION('',(0.,-1.,0.));
#8004=DIRECTION('',(0.,0.,1.));
#8005=DIRECTION('',(0.,-1.,0.));
#8006=DIRECTION('',(0.,1.,0.));
#8007=DIRECTION('',(1.,0.,0.));
#8008=DIRECTION('',(0.,1.,0.));
#8009=DIRECTION('',(1.,0.,0.));
#8010=DIRECTION('',(0.,0.,-1.));
#8011=DIRECTION('',(0.,1.,0.));
#8012=DIRECTION('',(0.,1.,0.));
#8013=DIRECTION('',(1.,0.,0.));
#8014=DIRECTION('',(0.,1.,0.));
#8015=DIRECTION('',(1.,0.,0.));
#8016=DIRECTION('',(0.,0.,-1.));
#8017=DIRECTION('',(0.,1.,0.));
#8018=DIRECTION('',(1.,0.,0.));
#8019=DIRECTION('',(0.,0.,1.));
#8020=DIRECTION('',(0.,0.,1.));
#8021=DIRECTION('',(0.,1.,0.));
#8022=DIRECTION('',(0.,0.,1.));
#8023=DIRECTION('',(0.,-0.996129850025381,0.0878938102963583));
#8024=DIRECTION('',(0.,-0.996129850025381,0.0878938102963583));
#8025=DIRECTION('',(1.,0.,0.));
#8026=DIRECTION('',(0.,0.0878938102963583,0.996129850025381));
#8027=DIRECTION('',(0.,-0.996129850025381,0.0878938102963583));
#8028=DIRECTION('',(0.,-0.996129850025381,0.0878938102963583));
#8029=DIRECTION('',(0.,-0.996129850025381,0.0878938102963583));
#8030=DIRECTION('',(1.,0.,0.));
#8031=DIRECTION('',(0.,0.0878938102963583,0.996129850025381));
#8032=DIRECTION('',(0.,-0.996129850025381,0.0878938102963583));
#8033=DIRECTION('',(0.,-0.642787609686505,0.766044443119007));
#8034=DIRECTION('',(1.,0.,0.));
#8035=DIRECTION('',(0.,-0.642787609686505,0.766044443119007));
#8036=DIRECTION('',(1.,0.,0.));
#8037=DIRECTION('',(0.,0.766044443119007,0.642787609686505));
#8038=DIRECTION('',(0.,-0.642787609686505,0.766044443119007));
#8039=DIRECTION('',(1.,0.,0.));
#8040=DIRECTION('',(1.,0.,0.));
#8041=DIRECTION('',(0.,0.766044443119003,0.642787609686506));
#8042=DIRECTION('',(1.,0.,0.));
#8043=DIRECTION('',(0.,0.766044443119003,0.642787609686506));
#8044=DIRECTION('',(1.,0.,0.));
#8045=DIRECTION('',(0.,1.,0.));
#8046=DIRECTION('',(0.,-0.866550024438594,-0.499090227459397));
#8047=DIRECTION('',(0.,-0.866550024438594,-0.499090227459397));
#8048=DIRECTION('',(1.,0.,0.));
#8049=DIRECTION('',(0.,-0.499090227459397,0.866550024438594));
#8050=DIRECTION('',(0.,-0.866550024438594,-0.499090227459397));
#8051=DIRECTION('',(0.,0.935315221896437,-0.353815539072014));
#8052=DIRECTION('',(1.,0.,0.));
#8053=DIRECTION('',(0.,0.935315221896437,-0.353815539072014));
#8054=DIRECTION('',(1.,0.,0.));
#8055=DIRECTION('',(0.,-0.353815539072014,-0.935315221896437));
#8056=DIRECTION('',(0.,0.935315221896437,-0.353815539072014));
#8057=DIRECTION('',(1.,0.,0.));
#8058=DIRECTION('',(1.,0.,0.));
#8059=DIRECTION('',(0.,-0.353815539072013,-0.935315221896438));
#8060=DIRECTION('',(1.,0.,0.));
#8061=DIRECTION('',(0.,-0.353815539072013,-0.935315221896438));
#8062=DIRECTION('',(1.,0.,0.));
#8063=DIRECTION('',(0.,1.,0.));
#8064=DIRECTION('',(1.,0.,0.));
#8065=DIRECTION('',(0.,0.642787609686505,0.766044443119007));
#8066=DIRECTION('',(0.,0.642787609686505,0.766044443119007));
#8067=DIRECTION('',(0.,0.766044443119007,-0.642787609686505));
#8068=DIRECTION('',(0.,0.642787609686505,0.766044443119007));
#8069=DIRECTION('',(-1.,0.,0.));
#8070=DIRECTION('',(0.,-0.766044443119003,0.642787609686504));
#8071=DIRECTION('',(-1.,0.,0.));
#8072=DIRECTION('',(0.,-0.766044443119003,0.642787609686504));
#8073=DIRECTION('',(1.,0.,0.));
#8074=DIRECTION('',(1.,0.,0.));
#8075=DIRECTION('',(0.,1.,0.));
#8076=DIRECTION('',(1.,0.,0.));
#8077=DIRECTION('',(0.,1.,0.));
#8078=DIRECTION('',(1.,0.,0.));
#8079=DIRECTION('',(0.,1.,0.));
#8080=DIRECTION('',(0.,0.,-1.));
#8081=DIRECTION('',(0.,1.,0.));
#8082=DIRECTION('',(1.,0.,0.));
#8083=DIRECTION('',(0.,0.,1.));
#8084=DIRECTION('',(0.,0.,1.));
#8085=DIRECTION('',(0.,1.,0.));
#8086=DIRECTION('',(0.,0.,1.));
#8087=DIRECTION('',(1.,0.,0.));
#8088=DIRECTION('',(0.,-1.,0.));
#8089=DIRECTION('',(0.,-1.,0.));
#8090=DIRECTION('',(0.,0.,1.));
#8091=DIRECTION('',(0.,-1.,0.));
#8092=DIRECTION('',(1.,0.,0.));
#8093=DIRECTION('',(0.,0.,1.));
#8094=DIRECTION('',(0.,0.,1.));
#8095=DIRECTION('',(0.,1.,0.));
#8096=DIRECTION('',(0.,0.,1.));
#8097=DIRECTION('',(0.,-1.,0.));
#8098=DIRECTION('',(0.,-1.,0.));
#8099=DIRECTION('',(1.,0.,0.));
#8100=DIRECTION('',(0.,0.,1.));
#8101=DIRECTION('',(0.,-1.,0.));
#8102=DIRECTION('',(0.,0.,1.));
#8103=DIRECTION('',(0.,0.0871557427476639,0.996194698091745));
#8104=DIRECTION('',(1.,0.,0.));
#8105=DIRECTION('',(0.,1.,0.));
#8106=DIRECTION('',(0.,0.0871557427476639,0.996194698091745));
#8107=DIRECTION('',(1.,0.,0.));
#8108=DIRECTION('',(0.,1.,0.));
#8109=DIRECTION('',(0.,-1.,0.));
#8110=DIRECTION('',(1.,0.,0.));
#8111=DIRECTION('',(0.,1.,0.));
#8112=DIRECTION('',(0.,-1.,0.));
#8113=DIRECTION('',(1.,0.,0.));
#8114=DIRECTION('',(0.,1.,0.));
#8115=DIRECTION('',(0.,0.,-1.));
#8116=DIRECTION('',(0.,0.,1.));
#8117=DIRECTION('',(0.,1.,0.));
#8118=DIRECTION('',(0.,0.,1.));
#8119=DIRECTION('',(0.,1.,0.));
#8120=DIRECTION('',(1.,0.,0.));
#8121=DIRECTION('',(0.,1.,0.));
#8122=DIRECTION('',(0.,0.,-1.));
#8123=DIRECTION('',(1.,0.,0.));
#8124=DIRECTION('',(0.,-1.,0.));
#8125=DIRECTION('',(0.,0.,-1.));
#8126=DIRECTION('',(0.,0.,1.));
#8127=DIRECTION('',(0.,0.0871557427476639,0.996194698091745));
#8128=DIRECTION('',(1.,0.,0.));
#8129=DIRECTION('',(0.,1.,0.));
#8130=DIRECTION('',(0.,0.0871557427476639,0.996194698091745));
#8131=DIRECTION('',(1.,0.,0.));
#8132=DIRECTION('',(0.,1.,0.));
#8133=DIRECTION('',(0.,-1.,0.));
#8134=DIRECTION('',(1.,0.,0.));
#8135=DIRECTION('',(0.,1.,0.));
#8136=DIRECTION('',(0.,-1.,0.));
#8137=DIRECTION('',(1.,0.,0.));
#8138=DIRECTION('',(0.,1.,0.));
#8139=DIRECTION('',(0.,0.,1.));
#8140=DIRECTION('',(0.,1.,0.));
#8141=DIRECTION('',(0.,0.,1.));
#8142=DIRECTION('',(0.,1.,0.));
#8143=DIRECTION('',(1.,0.,0.));
#8144=DIRECTION('',(0.,1.,0.));
#8145=DIRECTION('',(1.,0.,0.));
#8146=DIRECTION('',(0.,-1.,0.));
#8147=DIRECTION('',(1.,0.,0.));
#8148=DIRECTION('',(0.,-1.,0.));
#8149=DIRECTION('',(0.,0.,1.));
#8150=DIRECTION('',(0.,-1.,0.));
#8151=DIRECTION('',(0.,1.,0.));
#8152=DIRECTION('',(1.,0.,0.));
#8153=DIRECTION('',(0.,1.,0.));
#8154=DIRECTION('',(1.,0.,0.));
#8155=DIRECTION('',(0.,0.,-1.));
#8156=DIRECTION('',(0.,1.,0.));
#8157=DIRECTION('',(0.,1.,0.));
#8158=DIRECTION('',(1.,0.,0.));
#8159=DIRECTION('',(0.,1.,0.));
#8160=DIRECTION('',(1.,0.,0.));
#8161=DIRECTION('',(0.,0.,-1.));
#8162=DIRECTION('',(0.,1.,0.));
#8163=DIRECTION('',(1.,0.,0.));
#8164=DIRECTION('',(0.,0.,1.));
#8165=DIRECTION('',(0.,0.,1.));
#8166=DIRECTION('',(0.,1.,0.));
#8167=DIRECTION('',(0.,0.,1.));
#8168=DIRECTION('',(0.,-0.996129850025381,0.0878938102963583));
#8169=DIRECTION('',(0.,-0.996129850025381,0.0878938102963583));
#8170=DIRECTION('',(1.,0.,0.));
#8171=DIRECTION('',(0.,0.0878938102963583,0.996129850025381));
#8172=DIRECTION('',(0.,-0.996129850025381,0.0878938102963583));
#8173=DIRECTION('',(0.,-0.996129850025381,0.0878938102963583));
#8174=DIRECTION('',(0.,-0.996129850025381,0.0878938102963583));
#8175=DIRECTION('',(1.,0.,0.));
#8176=DIRECTION('',(0.,0.0878938102963583,0.996129850025381));
#8177=DIRECTION('',(0.,-0.996129850025381,0.0878938102963583));
#8178=DIRECTION('',(0.,-0.642787609686505,0.766044443119007));
#8179=DIRECTION('',(1.,0.,0.));
#8180=DIRECTION('',(0.,-0.642787609686505,0.766044443119007));
#8181=DIRECTION('',(1.,0.,0.));
#8182=DIRECTION('',(0.,0.766044443119007,0.642787609686505));
#8183=DIRECTION('',(0.,-0.642787609686505,0.766044443119007));
#8184=DIRECTION('',(1.,0.,0.));
#8185=DIRECTION('',(1.,0.,0.));
#8186=DIRECTION('',(0.,0.766044443119003,0.642787609686506));
#8187=DIRECTION('',(1.,0.,0.));
#8188=DIRECTION('',(0.,0.766044443119003,0.642787609686506));
#8189=DIRECTION('',(1.,0.,0.));
#8190=DIRECTION('',(0.,1.,0.));
#8191=DIRECTION('',(0.,-0.866550024438594,-0.499090227459397));
#8192=DIRECTION('',(0.,-0.866550024438594,-0.499090227459397));
#8193=DIRECTION('',(1.,0.,0.));
#8194=DIRECTION('',(0.,-0.499090227459397,0.866550024438594));
#8195=DIRECTION('',(0.,-0.866550024438594,-0.499090227459397));
#8196=DIRECTION('',(0.,0.935315221896437,-0.353815539072014));
#8197=DIRECTION('',(1.,0.,0.));
#8198=DIRECTION('',(0.,0.935315221896437,-0.353815539072014));
#8199=DIRECTION('',(1.,0.,0.));
#8200=DIRECTION('',(0.,-0.353815539072014,-0.935315221896437));
#8201=DIRECTION('',(0.,0.935315221896437,-0.353815539072014));
#8202=DIRECTION('',(1.,0.,0.));
#8203=DIRECTION('',(1.,0.,0.));
#8204=DIRECTION('',(0.,-0.353815539072013,-0.935315221896438));
#8205=DIRECTION('',(1.,0.,0.));
#8206=DIRECTION('',(0.,-0.353815539072013,-0.935315221896438));
#8207=DIRECTION('',(1.,0.,0.));
#8208=DIRECTION('',(0.,1.,0.));
#8209=DIRECTION('',(1.,0.,0.));
#8210=DIRECTION('',(0.,0.642787609686505,0.766044443119007));
#8211=DIRECTION('',(0.,0.642787609686505,0.766044443119007));
#8212=DIRECTION('',(0.,0.766044443119007,-0.642787609686505));
#8213=DIRECTION('',(0.,0.642787609686505,0.766044443119007));
#8214=DIRECTION('',(-1.,0.,0.));
#8215=DIRECTION('',(0.,-0.766044443119003,0.642787609686504));
#8216=DIRECTION('',(-1.,0.,0.));
#8217=DIRECTION('',(0.,-0.766044443119003,0.642787609686504));
#8218=DIRECTION('',(1.,0.,0.));
#8219=DIRECTION('',(1.,0.,0.));
#8220=DIRECTION('',(0.,1.,0.));
#8221=DIRECTION('',(1.,0.,0.));
#8222=DIRECTION('',(0.,1.,0.));
#8223=DIRECTION('',(1.,0.,0.));
#8224=DIRECTION('',(0.,1.,0.));
#8225=DIRECTION('',(0.,0.,-1.));
#8226=DIRECTION('',(0.,1.,0.));
#8227=DIRECTION('',(1.,0.,0.));
#8228=DIRECTION('',(0.,0.,1.));
#8229=DIRECTION('',(0.,0.,1.));
#8230=DIRECTION('',(0.,1.,0.));
#8231=DIRECTION('',(0.,0.,1.));
#8232=DIRECTION('',(1.,0.,0.));
#8233=DIRECTION('',(0.,-1.,0.));
#8234=DIRECTION('',(0.,-1.,0.));
#8235=DIRECTION('',(0.,0.,1.));
#8236=DIRECTION('',(0.,-1.,0.));
#8237=DIRECTION('',(1.,0.,0.));
#8238=DIRECTION('',(0.,0.,1.));
#8239=DIRECTION('',(0.,0.,1.));
#8240=DIRECTION('',(0.,1.,0.));
#8241=DIRECTION('',(0.,0.,1.));
#8242=DIRECTION('',(0.,-1.,0.));
#8243=DIRECTION('',(0.,-1.,0.));
#8244=DIRECTION('',(1.,0.,0.));
#8245=DIRECTION('',(0.,0.,1.));
#8246=DIRECTION('',(0.,-1.,0.));
#8247=DIRECTION('',(0.,0.,1.));
#8248=DIRECTION('',(0.,0.0871557427476639,0.996194698091745));
#8249=DIRECTION('',(1.,0.,0.));
#8250=DIRECTION('',(0.,1.,0.));
#8251=DIRECTION('',(0.,0.0871557427476639,0.996194698091745));
#8252=DIRECTION('',(1.,0.,0.));
#8253=DIRECTION('',(0.,1.,0.));
#8254=DIRECTION('',(0.,-1.,0.));
#8255=DIRECTION('',(1.,0.,0.));
#8256=DIRECTION('',(0.,1.,0.));
#8257=DIRECTION('',(0.,-1.,0.));
#8258=DIRECTION('',(1.,0.,0.));
#8259=DIRECTION('',(0.,1.,0.));
#8260=DIRECTION('',(0.,0.,-1.));
#8261=DIRECTION('',(0.,0.,1.));
#8262=DIRECTION('',(0.,1.,0.));
#8263=DIRECTION('',(0.,0.,1.));
#8264=DIRECTION('',(0.,1.,0.));
#8265=DIRECTION('',(1.,0.,0.));
#8266=DIRECTION('',(0.,1.,0.));
#8267=DIRECTION('',(0.,0.,-1.));
#8268=DIRECTION('',(1.,0.,0.));
#8269=DIRECTION('',(0.,-1.,0.));
#8270=DIRECTION('',(0.,0.,-1.));
#8271=DIRECTION('',(0.,0.,1.));
#8272=DIRECTION('',(0.,0.0871557427476639,0.996194698091745));
#8273=DIRECTION('',(1.,0.,0.));
#8274=DIRECTION('',(0.,1.,0.));
#8275=DIRECTION('',(0.,0.0871557427476639,0.996194698091745));
#8276=DIRECTION('',(1.,0.,0.));
#8277=DIRECTION('',(0.,1.,0.));
#8278=DIRECTION('',(0.,-1.,0.));
#8279=DIRECTION('',(1.,0.,0.));
#8280=DIRECTION('',(0.,1.,0.));
#8281=DIRECTION('',(0.,-1.,0.));
#8282=DIRECTION('',(1.,0.,0.));
#8283=DIRECTION('',(0.,1.,0.));
#8284=DIRECTION('',(0.,0.,1.));
#8285=DIRECTION('',(0.,1.,0.));
#8286=DIRECTION('',(0.,0.,1.));
#8287=DIRECTION('',(0.,1.,0.));
#8288=DIRECTION('',(1.,0.,0.));
#8289=DIRECTION('',(0.,1.,0.));
#8290=DIRECTION('',(1.,0.,0.));
#8291=DIRECTION('',(0.,-0.642787609686505,0.766044443119007));
#8292=DIRECTION('',(1.,0.,0.));
#8293=DIRECTION('',(0.,-0.642787609686505,0.766044443119007));
#8294=DIRECTION('',(0.,0.766044443119007,0.642787609686505));
#8295=DIRECTION('',(0.,-0.642787609686505,0.766044443119007));
#8296=DIRECTION('',(1.,0.,0.));
#8297=DIRECTION('',(1.,0.,0.));
#8298=DIRECTION('',(0.,0.766044443119003,0.642787609686506));
#8299=DIRECTION('',(1.,0.,0.));
#8300=DIRECTION('',(0.,0.766044443119003,0.642787609686506));
#8301=DIRECTION('',(1.,0.,0.));
#8302=DIRECTION('',(0.,1.,0.));
#8303=DIRECTION('',(1.,0.,0.));
#8304=DIRECTION('',(0.,-0.866550024438594,-0.499090227459397));
#8305=DIRECTION('',(0.,-0.866550024438594,-0.499090227459397));
#8306=DIRECTION('',(0.,-0.499090227459397,0.866550024438594));
#8307=DIRECTION('',(0.,-0.866550024438594,-0.499090227459397));
#8308=DIRECTION('',(0.,-1.,0.));
#8309=DIRECTION('',(0.,-1.,0.));
#8310=DIRECTION('',(0.,-1.,0.));
#8311=DIRECTION('',(0.,-1.,0.));
#8312=DIRECTION('',(0.,1.,0.));
#8313=DIRECTION('',(1.,0.,0.));
#8314=DIRECTION('',(0.,1.,0.));
#8315=DIRECTION('',(1.,0.,0.));
#8316=DIRECTION('',(0.,0.,-1.));
#8317=DIRECTION('',(1.,0.,0.));
#8318=DIRECTION('',(0.,0.,-1.));
#8319=DIRECTION('',(0.,0.,1.));
#8320=DIRECTION('',(-1.,0.,0.));
#8321=DIRECTION('',(0.,-1.,0.));
#8322=DIRECTION('',(1.,0.,0.));
#8323=DIRECTION('',(0.,1.,0.));
#8324=DIRECTION('',(0.,0.,-1.));
#8325=DIRECTION('',(0.,-1.,0.));
#8326=DIRECTION('',(0.,0.,1.));
#8327=DIRECTION('',(-1.,0.,0.));
#8328=DIRECTION('',(0.,0.,-1.));
#8329=DIRECTION('',(1.,0.,0.));
#8330=DIRECTION('',(1.,0.,0.));
#8331=DIRECTION('',(0.,0.,1.));
#8332=DIRECTION('',(0.,-1.,0.));
#8333=DIRECTION('',(1.,0.,0.));
#8334=DIRECTION('',(0.,-1.,0.));
#8335=DIRECTION('',(1.,0.,0.));
#8336=DIRECTION('',(0.,-1.,0.));
#8337=DIRECTION('',(0.,0.,1.));
#8338=DIRECTION('',(0.,-1.,0.));
#8339=DIRECTION('',(0.,0.,-1.));
#8340=DIRECTION('',(1.,0.,0.));
#8341=DIRECTION('',(-1.,0.,0.));
#8342=DIRECTION('',(0.,0.,1.));
#8343=DIRECTION('',(0.,-1.,0.));
#8344=DIRECTION('',(0.,0.,-1.));
#8345=DIRECTION('',(0.,-1.,0.));
#8346=DIRECTION('',(0.,-1.,0.));
#8347=DIRECTION('',(0.,-1.,0.));
#8348=DIRECTION('',(0.,-1.,0.));
#8349=DIRECTION('',(0.,1.,0.));
#8350=DIRECTION('',(0.,0.,1.));
#8351=DIRECTION('',(-1.,0.,0.));
#8352=DIRECTION('',(0.,0.,-1.));
#8353=DIRECTION('',(1.,0.,0.));
#8354=DIRECTION('',(0.,0.,1.));
#8355=DIRECTION('',(-1.,0.,0.));
#8356=DIRECTION('',(0.,0.,-1.));
#8357=DIRECTION('',(0.,-1.,0.));
#8358=DIRECTION('',(0.,0.,-1.));
#8359=DIRECTION('',(0.,0.,1.));
#8360=DIRECTION('',(0.,-0.819152044289016,0.573576436351011));
#8361=DIRECTION('',(0.,0.,1.));
#8362=DIRECTION('',(0.,-1.,0.));
#8363=DIRECTION('',(0.,1.,0.));
#8364=DIRECTION('',(1.,0.,0.));
#8365=DIRECTION('',(0.,1.,0.));
#8366=DIRECTION('',(0.,-1.,0.));
#8367=DIRECTION('',(0.,0.,-1.));
#8368=DIRECTION('',(0.,-1.,0.));
#8369=DIRECTION('',(0.,0.,1.));
#8370=DIRECTION('',(1.,0.,0.));
#8371=DIRECTION('',(0.,1.,0.));
#8372=DIRECTION('',(0.,-1.,0.));
#8373=DIRECTION('',(0.,0.,-1.));
#8374=DIRECTION('',(0.,-1.,0.));
#8375=DIRECTION('',(0.,0.,1.));
#8376=DIRECTION('',(-1.,0.,0.));
#8377=DIRECTION('',(0.,-1.,0.));
#8378=DIRECTION('',(1.,0.,0.));
#8379=DIRECTION('',(0.,0.,-1.));
#8380=DIRECTION('',(1.,0.,0.));
#8381=DIRECTION('',(0.,0.,1.));
#8382=DIRECTION('',(-1.,0.,0.));
#8383=DIRECTION('',(0.,1.,0.));
#8384=DIRECTION('',(0.,0.,1.));
#8385=DIRECTION('',(-1.,0.,0.));
#8386=DIRECTION('',(0.,0.,1.));
#8387=DIRECTION('',(1.,0.,0.));
#8388=DIRECTION('',(0.,0.,-1.));
#8389=DIRECTION('',(1.,0.,0.));
#8390=DIRECTION('',(0.,1.,0.));
#8391=DIRECTION('',(0.,0.,1.));
#8392=DIRECTION('',(1.,0.,0.));
#8393=DIRECTION('',(1.,0.,0.));
#8394=DIRECTION('',(0.,-0.258819045102494,-0.965925826289076));
#8395=DIRECTION('',(1.,0.,0.));
#8396=DIRECTION('',(1.,0.,0.));
#8397=DIRECTION('',(0.,-0.258819045102494,-0.965925826289076));
#8398=DIRECTION('',(1.,0.,0.));
#8399=DIRECTION('',(0.,1.,0.));
#8400=DIRECTION('',(1.,0.,0.));
#8401=DIRECTION('',(0.,0.0871557427476639,0.996194698091745));
#8402=DIRECTION('',(1.,0.,0.));
#8403=DIRECTION('',(0.,0.0871557427476639,0.996194698091745));
#8404=DIRECTION('',(0.,0.996194698091745,-0.0871557427476639));
#8405=DIRECTION('',(0.,0.0871557427476639,0.996194698091745));
#8406=DIRECTION('',(1.,0.,0.));
#8407=DIRECTION('',(0.,0.836190489795364,-0.548439116744776));
#8408=DIRECTION('',(1.,0.,0.));
#8409=DIRECTION('',(0.,0.836190489795364,-0.548439116744776));
#8410=DIRECTION('',(1.,0.,0.));
#8411=DIRECTION('',(1.,0.,0.));
#8412=DIRECTION('',(0.,1.,0.));
#8413=DIRECTION('',(0.,0.965925826289076,-0.258819045102493));
#8414=DIRECTION('',(1.,0.,0.));
#8415=DIRECTION('',(0.,0.965925826289076,-0.258819045102493));
#8416=DIRECTION('',(1.,0.,0.));
#8417=DIRECTION('',(0.,-0.258819045102493,-0.965925826289076));
#8418=DIRECTION('',(0.,0.965925826289076,-0.258819045102493));
#8419=DIRECTION('',(1.,0.,0.));
#8420=DIRECTION('',(0.,0.258819045102493,-0.965925826289076));
#8421=DIRECTION('',(1.,0.,0.));
#8422=DIRECTION('',(0.,0.258819045102493,-0.965925826289076));
#8423=DIRECTION('',(0.,-0.965925826289076,-0.258819045102493));
#8424=DIRECTION('',(0.,0.258819045102493,-0.965925826289076));
#8425=DIRECTION('',(1.,0.,0.));
#8426=DIRECTION('',(1.,0.,0.));
#8427=DIRECTION('',(0.,-0.906269421159316,-0.422700527881807));
#8428=DIRECTION('',(1.,0.,0.));
#8429=DIRECTION('',(0.,-0.965925826289075,-0.258819045102493));
#8430=DIRECTION('',(1.,0.,0.));
#8431=DIRECTION('',(0.,-0.965925826289075,-0.258819045102493));
#8432=DIRECTION('',(1.,0.,0.));
#8433=DIRECTION('',(0.,1.,0.));
#8434=DIRECTION('',(0.,0.0871557427476639,0.996194698091745));
#8435=DIRECTION('',(1.,0.,0.));
#8436=DIRECTION('',(0.,0.996194698091745,-0.0871557427476639));
#8437=DIRECTION('',(0.,1.,0.));
#8438=DIRECTION('',(0.,-0.965925826289076,0.258819045102493));
#8439=DIRECTION('',(1.,0.,0.));
#8440=DIRECTION('',(0.,1.,0.));
#8441=DIRECTION('',(1.,0.,0.));
#8442=DIRECTION('',(0.,0.996194698091745,-0.0871557427476639));
#8443=DIRECTION('',(1.,0.,0.));
#8444=DIRECTION('',(1.,0.,0.));
#8445=DIRECTION('',(0.,0.601337075325723,0.79899544544303));
#8446=DIRECTION('',(1.,0.,0.));
#8447=DIRECTION('',(0.,1.,0.));
#8448=DIRECTION('',(0.,-1.,0.));
#8449=DIRECTION('',(0.,0.,-1.));
#8450=DIRECTION('',(0.,-1.,0.));
#8451=DIRECTION('',(0.,0.,1.));
#8452=DIRECTION('',(0.,-1.,0.));
#8453=DIRECTION('',(1.,0.,0.));
#8454=DIRECTION('',(0.,0.,-1.));
#8455=DIRECTION('',(0.,0.,-1.));
#8456=DIRECTION('',(0.316227766016808,0.948683298050524,0.));
#8457=DIRECTION('',(0.316227766016808,0.948683298050524,0.));
#8458=DIRECTION('',(0.316227766016808,0.948683298050524,0.));
#8459=DIRECTION('',(0.948683298050524,-0.316227766016808,0.));
#8460=DIRECTION('',(0.316227766016808,0.948683298050524,0.));
#8461=DIRECTION('',(0.,0.,-1.));
#8462=DIRECTION('',(0.,1.,0.));
#8463=DIRECTION('',(0.,1.,0.));
#8464=DIRECTION('',(1.,0.,0.));
#8465=DIRECTION('',(0.,1.,0.));
#8466=DIRECTION('',(0.,0.,-1.));
#8467=DIRECTION('',(0.707106781186597,0.707106781186498,0.));
#8468=DIRECTION('',(0.707106781186597,0.707106781186498,0.));
#8469=DIRECTION('',(0.707106781186498,-0.707106781186597,0.));
#8470=DIRECTION('',(0.707106781186597,0.707106781186498,0.));
#8471=DIRECTION('',(0.,0.,-1.));
#8472=DIRECTION('',(0.,1.,0.));
#8473=DIRECTION('',(0.,1.,0.));
#8474=DIRECTION('',(1.,0.,0.));
#8475=DIRECTION('',(0.,1.,0.));
#8476=DIRECTION('',(1.,0.,0.));
#8477=DIRECTION('',(1.,0.,0.));
#8478=DIRECTION('',(0.,0.,1.));
#8479=DIRECTION('',(0.,-1.,0.));
#8480=DIRECTION('',(1.,0.,0.));
#8481=DIRECTION('',(0.,1.,0.));
#8482=DIRECTION('',(0.,0.,-1.));
#8483=DIRECTION('',(0.,-1.,0.));
#8484=DIRECTION('',(1.,0.,0.));
#8485=DIRECTION('',(0.,1.,0.));
#8486=DIRECTION('',(1.,0.,0.));
#8487=DIRECTION('',(0.,-1.,0.));
#8488=DIRECTION('',(0.707106781186597,-0.707106781186498,0.));
#8489=DIRECTION('',(0.,-1.,0.));
#8490=DIRECTION('',(0.316227766016808,-0.948683298050524,0.));
#8491=DIRECTION('',(0.,-1.,0.));
#8492=DIRECTION('',(-1.,0.,0.));
#8493=DIRECTION('',(0.,-1.,0.));
#8494=DIRECTION('',(1.,0.,0.));
#8495=DIRECTION('',(0.,1.,0.));
#8496=DIRECTION('',(0.,0.,1.));
#8497=DIRECTION('',(0.,-1.,0.));
#8498=DIRECTION('',(0.,0.,-1.));
#8499=DIRECTION('',(0.,-1.,0.));
#8500=DIRECTION('',(0.,0.,-1.));
#8501=DIRECTION('',(-1.,0.,0.));
#8502=DIRECTION('',(0.,-1.,0.));
#8503=DIRECTION('',(1.,0.,0.));
#8504=DIRECTION('',(0.,0.,-1.));
#8505=DIRECTION('',(0.,-1.,0.));
#8506=DIRECTION('',(1.,0.,0.));
#8507=DIRECTION('',(0.,0.,-1.));
#8508=DIRECTION('',(0.,-1.,0.));
#8509=DIRECTION('',(-1.,0.,0.));
#8510=DIRECTION('',(0.,-1.,0.));
#8511=DIRECTION('',(0.,0.,-1.));
#8512=DIRECTION('',(0.707106781186597,-0.707106781186498,0.));
#8513=DIRECTION('',(-0.707106781186498,-0.707106781186597,0.));
#8514=DIRECTION('',(0.707106781186597,-0.707106781186498,0.));
#8515=DIRECTION('',(0.,0.,-1.));
#8516=DIRECTION('',(0.,-1.,0.));
#8517=DIRECTION('',(-1.,0.,0.));
#8518=DIRECTION('',(0.,-1.,0.));
#8519=DIRECTION('',(0.316227766016808,-0.948683298050524,0.));
#8520=DIRECTION('',(-0.316227766016898,0.948683298050494,0.));
#8521=DIRECTION('',(0.,0.,1.));
#8522=DIRECTION('',(-0.948683298050524,-0.316227766016808,0.));
#8523=DIRECTION('',(0.316227766016808,-0.948683298050524,0.));
#8524=DIRECTION('',(1.,0.,0.));
#8525=DIRECTION('',(0.,0.,1.));
#8526=DIRECTION('',(1.,0.,0.));
#8527=DIRECTION('',(1.,0.,0.));
#8528=DIRECTION('',(0.,-1.,0.));
#8529=DIRECTION('',(0.,0.,1.));
#8530=DIRECTION('',(1.,0.,0.));
#8531=DIRECTION('',(1.,0.,0.));
#8532=DIRECTION('',(0.,-0.965925826289075,-0.258819045102493));
#8533=DIRECTION('',(0.,0.258819045102493,-0.965925826289076));
#8534=DIRECTION('',(1.,0.,0.));
#8535=DIRECTION('',(0.,0.996194698091745,-0.0871557427476639));
#8536=DIRECTION('',(0.,-1.,0.));
#8537=DIRECTION('',(0.,0.,1.));
#8538=DIRECTION('',(0.,-1.,0.));
#8539=DIRECTION('',(0.,0.965925826289076,-0.258819045102493));
#8540=DIRECTION('',(-1.,0.,0.));
#8541=DIRECTION('',(0.,0.,1.));
#8542=DIRECTION('',(-1.,0.,0.));
#8543=DIRECTION('',(-1.,0.,0.));
#8544=DIRECTION('',(0.,0.965925826289076,-0.258819045102493));
#8545=DIRECTION('',(0.,0.258819045102493,0.965925826289076));
#8546=DIRECTION('',(0.,0.965925826289076,-0.258819045102493));
#8547=DIRECTION('',(1.,0.,0.));
#8548=DIRECTION('',(1.,0.,0.));
#8549=DIRECTION('',(0.,-0.965925826289075,-0.258819045102493));
#8550=DIRECTION('',(-1.,0.,0.));
#8551=DIRECTION('',(1.,0.,0.));
#8552=DIRECTION('',(0.,-0.906269421159316,-0.422700527881807));
#8553=DIRECTION('',(1.,0.,0.));
#8554=DIRECTION('',(0.,1.,0.));
#8555=DIRECTION('',(0.,0.258819045102493,-0.965925826289076));
#8556=DIRECTION('',(-1.,0.,0.));
#8557=DIRECTION('',(0.,0.965925826289076,0.258819045102493));
#8558=DIRECTION('',(0.,0.258819045102493,-0.965925826289076));
#8559=DIRECTION('',(1.,0.,0.));
#8560=DIRECTION('',(0.,0.601337075325723,0.79899544544303));
#8561=DIRECTION('',(1.,0.,0.));
#8562=DIRECTION('',(1.,0.,0.));
#8563=DIRECTION('',(0.,0.996194698091745,-0.0871557427476639));
#8564=DIRECTION('',(1.,0.,0.));
#8565=DIRECTION('',(0.,1.,0.));
#8566=DIRECTION('',(0.,0.0871557427476639,0.996194698091745));
#8567=DIRECTION('',(0.,-0.965925826289076,0.258819045102493));
#8568=DIRECTION('',(0.,1.,0.));
#8569=DIRECTION('',(1.,0.,0.));
#8570=DIRECTION('',(0.,1.,0.));
#8571=DIRECTION('',(0.,0.965925826289076,-0.258819045102493));
#8572=DIRECTION('',(1.,0.,0.));
#8573=DIRECTION('',(0.,0.965925826289076,-0.258819045102493));
#8574=DIRECTION('',(0.,-0.258819045102493,-0.965925826289076));
#8575=DIRECTION('',(0.,0.965925826289076,-0.258819045102493));
#8576=DIRECTION('',(-1.,0.,0.));
#8577=DIRECTION('',(0.,-0.642787609686505,0.766044443119007));
#8578=DIRECTION('',(-1.,0.,0.));
#8579=DIRECTION('',(0.,-0.642787609686505,0.766044443119007));
#8580=DIRECTION('',(0.,0.766044443119007,0.642787609686505));
#8581=DIRECTION('',(0.,-0.642787609686505,0.766044443119007));
#8582=DIRECTION('',(0.,0.422327810574296,-0.906443169986691));
#8583=DIRECTION('',(0.,-0.0871557427476639,-0.996194698091745));
#8584=DIRECTION('',(0.,0.486235288574176,-0.873827925935758));
#8585=DIRECTION('',(0.,0.0871557427476639,0.996194698091745));
#8586=DIRECTION('',(0.,0.0871557427476639,0.996194698091745));
#8587=DIRECTION('',(1.,0.,0.));
#8588=DIRECTION('',(0.,1.,0.));
#8589=DIRECTION('',(0.,-0.500000000000017,0.866025403784429));
#8590=DIRECTION('',(-1.,0.,0.));
#8591=DIRECTION('',(0.,-0.500000000000017,0.866025403784429));
#8592=DIRECTION('',(1.,0.,0.));
#8593=DIRECTION('',(0.,0.866025403784429,0.500000000000017));
#8594=DIRECTION('',(0.,-0.500000000000017,0.866025403784429));
#8595=DIRECTION('',(-1.,0.,0.));
#8596=DIRECTION('',(0.,0.965925826289076,-0.258819045102493));
#8597=DIRECTION('',(0.,0.965925826289076,-0.258819045102493));
#8598=DIRECTION('',(0.,0.258819045102493,0.965925826289076));
#8599=DIRECTION('',(0.,-0.965925826289076,0.258819045102493));
#8600=DIRECTION('',(0.,0.0871557427476639,0.996194698091745));
#8601=DIRECTION('',(0.,0.0871557427476639,0.996194698091745));
#8602=DIRECTION('',(0.,0.486235288574176,-0.873827925935758));
#8603=DIRECTION('',(0.,-0.0871557427476639,-0.996194698091745));
#8604=DIRECTION('',(0.,0.422327810574296,-0.906443169986691));
#8605=DIRECTION('',(1.,0.,0.));
#8606=DIRECTION('',(0.,1.,0.));
#8607=DIRECTION('',(1.,0.,0.));
#8608=DIRECTION('',(1.,0.,0.));
#8609=DIRECTION('',(0.,-0.996194698091745,0.0871557427476639));
#8610=DIRECTION('',(0.,-0.0871557427476639,-0.996194698091745));
#8611=DIRECTION('',(1.,0.,0.));
#8612=DIRECTION('',(0.,-0.0871557427476639,-0.996194698091745));
#8613=DIRECTION('',(1.,0.,0.));
#8614=DIRECTION('',(0.,-0.0871557427476639,-0.996194698091745));
#8615=DIRECTION('',(0.,-0.996194698091745,0.0871557427476639));
#8616=DIRECTION('',(0.,-0.0871557427476639,-0.996194698091745));
#8617=DIRECTION('',(1.,0.,0.));
#8618=DIRECTION('',(0.,-0.906443169986691,-0.422327810574296));
#8619=DIRECTION('',(0.,0.422327810574296,-0.906443169986691));
#8620=DIRECTION('',(1.,0.,0.));
#8621=DIRECTION('',(0.,0.422327810574296,-0.906443169986691));
#8622=DIRECTION('',(0.,0.422327810574296,-0.906443169986691));
#8623=DIRECTION('',(0.,-0.906443169986691,-0.422327810574296));
#8624=DIRECTION('',(0.,0.422327810574296,-0.906443169986691));
#8625=DIRECTION('',(0.,0.486235288574176,-0.873827925935758));
#8626=DIRECTION('',(0.,0.0871557427476639,0.996194698091745));
#8627=DIRECTION('',(0.,0.0871557427476639,0.996194698091745));
#8628=DIRECTION('',(1.,0.,0.));
#8629=DIRECTION('',(0.,1.,0.));
#8630=DIRECTION('',(1.,0.,1.00448749847E-14));
#8631=DIRECTION('',(0.,-0.873827925935758,-0.486235288574176));
#8632=DIRECTION('',(0.,0.486235288574176,-0.873827925935758));
#8633=DIRECTION('',(0.,0.486235288574176,-0.873827925935758));
#8634=DIRECTION('',(1.,0.,-1.00448749847E-14));
#8635=DIRECTION('',(0.,-0.873827925935758,-0.486235288574176));
#8636=DIRECTION('',(0.,0.486235288574176,-0.873827925935758));
#8637=DIRECTION('',(0.,0.0871557427476639,0.996194698091745));
#8638=DIRECTION('',(0.,0.0871557427476639,0.996194698091745));
#8639=DIRECTION('',(1.,0.,0.));
#8640=DIRECTION('',(0.,0.0871557427476639,0.996194698091745));
#8641=DIRECTION('',(0.,0.0871557427476639,0.996194698091745));
#8642=DIRECTION('',(0.,0.0871557427476639,0.996194698091745));
#8643=DIRECTION('',(1.,0.,0.));
#8644=DIRECTION('',(0.,0.0871557427476639,0.996194698091745));
#8645=DIRECTION('',(0.,-0.0871557427476639,-0.996194698091745));
#8646=DIRECTION('',(0.,-0.996194698091745,0.0871557427476639));
#8647=DIRECTION('',(0.,-0.0871557427476639,-0.996194698091745));
#8648=DIRECTION('',(0.,0.0871557427476639,0.996194698091745));
#8649=DIRECTION('',(0.,-0.642787609686505,0.766044443119007));
#8650=DIRECTION('',(1.,0.,0.));
#8651=DIRECTION('',(0.,1.,0.));
#8652=DIRECTION('',(1.,0.,0.));
#8653=DIRECTION('',(0.,-0.642787609686505,0.766044443119007));
#8654=DIRECTION('',(0.,-0.766044443119007,-0.642787609686505));
#8655=DIRECTION('',(0.,-0.642787609686505,0.766044443119007));
#8656=DIRECTION('',(0.,-0.422618261740681,0.906307787036659));
#8657=DIRECTION('',(0.,-0.996194698091745,0.0871557427476639));
#8658=DIRECTION('',(0.,0.0871557427476639,0.996194698091745));
#8659=DIRECTION('',(0.,-0.0871557427476639,-0.996194698091745));
#8660=DIRECTION('',(0.,0.996194698091745,-0.0871557427476639));
#8661=DIRECTION('',(1.,0.,0.));
#8662=DIRECTION('',(0.,1.,0.));
#8663=DIRECTION('',(0.,-0.996194698091745,0.0871557427476639));
#8664=DIRECTION('',(0.,0.422618261740681,-0.906307787036659));
#8665=DIRECTION('',(0.,-0.996194698091745,0.0871557427476639));
#8666=DIRECTION('',(0.,0.0871557427476739,0.996194698091744));
#8667=DIRECTION('',(-1.,0.,0.));
#8668=DIRECTION('',(0.,-1.,0.));
#8669=DIRECTION('',(1.,0.,0.));
#8670=DIRECTION('',(0.654653670708005,0.319469377165802,-0.685104290222905));
#8671=DIRECTION('',(0.,-0.422618261740681,0.906307787036659));
#8672=DIRECTION('',(1.,0.,0.));
#8673=DIRECTION('',(0.654653670708005,-0.319469377165802,0.685104290222905));
#8674=DIRECTION('',(1.,0.,0.));
#8675=DIRECTION('',(-1.,0.,0.));
#8676=DIRECTION('',(0.,0.422618261740681,-0.906307787036659));
#8677=DIRECTION('',(0.,0.906307787036659,0.422618261740681));
#8678=DIRECTION('',(0.,-0.422618261740681,0.906307787036659));
#8679=DIRECTION('',(0.,-0.996194698091745,0.0871557427476639));
#8680=DIRECTION('',(0.,-0.0871557427476639,-0.996194698091745));
#8681=DIRECTION('',(0.,-0.996194698091745,0.0871557427476639));
#8682=DIRECTION('',(-1.,0.,0.));
#8683=DIRECTION('',(0.,-1.,0.));
#8684=DIRECTION('',(0.,0.996194698091745,-0.0871557427476639));
#8685=DIRECTION('',(1.,0.,0.));
#8686=DIRECTION('',(0.,0.0871557427476639,0.996194698091745));
#8687=DIRECTION('',(0.,-0.996194698091745,0.0871557427476639));
#8688=DIRECTION('',(1.,0.,0.));
#8689=DIRECTION('',(0.,-0.996194698091745,0.0871557427476639));
#8690=DIRECTION('',(0.,0.0871557427476639,0.996194698091745));
#8691=DIRECTION('',(0.,-0.996194698091745,0.0871557427476639));
#8692=DIRECTION('',(-0.707106781186553,-0.0616284167162259,-0.704416026402753));
#8693=DIRECTION('',(1.,0.,0.));
#8694=DIRECTION('',(0.,0.996194698091744,-0.0871557427476739));
#8695=DIRECTION('',(0.,0.0871557427476739,0.996194698091744));
#8696=DIRECTION('',(0.,0.996194698091745,-0.0871557427476639));
#8697=DIRECTION('',(-1.,0.,0.));
#8698=DIRECTION('',(0.,-0.0871557427476639,-0.996194698091745));
#8699=DIRECTION('',(0.,-0.996194698091745,0.0871557427476639));
#8700=DIRECTION('',(-0.707106781186503,-0.0616284167162203,-0.704416026402803));
#8701=DIRECTION('',(-0.707106781186503,0.0616284167162203,0.704416026402803));
#8702=DIRECTION('',(0.0436608635790697,0.998099162534992,-0.0434947208115797));
#8703=DIRECTION('',(-1.,0.,0.));
#8704=DIRECTION('',(0.,-0.0871557427476639,-0.996194698091745));
#8705=DIRECTION('',(-1.,0.,0.));
#8706=DIRECTION('',(0.,-0.0871557427476639,-0.996194698091745));
#8707=DIRECTION('',(0.,0.996194698091745,-0.0871557427476639));
#8708=DIRECTION('',(0.,0.0871557427476639,0.996194698091745));
#8709=DIRECTION('',(0.,0.766044443119007,0.642787609686505));
#8710=DIRECTION('',(0.,0.766044443119007,0.642787609686505));
#8711=DIRECTION('',(1.,0.,0.));
#8712=DIRECTION('',(0.,0.642787609686505,-0.766044443119007));
#8713=DIRECTION('',(0.,0.766044443119007,0.642787609686505));
#8714=DIRECTION('',(0.,-0.996194698091746,0.087155742747654));
#8715=DIRECTION('',(0.,0.0871557427476639,0.996194698091745));
#8716=DIRECTION('',(1.,0.,0.));
#8717=DIRECTION('',(0.,1.,0.));
#8718=DIRECTION('',(0.,-0.996194698091746,0.087155742747654));
#8719=DIRECTION('',(1.,0.,0.));
#8720=DIRECTION('',(0.,0.0871557427476639,0.996194698091745));
#8721=DIRECTION('',(0.,-0.996194698091745,0.0871557427476639));
#8722=DIRECTION('',(0.,0.0871557427476639,0.996194698091745));
#8723=DIRECTION('',(1.,0.,0.));
#8724=DIRECTION('',(0.,1.,0.));
#8725=DIRECTION('',(0.,-0.0871557427476639,-0.996194698091745));
#8726=DIRECTION('',(-0.707106781186503,0.0616284167162203,0.704416026402803));
#8727=DIRECTION('',(0.,-0.996194698091745,0.0871557427476639));
#8728=DIRECTION('',(0.,-0.0871557427476639,-0.996194698091745));
#8729=DIRECTION('',(0.,-0.996194698091745,0.0871557427476639));
#8730=DIRECTION('',(0.707106781186503,0.0616284167162203,0.704416026402803));
#8731=DIRECTION('',(-0.0436608635790697,0.998099162534992,-0.0434947208115797));
#8732=DIRECTION('',(0.,0.0871557427476639,0.996194698091745));
#8733=DIRECTION('',(0.,-0.996194698091745,0.0871557427476639));
#8734=DIRECTION('',(1.,0.,0.));
#8735=DIRECTION('',(0.,1.,0.));
#8736=DIRECTION('',(1.,0.,0.));
#8737=DIRECTION('',(0.,0.0871557427476639,0.996194698091745));
#8738=DIRECTION('',(1.,0.,0.));
#8739=DIRECTION('',(0.,0.0871557427476639,0.996194698091745));
#8740=DIRECTION('',(0.,0.996194698091745,-0.0871557427476639));
#8741=DIRECTION('',(0.,0.0871557427476639,0.996194698091745));
#8742=DIRECTION('',(1.,0.,0.));
#8743=DIRECTION('',(0.,-0.996194698091745,0.0871557427476639));
#8744=DIRECTION('',(0.,-0.996194698091745,0.0871557427476639));
#8745=DIRECTION('',(1.,0.,0.));
#8746=DIRECTION('',(0.,0.0871557427476639,0.996194698091745));
#8747=DIRECTION('',(0.,-0.996194698091745,0.0871557427476639));
#8748=DIRECTION('',(0.,0.996194698091745,-0.0871557427476639));
#8749=DIRECTION('',(0.,-0.0871557427476639,-0.996194698091745));
#8750=DIRECTION('',(1.,0.,0.));
#8751=DIRECTION('',(0.,1.,0.));
#8752=DIRECTION('',(0.,0.996194698091745,-0.0871557427476639));
#8753=DIRECTION('',(1.,0.,0.));
#8754=DIRECTION('',(0.,-0.0871557427476639,-0.996194698091745));
#8755=DIRECTION('',(0.,0.996194698091745,-0.0871557427476639));
#8756=DIRECTION('',(0.,-0.0871557427476639,-0.996194698091745));
#8757=DIRECTION('',(1.,0.,0.));
#8758=DIRECTION('',(0.,1.,0.));
#8759=DIRECTION('',(0.,0.0871557427476639,0.996194698091745));
#8760=DIRECTION('',(0.,0.0871557427476639,0.996194698091745));
#8761=DIRECTION('',(0.,0.0871557427476639,0.996194698091745));
#8762=DIRECTION('',(1.,0.,0.));
#8763=DIRECTION('',(0.,0.0871557427476639,0.996194698091745));
#8764=DIRECTION('',(0.,0.996194698091745,-0.0871557427476639));
#8765=DIRECTION('',(0.,0.0871557427476639,0.996194698091745));
#8766=DIRECTION('',(1.,0.,0.));
#8767=DIRECTION('',(0.,1.,0.));
#8768=DIRECTION('',(1.,0.,0.));
#8769=DIRECTION('',(0.,1.,0.));
#8770=DIRECTION('',(0.,0.,1.));
#8771=DIRECTION('',(0.,-0.996129850025381,0.0878938102963583));
#8772=DIRECTION('',(1.,0.,0.));
#8773=DIRECTION('',(0.,1.,0.));
#8774=DIRECTION('',(1.110223024625E-14,0.,1.));
#8775=DIRECTION('',(0.,1.,0.));
#8776=DIRECTION('',(0.,0.,1.));
#8777=DIRECTION('',(0.,1.,0.));
#8778=DIRECTION('',(1.,0.,0.));
#8779=DIRECTION('',(0.,1.,0.));
#8780=DIRECTION('',(0.,-0.996129850025381,0.0878938102963583));
#8781=DIRECTION('',(1.,0.,0.));
#8782=DIRECTION('',(0.,1.,0.));
#8783=DIRECTION('',(0.,-0.996129850025381,0.0878938102963583));
#8784=DIRECTION('',(0.,0.0878938102963583,0.996129850025381));
#8785=DIRECTION('',(0.,-0.996129850025381,0.0878938102963583));
#8786=DIRECTION('',(0.,-0.996129850025381,0.0878938102963583));
#8787=DIRECTION('',(0.,0.0878938102963583,0.996129850025381));
#8788=DIRECTION('',(0.,-0.996129850025381,0.0878938102963583));
#8789=DIRECTION('',(1.,0.,0.));
#8790=DIRECTION('',(0.,1.,0.));
#8791=DIRECTION('',(1.,0.,0.));
#8792=DIRECTION('',(0.,1.,0.));
#8793=DIRECTION('',(0.,0.,1.));
#8794=DIRECTION('',(1.,0.,0.));
#8795=DIRECTION('',(0.,1.,0.));
#8796=DIRECTION('',(0.,0.,-1.));
#8797=DIRECTION('',(0.,1.,0.));
#8798=DIRECTION('',(1.110223024625E-14,0.,1.));
#8799=DIRECTION('',(0.,1.,0.));
#8800=DIRECTION('',(1.,0.,0.));
#8801=DIRECTION('',(0.,1.,0.));
#8802=DIRECTION('',(1.,0.,0.));
#8803=DIRECTION('',(0.,1.,0.));
#8804=DIRECTION('',(1.,0.,0.));
#8805=DIRECTION('',(1.,0.,0.));
#8806=DIRECTION('',(0.,1.,0.));
#8807=DIRECTION('',(0.,0.,-1.));
#8808=DIRECTION('',(0.,1.,0.));
#8809=DIRECTION('',(1.,0.,0.));
#8810=DIRECTION('',(1.,0.,0.));
#8811=DIRECTION('',(0.,1.,0.));
#8812=DIRECTION('',(0.,0.,-1.));
#8813=DIRECTION('',(0.,1.,0.));
#8814=DIRECTION('',(1.,0.,0.));
#8815=DIRECTION('',(1.,0.,0.));
#8816=DIRECTION('',(0.,0.,-1.));
#8817=DIRECTION('',(0.,1.,0.));
#8818=DIRECTION('',(1.,0.,0.));
#8819=DIRECTION('',(1.,0.,0.));
#8820=DIRECTION('',(0.,0.,-1.));
#8821=DIRECTION('',(0.,1.,0.));
#8822=DIRECTION('',(1.,0.,0.));
#8823=DIRECTION('',(1.,0.,0.));
#8824=DIRECTION('',(0.,0.,-1.));
#8825=DIRECTION('',(0.,1.,0.));
#8826=DIRECTION('',(1.,0.,0.));
#8827=DIRECTION('',(1.,0.,0.));
#8828=DIRECTION('',(0.,0.,-1.));
#8829=DIRECTION('',(0.,1.,0.));
#8830=DIRECTION('',(1.,0.,0.));
#8831=DIRECTION('',(1.,0.,0.));
#8832=DIRECTION('',(0.,0.,-1.));
#8833=DIRECTION('',(0.,1.,0.));
#8834=DIRECTION('',(1.,0.,0.));
#8835=DIRECTION('',(0.,0.,1.));
#8836=DIRECTION('',(0.,-1.,0.));
#8837=DIRECTION('',(1.,0.,0.));
#8838=DIRECTION('',(1.,0.,0.));
#8839=DIRECTION('',(0.,0.,1.));
#8840=DIRECTION('',(0.,-1.,0.));
#8841=DIRECTION('',(1.,0.,0.));
#8842=DIRECTION('',(1.,0.,0.));
#8843=DIRECTION('',(0.,-1.,0.));
#8844=DIRECTION('',(1.,0.,0.));
#8845=DIRECTION('',(1.,0.,0.));
#8846=DIRECTION('',(0.,-1.,0.));
#8847=DIRECTION('',(1.,0.,0.));
#8848=DIRECTION('',(1.,0.,0.));
#8849=DIRECTION('',(0.,-1.,0.));
#8850=DIRECTION('',(1.,0.,0.));
#8851=DIRECTION('',(1.,0.,0.));
#8852=DIRECTION('',(0.,-1.,0.));
#8853=DIRECTION('',(1.,0.,0.));
#8854=DIRECTION('',(1.,0.,0.));
#8855=DIRECTION('',(0.,-1.,0.));
#8856=DIRECTION('',(1.,0.,0.));
#8857=DIRECTION('',(0.,0.,1.));
#8858=DIRECTION('',(1.,0.,0.));
#8859=DIRECTION('',(0.,1.,0.));
#8860=DIRECTION('',(1.,0.,0.));
#8861=DIRECTION('',(0.,1.,0.));
#8862=DIRECTION('',(1.,0.,0.));
#8863=DIRECTION('',(0.,1.,0.));
#8864=DIRECTION('',(1.,0.,0.));
#8865=DIRECTION('',(0.,1.,0.));
#8866=DIRECTION('',(0.,0.,-1.));
#8867=DIRECTION('',(0.,0.,1.));
#8868=DIRECTION('',(0.,1.,0.));
#8869=DIRECTION('',(1.,0.,0.));
#8870=DIRECTION('',(0.,1.,0.));
#8871=DIRECTION('',(0.,0.,-1.));
#8872=DIRECTION('',(1.,0.,0.));
#8873=DIRECTION('',(0.,-1.,0.));
#8874=DIRECTION('',(0.,0.,-1.));
#8875=DIRECTION('',(0.,0.,1.));
#8876=DIRECTION('',(1.,0.,0.));
#8877=DIRECTION('',(0.,1.,0.));
#8878=DIRECTION('',(1.,0.,0.));
#8879=DIRECTION('',(0.,1.,0.));
#8880=DIRECTION('',(1.,0.,0.));
#8881=DIRECTION('',(0.,1.,0.));
#8882=DIRECTION('',(1.,0.,0.));
#8883=DIRECTION('',(0.,1.,0.));
#8884=DIRECTION('',(0.,0.,1.));
#8885=DIRECTION('',(0.,1.,0.));
#8886=DIRECTION('',(1.,0.,0.));
#8887=DIRECTION('',(0.,1.,0.));
#8888=DIRECTION('',(0.,-1.,0.));
#8889=DIRECTION('',(0.,1.,0.));
#8890=DIRECTION('',(0.,0.,1.));
#8891=DIRECTION('',(0.,-1.,0.));
#8892=DIRECTION('',(0.,0.,-1.));
#8893=DIRECTION('',(0.,-0.819152044289016,0.573576436351011));
#8894=DIRECTION('',(0.,0.,1.));
#8895=DIRECTION('',(0.,-1.,0.));
#8896=DIRECTION('',(1.,0.,0.));
#8897=DIRECTION('',(0.,1.,0.));
#8898=DIRECTION('',(1.,0.,0.));
#8899=DIRECTION('',(0.,0.,-1.));
#8900=DIRECTION('',(1.,0.,0.));
#8901=DIRECTION('',(0.,0.,-1.));
#8902=DIRECTION('',(0.,-1.,0.));
#8903=DIRECTION('',(0.,0.,-1.));
#8904=DIRECTION('',(1.,0.,0.));
#8905=DIRECTION('',(0.,-1.,0.));
#8906=DIRECTION('',(0.,-1.,0.));
#8907=DIRECTION('',(0.,0.,1.));
#8908=DIRECTION('',(0.,-1.,0.));
#8909=DIRECTION('',(1.,0.,0.));
#8910=DIRECTION('',(0.,0.,-1.));
#8911=DIRECTION('',(0.,0.,-1.));
#8912=DIRECTION('',(0.,-1.,0.));
#8913=DIRECTION('',(0.,0.,-1.));
#8914=DIRECTION('',(1.,0.,0.));
#8915=DIRECTION('',(0.,1.,0.));
#8916=DIRECTION('',(0.,1.,0.));
#8917=DIRECTION('',(0.,0.,-1.));
#8918=DIRECTION('',(0.,1.,0.));
#8919=DIRECTION('',(1.,0.,0.));
#8920=DIRECTION('',(0.,0.,-1.));
#8921=DIRECTION('',(0.,0.,-1.));
#8922=DIRECTION('',(0.,-1.,0.));
#8923=DIRECTION('',(0.,0.,-1.));
#8924=DIRECTION('',(1.,0.,0.));
#8925=DIRECTION('',(0.,1.,0.));
#8926=DIRECTION('',(0.,1.,0.));
#8927=DIRECTION('',(0.,0.,-1.));
#8928=DIRECTION('',(0.,1.,0.));
#8929=DIRECTION('',(0.,0.,1.));
#8930=DIRECTION('',(0.,0.,1.));
#8931=DIRECTION('',(1.,0.,0.));
#8932=DIRECTION('',(0.,1.,0.));
#8933=DIRECTION('',(0.,0.,1.));
#8934=DIRECTION('',(-1.,0.,0.));
#8935=DIRECTION('',(-1.,0.,0.));
#8936=DIRECTION('',(0.,-1.,0.));
#8937=DIRECTION('',(0.,-1.,0.));
#8938=DIRECTION('',(0.,0.,1.));
#8939=DIRECTION('',(0.,-1.,0.));
#8940=DIRECTION('',(-1.,0.,0.));
#8941=DIRECTION('',(0.,0.,1.));
#8942=DIRECTION('',(0.,1.,0.));
#8943=DIRECTION('',(0.,0.,1.));
#8944=DIRECTION('',(-1.,0.,0.));
#8945=DIRECTION('',(0.,0.,1.));
#8946=DIRECTION('',(0.,1.,0.));
#8947=DIRECTION('',(0.,0.,1.));
#8948=DIRECTION('',(-1.,0.,0.));
#8949=DIRECTION('',(0.,-0.819152044289016,0.573576436351011));
#8950=DIRECTION('',(0.,0.573576436351011,0.819152044289016));
#8951=DIRECTION('',(0.,-0.819152044289016,0.573576436351011));
#8952=DIRECTION('',(-1.,0.,0.));
#8953=DIRECTION('',(0.,-0.819152044289016,0.573576436351011));
#8954=DIRECTION('',(0.,0.573576436351011,0.819152044289016));
#8955=DIRECTION('',(0.,-0.819152044289016,0.573576436351011));
#8956=DIRECTION('',(1.,0.,0.));
#8957=DIRECTION('',(0.,0.,1.));
#8958=DIRECTION('',(0.,0.,1.));
#8959=DIRECTION('',(0.,1.,0.));
#8960=DIRECTION('',(0.,0.,1.));
#8961=DIRECTION('',(1.,0.,0.));
#8962=DIRECTION('',(0.,0.,1.));
#8963=DIRECTION('',(1.,0.,0.));
#8964=DIRECTION('',(0.,0.,1.));
#8965=DIRECTION('',(0.,1.,0.));
#8966=DIRECTION('',(0.,0.,1.));
#8967=DIRECTION('',(1.,0.,0.));
#8968=DIRECTION('',(0.,1.,0.));
#8969=DIRECTION('',(0.,1.,0.));
#8970=DIRECTION('',(0.,0.,-1.));
#8971=DIRECTION('',(0.,1.,0.));
#8972=DIRECTION('',(1.,0.,0.));
#8973=DIRECTION('',(0.,0.945945945945949,0.324324324324317));
#8974=DIRECTION('',(0.,0.945945945945949,0.324324324324317));
#8975=DIRECTION('',(0.,0.324324324324317,-0.945945945945949));
#8976=DIRECTION('',(0.,0.945945945945949,0.324324324324317));
#8977=DIRECTION('',(1.,0.,0.));
#8978=DIRECTION('',(1.,0.,0.));
#8979=DIRECTION('',(0.,0.324324324324316,-0.945945945945948));
#8980=DIRECTION('',(1.,0.,0.));
#8981=DIRECTION('',(0.,0.324324324324316,-0.945945945945948));
#8982=DIRECTION('',(1.,0.,0.));
#8983=DIRECTION('',(0.,1.,0.));
#8984=DIRECTION('',(0.,-1.,0.));
#8985=DIRECTION('',(0.,-1.,0.));
#8986=DIRECTION('',(0.,0.,1.));
#8987=DIRECTION('',(0.,-1.,0.));
#8988=DIRECTION('',(1.,0.,0.));
#8989=DIRECTION('',(0.,-1.,0.));
#8990=DIRECTION('',(0.,-1.,0.));
#8991=DIRECTION('',(0.,0.,1.));
#8992=DIRECTION('',(0.,-1.,0.));
#8993=DIRECTION('',(1.,0.,0.));
#8994=DIRECTION('',(0.,1.,0.));
#8995=DIRECTION('',(0.,0.,1.));
#8996=DIRECTION('',(0.,1.,0.));
#8997=DIRECTION('',(1.,0.,0.));
#8998=DIRECTION('',(0.,1.,0.));
#8999=DIRECTION('',(1.,0.,0.));
#9000=DIRECTION('',(0.,1.,0.));
#9001=DIRECTION('',(0.,0.,-1.));
#9002=DIRECTION('',(0.,1.,0.));
#9003=DIRECTION('',(1.,0.,0.));
#9004=DIRECTION('',(0.,1.,0.));
#9005=DIRECTION('',(0.,0.,1.));
#9006=DIRECTION('',(1.,0.,0.));
#9007=DIRECTION('',(0.,1.,0.));
#9008=DIRECTION('',(-1.,0.,0.));
#9009=DIRECTION('',(-1.,0.,0.));
#9010=DIRECTION('',(0.,0.,1.));
#9011=DIRECTION('',(0.,-1.,0.));
#9012=DIRECTION('',(1.,0.,0.));
#9013=DIRECTION('',(0.,-1.,0.));
#9014=DIRECTION('',(0.,0.,-1.));
#9015=DIRECTION('',(0.,-1.,0.));
#9016=DIRECTION('',(-1.,0.,0.));
#9017=DIRECTION('',(0.,-1.,0.));
#9018=DIRECTION('',(0.,0.,-1.));
#9019=DIRECTION('',(0.,-1.,0.));
#9020=DIRECTION('',(-1.,0.,0.));
#9021=DIRECTION('',(1.,0.,0.));
#9022=DIRECTION('',(0.,0.324324324324316,-0.945945945945948));
#9023=DIRECTION('',(1.,0.,0.));
#9024=DIRECTION('',(0.,1.,0.));
#9025=DIRECTION('',(-1.,0.,0.));
#9026=DIRECTION('',(0.,0.945945945945949,0.324324324324317));
#9027=DIRECTION('',(0.,-0.324324324324317,0.945945945945949));
#9028=DIRECTION('',(0.,0.945945945945949,0.324324324324317));
#9029=DIRECTION('',(-1.,0.,0.));
#9030=DIRECTION('',(0.,1.,0.));
#9031=DIRECTION('',(0.,0.,1.));
#9032=DIRECTION('',(0.,1.,0.));
#9033=DIRECTION('',(-1.,0.,0.));
#9034=DIRECTION('',(0.,0.,1.));
#9035=DIRECTION('',(0.,-1.,0.));
#9036=DIRECTION('',(0.,0.,1.));
#9037=DIRECTION('',(0.,1.,0.));
#9038=DIRECTION('',(0.,0.,1.));
#9039=DIRECTION('',(0.,1.,0.));
#9040=DIRECTION('',(0.,0.819152044289016,-0.573576436351011));
#9041=DIRECTION('',(1.,0.,0.));
#9042=DIRECTION('',(0.,1.,0.));
#9043=DIRECTION('',(1.,0.,0.));
#9044=DIRECTION('',(0.,1.,0.));
#9045=DIRECTION('',(0.,0.819152044289016,-0.573576436351011));
#9046=DIRECTION('',(0.,0.573576436351011,0.819152044289016));
#9047=DIRECTION('',(0.,0.819152044289016,-0.573576436351011));
#9048=DIRECTION('',(0.,0.573576436351011,0.819152044289016));
#9049=DIRECTION('',(0.,0.819152044289016,-0.573576436351011));
#9050=DIRECTION('',(1.,0.,0.));
#9051=DIRECTION('',(0.,1.,0.));
#9052=CARTESIAN_POINT('',(0.,0.,0.));
#9053=CARTESIAN_POINT('',(0.,0.,0.));
#9054=CARTESIAN_POINT('',(0.46,-2.45,-0.04));
#9055=CARTESIAN_POINT('',(0.16,-2.45,-0.04));
#9056=CARTESIAN_POINT('',(0.16,-3.45,-0.04));
#9057=CARTESIAN_POINT('',(0.46,-3.45,-0.04));
#9058=CARTESIAN_POINT('',(1.25,0.0499999999999998,-0.04));
#9059=CARTESIAN_POINT('',(0.95,0.0499999999999998,-0.04));
#9060=CARTESIAN_POINT('',(0.95,-0.65,-0.04));
#9061=CARTESIAN_POINT('',(1.25,-0.65,-0.04));
#9062=CARTESIAN_POINT('',(1.75,0.0499999999999998,-0.04));
#9063=CARTESIAN_POINT('',(2.25,0.0499999999999998,-0.04));
#9064=CARTESIAN_POINT('',(2.75,0.0499999999999998,-0.04));
#9065=CARTESIAN_POINT('',(1.75,-0.65,-0.04));
#9066=CARTESIAN_POINT('',(2.25,-0.65,-0.04));
#9067=CARTESIAN_POINT('',(2.75,-0.65,-0.04));
#9068=CARTESIAN_POINT('',(1.45,-0.65,-0.04));
#9069=CARTESIAN_POINT('',(1.95,-0.65,-0.04));
#9070=CARTESIAN_POINT('',(2.45,-0.65,-0.04));
#9071=CARTESIAN_POINT('',(1.45,0.0499999999999998,-0.04));
#9072=CARTESIAN_POINT('',(1.95,0.0499999999999998,-0.04));
#9073=CARTESIAN_POINT('',(2.45,0.0499999999999998,-0.04));
#9074=CARTESIAN_POINT('',(4.24,-3.45,-0.04));
#9075=CARTESIAN_POINT('',(4.54,-3.45,-0.04));
#9076=CARTESIAN_POINT('',(4.54,-2.45,-0.04));
#9077=CARTESIAN_POINT('',(4.24,-2.45,-0.04));
#9078=CARTESIAN_POINT('',(3.25,0.0499999999999998,-0.04));
#9079=CARTESIAN_POINT('',(3.25,-0.65,-0.04));
#9080=CARTESIAN_POINT('',(2.95,-0.65,-0.04));
#9081=CARTESIAN_POINT('',(2.95,0.0499999999999998,-0.04));
#9082=CARTESIAN_POINT('',(3.75,0.0499999999999998,-0.04));
#9083=CARTESIAN_POINT('',(3.75,-0.65,-0.04));
#9084=CARTESIAN_POINT('',(3.45,-0.65,-0.04));
#9085=CARTESIAN_POINT('',(3.45,0.0499999999999998,-0.04));
#9086=CARTESIAN_POINT('',(1.025,-0.0500000000000001,-0.0599999999999997));
#9087=CARTESIAN_POINT('',(1.025,-0.0500000000000001,-0.0599999999999997));
#9088=CARTESIAN_POINT('',(1.175,-0.0500000000000001,-0.0599999999999997));
#9089=CARTESIAN_POINT('',(1.175,-0.55,-0.0599999999999997));
#9090=CARTESIAN_POINT('',(1.175,-0.55,-0.0599999999999997));
#9091=CARTESIAN_POINT('',(1.025,-0.55,-0.0599999999999997));
#9092=CARTESIAN_POINT('',(1.025,-0.55,-0.0599999999999997));
#9093=CARTESIAN_POINT('',(1.025,-0.55,-0.0599999999999997));
#9094=CARTESIAN_POINT('',(1.025,-0.55,-0.0599999999999997));
#9095=CARTESIAN_POINT('',(1.025,-0.0500000000000001,0.13));
#9096=CARTESIAN_POINT('',(1.025,-0.0500000000000001,0.13));
#9097=CARTESIAN_POINT('',(1.175,-0.0500000000000001,0.13));
#9098=CARTESIAN_POINT('',(1.175,-0.0500000000000001,-0.0599999999999997));
#9099=CARTESIAN_POINT('',(1.025,-0.0500000000000001,-0.0599999999999997));
#9100=CARTESIAN_POINT('',(1.025,-0.0500000000000001,-0.0599999999999997));
#9101=CARTESIAN_POINT('',(1.025,-0.25,0.13));
#9102=CARTESIAN_POINT('',(1.025,-0.25,0.13));
#9103=CARTESIAN_POINT('',(1.175,-0.25,0.13));
#9104=CARTESIAN_POINT('',(1.175,-0.0500000000000001,0.13));
#9105=CARTESIAN_POINT('',(1.025,-0.0500000000000001,0.13));
#9106=CARTESIAN_POINT('',(1.025,-0.0500000000000001,0.13));
#9107=CARTESIAN_POINT('',(1.025,-0.25,0.23));
#9108=CARTESIAN_POINT('',(1.025,-0.25,0.23));
#9109=CARTESIAN_POINT('',(1.175,-0.25,0.23));
#9110=CARTESIAN_POINT('',(1.175,-0.25,0.13));
#9111=CARTESIAN_POINT('',(1.025,-0.25,0.13));
#9112=CARTESIAN_POINT('',(1.025,-0.25,0.13));
#9113=CARTESIAN_POINT('',(1.175,-0.25,0.23));
#9114=CARTESIAN_POINT('',(1.175,-1.7,0.23));
#9115=CARTESIAN_POINT('',(1.025,-0.25,0.23));
#9116=CARTESIAN_POINT('',(1.025,-1.7,0.23));
#9117=CARTESIAN_POINT('',(1.025,-1.7,0.23));
#9118=CARTESIAN_POINT('',(1.025,-0.25,0.23));
#9119=CARTESIAN_POINT('',(3.525,-1.7,0.840000000000001));
#9120=CARTESIAN_POINT('',(3.525,-1.7,0.840000000000001));
#9121=CARTESIAN_POINT('',(3.675,-1.7,0.840000000000001));
#9122=CARTESIAN_POINT('',(3.675,-1.5,0.840000000000001));
#9123=CARTESIAN_POINT('',(3.675,-1.5,0.840000000000001));
#9124=CARTESIAN_POINT('',(3.525,-1.5,0.840000000000001));
#9125=CARTESIAN_POINT('',(3.525,-1.5,0.840000000000001));
#9126=CARTESIAN_POINT('',(3.525,-1.5,0.840000000000001));
#9127=CARTESIAN_POINT('',(3.525,-1.5,0.840000000000001));
#9128=CARTESIAN_POINT('',(3.675,-0.25,0.23));
#9129=CARTESIAN_POINT('',(3.675,-0.25,0.23));
#9130=CARTESIAN_POINT('',(3.675,-1.7,0.23));
#9131=CARTESIAN_POINT('',(3.525,-0.25,0.23));
#9132=CARTESIAN_POINT('',(3.525,-0.25,0.23));
#9133=CARTESIAN_POINT('',(3.525,-0.25,0.23));
#9134=CARTESIAN_POINT('',(3.525,-1.7,0.23));
#9135=CARTESIAN_POINT('',(3.525,-1.7,0.23));
#9136=CARTESIAN_POINT('',(3.525,-0.25,0.23));
#9137=CARTESIAN_POINT('',(3.675,-0.25,0.13));
#9138=CARTESIAN_POINT('',(3.675,-0.25,0.13));
#9139=CARTESIAN_POINT('',(3.525,-0.25,0.13));
#9140=CARTESIAN_POINT('',(3.525,-0.25,0.13));
#9141=CARTESIAN_POINT('',(3.525,-0.25,0.13));
#9142=CARTESIAN_POINT('',(3.525,-0.25,0.13));
#9143=CARTESIAN_POINT('',(3.675,-0.0500000000000001,0.13));
#9144=CARTESIAN_POINT('',(3.675,-0.0500000000000001,0.13));
#9145=CARTESIAN_POINT('',(3.525,-0.0500000000000001,0.13));
#9146=CARTESIAN_POINT('',(3.525,-0.0500000000000001,0.13));
#9147=CARTESIAN_POINT('',(3.525,-0.0500000000000001,0.13));
#9148=CARTESIAN_POINT('',(3.525,-0.0500000000000001,0.13));
#9149=CARTESIAN_POINT('',(3.675,-0.0500000000000001,-0.0599999999999997));
#9150=CARTESIAN_POINT('',(3.675,-0.0500000000000001,-0.0599999999999997));
#9151=CARTESIAN_POINT('',(3.525,-0.0500000000000001,-0.0599999999999997));
#9152=CARTESIAN_POINT('',(3.525,-0.0500000000000001,-0.0599999999999997));
#9153=CARTESIAN_POINT('',(3.525,-0.0500000000000001,-0.0599999999999997));
#9154=CARTESIAN_POINT('',(3.525,-0.0500000000000001,-0.0599999999999997));
#9155=CARTESIAN_POINT('',(3.675,-0.55,-0.0599999999999997));
#9156=CARTESIAN_POINT('',(3.675,-0.55,-0.0599999999999997));
#9157=CARTESIAN_POINT('',(3.525,-0.55,-0.0599999999999997));
#9158=CARTESIAN_POINT('',(3.525,-0.55,-0.0599999999999997));
#9159=CARTESIAN_POINT('',(3.525,-0.55,-0.0599999999999997));
#9160=CARTESIAN_POINT('',(3.525,-0.55,-0.0599999999999997));
#9161=CARTESIAN_POINT('',(3.675,-0.55,4.33680868994202E-16));
#9162=CARTESIAN_POINT('',(3.675,-0.55,4.33680868994202E-16));
#9163=CARTESIAN_POINT('',(3.525,-0.55,4.33680868994202E-16));
#9164=CARTESIAN_POINT('',(3.525,-0.55,4.33680868994202E-16));
#9165=CARTESIAN_POINT('',(3.525,-0.55,4.33680868994202E-16));
#9166=CARTESIAN_POINT('',(3.525,-0.55,0.0900000000000002));
#9167=CARTESIAN_POINT('',(1.025,-1.7,0.840000000000001));
#9168=CARTESIAN_POINT('',(1.025,-1.7,0.840000000000001));
#9169=CARTESIAN_POINT('',(1.175,-1.7,0.840000000000001));
#9170=CARTESIAN_POINT('',(1.175,-1.5,0.840000000000001));
#9171=CARTESIAN_POINT('',(1.175,-1.5,0.840000000000001));
#9172=CARTESIAN_POINT('',(1.025,-1.5,0.840000000000001));
#9173=CARTESIAN_POINT('',(1.025,-1.5,0.840000000000001));
#9174=CARTESIAN_POINT('',(1.025,-1.5,0.840000000000001));
#9175=CARTESIAN_POINT('',(1.025,-1.5,0.840000000000001));
#9176=CARTESIAN_POINT('',(1.025,-1.370570715645,0.8285797690275));
#9177=CARTESIAN_POINT('',(1.025,-1.370570715645,0.8285797690275));
#9178=CARTESIAN_POINT('',(1.175,-1.370570715645,0.8285797690275));
#9179=CARTESIAN_POINT('',(1.175,-1.370570715645,0.8285797690275));
#9180=CARTESIAN_POINT('',(1.025,-1.370570715645,0.8285797690275));
#9181=CARTESIAN_POINT('',(1.025,-0.82,0.78));
#9182=CARTESIAN_POINT('',(1.175,-0.82,0.78));
#9183=CARTESIAN_POINT('',(1.175,-0.82,0.78));
#9184=CARTESIAN_POINT('',(1.175,-0.872505653926,0.784632851817));
#9185=CARTESIAN_POINT('',(1.025,-0.82,0.78));
#9186=CARTESIAN_POINT('',(1.025,-0.82,0.78));
#9187=CARTESIAN_POINT('',(1.025,-0.82,0.78));
#9188=CARTESIAN_POINT('',(1.025,-0.872505653926,0.784632851817));
#9189=CARTESIAN_POINT('',(1.025,-0.872505653926,0.784632851817));
#9190=CARTESIAN_POINT('',(1.025,-0.82,0.78));
#9191=CARTESIAN_POINT('',(1.175,-0.82,0.66));
#9192=CARTESIAN_POINT('',(1.175,-0.82,0.66));
#9193=CARTESIAN_POINT('',(1.025,-0.82,0.66));
#9194=CARTESIAN_POINT('',(1.025,-0.82,0.66));
#9195=CARTESIAN_POINT('',(1.025,-0.82,0.66));
#9196=CARTESIAN_POINT('',(1.025,-0.82,0.66));
#9197=CARTESIAN_POINT('',(1.175,-1.7,0.66));
#9198=CARTESIAN_POINT('',(1.175,-1.7,0.66));
#9199=CARTESIAN_POINT('',(1.175,-1.385319534335,0.66));
#9200=CARTESIAN_POINT('',(1.025,-1.7,0.66));
#9201=CARTESIAN_POINT('',(1.025,-1.7,0.66));
#9202=CARTESIAN_POINT('',(1.025,-1.7,0.66));
#9203=CARTESIAN_POINT('',(1.025,-1.385319534335,0.66));
#9204=CARTESIAN_POINT('',(1.025,-1.385319534335,0.66));
#9205=CARTESIAN_POINT('',(1.025,-2.9365449076328,0.66));
#9206=CARTESIAN_POINT('',(1.025,-0.883409615563,0.66));
#9207=CARTESIAN_POINT('',(1.025,-0.883409615563,0.66));
#9208=CARTESIAN_POINT('',(1.175,-0.883409615563,0.66));
#9209=CARTESIAN_POINT('',(1.175,-0.883409615563,0.66));
#9210=CARTESIAN_POINT('',(1.025,-0.883409615563,0.66));
#9211=CARTESIAN_POINT('',(1.025,-2.9365449076328,0.66));
#9212=CARTESIAN_POINT('',(3.525,-0.82,0.78));
#9213=CARTESIAN_POINT('',(3.525,-0.82,0.78));
#9214=CARTESIAN_POINT('',(3.675,-0.82,0.78));
#9215=CARTESIAN_POINT('',(3.675,-0.82,0.66));
#9216=CARTESIAN_POINT('',(3.675,-0.82,0.66));
#9217=CARTESIAN_POINT('',(3.525,-0.82,0.66));
#9218=CARTESIAN_POINT('',(3.525,-0.82,0.66));
#9219=CARTESIAN_POINT('',(3.525,-0.82,0.66));
#9220=CARTESIAN_POINT('',(3.525,-0.82,0.66));
#9221=CARTESIAN_POINT('',(3.525,-1.385319534335,0.66));
#9222=CARTESIAN_POINT('',(3.525,-1.385319534335,0.66));
#9223=CARTESIAN_POINT('',(3.675,-1.385319534335,0.66));
#9224=CARTESIAN_POINT('',(3.675,-1.7,0.66));
#9225=CARTESIAN_POINT('',(3.675,-1.7,0.66));
#9226=CARTESIAN_POINT('',(3.525,-1.7,0.66));
#9227=CARTESIAN_POINT('',(3.525,-1.7,0.66));
#9228=CARTESIAN_POINT('',(3.525,-1.7,0.66));
#9229=CARTESIAN_POINT('',(3.525,-2.9365449076328,0.66));
#9230=CARTESIAN_POINT('',(3.525,-0.883409615563,0.66));
#9231=CARTESIAN_POINT('',(3.525,-0.883409615563,0.66));
#9232=CARTESIAN_POINT('',(3.675,-0.883409615563,0.66));
#9233=CARTESIAN_POINT('',(3.675,-0.883409615563,0.66));
#9234=CARTESIAN_POINT('',(3.525,-0.883409615563,0.66));
#9235=CARTESIAN_POINT('',(3.525,-2.9365449076328,0.66));
#9236=CARTESIAN_POINT('',(0.55,-0.840456073852,0.2330641686999));
#9237=CARTESIAN_POINT('',(0.55,-0.840456073852,0.2330641686999));
#9238=CARTESIAN_POINT('',(0.55,-0.830646901324,0.3451835237329));
#9239=CARTESIAN_POINT('',(0.55,-0.840456073852,0.2330641686999));
#9240=CARTESIAN_POINT('',(0.21,-0.840456073852,0.2330641686999));
#9241=CARTESIAN_POINT('',(0.21,-0.840456073852,0.2330641686999));
#9242=CARTESIAN_POINT('',(0.21,-0.830646901324,0.3451835237329));
#9243=CARTESIAN_POINT('',(0.55,-0.830646901324,0.3451835237329));
#9244=CARTESIAN_POINT('',(0.55,-0.840456073852,0.2330641686999));
#9245=CARTESIAN_POINT('',(0.21,-0.848456284266,0.210000000000001));
#9246=CARTESIAN_POINT('',(0.21,-0.848456284266,0.210000000000001));
#9247=CARTESIAN_POINT('',(0.55,-0.848456284266,0.210000000000001));
#9248=CARTESIAN_POINT('',(0.21,-0.890265808756,0.2374219558372));
#9249=CARTESIAN_POINT('',(0.55,-0.890265808756,0.2374219558372));
#9250=CARTESIAN_POINT('',(0.55,-0.890265808756,0.2374219558372));
#9251=CARTESIAN_POINT('',(1.025,-3.172705922612,0.66));
#9252=CARTESIAN_POINT('',(1.025,-3.172705922612,0.66));
#9253=CARTESIAN_POINT('',(1.025,-3.0341526215629,0.6075873911241));
#9254=CARTESIAN_POINT('',(1.025,-3.0341526215629,0.6075873911241));
#9255=CARTESIAN_POINT('',(1.175,-3.0341526215629,0.6075873911241));
#9256=CARTESIAN_POINT('',(1.175,-3.172705922612,0.66));
#9257=CARTESIAN_POINT('',(1.175,-3.172705922612,0.66));
#9258=CARTESIAN_POINT('',(1.025,-3.172705922612,0.66));
#9259=CARTESIAN_POINT('',(1.025,-3.2076907769536,0.6732342389052));
#9260=CARTESIAN_POINT('',(1.025,-2.9893582222752,0.6192884956125));
#9261=CARTESIAN_POINT('',(1.025,-2.9893582222752,0.6192884956125));
#9262=CARTESIAN_POINT('',(1.175,-2.9893582222752,0.6192884956125));
#9263=CARTESIAN_POINT('',(1.175,-3.02,0.645));
#9264=CARTESIAN_POINT('',(1.025,-3.02,0.645));
#9265=CARTESIAN_POINT('',(1.025,-3.02,0.645));
#9266=CARTESIAN_POINT('',(1.025,-2.9671866853576,0.6457115043875));
#9267=CARTESIAN_POINT('',(1.025,-2.9671866853576,0.6457115043875));
#9268=CARTESIAN_POINT('',(1.175,-2.9671866853576,0.6457115043875));
#9269=CARTESIAN_POINT('',(1.175,-2.9893582222752,0.6192884956125));
#9270=CARTESIAN_POINT('',(1.025,-2.9893582222752,0.6192884956125));
#9271=CARTESIAN_POINT('',(1.025,-2.9893582222752,0.6192884956125));
#9272=CARTESIAN_POINT('',(1.175,-2.9365449076328,0.62));
#9273=CARTESIAN_POINT('',(1.175,-2.9365449076328,0.66));
#9274=CARTESIAN_POINT('',(1.025,-2.9365449076328,0.62));
#9275=CARTESIAN_POINT('',(1.025,-2.9365449076328,0.66));
#9276=CARTESIAN_POINT('',(1.025,-2.9365449076328,0.66));
#9277=CARTESIAN_POINT('',(1.025,-2.9365449076328,0.62));
#9278=CARTESIAN_POINT('',(3.525,-3.172705922612,0.66));
#9279=CARTESIAN_POINT('',(3.525,-3.172705922612,0.66));
#9280=CARTESIAN_POINT('',(3.525,-3.0341526215629,0.6075873911241));
#9281=CARTESIAN_POINT('',(3.525,-3.0341526215629,0.6075873911241));
#9282=CARTESIAN_POINT('',(3.675,-3.0341526215629,0.6075873911241));
#9283=CARTESIAN_POINT('',(3.675,-3.172705922612,0.66));
#9284=CARTESIAN_POINT('',(3.675,-3.172705922612,0.66));
#9285=CARTESIAN_POINT('',(3.525,-3.172705922612,0.66));
#9286=CARTESIAN_POINT('',(3.525,-3.2076907769536,0.6732342389052));
#9287=CARTESIAN_POINT('',(3.525,-2.9893582222752,0.6192884956125));
#9288=CARTESIAN_POINT('',(3.525,-2.9893582222752,0.6192884956125));
#9289=CARTESIAN_POINT('',(3.675,-2.9893582222752,0.6192884956125));
#9290=CARTESIAN_POINT('',(3.675,-3.02,0.645));
#9291=CARTESIAN_POINT('',(3.525,-3.02,0.645));
#9292=CARTESIAN_POINT('',(3.525,-3.02,0.645));
#9293=CARTESIAN_POINT('',(3.525,-2.9671866853576,0.6457115043875));
#9294=CARTESIAN_POINT('',(3.525,-2.9671866853576,0.6457115043875));
#9295=CARTESIAN_POINT('',(3.675,-2.9671866853576,0.6457115043875));
#9296=CARTESIAN_POINT('',(3.675,-2.9893582222752,0.6192884956125));
#9297=CARTESIAN_POINT('',(3.525,-2.9893582222752,0.6192884956125));
#9298=CARTESIAN_POINT('',(3.525,-2.9893582222752,0.6192884956125));
#9299=CARTESIAN_POINT('',(3.675,-2.9365449076328,0.62));
#9300=CARTESIAN_POINT('',(3.675,-2.9365449076328,0.66));
#9301=CARTESIAN_POINT('',(3.525,-2.9365449076328,0.62));
#9302=CARTESIAN_POINT('',(3.525,-2.9365449076328,0.66));
#9303=CARTESIAN_POINT('',(3.525,-2.9365449076328,0.66));
#9304=CARTESIAN_POINT('',(3.525,-2.9365449076328,0.62));
#9305=CARTESIAN_POINT('',(0.59,-2.2,4.33680868994202E-16));
#9306=CARTESIAN_POINT('',(0.59,-2.2,4.33680868994202E-16));
#9307=CARTESIAN_POINT('',(0.55,-2.2,4.33680868994202E-16));
#9308=CARTESIAN_POINT('',(0.59,-2.2,-0.0399999999999997));
#9309=CARTESIAN_POINT('',(0.59,-2.2,-0.0399999999999997));
#9310=CARTESIAN_POINT('',(0.59,-2.2,-0.0399999999999997));
#9311=CARTESIAN_POINT('',(0.59,-2.2,-0.0399999999999997));
#9312=CARTESIAN_POINT('',(0.59,-0.68,4.33680868994202E-16));
#9313=CARTESIAN_POINT('',(0.59,-0.68,4.33680868994202E-16));
#9314=CARTESIAN_POINT('',(0.59,-0.68,-0.0399999999999997));
#9315=CARTESIAN_POINT('',(0.59,-0.68,-0.0399999999999997));
#9316=CARTESIAN_POINT('',(0.59,-0.68,-0.0399999999999997));
#9317=CARTESIAN_POINT('',(0.59,-0.68,-0.0399999999999997));
#9318=CARTESIAN_POINT('',(4.11,-0.68,4.33680868994202E-16));
#9319=CARTESIAN_POINT('',(4.11,-0.68,4.33680868994202E-16));
#9320=CARTESIAN_POINT('',(4.11,-0.68,-0.0399999999999997));
#9321=CARTESIAN_POINT('',(4.11,-0.68,-0.0399999999999997));
#9322=CARTESIAN_POINT('',(4.11,-0.68,-0.0399999999999997));
#9323=CARTESIAN_POINT('',(4.11,-0.68,-0.0399999999999997));
#9324=CARTESIAN_POINT('',(0.,-2.27,0.0700000000000002));
#9325=CARTESIAN_POINT('',(0.,-2.27,0.0700000000000002));
#9326=CARTESIAN_POINT('',(0.48,-2.27,0.0700000000000002));
#9327=CARTESIAN_POINT('',(0.,-2.27,0.0700000000000002));
#9328=CARTESIAN_POINT('',(0.,-2.2,4.33680868994202E-16));
#9329=CARTESIAN_POINT('',(0.,-2.2,4.33680868994202E-16));
#9330=CARTESIAN_POINT('',(0.55,-2.2,4.33680868994202E-16));
#9331=CARTESIAN_POINT('',(4.7,-2.2,4.33680868994202E-16));
#9332=CARTESIAN_POINT('',(4.15,-2.2,4.33680868994202E-16));
#9333=CARTESIAN_POINT('',(4.15,-2.2,4.33680868994202E-16));
#9334=CARTESIAN_POINT('',(4.7,-2.2,4.33680868994202E-16));
#9335=CARTESIAN_POINT('',(4.7,-2.2,4.33680868994202E-16));
#9336=CARTESIAN_POINT('',(4.7,-2.27,0.0700000000000002));
#9337=CARTESIAN_POINT('',(4.22,-2.27,0.0700000000000002));
#9338=CARTESIAN_POINT('',(4.22,-2.27,0.0700000000000002));
#9339=CARTESIAN_POINT('',(4.22,-2.27,0.0700000000000002));
#9340=CARTESIAN_POINT('',(4.7,-2.2,4.33680868994202E-16));
#9341=CARTESIAN_POINT('',(4.11,-2.2,-0.0399999999999997));
#9342=CARTESIAN_POINT('',(4.11,-2.2,-0.0399999999999997));
#9343=CARTESIAN_POINT('',(4.22,-3.6,0.0700000000000002));
#9344=CARTESIAN_POINT('',(4.22,-3.6,0.0700000000000002));
#9345=CARTESIAN_POINT('',(4.22,-3.6,0.0700000000000002));
#9346=CARTESIAN_POINT('',(4.11,-3.6,-0.0399999999999997));
#9347=CARTESIAN_POINT('',(4.11,-3.6,-0.0399999999999997));
#9348=CARTESIAN_POINT('',(4.22,-3.6,0.0700000000000002));
#9349=CARTESIAN_POINT('',(4.11,-2.2,-0.0399999999999997));
#9350=CARTESIAN_POINT('',(4.11,-2.2,4.33680868994202E-16));
#9351=CARTESIAN_POINT('',(4.15,-2.2,4.33680868994202E-16));
#9352=CARTESIAN_POINT('',(4.7,-2.2,-0.0399999999999997));
#9353=CARTESIAN_POINT('',(4.11,-2.2,4.33680868994202E-16));
#9354=CARTESIAN_POINT('',(4.11,-0.68,-0.0399999999999997));
#9355=CARTESIAN_POINT('',(4.11,-2.2,-0.0399999999999997));
#9356=CARTESIAN_POINT('',(0.59,-3.6,-0.0399999999999997));
#9357=CARTESIAN_POINT('',(0.59,-3.6,-0.0399999999999997));
#9358=CARTESIAN_POINT('',(0.59,-3.6,-0.0399999999999997));
#9359=CARTESIAN_POINT('',(0.,-3.6,-0.0399999999999997));
#9360=CARTESIAN_POINT('',(0.59,-3.6,-0.0399999999999997));
#9361=CARTESIAN_POINT('',(0.48,-3.6,0.0700000000000002));
#9362=CARTESIAN_POINT('',(0.48,-3.6,0.0700000000000002));
#9363=CARTESIAN_POINT('',(0.59,-3.6,-0.0399999999999997));
#9364=CARTESIAN_POINT('',(0.385,-3.15,0.64));
#9365=CARTESIAN_POINT('',(0.385,-3.15,0.64));
#9366=CARTESIAN_POINT('',(0.4,-3.15,0.64));
#9367=CARTESIAN_POINT('',(0.4,-3.15,0.96));
#9368=CARTESIAN_POINT('',(0.4,-3.15,0.96));
#9369=CARTESIAN_POINT('',(0.,-3.15,0.96));
#9370=CARTESIAN_POINT('',(0.,-3.15,0.96));
#9371=CARTESIAN_POINT('',(0.,-3.15,0.96));
#9372=CARTESIAN_POINT('',(0.,-3.15,0.64));
#9373=CARTESIAN_POINT('',(0.,-3.15,0.64));
#9374=CARTESIAN_POINT('',(0.235,-3.15,0.64));
#9375=CARTESIAN_POINT('',(0.235,-3.15,0.64));
#9376=CARTESIAN_POINT('',(0.235,-3.15,0.78));
#9377=CARTESIAN_POINT('',(0.385,-3.15,0.78));
#9378=CARTESIAN_POINT('',(0.385,-3.15,0.78));
#9379=CARTESIAN_POINT('',(0.385,-3.15,0.64));
#9380=CARTESIAN_POINT('',(0.,-3.15,0.96));
#9381=CARTESIAN_POINT('',(0.385,-2.55,-0.0599999999999997));
#9382=CARTESIAN_POINT('',(0.385,-2.55,-0.0599999999999997));
#9383=CARTESIAN_POINT('',(0.235,-2.55,-0.0599999999999997));
#9384=CARTESIAN_POINT('',(0.235,-2.55,-0.0599999999999997));
#9385=CARTESIAN_POINT('',(0.235,-2.55,0.0700000000000002));
#9386=CARTESIAN_POINT('',(0.385,-2.55,0.0700000000000002));
#9387=CARTESIAN_POINT('',(0.385,-2.55,0.0700000000000002));
#9388=CARTESIAN_POINT('',(0.385,-2.55,-0.0599999999999997));
#9389=CARTESIAN_POINT('',(0.385,-2.55,-0.0599999999999997));
#9390=CARTESIAN_POINT('',(0.385,-3.35,-0.0599999999999997));
#9391=CARTESIAN_POINT('',(0.385,-3.35,-0.0599999999999997));
#9392=CARTESIAN_POINT('',(0.235,-3.35,-0.0599999999999997));
#9393=CARTESIAN_POINT('',(0.235,-3.35,-0.0599999999999997));
#9394=CARTESIAN_POINT('',(0.385,-3.35,-0.0599999999999997));
#9395=CARTESIAN_POINT('',(0.385,-3.35,-0.0599999999999997));
#9396=CARTESIAN_POINT('',(0.385,-3.35,0.23));
#9397=CARTESIAN_POINT('',(0.385,-3.35,0.23));
#9398=CARTESIAN_POINT('',(0.235,-3.35,0.23));
#9399=CARTESIAN_POINT('',(0.235,-3.35,0.23));
#9400=CARTESIAN_POINT('',(0.385,-3.35,0.23));
#9401=CARTESIAN_POINT('',(0.385,-3.35,0.23));
#9402=CARTESIAN_POINT('',(0.385,-3.4,0.23));
#9403=CARTESIAN_POINT('',(0.385,-3.4,0.23));
#9404=CARTESIAN_POINT('',(0.235,-3.4,0.23));
#9405=CARTESIAN_POINT('',(0.235,-3.4,0.23));
#9406=CARTESIAN_POINT('',(0.385,-3.4,0.23));
#9407=CARTESIAN_POINT('',(0.385,-3.4,0.23));
#9408=CARTESIAN_POINT('',(0.385,-3.4,0.43));
#9409=CARTESIAN_POINT('',(0.385,-3.4,0.43));
#9410=CARTESIAN_POINT('',(0.235,-3.4,0.43));
#9411=CARTESIAN_POINT('',(0.235,-3.4,0.43));
#9412=CARTESIAN_POINT('',(0.385,-3.4,0.43));
#9413=CARTESIAN_POINT('',(0.385,-3.4,0.43));
#9414=CARTESIAN_POINT('',(0.385,-3.35,0.43));
#9415=CARTESIAN_POINT('',(0.385,-3.35,0.43));
#9416=CARTESIAN_POINT('',(0.235,-3.35,0.43));
#9417=CARTESIAN_POINT('',(0.235,-3.35,0.43));
#9418=CARTESIAN_POINT('',(0.385,-3.35,0.43));
#9419=CARTESIAN_POINT('',(0.385,-3.35,0.43));
#9420=CARTESIAN_POINT('',(0.385,-3.35,0.78));
#9421=CARTESIAN_POINT('',(0.385,-3.35,0.78));
#9422=CARTESIAN_POINT('',(0.235,-3.35,0.78));
#9423=CARTESIAN_POINT('',(0.235,-3.35,0.78));
#9424=CARTESIAN_POINT('',(0.385,-3.35,0.78));
#9425=CARTESIAN_POINT('',(0.385,-3.35,0.78));
#9426=CARTESIAN_POINT('',(0.235,-3.15,0.64));
#9427=CARTESIAN_POINT('',(0.235,-2.6215852375054,0.27));
#9428=CARTESIAN_POINT('',(0.235,-2.6215852375054,0.27));
#9429=CARTESIAN_POINT('',(0.235,-2.6215852375054,0.0700000000000002));
#9430=CARTESIAN_POINT('',(0.235,-2.55,0.0700000000000002));
#9431=CARTESIAN_POINT('',(0.235,-3.15,0.78));
#9432=CARTESIAN_POINT('',(0.235,-3.6,-0.0399999999999997));
#9433=CARTESIAN_POINT('',(0.235,-1.7,0.22));
#9434=CARTESIAN_POINT('',(0.235,-1.7,0.22));
#9435=CARTESIAN_POINT('',(0.235,-1.7,0.78));
#9436=CARTESIAN_POINT('',(0.235,-0.38,0.78));
#9437=CARTESIAN_POINT('',(0.235,-0.38,0.78));
#9438=CARTESIAN_POINT('',(0.235,-0.38,0.73));
#9439=CARTESIAN_POINT('',(0.235,-0.363783783784,0.6827027027027));
#9440=CARTESIAN_POINT('',(0.235,-0.78,0.54));
#9441=CARTESIAN_POINT('',(0.235,-0.78,0.54));
#9442=CARTESIAN_POINT('',(0.235,-1.29,0.54));
#9443=CARTESIAN_POINT('',(0.235,-1.29,0.54));
#9444=CARTESIAN_POINT('',(0.235,-1.29,0.22));
#9445=CARTESIAN_POINT('',(0.235,-1.29,0.22));
#9446=CARTESIAN_POINT('',(0.235,-1.7,0.22));
#9447=CARTESIAN_POINT('',(0.235,-3.6,-0.0399999999999997));
#9448=CARTESIAN_POINT('',(0.,-2.6215852375054,0.27));
#9449=CARTESIAN_POINT('',(0.,-2.6215852375054,0.27));
#9450=CARTESIAN_POINT('',(0.,-2.6215852375054,0.27));
#9451=CARTESIAN_POINT('',(0.,-2.6215852375054,0.0700000000000002));
#9452=CARTESIAN_POINT('',(0.,-2.6215852375054,0.0700000000000002));
#9453=CARTESIAN_POINT('',(0.,-2.6215852375054,0.27));
#9454=CARTESIAN_POINT('',(0.385,-2.6215852375054,0.0700000000000002));
#9455=CARTESIAN_POINT('',(0.385,-2.6215852375054,0.0700000000000002));
#9456=CARTESIAN_POINT('',(0.4,-2.6215852375054,0.0700000000000002));
#9457=CARTESIAN_POINT('',(0.4,-2.6215852375054,0.27));
#9458=CARTESIAN_POINT('',(0.4,-2.6215852375054,0.27));
#9459=CARTESIAN_POINT('',(0.385,-2.6215852375054,0.27));
#9460=CARTESIAN_POINT('',(0.385,-2.6215852375054,0.27));
#9461=CARTESIAN_POINT('',(0.385,-2.6215852375054,0.27));
#9462=CARTESIAN_POINT('',(0.,-2.6215852375054,0.27));
#9463=CARTESIAN_POINT('',(0.,-2.6215852375054,0.0700000000000002));
#9464=CARTESIAN_POINT('',(0.4,-3.6,0.0700000000000002));
#9465=CARTESIAN_POINT('',(0.4,-3.6,0.0700000000000002));
#9466=CARTESIAN_POINT('',(0.4,-3.6,0.0700000000000002));
#9467=CARTESIAN_POINT('',(0.385,-2.55,0.0700000000000002));
#9468=CARTESIAN_POINT('',(0.,-2.6215852375054,0.0700000000000002));
#9469=CARTESIAN_POINT('',(0.4,-3.6,0.86));
#9470=CARTESIAN_POINT('',(0.4,-3.6,0.86));
#9471=CARTESIAN_POINT('',(0.4,-3.35,0.86));
#9472=CARTESIAN_POINT('',(0.4,-3.35,0.86));
#9473=CARTESIAN_POINT('',(0.4,-3.35,0.96));
#9474=CARTESIAN_POINT('',(0.4,-3.35,0.96));
#9475=CARTESIAN_POINT('',(0.4,-3.15,0.96));
#9476=CARTESIAN_POINT('',(0.4,-3.15,0.64));
#9477=CARTESIAN_POINT('',(0.4,-3.6,-0.0399999999999997));
#9478=CARTESIAN_POINT('',(1.025,-2.9510017158032,0.25));
#9479=CARTESIAN_POINT('',(1.025,-2.9510017158032,0.25));
#9480=CARTESIAN_POINT('',(1.025,-2.9893582222752,0.2957115043875));
#9481=CARTESIAN_POINT('',(1.025,-2.9893582222752,0.2957115043875));
#9482=CARTESIAN_POINT('',(1.175,-2.9893582222752,0.2957115043875));
#9483=CARTESIAN_POINT('',(1.175,-2.9510017158032,0.25));
#9484=CARTESIAN_POINT('',(1.175,-2.9510017158032,0.25));
#9485=CARTESIAN_POINT('',(1.025,-2.9510017158032,0.25));
#9486=CARTESIAN_POINT('',(1.025,-2.9342197231796,0.23));
#9487=CARTESIAN_POINT('',(1.025,-3.0399636090984,0.3046620009775));
#9488=CARTESIAN_POINT('',(1.025,-3.0399636090984,0.3046620009775));
#9489=CARTESIAN_POINT('',(1.175,-3.0399636090984,0.3046620009775));
#9490=CARTESIAN_POINT('',(1.175,-3.02,0.27));
#9491=CARTESIAN_POINT('',(1.025,-3.02,0.27));
#9492=CARTESIAN_POINT('',(1.025,-3.02,0.27));
#9493=CARTESIAN_POINT('',(1.175,-3.0399636090984,0.3046620009775));
#9494=CARTESIAN_POINT('',(1.175,-3.134871013966,0.25));
#9495=CARTESIAN_POINT('',(1.025,-3.0399636090984,0.3046620009775));
#9496=CARTESIAN_POINT('',(1.025,-3.134871013966,0.25));
#9497=CARTESIAN_POINT('',(1.025,-3.134871013966,0.25));
#9498=CARTESIAN_POINT('',(1.025,-3.0399636090984,0.3046620009775));
#9499=CARTESIAN_POINT('',(1.525,-1.7,0.840000000000001));
#9500=CARTESIAN_POINT('',(1.525,-1.7,0.840000000000001));
#9501=CARTESIAN_POINT('',(1.675,-1.7,0.840000000000001));
#9502=CARTESIAN_POINT('',(1.675,-1.5,0.840000000000001));
#9503=CARTESIAN_POINT('',(1.675,-1.5,0.840000000000001));
#9504=CARTESIAN_POINT('',(1.525,-1.5,0.840000000000001));
#9505=CARTESIAN_POINT('',(1.525,-1.5,0.840000000000001));
#9506=CARTESIAN_POINT('',(1.525,-1.5,0.840000000000001));
#9507=CARTESIAN_POINT('',(1.525,-1.5,0.840000000000001));
#9508=CARTESIAN_POINT('',(1.675,-1.7,0.66));
#9509=CARTESIAN_POINT('',(1.675,-1.7,0.66));
#9510=CARTESIAN_POINT('',(1.675,-1.385319534335,0.66));
#9511=CARTESIAN_POINT('',(1.525,-1.7,0.66));
#9512=CARTESIAN_POINT('',(1.525,-1.7,0.66));
#9513=CARTESIAN_POINT('',(1.525,-1.7,0.66));
#9514=CARTESIAN_POINT('',(1.525,-1.385319534335,0.66));
#9515=CARTESIAN_POINT('',(1.525,-1.385319534335,0.66));
#9516=CARTESIAN_POINT('',(1.525,-2.9365449076328,0.66));
#9517=CARTESIAN_POINT('',(1.525,-0.883409615563,0.66));
#9518=CARTESIAN_POINT('',(1.525,-0.883409615563,0.66));
#9519=CARTESIAN_POINT('',(1.525,-0.82,0.66));
#9520=CARTESIAN_POINT('',(1.525,-0.82,0.66));
#9521=CARTESIAN_POINT('',(1.675,-0.82,0.66));
#9522=CARTESIAN_POINT('',(1.675,-0.883409615563,0.66));
#9523=CARTESIAN_POINT('',(1.675,-0.883409615563,0.66));
#9524=CARTESIAN_POINT('',(1.525,-0.883409615563,0.66));
#9525=CARTESIAN_POINT('',(1.525,-2.9365449076328,0.66));
#9526=CARTESIAN_POINT('',(1.525,-0.82,0.78));
#9527=CARTESIAN_POINT('',(1.525,-0.82,0.78));
#9528=CARTESIAN_POINT('',(1.675,-0.82,0.78));
#9529=CARTESIAN_POINT('',(1.675,-0.82,0.66));
#9530=CARTESIAN_POINT('',(1.525,-0.82,0.66));
#9531=CARTESIAN_POINT('',(1.525,-0.82,0.66));
#9532=CARTESIAN_POINT('',(1.525,-1.370570715645,0.8285797690275));
#9533=CARTESIAN_POINT('',(1.525,-1.370570715645,0.8285797690275));
#9534=CARTESIAN_POINT('',(1.675,-1.370570715645,0.8285797690275));
#9535=CARTESIAN_POINT('',(1.675,-1.370570715645,0.8285797690275));
#9536=CARTESIAN_POINT('',(1.525,-1.370570715645,0.8285797690275));
#9537=CARTESIAN_POINT('',(1.525,-0.82,0.78));
#9538=CARTESIAN_POINT('',(1.675,-0.82,0.78));
#9539=CARTESIAN_POINT('',(1.675,-0.872505653926,0.784632851817));
#9540=CARTESIAN_POINT('',(1.525,-0.82,0.78));
#9541=CARTESIAN_POINT('',(1.525,-0.872505653926,0.784632851817));
#9542=CARTESIAN_POINT('',(1.525,-0.872505653926,0.784632851817));
#9543=CARTESIAN_POINT('',(1.525,-0.82,0.78));
#9544=CARTESIAN_POINT('',(1.525,-2.9510017158032,0.25));
#9545=CARTESIAN_POINT('',(1.525,-2.9510017158032,0.25));
#9546=CARTESIAN_POINT('',(1.525,-2.9893582222752,0.2957115043875));
#9547=CARTESIAN_POINT('',(1.525,-2.9893582222752,0.2957115043875));
#9548=CARTESIAN_POINT('',(1.675,-2.9893582222752,0.2957115043875));
#9549=CARTESIAN_POINT('',(1.675,-2.9510017158032,0.25));
#9550=CARTESIAN_POINT('',(1.675,-2.9510017158032,0.25));
#9551=CARTESIAN_POINT('',(1.525,-2.9510017158032,0.25));
#9552=CARTESIAN_POINT('',(1.525,-2.9342197231796,0.23));
#9553=CARTESIAN_POINT('',(1.525,-3.0399636090984,0.3046620009775));
#9554=CARTESIAN_POINT('',(1.525,-3.0399636090984,0.3046620009775));
#9555=CARTESIAN_POINT('',(1.675,-3.0399636090984,0.3046620009775));
#9556=CARTESIAN_POINT('',(1.675,-3.02,0.27));
#9557=CARTESIAN_POINT('',(1.525,-3.02,0.27));
#9558=CARTESIAN_POINT('',(1.525,-3.02,0.27));
#9559=CARTESIAN_POINT('',(1.675,-3.0399636090984,0.3046620009775));
#9560=CARTESIAN_POINT('',(1.675,-3.134871013966,0.25));
#9561=CARTESIAN_POINT('',(1.525,-3.0399636090984,0.3046620009775));
#9562=CARTESIAN_POINT('',(1.525,-3.134871013966,0.25));
#9563=CARTESIAN_POINT('',(1.525,-3.134871013966,0.25));
#9564=CARTESIAN_POINT('',(1.525,-3.0399636090984,0.3046620009775));
#9565=CARTESIAN_POINT('',(1.525,-3.172705922612,0.66));
#9566=CARTESIAN_POINT('',(1.525,-3.172705922612,0.66));
#9567=CARTESIAN_POINT('',(1.525,-3.0341526215629,0.6075873911241));
#9568=CARTESIAN_POINT('',(1.525,-3.0341526215629,0.6075873911241));
#9569=CARTESIAN_POINT('',(1.675,-3.0341526215629,0.6075873911241));
#9570=CARTESIAN_POINT('',(1.675,-3.172705922612,0.66));
#9571=CARTESIAN_POINT('',(1.675,-3.172705922612,0.66));
#9572=CARTESIAN_POINT('',(1.525,-3.172705922612,0.66));
#9573=CARTESIAN_POINT('',(1.525,-3.2076907769536,0.6732342389052));
#9574=CARTESIAN_POINT('',(1.525,-2.9893582222752,0.6192884956125));
#9575=CARTESIAN_POINT('',(1.525,-2.9893582222752,0.6192884956125));
#9576=CARTESIAN_POINT('',(1.675,-2.9893582222752,0.6192884956125));
#9577=CARTESIAN_POINT('',(1.675,-3.02,0.645));
#9578=CARTESIAN_POINT('',(1.525,-3.02,0.645));
#9579=CARTESIAN_POINT('',(1.525,-3.02,0.645));
#9580=CARTESIAN_POINT('',(1.525,-2.9671866853576,0.6457115043875));
#9581=CARTESIAN_POINT('',(1.525,-2.9671866853576,0.6457115043875));
#9582=CARTESIAN_POINT('',(1.675,-2.9671866853576,0.6457115043875));
#9583=CARTESIAN_POINT('',(1.675,-2.9893582222752,0.6192884956125));
#9584=CARTESIAN_POINT('',(1.525,-2.9893582222752,0.6192884956125));
#9585=CARTESIAN_POINT('',(1.525,-2.9893582222752,0.6192884956125));
#9586=CARTESIAN_POINT('',(1.675,-2.9365449076328,0.62));
#9587=CARTESIAN_POINT('',(1.675,-2.9365449076328,0.66));
#9588=CARTESIAN_POINT('',(1.525,-2.9365449076328,0.62));
#9589=CARTESIAN_POINT('',(1.525,-2.9365449076328,0.66));
#9590=CARTESIAN_POINT('',(1.525,-2.9365449076328,0.66));
#9591=CARTESIAN_POINT('',(1.525,-2.9365449076328,0.62));
#9592=CARTESIAN_POINT('',(1.525,-0.0500000000000001,-0.0599999999999997));
#9593=CARTESIAN_POINT('',(1.525,-0.0500000000000001,-0.0599999999999997));
#9594=CARTESIAN_POINT('',(1.675,-0.0500000000000001,-0.0599999999999997));
#9595=CARTESIAN_POINT('',(1.675,-0.55,-0.0599999999999997));
#9596=CARTESIAN_POINT('',(1.675,-0.55,-0.0599999999999997));
#9597=CARTESIAN_POINT('',(1.525,-0.55,-0.0599999999999997));
#9598=CARTESIAN_POINT('',(1.525,-0.55,-0.0599999999999997));
#9599=CARTESIAN_POINT('',(1.525,-0.55,-0.0599999999999997));
#9600=CARTESIAN_POINT('',(1.525,-0.55,-0.0599999999999997));
#9601=CARTESIAN_POINT('',(1.525,-0.0500000000000001,0.13));
#9602=CARTESIAN_POINT('',(1.525,-0.0500000000000001,0.13));
#9603=CARTESIAN_POINT('',(1.675,-0.0500000000000001,0.13));
#9604=CARTESIAN_POINT('',(1.675,-0.0500000000000001,-0.0599999999999997));
#9605=CARTESIAN_POINT('',(1.525,-0.0500000000000001,-0.0599999999999997));
#9606=CARTESIAN_POINT('',(1.525,-0.0500000000000001,-0.0599999999999997));
#9607=CARTESIAN_POINT('',(1.525,-0.25,0.13));
#9608=CARTESIAN_POINT('',(1.525,-0.25,0.13));
#9609=CARTESIAN_POINT('',(1.675,-0.25,0.13));
#9610=CARTESIAN_POINT('',(1.675,-0.0500000000000001,0.13));
#9611=CARTESIAN_POINT('',(1.525,-0.0500000000000001,0.13));
#9612=CARTESIAN_POINT('',(1.525,-0.0500000000000001,0.13));
#9613=CARTESIAN_POINT('',(1.525,-0.25,0.23));
#9614=CARTESIAN_POINT('',(1.525,-0.25,0.23));
#9615=CARTESIAN_POINT('',(1.675,-0.25,0.23));
#9616=CARTESIAN_POINT('',(1.675,-0.25,0.13));
#9617=CARTESIAN_POINT('',(1.525,-0.25,0.13));
#9618=CARTESIAN_POINT('',(1.525,-0.25,0.13));
#9619=CARTESIAN_POINT('',(1.675,-0.25,0.23));
#9620=CARTESIAN_POINT('',(1.675,-1.7,0.23));
#9621=CARTESIAN_POINT('',(1.525,-0.25,0.23));
#9622=CARTESIAN_POINT('',(1.525,-1.7,0.23));
#9623=CARTESIAN_POINT('',(1.525,-1.7,0.23));
#9624=CARTESIAN_POINT('',(1.525,-0.25,0.23));
#9625=CARTESIAN_POINT('',(1.675,-1.7,0.66));
#9626=CARTESIAN_POINT('',(1.675,-1.385319534335,0.66));
#9627=CARTESIAN_POINT('',(1.675,-3.6,-0.0399999999999997));
#9628=CARTESIAN_POINT('',(1.675,-0.883409615563,0.66));
#9629=CARTESIAN_POINT('',(1.675,-3.6,-0.0399999999999997));
#9630=CARTESIAN_POINT('',(1.675,-2.9510017158032,0.25));
#9631=CARTESIAN_POINT('',(1.675,-3.6,-0.0399999999999997));
#9632=CARTESIAN_POINT('',(1.675,-2.9365449076328,0.66));
#9633=CARTESIAN_POINT('',(1.675,-3.6,-0.0399999999999997));
#9634=CARTESIAN_POINT('',(1.675,-0.55,4.33680868994202E-16));
#9635=CARTESIAN_POINT('',(1.675,-0.55,4.33680868994202E-16));
#9636=CARTESIAN_POINT('',(1.675,-1.7,0.210000000000001));
#9637=CARTESIAN_POINT('',(1.675,-1.7,0.210000000000001));
#9638=CARTESIAN_POINT('',(1.675,-1.7,0.210000000000001));
#9639=CARTESIAN_POINT('',(1.675,-0.51,0.210000000000001));
#9640=CARTESIAN_POINT('',(1.675,-0.51,4.33680868994202E-16));
#9641=CARTESIAN_POINT('',(1.675,-0.51,4.33680868994202E-16));
#9642=CARTESIAN_POINT('',(1.675,-0.55,4.33680868994202E-16));
#9643=CARTESIAN_POINT('',(1.675,-3.6,-0.0399999999999997));
#9644=CARTESIAN_POINT('',(1.525,-0.55,4.33680868994202E-16));
#9645=CARTESIAN_POINT('',(1.525,-0.55,4.33680868994202E-16));
#9646=CARTESIAN_POINT('',(1.525,-0.55,4.33680868994202E-16));
#9647=CARTESIAN_POINT('',(1.525,-0.55,0.0900000000000002));
#9648=CARTESIAN_POINT('',(1.525,-1.7,0.66));
#9649=CARTESIAN_POINT('',(1.525,-1.385319534335,0.66));
#9650=CARTESIAN_POINT('',(1.525,-3.6,-0.0399999999999997));
#9651=CARTESIAN_POINT('',(1.525,-0.883409615563,0.66));
#9652=CARTESIAN_POINT('',(1.525,-3.6,-0.0399999999999997));
#9653=CARTESIAN_POINT('',(1.525,-2.9510017158032,0.25));
#9654=CARTESIAN_POINT('',(1.525,-3.6,-0.0399999999999997));
#9655=CARTESIAN_POINT('',(1.525,-2.9365449076328,0.66));
#9656=CARTESIAN_POINT('',(1.525,-3.6,-0.0399999999999997));
#9657=CARTESIAN_POINT('',(1.525,-0.51,4.33680868994202E-16));
#9658=CARTESIAN_POINT('',(1.525,-0.51,4.33680868994202E-16));
#9659=CARTESIAN_POINT('',(1.525,-0.51,0.210000000000001));
#9660=CARTESIAN_POINT('',(1.525,-1.7,0.210000000000001));
#9661=CARTESIAN_POINT('',(1.525,-1.7,0.210000000000001));
#9662=CARTESIAN_POINT('',(1.525,-1.7,0.210000000000001));
#9663=CARTESIAN_POINT('',(1.525,-0.55,4.33680868994202E-16));
#9664=CARTESIAN_POINT('',(1.525,-3.6,-0.0399999999999997));
#9665=CARTESIAN_POINT('',(2.025,-1.7,0.840000000000001));
#9666=CARTESIAN_POINT('',(2.025,-1.7,0.840000000000001));
#9667=CARTESIAN_POINT('',(2.175,-1.7,0.840000000000001));
#9668=CARTESIAN_POINT('',(2.175,-1.5,0.840000000000001));
#9669=CARTESIAN_POINT('',(2.175,-1.5,0.840000000000001));
#9670=CARTESIAN_POINT('',(2.025,-1.5,0.840000000000001));
#9671=CARTESIAN_POINT('',(2.025,-1.5,0.840000000000001));
#9672=CARTESIAN_POINT('',(2.025,-1.5,0.840000000000001));
#9673=CARTESIAN_POINT('',(2.025,-1.5,0.840000000000001));
#9674=CARTESIAN_POINT('',(2.175,-1.7,0.66));
#9675=CARTESIAN_POINT('',(2.175,-1.7,0.66));
#9676=CARTESIAN_POINT('',(2.175,-1.385319534335,0.66));
#9677=CARTESIAN_POINT('',(2.025,-1.7,0.66));
#9678=CARTESIAN_POINT('',(2.025,-1.7,0.66));
#9679=CARTESIAN_POINT('',(2.025,-1.7,0.66));
#9680=CARTESIAN_POINT('',(2.025,-1.385319534335,0.66));
#9681=CARTESIAN_POINT('',(2.025,-1.385319534335,0.66));
#9682=CARTESIAN_POINT('',(2.025,-2.9365449076328,0.66));
#9683=CARTESIAN_POINT('',(2.025,-0.883409615563,0.66));
#9684=CARTESIAN_POINT('',(2.025,-0.883409615563,0.66));
#9685=CARTESIAN_POINT('',(2.025,-0.82,0.66));
#9686=CARTESIAN_POINT('',(2.025,-0.82,0.66));
#9687=CARTESIAN_POINT('',(2.175,-0.82,0.66));
#9688=CARTESIAN_POINT('',(2.175,-0.883409615563,0.66));
#9689=CARTESIAN_POINT('',(2.175,-0.883409615563,0.66));
#9690=CARTESIAN_POINT('',(2.025,-0.883409615563,0.66));
#9691=CARTESIAN_POINT('',(2.025,-2.9365449076328,0.66));
#9692=CARTESIAN_POINT('',(2.025,-0.82,0.78));
#9693=CARTESIAN_POINT('',(2.025,-0.82,0.78));
#9694=CARTESIAN_POINT('',(2.175,-0.82,0.78));
#9695=CARTESIAN_POINT('',(2.175,-0.82,0.66));
#9696=CARTESIAN_POINT('',(2.025,-0.82,0.66));
#9697=CARTESIAN_POINT('',(2.025,-0.82,0.66));
#9698=CARTESIAN_POINT('',(2.025,-1.370570715645,0.8285797690275));
#9699=CARTESIAN_POINT('',(2.025,-1.370570715645,0.8285797690275));
#9700=CARTESIAN_POINT('',(2.175,-1.370570715645,0.8285797690275));
#9701=CARTESIAN_POINT('',(2.175,-1.370570715645,0.8285797690275));
#9702=CARTESIAN_POINT('',(2.025,-1.370570715645,0.8285797690275));
#9703=CARTESIAN_POINT('',(2.025,-0.82,0.78));
#9704=CARTESIAN_POINT('',(2.175,-0.82,0.78));
#9705=CARTESIAN_POINT('',(2.175,-0.872505653926,0.784632851817));
#9706=CARTESIAN_POINT('',(2.025,-0.82,0.78));
#9707=CARTESIAN_POINT('',(2.025,-0.872505653926,0.784632851817));
#9708=CARTESIAN_POINT('',(2.025,-0.872505653926,0.784632851817));
#9709=CARTESIAN_POINT('',(2.025,-0.82,0.78));
#9710=CARTESIAN_POINT('',(2.025,-2.9510017158032,0.25));
#9711=CARTESIAN_POINT('',(2.025,-2.9510017158032,0.25));
#9712=CARTESIAN_POINT('',(2.025,-2.9893582222752,0.2957115043875));
#9713=CARTESIAN_POINT('',(2.025,-2.9893582222752,0.2957115043875));
#9714=CARTESIAN_POINT('',(2.175,-2.9893582222752,0.2957115043875));
#9715=CARTESIAN_POINT('',(2.175,-2.9510017158032,0.25));
#9716=CARTESIAN_POINT('',(2.175,-2.9510017158032,0.25));
#9717=CARTESIAN_POINT('',(2.025,-2.9510017158032,0.25));
#9718=CARTESIAN_POINT('',(2.025,-2.9342197231796,0.23));
#9719=CARTESIAN_POINT('',(2.025,-3.0399636090984,0.3046620009775));
#9720=CARTESIAN_POINT('',(2.025,-3.0399636090984,0.3046620009775));
#9721=CARTESIAN_POINT('',(2.175,-3.0399636090984,0.3046620009775));
#9722=CARTESIAN_POINT('',(2.175,-3.02,0.27));
#9723=CARTESIAN_POINT('',(2.025,-3.02,0.27));
#9724=CARTESIAN_POINT('',(2.025,-3.02,0.27));
#9725=CARTESIAN_POINT('',(2.175,-3.0399636090984,0.3046620009775));
#9726=CARTESIAN_POINT('',(2.175,-3.134871013966,0.25));
#9727=CARTESIAN_POINT('',(2.025,-3.0399636090984,0.3046620009775));
#9728=CARTESIAN_POINT('',(2.025,-3.134871013966,0.25));
#9729=CARTESIAN_POINT('',(2.025,-3.134871013966,0.25));
#9730=CARTESIAN_POINT('',(2.025,-3.0399636090984,0.3046620009775));
#9731=CARTESIAN_POINT('',(2.025,-3.172705922612,0.66));
#9732=CARTESIAN_POINT('',(2.025,-3.172705922612,0.66));
#9733=CARTESIAN_POINT('',(2.025,-3.0341526215629,0.6075873911241));
#9734=CARTESIAN_POINT('',(2.025,-3.0341526215629,0.6075873911241));
#9735=CARTESIAN_POINT('',(2.175,-3.0341526215629,0.6075873911241));
#9736=CARTESIAN_POINT('',(2.175,-3.172705922612,0.66));
#9737=CARTESIAN_POINT('',(2.175,-3.172705922612,0.66));
#9738=CARTESIAN_POINT('',(2.025,-3.172705922612,0.66));
#9739=CARTESIAN_POINT('',(2.025,-3.2076907769536,0.6732342389052));
#9740=CARTESIAN_POINT('',(2.025,-2.9893582222752,0.6192884956125));
#9741=CARTESIAN_POINT('',(2.025,-2.9893582222752,0.6192884956125));
#9742=CARTESIAN_POINT('',(2.175,-2.9893582222752,0.6192884956125));
#9743=CARTESIAN_POINT('',(2.175,-3.02,0.645));
#9744=CARTESIAN_POINT('',(2.025,-3.02,0.645));
#9745=CARTESIAN_POINT('',(2.025,-3.02,0.645));
#9746=CARTESIAN_POINT('',(2.025,-2.9671866853576,0.6457115043875));
#9747=CARTESIAN_POINT('',(2.025,-2.9671866853576,0.6457115043875));
#9748=CARTESIAN_POINT('',(2.175,-2.9671866853576,0.6457115043875));
#9749=CARTESIAN_POINT('',(2.175,-2.9893582222752,0.6192884956125));
#9750=CARTESIAN_POINT('',(2.025,-2.9893582222752,0.6192884956125));
#9751=CARTESIAN_POINT('',(2.025,-2.9893582222752,0.6192884956125));
#9752=CARTESIAN_POINT('',(2.175,-2.9365449076328,0.62));
#9753=CARTESIAN_POINT('',(2.175,-2.9365449076328,0.66));
#9754=CARTESIAN_POINT('',(2.025,-2.9365449076328,0.62));
#9755=CARTESIAN_POINT('',(2.025,-2.9365449076328,0.66));
#9756=CARTESIAN_POINT('',(2.025,-2.9365449076328,0.66));
#9757=CARTESIAN_POINT('',(2.025,-2.9365449076328,0.62));
#9758=CARTESIAN_POINT('',(2.025,-0.0500000000000001,-0.0599999999999997));
#9759=CARTESIAN_POINT('',(2.025,-0.0500000000000001,-0.0599999999999997));
#9760=CARTESIAN_POINT('',(2.175,-0.0500000000000001,-0.0599999999999997));
#9761=CARTESIAN_POINT('',(2.175,-0.55,-0.0599999999999997));
#9762=CARTESIAN_POINT('',(2.175,-0.55,-0.0599999999999997));
#9763=CARTESIAN_POINT('',(2.025,-0.55,-0.0599999999999997));
#9764=CARTESIAN_POINT('',(2.025,-0.55,-0.0599999999999997));
#9765=CARTESIAN_POINT('',(2.025,-0.55,-0.0599999999999997));
#9766=CARTESIAN_POINT('',(2.025,-0.55,-0.0599999999999997));
#9767=CARTESIAN_POINT('',(2.025,-0.0500000000000001,0.13));
#9768=CARTESIAN_POINT('',(2.025,-0.0500000000000001,0.13));
#9769=CARTESIAN_POINT('',(2.175,-0.0500000000000001,0.13));
#9770=CARTESIAN_POINT('',(2.175,-0.0500000000000001,-0.0599999999999997));
#9771=CARTESIAN_POINT('',(2.025,-0.0500000000000001,-0.0599999999999997));
#9772=CARTESIAN_POINT('',(2.025,-0.0500000000000001,-0.0599999999999997));
#9773=CARTESIAN_POINT('',(2.025,-0.25,0.13));
#9774=CARTESIAN_POINT('',(2.025,-0.25,0.13));
#9775=CARTESIAN_POINT('',(2.175,-0.25,0.13));
#9776=CARTESIAN_POINT('',(2.175,-0.0500000000000001,0.13));
#9777=CARTESIAN_POINT('',(2.025,-0.0500000000000001,0.13));
#9778=CARTESIAN_POINT('',(2.025,-0.0500000000000001,0.13));
#9779=CARTESIAN_POINT('',(2.025,-0.25,0.23));
#9780=CARTESIAN_POINT('',(2.025,-0.25,0.23));
#9781=CARTESIAN_POINT('',(2.175,-0.25,0.23));
#9782=CARTESIAN_POINT('',(2.175,-0.25,0.13));
#9783=CARTESIAN_POINT('',(2.025,-0.25,0.13));
#9784=CARTESIAN_POINT('',(2.025,-0.25,0.13));
#9785=CARTESIAN_POINT('',(2.175,-0.25,0.23));
#9786=CARTESIAN_POINT('',(2.175,-1.7,0.23));
#9787=CARTESIAN_POINT('',(2.025,-0.25,0.23));
#9788=CARTESIAN_POINT('',(2.025,-1.7,0.23));
#9789=CARTESIAN_POINT('',(2.025,-1.7,0.23));
#9790=CARTESIAN_POINT('',(2.025,-0.25,0.23));
#9791=CARTESIAN_POINT('',(2.175,-1.7,0.66));
#9792=CARTESIAN_POINT('',(2.175,-1.385319534335,0.66));
#9793=CARTESIAN_POINT('',(2.175,-3.6,-0.0399999999999997));
#9794=CARTESIAN_POINT('',(2.175,-0.883409615563,0.66));
#9795=CARTESIAN_POINT('',(2.175,-3.6,-0.0399999999999997));
#9796=CARTESIAN_POINT('',(2.175,-2.9510017158032,0.25));
#9797=CARTESIAN_POINT('',(2.175,-3.6,-0.0399999999999997));
#9798=CARTESIAN_POINT('',(2.175,-2.9365449076328,0.66));
#9799=CARTESIAN_POINT('',(2.175,-3.6,-0.0399999999999997));
#9800=CARTESIAN_POINT('',(2.175,-0.55,4.33680868994202E-16));
#9801=CARTESIAN_POINT('',(2.175,-0.55,4.33680868994202E-16));
#9802=CARTESIAN_POINT('',(2.175,-1.7,0.210000000000001));
#9803=CARTESIAN_POINT('',(2.175,-1.7,0.210000000000001));
#9804=CARTESIAN_POINT('',(2.175,-1.7,0.210000000000001));
#9805=CARTESIAN_POINT('',(2.175,-0.51,0.210000000000001));
#9806=CARTESIAN_POINT('',(2.175,-0.51,4.33680868994202E-16));
#9807=CARTESIAN_POINT('',(2.175,-0.51,4.33680868994202E-16));
#9808=CARTESIAN_POINT('',(2.175,-0.55,4.33680868994202E-16));
#9809=CARTESIAN_POINT('',(2.175,-3.6,-0.0399999999999997));
#9810=CARTESIAN_POINT('',(2.025,-0.55,4.33680868994202E-16));
#9811=CARTESIAN_POINT('',(2.025,-0.55,4.33680868994202E-16));
#9812=CARTESIAN_POINT('',(2.025,-0.55,4.33680868994202E-16));
#9813=CARTESIAN_POINT('',(2.025,-0.55,0.0900000000000002));
#9814=CARTESIAN_POINT('',(2.025,-1.7,0.66));
#9815=CARTESIAN_POINT('',(2.025,-1.385319534335,0.66));
#9816=CARTESIAN_POINT('',(2.025,-3.6,-0.0399999999999997));
#9817=CARTESIAN_POINT('',(2.025,-0.883409615563,0.66));
#9818=CARTESIAN_POINT('',(2.025,-3.6,-0.0399999999999997));
#9819=CARTESIAN_POINT('',(2.025,-2.9510017158032,0.25));
#9820=CARTESIAN_POINT('',(2.025,-3.6,-0.0399999999999997));
#9821=CARTESIAN_POINT('',(2.025,-2.9365449076328,0.66));
#9822=CARTESIAN_POINT('',(2.025,-3.6,-0.0399999999999997));
#9823=CARTESIAN_POINT('',(2.025,-0.51,4.33680868994202E-16));
#9824=CARTESIAN_POINT('',(2.025,-0.51,4.33680868994202E-16));
#9825=CARTESIAN_POINT('',(2.025,-0.51,0.210000000000001));
#9826=CARTESIAN_POINT('',(2.025,-1.7,0.210000000000001));
#9827=CARTESIAN_POINT('',(2.025,-1.7,0.210000000000001));
#9828=CARTESIAN_POINT('',(2.025,-1.7,0.210000000000001));
#9829=CARTESIAN_POINT('',(2.025,-0.55,4.33680868994202E-16));
#9830=CARTESIAN_POINT('',(2.025,-3.6,-0.0399999999999997));
#9831=CARTESIAN_POINT('',(2.525,-1.7,0.840000000000001));
#9832=CARTESIAN_POINT('',(2.525,-1.7,0.840000000000001));
#9833=CARTESIAN_POINT('',(2.675,-1.7,0.840000000000001));
#9834=CARTESIAN_POINT('',(2.675,-1.5,0.840000000000001));
#9835=CARTESIAN_POINT('',(2.675,-1.5,0.840000000000001));
#9836=CARTESIAN_POINT('',(2.525,-1.5,0.840000000000001));
#9837=CARTESIAN_POINT('',(2.525,-1.5,0.840000000000001));
#9838=CARTESIAN_POINT('',(2.525,-1.5,0.840000000000001));
#9839=CARTESIAN_POINT('',(2.525,-1.5,0.840000000000001));
#9840=CARTESIAN_POINT('',(2.675,-1.7,0.66));
#9841=CARTESIAN_POINT('',(2.675,-1.7,0.66));
#9842=CARTESIAN_POINT('',(2.675,-1.385319534335,0.66));
#9843=CARTESIAN_POINT('',(2.525,-1.7,0.66));
#9844=CARTESIAN_POINT('',(2.525,-1.7,0.66));
#9845=CARTESIAN_POINT('',(2.525,-1.7,0.66));
#9846=CARTESIAN_POINT('',(2.525,-1.385319534335,0.66));
#9847=CARTESIAN_POINT('',(2.525,-1.385319534335,0.66));
#9848=CARTESIAN_POINT('',(2.525,-2.9365449076328,0.66));
#9849=CARTESIAN_POINT('',(2.525,-0.883409615563,0.66));
#9850=CARTESIAN_POINT('',(2.525,-0.883409615563,0.66));
#9851=CARTESIAN_POINT('',(2.525,-0.82,0.66));
#9852=CARTESIAN_POINT('',(2.525,-0.82,0.66));
#9853=CARTESIAN_POINT('',(2.675,-0.82,0.66));
#9854=CARTESIAN_POINT('',(2.675,-0.883409615563,0.66));
#9855=CARTESIAN_POINT('',(2.675,-0.883409615563,0.66));
#9856=CARTESIAN_POINT('',(2.525,-0.883409615563,0.66));
#9857=CARTESIAN_POINT('',(2.525,-2.9365449076328,0.66));
#9858=CARTESIAN_POINT('',(2.525,-0.82,0.78));
#9859=CARTESIAN_POINT('',(2.525,-0.82,0.78));
#9860=CARTESIAN_POINT('',(2.675,-0.82,0.78));
#9861=CARTESIAN_POINT('',(2.675,-0.82,0.66));
#9862=CARTESIAN_POINT('',(2.525,-0.82,0.66));
#9863=CARTESIAN_POINT('',(2.525,-0.82,0.66));
#9864=CARTESIAN_POINT('',(2.525,-1.370570715645,0.8285797690275));
#9865=CARTESIAN_POINT('',(2.525,-1.370570715645,0.8285797690275));
#9866=CARTESIAN_POINT('',(2.675,-1.370570715645,0.8285797690275));
#9867=CARTESIAN_POINT('',(2.675,-1.370570715645,0.8285797690275));
#9868=CARTESIAN_POINT('',(2.525,-1.370570715645,0.8285797690275));
#9869=CARTESIAN_POINT('',(2.525,-0.82,0.78));
#9870=CARTESIAN_POINT('',(2.675,-0.82,0.78));
#9871=CARTESIAN_POINT('',(2.675,-0.872505653926,0.784632851817));
#9872=CARTESIAN_POINT('',(2.525,-0.82,0.78));
#9873=CARTESIAN_POINT('',(2.525,-0.872505653926,0.784632851817));
#9874=CARTESIAN_POINT('',(2.525,-0.872505653926,0.784632851817));
#9875=CARTESIAN_POINT('',(2.525,-0.82,0.78));
#9876=CARTESIAN_POINT('',(2.525,-2.9510017158032,0.25));
#9877=CARTESIAN_POINT('',(2.525,-2.9510017158032,0.25));
#9878=CARTESIAN_POINT('',(2.525,-2.9893582222752,0.2957115043875));
#9879=CARTESIAN_POINT('',(2.525,-2.9893582222752,0.2957115043875));
#9880=CARTESIAN_POINT('',(2.675,-2.9893582222752,0.2957115043875));
#9881=CARTESIAN_POINT('',(2.675,-2.9510017158032,0.25));
#9882=CARTESIAN_POINT('',(2.675,-2.9510017158032,0.25));
#9883=CARTESIAN_POINT('',(2.525,-2.9510017158032,0.25));
#9884=CARTESIAN_POINT('',(2.525,-2.9342197231796,0.23));
#9885=CARTESIAN_POINT('',(2.525,-3.0399636090984,0.3046620009775));
#9886=CARTESIAN_POINT('',(2.525,-3.0399636090984,0.3046620009775));
#9887=CARTESIAN_POINT('',(2.675,-3.0399636090984,0.3046620009775));
#9888=CARTESIAN_POINT('',(2.675,-3.02,0.27));
#9889=CARTESIAN_POINT('',(2.525,-3.02,0.27));
#9890=CARTESIAN_POINT('',(2.525,-3.02,0.27));
#9891=CARTESIAN_POINT('',(2.675,-3.0399636090984,0.3046620009775));
#9892=CARTESIAN_POINT('',(2.675,-3.134871013966,0.25));
#9893=CARTESIAN_POINT('',(2.525,-3.0399636090984,0.3046620009775));
#9894=CARTESIAN_POINT('',(2.525,-3.134871013966,0.25));
#9895=CARTESIAN_POINT('',(2.525,-3.134871013966,0.25));
#9896=CARTESIAN_POINT('',(2.525,-3.0399636090984,0.3046620009775));
#9897=CARTESIAN_POINT('',(2.525,-3.172705922612,0.66));
#9898=CARTESIAN_POINT('',(2.525,-3.172705922612,0.66));
#9899=CARTESIAN_POINT('',(2.525,-3.0341526215629,0.6075873911241));
#9900=CARTESIAN_POINT('',(2.525,-3.0341526215629,0.6075873911241));
#9901=CARTESIAN_POINT('',(2.675,-3.0341526215629,0.6075873911241));
#9902=CARTESIAN_POINT('',(2.675,-3.172705922612,0.66));
#9903=CARTESIAN_POINT('',(2.675,-3.172705922612,0.66));
#9904=CARTESIAN_POINT('',(2.525,-3.172705922612,0.66));
#9905=CARTESIAN_POINT('',(2.525,-3.2076907769536,0.6732342389052));
#9906=CARTESIAN_POINT('',(2.525,-2.9893582222752,0.6192884956125));
#9907=CARTESIAN_POINT('',(2.525,-2.9893582222752,0.6192884956125));
#9908=CARTESIAN_POINT('',(2.675,-2.9893582222752,0.6192884956125));
#9909=CARTESIAN_POINT('',(2.675,-3.02,0.645));
#9910=CARTESIAN_POINT('',(2.525,-3.02,0.645));
#9911=CARTESIAN_POINT('',(2.525,-3.02,0.645));
#9912=CARTESIAN_POINT('',(2.525,-2.9671866853576,0.6457115043875));
#9913=CARTESIAN_POINT('',(2.525,-2.9671866853576,0.6457115043875));
#9914=CARTESIAN_POINT('',(2.675,-2.9671866853576,0.6457115043875));
#9915=CARTESIAN_POINT('',(2.675,-2.9893582222752,0.6192884956125));
#9916=CARTESIAN_POINT('',(2.525,-2.9893582222752,0.6192884956125));
#9917=CARTESIAN_POINT('',(2.525,-2.9893582222752,0.6192884956125));
#9918=CARTESIAN_POINT('',(2.675,-2.9365449076328,0.62));
#9919=CARTESIAN_POINT('',(2.675,-2.9365449076328,0.66));
#9920=CARTESIAN_POINT('',(2.525,-2.9365449076328,0.62));
#9921=CARTESIAN_POINT('',(2.525,-2.9365449076328,0.66));
#9922=CARTESIAN_POINT('',(2.525,-2.9365449076328,0.66));
#9923=CARTESIAN_POINT('',(2.525,-2.9365449076328,0.62));
#9924=CARTESIAN_POINT('',(2.525,-0.0500000000000001,-0.0599999999999997));
#9925=CARTESIAN_POINT('',(2.525,-0.0500000000000001,-0.0599999999999997));
#9926=CARTESIAN_POINT('',(2.675,-0.0500000000000001,-0.0599999999999997));
#9927=CARTESIAN_POINT('',(2.675,-0.55,-0.0599999999999997));
#9928=CARTESIAN_POINT('',(2.675,-0.55,-0.0599999999999997));
#9929=CARTESIAN_POINT('',(2.525,-0.55,-0.0599999999999997));
#9930=CARTESIAN_POINT('',(2.525,-0.55,-0.0599999999999997));
#9931=CARTESIAN_POINT('',(2.525,-0.55,-0.0599999999999997));
#9932=CARTESIAN_POINT('',(2.525,-0.55,-0.0599999999999997));
#9933=CARTESIAN_POINT('',(2.525,-0.0500000000000001,0.13));
#9934=CARTESIAN_POINT('',(2.525,-0.0500000000000001,0.13));
#9935=CARTESIAN_POINT('',(2.675,-0.0500000000000001,0.13));
#9936=CARTESIAN_POINT('',(2.675,-0.0500000000000001,-0.0599999999999997));
#9937=CARTESIAN_POINT('',(2.525,-0.0500000000000001,-0.0599999999999997));
#9938=CARTESIAN_POINT('',(2.525,-0.0500000000000001,-0.0599999999999997));
#9939=CARTESIAN_POINT('',(2.525,-0.25,0.13));
#9940=CARTESIAN_POINT('',(2.525,-0.25,0.13));
#9941=CARTESIAN_POINT('',(2.675,-0.25,0.13));
#9942=CARTESIAN_POINT('',(2.675,-0.0500000000000001,0.13));
#9943=CARTESIAN_POINT('',(2.525,-0.0500000000000001,0.13));
#9944=CARTESIAN_POINT('',(2.525,-0.0500000000000001,0.13));
#9945=CARTESIAN_POINT('',(2.525,-0.25,0.23));
#9946=CARTESIAN_POINT('',(2.525,-0.25,0.23));
#9947=CARTESIAN_POINT('',(2.675,-0.25,0.23));
#9948=CARTESIAN_POINT('',(2.675,-0.25,0.13));
#9949=CARTESIAN_POINT('',(2.525,-0.25,0.13));
#9950=CARTESIAN_POINT('',(2.525,-0.25,0.13));
#9951=CARTESIAN_POINT('',(2.675,-0.25,0.23));
#9952=CARTESIAN_POINT('',(2.675,-1.7,0.23));
#9953=CARTESIAN_POINT('',(2.525,-0.25,0.23));
#9954=CARTESIAN_POINT('',(2.525,-1.7,0.23));
#9955=CARTESIAN_POINT('',(2.525,-1.7,0.23));
#9956=CARTESIAN_POINT('',(2.525,-0.25,0.23));
#9957=CARTESIAN_POINT('',(2.675,-1.7,0.66));
#9958=CARTESIAN_POINT('',(2.675,-1.385319534335,0.66));
#9959=CARTESIAN_POINT('',(2.675,-3.6,-0.0399999999999997));
#9960=CARTESIAN_POINT('',(2.675,-0.883409615563,0.66));
#9961=CARTESIAN_POINT('',(2.675,-3.6,-0.0399999999999997));
#9962=CARTESIAN_POINT('',(2.675,-2.9510017158032,0.25));
#9963=CARTESIAN_POINT('',(2.675,-3.6,-0.0399999999999997));
#9964=CARTESIAN_POINT('',(2.675,-2.9365449076328,0.66));
#9965=CARTESIAN_POINT('',(2.675,-3.6,-0.0399999999999997));
#9966=CARTESIAN_POINT('',(2.675,-0.55,4.33680868994202E-16));
#9967=CARTESIAN_POINT('',(2.675,-0.55,4.33680868994202E-16));
#9968=CARTESIAN_POINT('',(2.675,-1.7,0.210000000000001));
#9969=CARTESIAN_POINT('',(2.675,-1.7,0.210000000000001));
#9970=CARTESIAN_POINT('',(2.675,-1.7,0.210000000000001));
#9971=CARTESIAN_POINT('',(2.675,-0.51,0.210000000000001));
#9972=CARTESIAN_POINT('',(2.675,-0.51,4.33680868994202E-16));
#9973=CARTESIAN_POINT('',(2.675,-0.51,4.33680868994202E-16));
#9974=CARTESIAN_POINT('',(2.675,-0.55,4.33680868994202E-16));
#9975=CARTESIAN_POINT('',(2.675,-3.6,-0.0399999999999997));
#9976=CARTESIAN_POINT('',(2.525,-0.55,4.33680868994202E-16));
#9977=CARTESIAN_POINT('',(2.525,-0.55,4.33680868994202E-16));
#9978=CARTESIAN_POINT('',(2.525,-0.55,4.33680868994202E-16));
#9979=CARTESIAN_POINT('',(2.525,-0.55,0.0900000000000002));
#9980=CARTESIAN_POINT('',(2.525,-1.7,0.66));
#9981=CARTESIAN_POINT('',(2.525,-1.385319534335,0.66));
#9982=CARTESIAN_POINT('',(2.525,-3.6,-0.0399999999999997));
#9983=CARTESIAN_POINT('',(2.525,-0.883409615563,0.66));
#9984=CARTESIAN_POINT('',(2.525,-3.6,-0.0399999999999997));
#9985=CARTESIAN_POINT('',(2.525,-2.9510017158032,0.25));
#9986=CARTESIAN_POINT('',(2.525,-3.6,-0.0399999999999997));
#9987=CARTESIAN_POINT('',(2.525,-2.9365449076328,0.66));
#9988=CARTESIAN_POINT('',(2.525,-3.6,-0.0399999999999997));
#9989=CARTESIAN_POINT('',(2.525,-0.51,4.33680868994202E-16));
#9990=CARTESIAN_POINT('',(2.525,-0.51,4.33680868994202E-16));
#9991=CARTESIAN_POINT('',(2.525,-0.51,0.210000000000001));
#9992=CARTESIAN_POINT('',(2.525,-1.7,0.210000000000001));
#9993=CARTESIAN_POINT('',(2.525,-1.7,0.210000000000001));
#9994=CARTESIAN_POINT('',(2.525,-1.7,0.210000000000001));
#9995=CARTESIAN_POINT('',(2.525,-0.55,4.33680868994202E-16));
#9996=CARTESIAN_POINT('',(2.525,-3.6,-0.0399999999999997));
#9997=CARTESIAN_POINT('',(3.025,-1.7,0.840000000000001));
#9998=CARTESIAN_POINT('',(3.025,-1.7,0.840000000000001));
#9999=CARTESIAN_POINT('',(3.175,-1.7,0.840000000000001));
#10000=CARTESIAN_POINT('',(3.175,-1.5,0.840000000000001));
#10001=CARTESIAN_POINT('',(3.175,-1.5,0.840000000000001));
#10002=CARTESIAN_POINT('',(3.025,-1.5,0.840000000000001));
#10003=CARTESIAN_POINT('',(3.025,-1.5,0.840000000000001));
#10004=CARTESIAN_POINT('',(3.025,-1.5,0.840000000000001));
#10005=CARTESIAN_POINT('',(3.025,-1.5,0.840000000000001));
#10006=CARTESIAN_POINT('',(3.175,-1.7,0.66));
#10007=CARTESIAN_POINT('',(3.175,-1.7,0.66));
#10008=CARTESIAN_POINT('',(3.175,-1.385319534335,0.66));
#10009=CARTESIAN_POINT('',(3.025,-1.7,0.66));
#10010=CARTESIAN_POINT('',(3.025,-1.7,0.66));
#10011=CARTESIAN_POINT('',(3.025,-1.7,0.66));
#10012=CARTESIAN_POINT('',(3.025,-1.385319534335,0.66));
#10013=CARTESIAN_POINT('',(3.025,-1.385319534335,0.66));
#10014=CARTESIAN_POINT('',(3.025,-2.9365449076328,0.66));
#10015=CARTESIAN_POINT('',(3.025,-0.883409615563,0.66));
#10016=CARTESIAN_POINT('',(3.025,-0.883409615563,0.66));
#10017=CARTESIAN_POINT('',(3.025,-0.82,0.66));
#10018=CARTESIAN_POINT('',(3.025,-0.82,0.66));
#10019=CARTESIAN_POINT('',(3.175,-0.82,0.66));
#10020=CARTESIAN_POINT('',(3.175,-0.883409615563,0.66));
#10021=CARTESIAN_POINT('',(3.175,-0.883409615563,0.66));
#10022=CARTESIAN_POINT('',(3.025,-0.883409615563,0.66));
#10023=CARTESIAN_POINT('',(3.025,-2.9365449076328,0.66));
#10024=CARTESIAN_POINT('',(3.025,-0.82,0.78));
#10025=CARTESIAN_POINT('',(3.025,-0.82,0.78));
#10026=CARTESIAN_POINT('',(3.175,-0.82,0.78));
#10027=CARTESIAN_POINT('',(3.175,-0.82,0.66));
#10028=CARTESIAN_POINT('',(3.025,-0.82,0.66));
#10029=CARTESIAN_POINT('',(3.025,-0.82,0.66));
#10030=CARTESIAN_POINT('',(3.025,-1.370570715645,0.8285797690275));
#10031=CARTESIAN_POINT('',(3.025,-1.370570715645,0.8285797690275));
#10032=CARTESIAN_POINT('',(3.175,-1.370570715645,0.8285797690275));
#10033=CARTESIAN_POINT('',(3.175,-1.370570715645,0.8285797690275));
#10034=CARTESIAN_POINT('',(3.025,-1.370570715645,0.8285797690275));
#10035=CARTESIAN_POINT('',(3.025,-0.82,0.78));
#10036=CARTESIAN_POINT('',(3.175,-0.82,0.78));
#10037=CARTESIAN_POINT('',(3.175,-0.872505653926,0.784632851817));
#10038=CARTESIAN_POINT('',(3.025,-0.82,0.78));
#10039=CARTESIAN_POINT('',(3.025,-0.872505653926,0.784632851817));
#10040=CARTESIAN_POINT('',(3.025,-0.872505653926,0.784632851817));
#10041=CARTESIAN_POINT('',(3.025,-0.82,0.78));
#10042=CARTESIAN_POINT('',(3.025,-2.9510017158032,0.25));
#10043=CARTESIAN_POINT('',(3.025,-2.9510017158032,0.25));
#10044=CARTESIAN_POINT('',(3.025,-2.9893582222752,0.2957115043875));
#10045=CARTESIAN_POINT('',(3.025,-2.9893582222752,0.2957115043875));
#10046=CARTESIAN_POINT('',(3.175,-2.9893582222752,0.2957115043875));
#10047=CARTESIAN_POINT('',(3.175,-2.9510017158032,0.25));
#10048=CARTESIAN_POINT('',(3.175,-2.9510017158032,0.25));
#10049=CARTESIAN_POINT('',(3.025,-2.9510017158032,0.25));
#10050=CARTESIAN_POINT('',(3.025,-2.9342197231796,0.23));
#10051=CARTESIAN_POINT('',(3.025,-3.0399636090984,0.3046620009775));
#10052=CARTESIAN_POINT('',(3.025,-3.0399636090984,0.3046620009775));
#10053=CARTESIAN_POINT('',(3.175,-3.0399636090984,0.3046620009775));
#10054=CARTESIAN_POINT('',(3.175,-3.02,0.27));
#10055=CARTESIAN_POINT('',(3.025,-3.02,0.27));
#10056=CARTESIAN_POINT('',(3.025,-3.02,0.27));
#10057=CARTESIAN_POINT('',(3.175,-3.0399636090984,0.3046620009775));
#10058=CARTESIAN_POINT('',(3.175,-3.134871013966,0.25));
#10059=CARTESIAN_POINT('',(3.025,-3.0399636090984,0.3046620009775));
#10060=CARTESIAN_POINT('',(3.025,-3.134871013966,0.25));
#10061=CARTESIAN_POINT('',(3.025,-3.134871013966,0.25));
#10062=CARTESIAN_POINT('',(3.025,-3.0399636090984,0.3046620009775));
#10063=CARTESIAN_POINT('',(3.025,-3.172705922612,0.66));
#10064=CARTESIAN_POINT('',(3.025,-3.172705922612,0.66));
#10065=CARTESIAN_POINT('',(3.025,-3.0341526215629,0.6075873911241));
#10066=CARTESIAN_POINT('',(3.025,-3.0341526215629,0.6075873911241));
#10067=CARTESIAN_POINT('',(3.175,-3.0341526215629,0.6075873911241));
#10068=CARTESIAN_POINT('',(3.175,-3.172705922612,0.66));
#10069=CARTESIAN_POINT('',(3.175,-3.172705922612,0.66));
#10070=CARTESIAN_POINT('',(3.025,-3.172705922612,0.66));
#10071=CARTESIAN_POINT('',(3.025,-3.2076907769536,0.6732342389052));
#10072=CARTESIAN_POINT('',(3.025,-2.9893582222752,0.6192884956125));
#10073=CARTESIAN_POINT('',(3.025,-2.9893582222752,0.6192884956125));
#10074=CARTESIAN_POINT('',(3.175,-2.9893582222752,0.6192884956125));
#10075=CARTESIAN_POINT('',(3.175,-3.02,0.645));
#10076=CARTESIAN_POINT('',(3.025,-3.02,0.645));
#10077=CARTESIAN_POINT('',(3.025,-3.02,0.645));
#10078=CARTESIAN_POINT('',(3.025,-2.9671866853576,0.6457115043875));
#10079=CARTESIAN_POINT('',(3.025,-2.9671866853576,0.6457115043875));
#10080=CARTESIAN_POINT('',(3.175,-2.9671866853576,0.6457115043875));
#10081=CARTESIAN_POINT('',(3.175,-2.9893582222752,0.6192884956125));
#10082=CARTESIAN_POINT('',(3.025,-2.9893582222752,0.6192884956125));
#10083=CARTESIAN_POINT('',(3.025,-2.9893582222752,0.6192884956125));
#10084=CARTESIAN_POINT('',(3.175,-2.9365449076328,0.62));
#10085=CARTESIAN_POINT('',(3.175,-2.9365449076328,0.66));
#10086=CARTESIAN_POINT('',(3.025,-2.9365449076328,0.62));
#10087=CARTESIAN_POINT('',(3.025,-2.9365449076328,0.66));
#10088=CARTESIAN_POINT('',(3.025,-2.9365449076328,0.66));
#10089=CARTESIAN_POINT('',(3.025,-2.9365449076328,0.62));
#10090=CARTESIAN_POINT('',(3.025,-0.0500000000000001,-0.0599999999999997));
#10091=CARTESIAN_POINT('',(3.025,-0.0500000000000001,-0.0599999999999997));
#10092=CARTESIAN_POINT('',(3.175,-0.0500000000000001,-0.0599999999999997));
#10093=CARTESIAN_POINT('',(3.175,-0.55,-0.0599999999999997));
#10094=CARTESIAN_POINT('',(3.175,-0.55,-0.0599999999999997));
#10095=CARTESIAN_POINT('',(3.025,-0.55,-0.0599999999999997));
#10096=CARTESIAN_POINT('',(3.025,-0.55,-0.0599999999999997));
#10097=CARTESIAN_POINT('',(3.025,-0.55,-0.0599999999999997));
#10098=CARTESIAN_POINT('',(3.025,-0.55,-0.0599999999999997));
#10099=CARTESIAN_POINT('',(3.025,-0.0500000000000001,0.13));
#10100=CARTESIAN_POINT('',(3.025,-0.0500000000000001,0.13));
#10101=CARTESIAN_POINT('',(3.175,-0.0500000000000001,0.13));
#10102=CARTESIAN_POINT('',(3.175,-0.0500000000000001,-0.0599999999999997));
#10103=CARTESIAN_POINT('',(3.025,-0.0500000000000001,-0.0599999999999997));
#10104=CARTESIAN_POINT('',(3.025,-0.0500000000000001,-0.0599999999999997));
#10105=CARTESIAN_POINT('',(3.025,-0.25,0.13));
#10106=CARTESIAN_POINT('',(3.025,-0.25,0.13));
#10107=CARTESIAN_POINT('',(3.175,-0.25,0.13));
#10108=CARTESIAN_POINT('',(3.175,-0.0500000000000001,0.13));
#10109=CARTESIAN_POINT('',(3.025,-0.0500000000000001,0.13));
#10110=CARTESIAN_POINT('',(3.025,-0.0500000000000001,0.13));
#10111=CARTESIAN_POINT('',(3.025,-0.25,0.23));
#10112=CARTESIAN_POINT('',(3.025,-0.25,0.23));
#10113=CARTESIAN_POINT('',(3.175,-0.25,0.23));
#10114=CARTESIAN_POINT('',(3.175,-0.25,0.13));
#10115=CARTESIAN_POINT('',(3.025,-0.25,0.13));
#10116=CARTESIAN_POINT('',(3.025,-0.25,0.13));
#10117=CARTESIAN_POINT('',(3.175,-0.25,0.23));
#10118=CARTESIAN_POINT('',(3.175,-1.7,0.23));
#10119=CARTESIAN_POINT('',(3.025,-0.25,0.23));
#10120=CARTESIAN_POINT('',(3.025,-1.7,0.23));
#10121=CARTESIAN_POINT('',(3.025,-1.7,0.23));
#10122=CARTESIAN_POINT('',(3.025,-0.25,0.23));
#10123=CARTESIAN_POINT('',(3.175,-1.7,0.66));
#10124=CARTESIAN_POINT('',(3.175,-1.385319534335,0.66));
#10125=CARTESIAN_POINT('',(3.175,-3.6,-0.0399999999999997));
#10126=CARTESIAN_POINT('',(3.175,-0.883409615563,0.66));
#10127=CARTESIAN_POINT('',(3.175,-3.6,-0.0399999999999997));
#10128=CARTESIAN_POINT('',(3.175,-2.9510017158032,0.25));
#10129=CARTESIAN_POINT('',(3.175,-3.6,-0.0399999999999997));
#10130=CARTESIAN_POINT('',(3.175,-2.9365449076328,0.66));
#10131=CARTESIAN_POINT('',(3.175,-3.6,-0.0399999999999997));
#10132=CARTESIAN_POINT('',(3.175,-0.55,4.33680868994202E-16));
#10133=CARTESIAN_POINT('',(3.175,-0.55,4.33680868994202E-16));
#10134=CARTESIAN_POINT('',(3.175,-1.7,0.210000000000001));
#10135=CARTESIAN_POINT('',(3.175,-1.7,0.210000000000001));
#10136=CARTESIAN_POINT('',(3.175,-1.7,0.210000000000001));
#10137=CARTESIAN_POINT('',(3.175,-0.51,0.210000000000001));
#10138=CARTESIAN_POINT('',(3.175,-0.51,4.33680868994202E-16));
#10139=CARTESIAN_POINT('',(3.175,-0.51,4.33680868994202E-16));
#10140=CARTESIAN_POINT('',(3.175,-0.55,4.33680868994202E-16));
#10141=CARTESIAN_POINT('',(3.175,-3.6,-0.0399999999999997));
#10142=CARTESIAN_POINT('',(3.025,-0.55,4.33680868994202E-16));
#10143=CARTESIAN_POINT('',(3.025,-0.55,4.33680868994202E-16));
#10144=CARTESIAN_POINT('',(3.025,-0.55,4.33680868994202E-16));
#10145=CARTESIAN_POINT('',(3.025,-0.55,0.0900000000000002));
#10146=CARTESIAN_POINT('',(3.025,-1.7,0.66));
#10147=CARTESIAN_POINT('',(3.025,-1.385319534335,0.66));
#10148=CARTESIAN_POINT('',(3.025,-3.6,-0.0399999999999997));
#10149=CARTESIAN_POINT('',(3.025,-0.883409615563,0.66));
#10150=CARTESIAN_POINT('',(3.025,-3.6,-0.0399999999999997));
#10151=CARTESIAN_POINT('',(3.025,-2.9510017158032,0.25));
#10152=CARTESIAN_POINT('',(3.025,-3.6,-0.0399999999999997));
#10153=CARTESIAN_POINT('',(3.025,-2.9365449076328,0.66));
#10154=CARTESIAN_POINT('',(3.025,-3.6,-0.0399999999999997));
#10155=CARTESIAN_POINT('',(3.025,-0.51,4.33680868994202E-16));
#10156=CARTESIAN_POINT('',(3.025,-0.51,4.33680868994202E-16));
#10157=CARTESIAN_POINT('',(3.025,-0.51,0.210000000000001));
#10158=CARTESIAN_POINT('',(3.025,-1.7,0.210000000000001));
#10159=CARTESIAN_POINT('',(3.025,-1.7,0.210000000000001));
#10160=CARTESIAN_POINT('',(3.025,-1.7,0.210000000000001));
#10161=CARTESIAN_POINT('',(3.025,-0.55,4.33680868994202E-16));
#10162=CARTESIAN_POINT('',(3.025,-3.6,-0.0399999999999997));
#10163=CARTESIAN_POINT('',(3.525,-2.9893582222752,0.2957115043875));
#10164=CARTESIAN_POINT('',(3.525,-2.9893582222752,0.2957115043875));
#10165=CARTESIAN_POINT('',(3.675,-2.9893582222752,0.2957115043875));
#10166=CARTESIAN_POINT('',(3.675,-2.9510017158032,0.25));
#10167=CARTESIAN_POINT('',(3.675,-2.9510017158032,0.25));
#10168=CARTESIAN_POINT('',(3.525,-2.9510017158032,0.25));
#10169=CARTESIAN_POINT('',(3.525,-2.9510017158032,0.25));
#10170=CARTESIAN_POINT('',(3.525,-2.9510017158032,0.25));
#10171=CARTESIAN_POINT('',(3.525,-2.9342197231796,0.23));
#10172=CARTESIAN_POINT('',(3.525,-3.0399636090984,0.3046620009775));
#10173=CARTESIAN_POINT('',(3.525,-3.0399636090984,0.3046620009775));
#10174=CARTESIAN_POINT('',(3.675,-3.0399636090984,0.3046620009775));
#10175=CARTESIAN_POINT('',(3.675,-3.02,0.27));
#10176=CARTESIAN_POINT('',(3.525,-3.02,0.27));
#10177=CARTESIAN_POINT('',(3.525,-3.02,0.27));
#10178=CARTESIAN_POINT('',(3.525,-3.134871013966,0.25));
#10179=CARTESIAN_POINT('',(3.525,-3.134871013966,0.25));
#10180=CARTESIAN_POINT('',(3.675,-3.134871013966,0.25));
#10181=CARTESIAN_POINT('',(3.675,-3.0399636090984,0.3046620009775));
#10182=CARTESIAN_POINT('',(3.525,-3.0399636090984,0.3046620009775));
#10183=CARTESIAN_POINT('',(3.525,-3.0399636090984,0.3046620009775));
#10184=CARTESIAN_POINT('',(1.175,-2.9510017158032,0.25));
#10185=CARTESIAN_POINT('',(1.025,-2.9510017158032,0.25));
#10186=CARTESIAN_POINT('',(3.675,-2.9510017158032,0.25));
#10187=CARTESIAN_POINT('',(3.525,-2.9510017158032,0.25));
#10188=CARTESIAN_POINT('',(4.1,-3.6,0.25));
#10189=CARTESIAN_POINT('',(4.1,-3.6,0.25));
#10190=CARTESIAN_POINT('',(4.1,-2.02,0.25));
#10191=CARTESIAN_POINT('',(0.6,-2.02,0.25));
#10192=CARTESIAN_POINT('',(0.6,-2.02,0.25));
#10193=CARTESIAN_POINT('',(0.6,-3.6,0.25));
#10194=CARTESIAN_POINT('',(0.6,-3.6,0.25));
#10195=CARTESIAN_POINT('',(0.6,-3.6,0.25));
#10196=CARTESIAN_POINT('',(0.6,-3.6,0.25));
#10197=CARTESIAN_POINT('',(0.6,-2.02,0.66));
#10198=CARTESIAN_POINT('',(0.6,-2.02,0.66));
#10199=CARTESIAN_POINT('',(4.1,-2.02,0.25));
#10200=CARTESIAN_POINT('',(4.1,-2.02,0.66));
#10201=CARTESIAN_POINT('',(4.1,-2.02,0.66));
#10202=CARTESIAN_POINT('',(2.35,-2.02,-0.0399999999999997));
#10203=CARTESIAN_POINT('',(0.6,-3.35,0.66));
#10204=CARTESIAN_POINT('',(0.6,-3.35,0.66));
#10205=CARTESIAN_POINT('',(0.6,-3.35,0.86));
#10206=CARTESIAN_POINT('',(0.6,-3.35,0.86));
#10207=CARTESIAN_POINT('',(0.6,-3.35,0.86));
#10208=CARTESIAN_POINT('',(0.6,-3.6,0.86));
#10209=CARTESIAN_POINT('',(0.6,-3.6,0.25));
#10210=CARTESIAN_POINT('',(0.6,-3.6,0.66));
#10211=CARTESIAN_POINT('',(0.4,-3.35,0.86));
#10212=CARTESIAN_POINT('',(0.4,-3.6,0.86));
#10213=CARTESIAN_POINT('',(0.,-3.35,0.86));
#10214=CARTESIAN_POINT('',(4.1,-3.6,0.86));
#10215=CARTESIAN_POINT('',(4.1,-3.6,0.86));
#10216=CARTESIAN_POINT('',(4.3,-3.6,0.86));
#10217=CARTESIAN_POINT('',(4.3,-3.35,0.86));
#10218=CARTESIAN_POINT('',(4.3,-3.35,0.86));
#10219=CARTESIAN_POINT('',(4.1,-3.35,0.86));
#10220=CARTESIAN_POINT('',(4.1,-3.35,0.86));
#10221=CARTESIAN_POINT('',(4.1,-3.35,0.86));
#10222=CARTESIAN_POINT('',(0.,-3.35,0.86));
#10223=CARTESIAN_POINT('',(4.3,-3.35,0.96));
#10224=CARTESIAN_POINT('',(4.3,-3.35,0.96));
#10225=CARTESIAN_POINT('',(0.4,-3.35,0.96));
#10226=CARTESIAN_POINT('',(4.1,-3.35,0.66));
#10227=CARTESIAN_POINT('',(4.1,-3.35,0.66));
#10228=CARTESIAN_POINT('',(4.1,-3.35,0.66));
#10229=CARTESIAN_POINT('',(0.,-3.35,0.96));
#10230=CARTESIAN_POINT('',(1.175,-2.9365449076328,0.66));
#10231=CARTESIAN_POINT('',(1.025,-2.9365449076328,0.66));
#10232=CARTESIAN_POINT('',(3.675,-2.9365449076328,0.66));
#10233=CARTESIAN_POINT('',(3.525,-2.9365449076328,0.66));
#10234=CARTESIAN_POINT('',(4.1,-3.35,0.66));
#10235=CARTESIAN_POINT('',(4.1,-3.6,0.66));
#10236=CARTESIAN_POINT('',(4.1,-3.6,0.86));
#10237=CARTESIAN_POINT('',(4.1,-3.6,0.25));
#10238=CARTESIAN_POINT('',(4.3,-3.6,0.0700000000000002));
#10239=CARTESIAN_POINT('',(4.3,-3.6,0.0700000000000002));
#10240=CARTESIAN_POINT('',(4.3,-3.6,0.86));
#10241=CARTESIAN_POINT('',(0.,-3.6,0.86));
#10242=CARTESIAN_POINT('',(4.3,-2.6215852375054,0.0700000000000002));
#10243=CARTESIAN_POINT('',(4.3,-2.6215852375054,0.0700000000000002));
#10244=CARTESIAN_POINT('',(4.3,-2.6215852375054,0.27));
#10245=CARTESIAN_POINT('',(4.3,-2.6215852375054,0.27));
#10246=CARTESIAN_POINT('',(4.3,-3.15,0.64));
#10247=CARTESIAN_POINT('',(4.3,-3.15,0.64));
#10248=CARTESIAN_POINT('',(4.3,-3.15,0.96));
#10249=CARTESIAN_POINT('',(4.3,-3.15,0.96));
#10250=CARTESIAN_POINT('',(4.3,-3.6,0.0700000000000002));
#10251=CARTESIAN_POINT('',(4.3,-3.6,-0.0399999999999997));
#10252=CARTESIAN_POINT('',(3.9,0.,4.33680868994202E-16));
#10253=CARTESIAN_POINT('',(3.9,0.,4.33680868994202E-16));
#10254=CARTESIAN_POINT('',(3.9,-0.51,4.33680868994202E-16));
#10255=CARTESIAN_POINT('',(3.9,-0.51,0.210000000000001));
#10256=CARTESIAN_POINT('',(3.9,-0.51,0.210000000000001));
#10257=CARTESIAN_POINT('',(3.9,0.,0.210000000000001));
#10258=CARTESIAN_POINT('',(3.9,0.,0.210000000000001));
#10259=CARTESIAN_POINT('',(3.9,0.,4.33680868994202E-16));
#10260=CARTESIAN_POINT('',(3.9,-0.51,0.210000000000001));
#10261=CARTESIAN_POINT('',(0.8,0.,0.210000000000001));
#10262=CARTESIAN_POINT('',(0.8,0.,0.210000000000001));
#10263=CARTESIAN_POINT('',(0.8,-0.51,0.210000000000001));
#10264=CARTESIAN_POINT('',(0.8,-0.51,0.210000000000001));
#10265=CARTESIAN_POINT('',(0.8,-0.51,4.33680868994202E-16));
#10266=CARTESIAN_POINT('',(0.8,0.,4.33680868994202E-16));
#10267=CARTESIAN_POINT('',(0.8,0.,4.33680868994202E-16));
#10268=CARTESIAN_POINT('',(0.8,0.,4.33680868994202E-16));
#10269=CARTESIAN_POINT('',(0.8,0.,0.210000000000001));
#10270=CARTESIAN_POINT('',(3.9,0.,0.210000000000001));
#10271=CARTESIAN_POINT('',(4.58,0.,0.210000000000001));
#10272=CARTESIAN_POINT('',(4.58,0.,0.96));
#10273=CARTESIAN_POINT('',(4.58,0.,0.96));
#10274=CARTESIAN_POINT('',(4.58,0.,0.96));
#10275=CARTESIAN_POINT('',(4.7,0.,0.96));
#10276=CARTESIAN_POINT('',(4.7,0.,4.33680868994202E-16));
#10277=CARTESIAN_POINT('',(4.7,0.,4.33680868994202E-16));
#10278=CARTESIAN_POINT('',(4.7,0.,4.33680868994202E-16));
#10279=CARTESIAN_POINT('',(0.,0.,-0.0399999999999997));
#10280=CARTESIAN_POINT('',(0.8,0.,4.33680868994202E-16));
#10281=CARTESIAN_POINT('',(0.,0.,4.33680868994202E-16));
#10282=CARTESIAN_POINT('',(0.,0.,4.33680868994202E-16));
#10283=CARTESIAN_POINT('',(0.,0.,0.96));
#10284=CARTESIAN_POINT('',(0.,0.,0.96));
#10285=CARTESIAN_POINT('',(0.12,0.,0.96));
#10286=CARTESIAN_POINT('',(0.12,0.,0.96));
#10287=CARTESIAN_POINT('',(0.12,0.,0.210000000000001));
#10288=CARTESIAN_POINT('',(0.12,0.,0.210000000000001));
#10289=CARTESIAN_POINT('',(0.,0.,-0.0399999999999997));
#10290=CARTESIAN_POINT('',(0.55,-0.910342477172,0.3521559831527));
#10291=CARTESIAN_POINT('',(0.55,-0.910342477172,0.3521559831527));
#10292=CARTESIAN_POINT('',(4.15,-0.910342477172,0.3521559831527));
#10293=CARTESIAN_POINT('',(4.15,-1.,0.36));
#10294=CARTESIAN_POINT('',(4.15,-1.023293714059,0.273066675634));
#10295=CARTESIAN_POINT('',(0.55,-1.023293714059,0.273066675634));
#10296=CARTESIAN_POINT('',(0.55,-1.023293714059,0.273066675634));
#10297=CARTESIAN_POINT('',(0.55,-1.,0.36));
#10298=CARTESIAN_POINT('',(0.5,-1.,0.36));
#10299=CARTESIAN_POINT('',(4.15,-0.840456073852,0.2330641686999));
#10300=CARTESIAN_POINT('',(4.15,-0.840456073852,0.2330641686999));
#10301=CARTESIAN_POINT('',(4.49,-0.840456073852,0.2330641686999));
#10302=CARTESIAN_POINT('',(4.15,-0.840456073852,0.2330641686999));
#10303=CARTESIAN_POINT('',(4.15,-0.830646901324,0.3451835237329));
#10304=CARTESIAN_POINT('',(4.15,-0.830646901324,0.3451835237329));
#10305=CARTESIAN_POINT('',(4.49,-0.830646901324,0.3451835237329));
#10306=CARTESIAN_POINT('',(4.49,-0.840456073852,0.2330641686999));
#10307=CARTESIAN_POINT('',(4.15,-0.840456073852,0.2330641686999));
#10308=CARTESIAN_POINT('',(4.15,-0.890265808756,0.2374219558372));
#10309=CARTESIAN_POINT('',(4.15,-0.848456284266,0.210000000000001));
#10310=CARTESIAN_POINT('',(4.49,-0.890265808756,0.2374219558372));
#10311=CARTESIAN_POINT('',(4.49,-0.848456284266,0.210000000000001));
#10312=CARTESIAN_POINT('',(4.15,-0.848456284266,0.210000000000001));
#10313=CARTESIAN_POINT('',(4.15,-0.890265808756,0.2374219558372));
#10314=CARTESIAN_POINT('',(4.49,-1.036234666314,0.2247703843195));
#10315=CARTESIAN_POINT('',(4.49,-1.036234666314,0.2247703843195));
#10316=CARTESIAN_POINT('',(4.49,-0.981110841587,0.210000000000001));
#10317=CARTESIAN_POINT('',(4.15,-1.036234666314,0.2247703843195));
#10318=CARTESIAN_POINT('',(4.15,-1.036234666314,0.2247703843195));
#10319=CARTESIAN_POINT('',(4.15,-1.036234666314,0.2247703843195));
#10320=CARTESIAN_POINT('',(4.15,-0.981110841587,0.210000000000001));
#10321=CARTESIAN_POINT('',(4.15,-0.981110841587,0.210000000000001));
#10322=CARTESIAN_POINT('',(4.15,-1.036234666314,0.2247703843195));
#10323=CARTESIAN_POINT('',(4.2,-1.13522961568,0.3237653336856));
#10324=CARTESIAN_POINT('',(4.2,-1.13522961568,0.3237653336856));
#10325=CARTESIAN_POINT('',(4.49,-1.13522961568,0.3237653336856));
#10326=CARTESIAN_POINT('',(4.49,-1.160189220493,0.4169158469832));
#10327=CARTESIAN_POINT('',(4.49,-1.160189220493,0.4169158469832));
#10328=CARTESIAN_POINT('',(4.2,-1.160189220493,0.4169158469832));
#10329=CARTESIAN_POINT('',(4.2,-1.160189220493,0.4169158469832));
#10330=CARTESIAN_POINT('',(4.2,-1.160189220493,0.4169158469832));
#10331=CARTESIAN_POINT('',(4.15,-1.160189220493,0.4169158469832));
#10332=CARTESIAN_POINT('',(4.15,-1.126877718962,0.3008219260965));
#10333=CARTESIAN_POINT('',(4.15,-1.126877718962,0.3008219260965));
#10334=CARTESIAN_POINT('',(4.2,-1.126877718962,0.3008219260965));
#10335=CARTESIAN_POINT('',(4.15,-1.,0.36));
#10336=CARTESIAN_POINT('',(4.49,-1.,0.36));
#10337=CARTESIAN_POINT('',(4.2,-1.,0.36));
#10338=CARTESIAN_POINT('',(4.15,-1.,0.36));
#10339=CARTESIAN_POINT('',(4.15,-0.910342477172,0.3521559831527));
#10340=CARTESIAN_POINT('',(4.15,-0.897772697195,0.495829225725301));
#10341=CARTESIAN_POINT('',(4.15,-1.,0.36));
#10342=CARTESIAN_POINT('',(4.15,-0.981110841587,0.210000000000001));
#10343=CARTESIAN_POINT('',(4.15,-1.023293714059,0.273066675634));
#10344=CARTESIAN_POINT('',(4.15,-3.6,-0.0399999999999997));
#10345=CARTESIAN_POINT('',(4.49,-1.,0.36));
#10346=CARTESIAN_POINT('',(4.15,-0.897772697195,0.495829225725301));
#10347=CARTESIAN_POINT('',(4.2,-0.897772697195,0.495829225725301));
#10348=CARTESIAN_POINT('',(4.2,-1.,0.36));
#10349=CARTESIAN_POINT('',(4.15,-1.,0.36));
#10350=CARTESIAN_POINT('',(4.49,-0.981110841587,0.210000000000001));
#10351=CARTESIAN_POINT('',(4.49,-1.7,0.210000000000001));
#10352=CARTESIAN_POINT('',(4.49,-1.7,0.79));
#10353=CARTESIAN_POINT('',(4.49,-1.7,0.79));
#10354=CARTESIAN_POINT('',(4.49,-0.27,0.79));
#10355=CARTESIAN_POINT('',(4.49,-0.27,0.79));
#10356=CARTESIAN_POINT('',(4.49,-0.27,0.210000000000001));
#10357=CARTESIAN_POINT('',(4.49,-0.27,0.210000000000001));
#10358=CARTESIAN_POINT('',(4.49,-0.27,0.210000000000001));
#10359=CARTESIAN_POINT('',(4.49,0.,0.79));
#10360=CARTESIAN_POINT('',(4.48,-0.3,0.96));
#10361=CARTESIAN_POINT('',(4.48,-0.3,0.96));
#10362=CARTESIAN_POINT('',(4.48,-0.3,0.79));
#10363=CARTESIAN_POINT('',(4.48,-0.3,0.96));
#10364=CARTESIAN_POINT('',(4.49,-0.27,0.210000000000001));
#10365=CARTESIAN_POINT('',(4.48,-0.3,0.79));
#10366=CARTESIAN_POINT('',(4.48,-0.3,0.96));
#10367=CARTESIAN_POINT('',(4.48,-0.6,0.96));
#10368=CARTESIAN_POINT('',(4.48,-0.6,0.96));
#10369=CARTESIAN_POINT('',(4.48,-0.6,0.79));
#10370=CARTESIAN_POINT('',(4.48,-0.6,0.96));
#10371=CARTESIAN_POINT('',(4.48,-0.6,0.79));
#10372=CARTESIAN_POINT('',(4.48,-0.6,0.96));
#10373=CARTESIAN_POINT('',(4.3,-0.78,0.96));
#10374=CARTESIAN_POINT('',(4.3,-0.78,0.96));
#10375=CARTESIAN_POINT('',(4.3,-0.78,0.79));
#10376=CARTESIAN_POINT('',(4.3,-0.78,0.96));
#10377=CARTESIAN_POINT('',(4.3,-0.78,0.79));
#10378=CARTESIAN_POINT('',(4.3,-0.78,0.96));
#10379=CARTESIAN_POINT('',(4.3,-1.49,0.96));
#10380=CARTESIAN_POINT('',(4.3,-1.49,0.96));
#10381=CARTESIAN_POINT('',(4.3,-1.49,0.79));
#10382=CARTESIAN_POINT('',(4.3,-1.49,0.96));
#10383=CARTESIAN_POINT('',(4.3,-1.49,0.79));
#10384=CARTESIAN_POINT('',(4.3,-1.49,0.96));
#10385=CARTESIAN_POINT('',(4.2,-1.49,0.96));
#10386=CARTESIAN_POINT('',(4.2,-1.49,0.96));
#10387=CARTESIAN_POINT('',(4.2,-1.49,0.79));
#10388=CARTESIAN_POINT('',(4.2,-1.49,0.79));
#10389=CARTESIAN_POINT('',(4.2,-1.49,0.79));
#10390=CARTESIAN_POINT('',(4.2,-1.49,0.96));
#10391=CARTESIAN_POINT('',(4.2,-1.7,0.79));
#10392=CARTESIAN_POINT('',(4.2,-1.7,0.79));
#10393=CARTESIAN_POINT('',(4.2,-1.7,0.96));
#10394=CARTESIAN_POINT('',(4.2,-1.7,0.96));
#10395=CARTESIAN_POINT('',(4.2,-1.49,0.96));
#10396=CARTESIAN_POINT('',(4.2,-1.7,0.96));
#10397=CARTESIAN_POINT('',(0.4,-1.49,0.96));
#10398=CARTESIAN_POINT('',(0.4,-1.49,0.96));
#10399=CARTESIAN_POINT('',(0.5,-1.49,0.96));
#10400=CARTESIAN_POINT('',(0.4,-0.78,0.96));
#10401=CARTESIAN_POINT('',(0.4,-0.78,0.96));
#10402=CARTESIAN_POINT('',(0.22,-0.6,0.96));
#10403=CARTESIAN_POINT('',(0.22,-0.6,0.96));
#10404=CARTESIAN_POINT('',(0.22,-0.3,0.96));
#10405=CARTESIAN_POINT('',(0.22,-0.3,0.96));
#10406=CARTESIAN_POINT('',(0.12,0.,0.96));
#10407=CARTESIAN_POINT('',(0.,0.,0.96));
#10408=CARTESIAN_POINT('',(4.7,-3.15,0.96));
#10409=CARTESIAN_POINT('',(4.7,-3.15,0.96));
#10410=CARTESIAN_POINT('',(4.7,0.,0.96));
#10411=CARTESIAN_POINT('',(0.5,-1.7,0.96));
#10412=CARTESIAN_POINT('',(0.5,-1.7,0.96));
#10413=CARTESIAN_POINT('',(0.5,-1.7,0.96));
#10414=CARTESIAN_POINT('',(0.,0.,0.96));
#10415=CARTESIAN_POINT('',(0.5,-1.7,0.96));
#10416=CARTESIAN_POINT('',(0.5,-1.7,0.79));
#10417=CARTESIAN_POINT('',(0.5,-1.49,0.79));
#10418=CARTESIAN_POINT('',(0.5,-1.49,0.79));
#10419=CARTESIAN_POINT('',(0.5,-1.49,0.96));
#10420=CARTESIAN_POINT('',(0.5,-1.49,0.96));
#10421=CARTESIAN_POINT('',(0.4,-1.49,0.79));
#10422=CARTESIAN_POINT('',(0.4,-1.49,0.79));
#10423=CARTESIAN_POINT('',(0.4,-1.49,0.96));
#10424=CARTESIAN_POINT('',(0.4,-1.49,0.96));
#10425=CARTESIAN_POINT('',(0.4,-0.78,0.96));
#10426=CARTESIAN_POINT('',(0.4,-0.78,0.79));
#10427=CARTESIAN_POINT('',(0.4,-0.78,0.79));
#10428=CARTESIAN_POINT('',(0.4,-0.78,0.96));
#10429=CARTESIAN_POINT('',(0.22,-0.6,0.96));
#10430=CARTESIAN_POINT('',(0.22,-0.6,0.79));
#10431=CARTESIAN_POINT('',(0.22,-0.6,0.79));
#10432=CARTESIAN_POINT('',(0.22,-0.6,0.96));
#10433=CARTESIAN_POINT('',(0.22,-0.3,0.96));
#10434=CARTESIAN_POINT('',(0.22,-0.3,0.79));
#10435=CARTESIAN_POINT('',(0.22,-0.3,0.79));
#10436=CARTESIAN_POINT('',(0.22,-0.3,0.96));
#10437=CARTESIAN_POINT('',(0.12,0.,0.210000000000001));
#10438=CARTESIAN_POINT('',(0.21,-0.27,0.210000000000001));
#10439=CARTESIAN_POINT('',(0.22,-0.3,0.79));
#10440=CARTESIAN_POINT('',(0.21,-0.27,0.79));
#10441=CARTESIAN_POINT('',(0.21,-0.27,0.210000000000001));
#10442=CARTESIAN_POINT('',(0.12,0.,0.96));
#10443=CARTESIAN_POINT('',(4.2,-1.7,0.79));
#10444=CARTESIAN_POINT('',(0.21,0.,0.79));
#10445=CARTESIAN_POINT('',(0.21,-1.7,0.79));
#10446=CARTESIAN_POINT('',(0.21,-1.7,0.79));
#10447=CARTESIAN_POINT('',(0.21,-0.27,0.79));
#10448=CARTESIAN_POINT('',(0.21,0.,0.79));
#10449=CARTESIAN_POINT('',(0.21,-1.,0.36));
#10450=CARTESIAN_POINT('',(0.21,-1.13522961568,0.3237653336856));
#10451=CARTESIAN_POINT('',(0.21,-1.036234666314,0.2247703843195));
#10452=CARTESIAN_POINT('',(0.21,-1.160189220493,0.4169158469832));
#10453=CARTESIAN_POINT('',(0.21,-1.160189220493,0.4169158469832));
#10454=CARTESIAN_POINT('',(0.21,-1.,0.36));
#10455=CARTESIAN_POINT('',(0.21,-0.27,0.210000000000001));
#10456=CARTESIAN_POINT('',(0.21,-1.7,0.210000000000001));
#10457=CARTESIAN_POINT('',(0.21,-1.7,0.210000000000001));
#10458=CARTESIAN_POINT('',(0.21,-0.981110841587,0.210000000000001));
#10459=CARTESIAN_POINT('',(0.21,-0.981110841587,0.210000000000001));
#10460=CARTESIAN_POINT('',(0.21,-1.036234666314,0.2247703843195));
#10461=CARTESIAN_POINT('',(0.21,0.,0.210000000000001));
#10462=CARTESIAN_POINT('',(0.55,-1.036234666314,0.2247703843195));
#10463=CARTESIAN_POINT('',(0.55,-1.036234666314,0.2247703843195));
#10464=CARTESIAN_POINT('',(0.55,-0.981110841587,0.210000000000001));
#10465=CARTESIAN_POINT('',(0.55,-0.981110841587,0.210000000000001));
#10466=CARTESIAN_POINT('',(0.55,-1.036234666314,0.2247703843195));
#10467=CARTESIAN_POINT('',(0.55,-1.036234666314,0.2247703843195));
#10468=CARTESIAN_POINT('',(0.5,-1.126877718962,0.3008219260965));
#10469=CARTESIAN_POINT('',(0.5,-1.126877718962,0.3008219260965));
#10470=CARTESIAN_POINT('',(0.55,-1.126877718962,0.3008219260965));
#10471=CARTESIAN_POINT('',(0.5,-1.,0.36));
#10472=CARTESIAN_POINT('',(0.5,-1.13522961568,0.3237653336856));
#10473=CARTESIAN_POINT('',(0.5,-1.13522961568,0.3237653336856));
#10474=CARTESIAN_POINT('',(0.55,-1.,0.36));
#10475=CARTESIAN_POINT('',(0.55,-1.,0.36));
#10476=CARTESIAN_POINT('',(0.5,-1.160189220493,0.4169158469832));
#10477=CARTESIAN_POINT('',(0.5,-1.160189220493,0.4169158469832));
#10478=CARTESIAN_POINT('',(0.5,-1.160189220493,0.4169158469832));
#10479=CARTESIAN_POINT('',(0.55,-1.160189220493,0.4169158469832));
#10480=CARTESIAN_POINT('',(0.5,-1.,0.36));
#10481=CARTESIAN_POINT('',(0.5,-0.897772697195,0.495829225725301));
#10482=CARTESIAN_POINT('',(0.5,-0.897772697195,0.495829225725301));
#10483=CARTESIAN_POINT('',(0.55,-0.897772697195,0.495829225725301));
#10484=CARTESIAN_POINT('',(0.55,-1.,0.36));
#10485=CARTESIAN_POINT('',(0.55,-1.,0.36));
#10486=CARTESIAN_POINT('',(0.55,-0.910342477172,0.3521559831527));
#10487=CARTESIAN_POINT('',(0.55,-1.023293714059,0.273066675634));
#10488=CARTESIAN_POINT('',(0.55,-0.981110841587,0.210000000000001));
#10489=CARTESIAN_POINT('',(0.55,-3.6,-0.0399999999999997));
#10490=CARTESIAN_POINT('',(4.2,-1.410104006991,0.376712181249));
#10491=CARTESIAN_POINT('',(4.2,-1.410104006991,0.376712181249));
#10492=CARTESIAN_POINT('',(0.5,-1.410104006991,0.376712181249));
#10493=CARTESIAN_POINT('',(0.5,-1.410104006991,0.376712181249));
#10494=CARTESIAN_POINT('',(0.5,-1.410104006991,0.376712181249));
#10495=CARTESIAN_POINT('',(0.5,-1.410104006991,0.376712181249));
#10496=CARTESIAN_POINT('',(4.2,-1.527951246956,1.209717581387));
#10497=CARTESIAN_POINT('',(4.2,-1.527951246956,1.209717581387));
#10498=CARTESIAN_POINT('',(4.1,-1.527951246956,1.209717581387));
#10499=CARTESIAN_POINT('',(4.1,-1.355233845441,1.003880997627));
#10500=CARTESIAN_POINT('',(4.1,-1.355233845441,1.003880997627));
#10501=CARTESIAN_POINT('',(4.2,-1.355233845441,1.003880997627));
#10502=CARTESIAN_POINT('',(4.2,-1.355233845441,1.003880997627));
#10503=CARTESIAN_POINT('',(4.2,-1.355233845441,1.003880997627));
#10504=CARTESIAN_POINT('',(4.2,-1.355233845441,1.003880997627));
#10505=CARTESIAN_POINT('',(4.1,-1.551524275199,0.9402766356372));
#10506=CARTESIAN_POINT('',(4.1,-1.551524275199,0.9402766356372));
#10507=CARTESIAN_POINT('',(4.1,-1.424755563599,0.6681926527212));
#10508=CARTESIAN_POINT('',(4.1,-1.424755563599,0.6681926527212));
#10509=CARTESIAN_POINT('',(4.1,-1.431728023019,0.5884970768739));
#10510=CARTESIAN_POINT('',(4.1,-1.431728023019,0.5884970768739));
#10511=CARTESIAN_POINT('',(4.1,-1.397030645579,0.5261413859628));
#10512=CARTESIAN_POINT('',(4.1,-1.397030645579,0.5261413859628));
#10513=CARTESIAN_POINT('',(4.1,-1.551524275199,0.9402766356372));
#10514=CARTESIAN_POINT('',(4.1,-3.6,-0.0399999999999997));
#10515=CARTESIAN_POINT('',(0.81,-1.448773098181,0.997886479447));
#10516=CARTESIAN_POINT('',(0.81,-1.448773098181,0.997886479447));
#10517=CARTESIAN_POINT('',(0.81,-1.533625911923,1.144855864014));
#10518=CARTESIAN_POINT('',(3.89,-1.448773098181,0.997886479447));
#10519=CARTESIAN_POINT('',(3.89,-1.448773098181,0.997886479447));
#10520=CARTESIAN_POINT('',(3.89,-1.448773098181,0.997886479447));
#10521=CARTESIAN_POINT('',(3.89,-1.533625911923,1.144855864014));
#10522=CARTESIAN_POINT('',(0.81,-1.533625911923,1.144855864014));
#10523=CARTESIAN_POINT('',(0.81,-1.448773098181,0.997886479447));
#10524=CARTESIAN_POINT('',(3.89,-1.357888853258,0.973534119416));
#10525=CARTESIAN_POINT('',(3.89,-1.357888853258,0.973534119416));
#10526=CARTESIAN_POINT('',(0.81,-1.357888853258,0.973534119416));
#10527=CARTESIAN_POINT('',(3.89,-1.448773098181,0.997886479447));
#10528=CARTESIAN_POINT('',(0.81,-1.448773098181,0.997886479447));
#10529=CARTESIAN_POINT('',(0.81,-1.357888853258,0.973534119416));
#10530=CARTESIAN_POINT('',(3.89,-1.551524275199,0.9402766356372));
#10531=CARTESIAN_POINT('',(3.89,-1.551524275199,0.9402766356372));
#10532=CARTESIAN_POINT('',(3.89,-1.397030645579,0.5261413859628));
#10533=CARTESIAN_POINT('',(3.89,-1.397030645579,0.5261413859628));
#10534=CARTESIAN_POINT('',(3.89,-1.431728023019,0.5884970768739));
#10535=CARTESIAN_POINT('',(3.89,-1.431728023019,0.5884970768739));
#10536=CARTESIAN_POINT('',(3.89,-1.424755563599,0.6681926527212));
#10537=CARTESIAN_POINT('',(3.89,-1.424755563599,0.6681926527212));
#10538=CARTESIAN_POINT('',(3.89,-1.551524275199,0.9402766356372));
#10539=CARTESIAN_POINT('',(3.89,-3.6,-0.0399999999999997));
#10540=CARTESIAN_POINT('',(3.89,-1.431728023019,0.5884970768739));
#10541=CARTESIAN_POINT('',(3.89,-1.424755563599,0.6681926527212));
#10542=CARTESIAN_POINT('',(0.5,-1.424755563599,0.6681926527212));
#10543=CARTESIAN_POINT('',(0.6,-1.424755563599,0.6681926527212));
#10544=CARTESIAN_POINT('',(0.6,-1.424755563599,0.6681926527212));
#10545=CARTESIAN_POINT('',(0.81,-1.424755563599,0.6681926527212));
#10546=CARTESIAN_POINT('',(0.6,-1.424755563599,0.6681926527212));
#10547=CARTESIAN_POINT('',(0.6,-1.431728023019,0.5884970768739));
#10548=CARTESIAN_POINT('',(0.6,-1.431728023019,0.5884970768739));
#10549=CARTESIAN_POINT('',(0.81,-1.431728023019,0.5884970768739));
#10550=CARTESIAN_POINT('',(0.81,-1.424755563599,0.6681926527212));
#10551=CARTESIAN_POINT('',(0.5,-1.424755563599,0.6681926527212));
#10552=CARTESIAN_POINT('',(3.89,-1.551524275199,0.9402766356372));
#10553=CARTESIAN_POINT('',(0.5,-1.551524275199,0.9402766356372));
#10554=CARTESIAN_POINT('',(0.6,-1.551524275199,0.9402766356372));
#10555=CARTESIAN_POINT('',(0.6,-1.551524275199,0.9402766356372));
#10556=CARTESIAN_POINT('',(0.81,-1.551524275199,0.9402766356372));
#10557=CARTESIAN_POINT('',(0.6,-1.551524275199,0.9402766356372));
#10558=CARTESIAN_POINT('',(0.81,-1.551524275199,0.9402766356372));
#10559=CARTESIAN_POINT('',(0.5,-1.551524275199,0.9402766356372));
#10560=CARTESIAN_POINT('',(0.81,-1.431728023019,0.5884970768739));
#10561=CARTESIAN_POINT('',(0.81,-1.397030645579,0.5261413859628));
#10562=CARTESIAN_POINT('',(0.81,-1.397030645579,0.5261413859628));
#10563=CARTESIAN_POINT('',(0.81,-1.551524275199,0.9402766356372));
#10564=CARTESIAN_POINT('',(0.81,-3.6,-0.0399999999999997));
#10565=CARTESIAN_POINT('',(3.89,-1.397030645579,0.5261413859628));
#10566=CARTESIAN_POINT('',(0.5,-1.431728023019,0.5884970768739));
#10567=CARTESIAN_POINT('',(0.6,-1.431728023019,0.5884970768739));
#10568=CARTESIAN_POINT('',(0.6,-1.397030645579,0.5261413859628));
#10569=CARTESIAN_POINT('',(0.6,-1.397030645579,0.5261413859628));
#10570=CARTESIAN_POINT('',(0.5,-1.431728023019,0.5884970768739));
#10571=CARTESIAN_POINT('',(1.175,-1.385319534335,0.66));
#10572=CARTESIAN_POINT('',(1.025,-1.385319534335,0.66));
#10573=CARTESIAN_POINT('',(3.525,-1.370570715645,0.8285797690275));
#10574=CARTESIAN_POINT('',(3.525,-1.370570715645,0.8285797690275));
#10575=CARTESIAN_POINT('',(3.675,-1.370570715645,0.8285797690275));
#10576=CARTESIAN_POINT('',(3.675,-1.385319534335,0.66));
#10577=CARTESIAN_POINT('',(3.525,-1.385319534335,0.66));
#10578=CARTESIAN_POINT('',(0.6,-1.397030645579,0.5261413859628));
#10579=CARTESIAN_POINT('',(0.6,-1.355233845441,1.003880997627));
#10580=CARTESIAN_POINT('',(0.5,-1.355233845441,1.003880997627));
#10581=CARTESIAN_POINT('',(0.5,-1.355233845441,1.003880997627));
#10582=CARTESIAN_POINT('',(0.5,-1.410104006991,0.376712181249));
#10583=CARTESIAN_POINT('',(4.2,-1.355233845441,1.003880997627));
#10584=CARTESIAN_POINT('',(0.5,-1.397030645579,0.5261413859628));
#10585=CARTESIAN_POINT('',(0.6,-1.551524275199,0.9402766356372));
#10586=CARTESIAN_POINT('',(0.6,-1.527951246956,1.209717581387));
#10587=CARTESIAN_POINT('',(0.6,-1.355233845441,1.003880997627));
#10588=CARTESIAN_POINT('',(0.6,-3.6,-0.0399999999999997));
#10589=CARTESIAN_POINT('',(0.5,-1.527951246956,1.209717581387));
#10590=CARTESIAN_POINT('',(0.5,-1.527951246956,1.209717581387));
#10591=CARTESIAN_POINT('',(0.5,-1.355233845441,1.003880997627));
#10592=CARTESIAN_POINT('',(0.5,-1.355233845441,1.003880997627));
#10593=CARTESIAN_POINT('',(0.5,-1.030441109273,1.466865073264));
#10594=CARTESIAN_POINT('',(0.5,-1.030441109273,1.466865073264));
#10595=CARTESIAN_POINT('',(0.5,-1.103640739427,1.623842186708));
#10596=CARTESIAN_POINT('',(0.5,-0.814471160149,1.447970151054));
#10597=CARTESIAN_POINT('',(0.5,-0.814471160149,1.447970151054));
#10598=CARTESIAN_POINT('',(0.5,-0.897772697195,0.495829225725301));
#10599=CARTESIAN_POINT('',(0.5,-1.48877214042,1.657536818263));
#10600=CARTESIAN_POINT('',(0.5,-1.48877214042,1.657536818263));
#10601=CARTESIAN_POINT('',(0.5,-1.48877214042,1.657536818263));
#10602=CARTESIAN_POINT('',(0.5,-3.6,-0.0399999999999997));
#10603=CARTESIAN_POINT('',(2.22,-1.152440492863,1.728493595671));
#10604=CARTESIAN_POINT('',(2.22,-1.152440492863,1.728493595671));
#10605=CARTESIAN_POINT('',(2.22,-1.300741520489,1.741468254378));
#10606=CARTESIAN_POINT('',(2.22,-1.176840369581,1.780819300153));
#10607=CARTESIAN_POINT('',(2.22,-1.176840369581,1.780819300153));
#10608=CARTESIAN_POINT('',(2.22,-1.176840369581,1.780819300153));
#10609=CARTESIAN_POINT('',(2.22,-1.296383733352,1.791277989282));
#10610=CARTESIAN_POINT('',(2.22,-1.300741520489,1.741468254378));
#10611=CARTESIAN_POINT('',(2.22,-3.6,-0.0399999999999997));
#10612=CARTESIAN_POINT('',(3.33,-1.176840369581,1.780819300153));
#10613=CARTESIAN_POINT('',(3.33,-1.176840369581,1.780819300153));
#10614=CARTESIAN_POINT('',(4.05,-1.176840369581,1.780819300153));
#10615=CARTESIAN_POINT('',(4.05,-1.176840369581,1.780819300153));
#10616=CARTESIAN_POINT('',(4.2,-1.103640739427,1.623842186708));
#10617=CARTESIAN_POINT('',(4.2,-1.030441109273,1.466865073264));
#10618=CARTESIAN_POINT('',(4.2,-1.030441109273,1.466865073264));
#10619=CARTESIAN_POINT('',(0.5,-1.030441109273,1.466865073264));
#10620=CARTESIAN_POINT('',(0.5,-1.103640739427,1.623842186708));
#10621=CARTESIAN_POINT('',(0.65,-1.176840369581,1.780819300153));
#10622=CARTESIAN_POINT('',(0.65,-1.176840369581,1.780819300153));
#10623=CARTESIAN_POINT('',(3.33,-1.152440492863,1.728493595671));
#10624=CARTESIAN_POINT('',(3.33,-1.152440492863,1.728493595671));
#10625=CARTESIAN_POINT('',(3.33,-1.176840369581,1.780819300153));
#10626=CARTESIAN_POINT('',(0.5,-1.030441109273,1.466865073264));
#10627=CARTESIAN_POINT('',(3.33,-1.152440492863,1.728493595671));
#10628=CARTESIAN_POINT('',(3.33,-1.480056566146,1.757156288072));
#10629=CARTESIAN_POINT('',(3.33,-1.475698779008,1.806966022977));
#10630=CARTESIAN_POINT('',(3.33,-1.475698779008,1.806966022977));
#10631=CARTESIAN_POINT('',(3.33,-1.176840369581,1.780819300153));
#10632=CARTESIAN_POINT('',(3.33,-3.6,-0.0399999999999997));
#10633=CARTESIAN_POINT('',(0.65,-1.296383733352,1.791277989282));
#10634=CARTESIAN_POINT('',(0.65,-1.296383733352,1.791277989282));
#10635=CARTESIAN_POINT('',(0.65,-1.296383733352,1.791277989282));
#10636=CARTESIAN_POINT('',(0.5,-1.176840369581,1.780819300153));
#10637=CARTESIAN_POINT('',(3.33,-1.475698779008,1.806966022977));
#10638=CARTESIAN_POINT('',(4.05,-1.475698779008,1.806966022977));
#10639=CARTESIAN_POINT('',(4.05,-1.176840369581,1.780819300153));
#10640=CARTESIAN_POINT('',(0.5,-1.176840369581,1.780819300153));
#10641=CARTESIAN_POINT('',(0.65,-1.296383733352,1.791277989282));
#10642=CARTESIAN_POINT('',(0.6,-1.300741520489,1.741468254378));
#10643=CARTESIAN_POINT('',(0.6,-1.300741520489,1.741468254378));
#10644=CARTESIAN_POINT('',(0.5,-1.300741520489,1.741468254378));
#10645=CARTESIAN_POINT('',(0.6,-1.480056566146,1.757156288072));
#10646=CARTESIAN_POINT('',(0.6,-1.480056566146,1.757156288072));
#10647=CARTESIAN_POINT('',(3.33,-1.480056566146,1.757156288072));
#10648=CARTESIAN_POINT('',(3.33,-1.152440492863,1.728493595671));
#10649=CARTESIAN_POINT('',(0.6,-1.480056566146,1.757156288072));
#10650=CARTESIAN_POINT('',(0.575,-1.332806255001,1.719178059208));
#10651=CARTESIAN_POINT('',(3.22,-1.473824702615,1.254701151889));
#10652=CARTESIAN_POINT('',(3.22,-1.473824702615,1.254701151889));
#10653=CARTESIAN_POINT('',(1.48,-1.473824702615,1.254701151889));
#10654=CARTESIAN_POINT('',(3.22,-1.443320192653,1.603369296221));
#10655=CARTESIAN_POINT('',(3.22,-1.443320192653,1.603369296221));
#10656=CARTESIAN_POINT('',(3.22,-1.443320192653,1.603369296221));
#10657=CARTESIAN_POINT('',(1.48,-1.443320192653,1.603369296221));
#10658=CARTESIAN_POINT('',(1.48,-1.443320192653,1.603369296221));
#10659=CARTESIAN_POINT('',(1.48,-1.473824702615,1.254701151889));
#10660=CARTESIAN_POINT('',(3.22,-1.527992224657,1.209249204122));
#10661=CARTESIAN_POINT('',(3.22,-1.527992224657,1.209249204122));
#10662=CARTESIAN_POINT('',(1.48,-1.527992224657,1.209249204122));
#10663=CARTESIAN_POINT('',(1.48,-1.527992224657,1.209249204122));
#10664=CARTESIAN_POINT('',(1.48,-1.527992224657,1.209249204122));
#10665=CARTESIAN_POINT('',(1.48,-1.527992224657,1.209249204122));
#10666=CARTESIAN_POINT('',(3.22,-1.443320192653,1.603369296221));
#10667=CARTESIAN_POINT('',(3.22,-1.493129927558,1.607727083359));
#10668=CARTESIAN_POINT('',(3.22,-1.527992224657,1.209249204122));
#10669=CARTESIAN_POINT('',(3.22,-3.6,-0.0399999999999997));
#10670=CARTESIAN_POINT('',(1.48,-1.443320192653,1.603369296221));
#10671=CARTESIAN_POINT('',(1.48,-1.493129927558,1.607727083359));
#10672=CARTESIAN_POINT('',(1.48,-1.493129927558,1.607727083359));
#10673=CARTESIAN_POINT('',(1.48,-1.443320192653,1.603369296221));
#10674=CARTESIAN_POINT('',(1.48,-1.527992224657,1.209249204122));
#10675=CARTESIAN_POINT('',(1.48,-3.6,-0.0399999999999997));
#10676=CARTESIAN_POINT('',(4.2,-1.48877214042,1.657536818263));
#10677=CARTESIAN_POINT('',(4.2,-1.48877214042,1.657536818263));
#10678=CARTESIAN_POINT('',(4.2,-1.48877214042,1.657536818263));
#10679=CARTESIAN_POINT('',(0.5,-1.475698779008,1.806966022977));
#10680=CARTESIAN_POINT('',(4.2,-1.103640739427,1.623842186708));
#10681=CARTESIAN_POINT('',(4.125,-1.332806255001,1.719178059208));
#10682=CARTESIAN_POINT('',(4.2,-0.897772697195,0.495829225725301));
#10683=CARTESIAN_POINT('',(4.2,-0.814471160149,1.447970151054));
#10684=CARTESIAN_POINT('',(4.2,-0.814471160149,1.447970151054));
#10685=CARTESIAN_POINT('',(4.2,-3.6,-0.0399999999999997));
#10686=CARTESIAN_POINT('',(0.85,-0.764661425245,1.443612363916));
#10687=CARTESIAN_POINT('',(0.85,-0.764661425245,1.443612363916));
#10688=CARTESIAN_POINT('',(3.85,-0.764661425245,1.443612363916));
#10689=CARTESIAN_POINT('',(3.85,-0.782092573794,1.244373424298));
#10690=CARTESIAN_POINT('',(3.85,-0.782092573794,1.244373424298));
#10691=CARTESIAN_POINT('',(0.85,-0.782092573794,1.244373424298));
#10692=CARTESIAN_POINT('',(0.85,-0.782092573794,1.244373424298));
#10693=CARTESIAN_POINT('',(0.85,-0.782092573794,1.244373424298));
#10694=CARTESIAN_POINT('',(0.85,-0.782092573794,1.244373424298));
#10695=CARTESIAN_POINT('',(3.85,-0.814471160149,1.447970151054));
#10696=CARTESIAN_POINT('',(3.85,-0.814471160149,1.447970151054));
#10697=CARTESIAN_POINT('',(3.85,-0.764661425245,1.443612363916));
#10698=CARTESIAN_POINT('',(0.85,-0.764661425245,1.443612363916));
#10699=CARTESIAN_POINT('',(0.85,-0.814471160149,1.447970151054));
#10700=CARTESIAN_POINT('',(0.5,-0.814471160149,1.447970151054));
#10701=CARTESIAN_POINT('',(0.5,-0.814471160149,1.447970151054));
#10702=CARTESIAN_POINT('',(3.85,-0.831902308699,1.248731211435));
#10703=CARTESIAN_POINT('',(3.85,-0.831902308699,1.248731211435));
#10704=CARTESIAN_POINT('',(3.85,-0.814471160149,1.447970151054));
#10705=CARTESIAN_POINT('',(3.85,-3.6,-0.0399999999999997));
#10706=CARTESIAN_POINT('',(0.85,-0.831902308699,1.248731211435));
#10707=CARTESIAN_POINT('',(0.85,-0.831902308699,1.248731211435));
#10708=CARTESIAN_POINT('',(0.85,-0.831902308699,1.248731211435));
#10709=CARTESIAN_POINT('',(0.85,-0.831902308699,1.248731211435));
#10710=CARTESIAN_POINT('',(0.85,-0.814471160149,1.447970151054));
#10711=CARTESIAN_POINT('',(0.85,-3.6,-0.0399999999999997));
#10712=CARTESIAN_POINT('',(1.175,-0.883409615563,0.66));
#10713=CARTESIAN_POINT('',(1.025,-0.883409615563,0.66));
#10714=CARTESIAN_POINT('',(3.675,-0.883409615563,0.66));
#10715=CARTESIAN_POINT('',(3.675,-0.872505653926,0.784632851817));
#10716=CARTESIAN_POINT('',(3.525,-0.872505653926,0.784632851817));
#10717=CARTESIAN_POINT('',(3.525,-0.872505653926,0.784632851817));
#10718=CARTESIAN_POINT('',(3.525,-0.883409615563,0.66));
#10719=CARTESIAN_POINT('',(0.5,-0.910342477172,0.3521559831527));
#10720=CARTESIAN_POINT('',(3.525,-3.6,-0.0399999999999997));
#10721=CARTESIAN_POINT('',(3.525,-3.6,-0.0399999999999997));
#10722=CARTESIAN_POINT('',(3.525,-1.7,0.66));
#10723=CARTESIAN_POINT('',(3.525,-1.370570715645,0.8285797690275));
#10724=CARTESIAN_POINT('',(3.525,-3.6,-0.0399999999999997));
#10725=CARTESIAN_POINT('',(3.525,-1.7,0.210000000000001));
#10726=CARTESIAN_POINT('',(3.525,-1.7,0.210000000000001));
#10727=CARTESIAN_POINT('',(3.525,-0.55,4.33680868994202E-16));
#10728=CARTESIAN_POINT('',(3.525,-0.51,4.33680868994202E-16));
#10729=CARTESIAN_POINT('',(3.525,-0.51,4.33680868994202E-16));
#10730=CARTESIAN_POINT('',(3.525,-0.51,0.210000000000001));
#10731=CARTESIAN_POINT('',(3.525,-1.7,0.210000000000001));
#10732=CARTESIAN_POINT('',(3.525,-3.6,-0.0399999999999997));
#10733=CARTESIAN_POINT('',(3.525,-0.82,0.78));
#10734=CARTESIAN_POINT('',(3.525,-3.6,-0.0399999999999997));
#10735=CARTESIAN_POINT('',(3.675,-1.370570715645,0.8285797690275));
#10736=CARTESIAN_POINT('',(3.525,-0.82,0.78));
#10737=CARTESIAN_POINT('',(3.675,-0.82,0.78));
#10738=CARTESIAN_POINT('',(3.525,-0.82,0.78));
#10739=CARTESIAN_POINT('',(3.675,-3.6,-0.0399999999999997));
#10740=CARTESIAN_POINT('',(3.675,-3.6,-0.0399999999999997));
#10741=CARTESIAN_POINT('',(3.675,-1.7,0.66));
#10742=CARTESIAN_POINT('',(3.675,-3.6,-0.0399999999999997));
#10743=CARTESIAN_POINT('',(3.675,-0.51,0.210000000000001));
#10744=CARTESIAN_POINT('',(3.675,-0.51,0.210000000000001));
#10745=CARTESIAN_POINT('',(3.675,-0.51,4.33680868994202E-16));
#10746=CARTESIAN_POINT('',(3.675,-0.55,4.33680868994202E-16));
#10747=CARTESIAN_POINT('',(3.675,-1.7,0.210000000000001));
#10748=CARTESIAN_POINT('',(3.675,-1.7,0.210000000000001));
#10749=CARTESIAN_POINT('',(3.675,-1.7,0.210000000000001));
#10750=CARTESIAN_POINT('',(3.675,-3.6,-0.0399999999999997));
#10751=CARTESIAN_POINT('',(3.675,-3.6,-0.0399999999999997));
#10752=CARTESIAN_POINT('',(1.175,-1.7,0.210000000000001));
#10753=CARTESIAN_POINT('',(1.175,-1.7,0.210000000000001));
#10754=CARTESIAN_POINT('',(1.175,-0.51,0.210000000000001));
#10755=CARTESIAN_POINT('',(1.175,-0.51,0.210000000000001));
#10756=CARTESIAN_POINT('',(1.175,-1.7,0.210000000000001));
#10757=CARTESIAN_POINT('',(0.,-3.6,0.210000000000001));
#10758=CARTESIAN_POINT('',(0.8,-0.51,0.210000000000001));
#10759=CARTESIAN_POINT('',(1.025,-0.51,0.210000000000001));
#10760=CARTESIAN_POINT('',(0.21,-1.7,0.210000000000001));
#10761=CARTESIAN_POINT('',(1.025,-1.7,0.210000000000001));
#10762=CARTESIAN_POINT('',(1.025,-1.7,0.210000000000001));
#10763=CARTESIAN_POINT('',(0.,-3.6,0.210000000000001));
#10764=CARTESIAN_POINT('',(1.675,-1.7,0.210000000000001));
#10765=CARTESIAN_POINT('',(1.675,-0.51,0.210000000000001));
#10766=CARTESIAN_POINT('',(0.,-3.6,0.210000000000001));
#10767=CARTESIAN_POINT('',(2.175,-1.7,0.210000000000001));
#10768=CARTESIAN_POINT('',(2.175,-0.51,0.210000000000001));
#10769=CARTESIAN_POINT('',(0.,-3.6,0.210000000000001));
#10770=CARTESIAN_POINT('',(2.675,-1.7,0.210000000000001));
#10771=CARTESIAN_POINT('',(2.675,-0.51,0.210000000000001));
#10772=CARTESIAN_POINT('',(0.,-3.6,0.210000000000001));
#10773=CARTESIAN_POINT('',(3.175,-1.7,0.210000000000001));
#10774=CARTESIAN_POINT('',(3.175,-0.51,0.210000000000001));
#10775=CARTESIAN_POINT('',(0.,-3.6,0.210000000000001));
#10776=CARTESIAN_POINT('',(3.675,-1.7,0.210000000000001));
#10777=CARTESIAN_POINT('',(3.675,-0.51,0.210000000000001));
#10778=CARTESIAN_POINT('',(0.,-3.6,0.210000000000001));
#10779=CARTESIAN_POINT('',(1.175,-0.51,4.33680868994202E-16));
#10780=CARTESIAN_POINT('',(1.175,-0.51,4.33680868994202E-16));
#10781=CARTESIAN_POINT('',(1.175,-0.51,4.33680868994202E-16));
#10782=CARTESIAN_POINT('',(0.8,-0.51,0.210000000000001));
#10783=CARTESIAN_POINT('',(0.8,-0.51,4.33680868994202E-16));
#10784=CARTESIAN_POINT('',(1.025,-0.51,4.33680868994202E-16));
#10785=CARTESIAN_POINT('',(1.025,-0.51,4.33680868994202E-16));
#10786=CARTESIAN_POINT('',(0.8,-0.51,0.210000000000001));
#10787=CARTESIAN_POINT('',(1.675,-0.51,4.33680868994202E-16));
#10788=CARTESIAN_POINT('',(0.8,-0.51,0.210000000000001));
#10789=CARTESIAN_POINT('',(2.175,-0.51,4.33680868994202E-16));
#10790=CARTESIAN_POINT('',(0.8,-0.51,0.210000000000001));
#10791=CARTESIAN_POINT('',(2.675,-0.51,4.33680868994202E-16));
#10792=CARTESIAN_POINT('',(0.8,-0.51,0.210000000000001));
#10793=CARTESIAN_POINT('',(3.175,-0.51,4.33680868994202E-16));
#10794=CARTESIAN_POINT('',(0.8,-0.51,0.210000000000001));
#10795=CARTESIAN_POINT('',(3.675,-0.51,4.33680868994202E-16));
#10796=CARTESIAN_POINT('',(0.8,-0.51,0.210000000000001));
#10797=CARTESIAN_POINT('',(1.175,-1.7,0.66));
#10798=CARTESIAN_POINT('',(1.175,-3.6,-0.0399999999999997));
#10799=CARTESIAN_POINT('',(1.175,-3.6,-0.0399999999999997));
#10800=CARTESIAN_POINT('',(1.175,-3.6,-0.0399999999999997));
#10801=CARTESIAN_POINT('',(1.175,-3.6,-0.0399999999999997));
#10802=CARTESIAN_POINT('',(1.175,-0.55,4.33680868994202E-16));
#10803=CARTESIAN_POINT('',(1.175,-0.55,4.33680868994202E-16));
#10804=CARTESIAN_POINT('',(1.175,-1.7,0.210000000000001));
#10805=CARTESIAN_POINT('',(1.175,-0.55,4.33680868994202E-16));
#10806=CARTESIAN_POINT('',(1.175,-3.6,-0.0399999999999997));
#10807=CARTESIAN_POINT('',(1.025,-0.55,4.33680868994202E-16));
#10808=CARTESIAN_POINT('',(1.025,-0.55,4.33680868994202E-16));
#10809=CARTESIAN_POINT('',(1.025,-0.55,4.33680868994202E-16));
#10810=CARTESIAN_POINT('',(1.025,-0.55,0.0900000000000002));
#10811=CARTESIAN_POINT('',(1.025,-1.7,0.66));
#10812=CARTESIAN_POINT('',(1.025,-3.6,-0.0399999999999997));
#10813=CARTESIAN_POINT('',(1.025,-3.6,-0.0399999999999997));
#10814=CARTESIAN_POINT('',(1.025,-3.6,-0.0399999999999997));
#10815=CARTESIAN_POINT('',(1.025,-3.6,-0.0399999999999997));
#10816=CARTESIAN_POINT('',(1.025,-1.7,0.210000000000001));
#10817=CARTESIAN_POINT('',(1.025,-0.55,4.33680868994202E-16));
#10818=CARTESIAN_POINT('',(1.025,-3.6,-0.0399999999999997));
#10819=CARTESIAN_POINT('',(4.7,0.,4.33680868994202E-16));
#10820=CARTESIAN_POINT('',(0.,-2.2,4.33680868994202E-16));
#10821=CARTESIAN_POINT('',(4.7,0.,4.33680868994202E-16));
#10822=CARTESIAN_POINT('',(4.7,-3.15,0.96));
#10823=CARTESIAN_POINT('',(4.7,-3.15,0.64));
#10824=CARTESIAN_POINT('',(4.7,-2.6215852375054,0.27));
#10825=CARTESIAN_POINT('',(4.7,-2.6215852375054,0.27));
#10826=CARTESIAN_POINT('',(4.7,-2.6215852375054,0.0700000000000002));
#10827=CARTESIAN_POINT('',(4.7,-2.6215852375054,0.0700000000000002));
#10828=CARTESIAN_POINT('',(4.7,-2.27,0.0700000000000002));
#10829=CARTESIAN_POINT('',(4.7,-3.6,-0.0399999999999997));
#10830=CARTESIAN_POINT('',(4.315,-3.35,0.43));
#10831=CARTESIAN_POINT('',(4.315,-3.35,0.43));
#10832=CARTESIAN_POINT('',(4.465,-3.35,0.43));
#10833=CARTESIAN_POINT('',(4.465,-3.35,0.78));
#10834=CARTESIAN_POINT('',(4.465,-3.35,0.78));
#10835=CARTESIAN_POINT('',(4.315,-3.35,0.78));
#10836=CARTESIAN_POINT('',(4.315,-3.35,0.78));
#10837=CARTESIAN_POINT('',(4.315,-3.35,0.78));
#10838=CARTESIAN_POINT('',(4.315,-3.35,0.78));
#10839=CARTESIAN_POINT('',(4.315,-3.4,0.43));
#10840=CARTESIAN_POINT('',(4.315,-3.4,0.43));
#10841=CARTESIAN_POINT('',(4.465,-3.4,0.43));
#10842=CARTESIAN_POINT('',(4.465,-3.35,0.43));
#10843=CARTESIAN_POINT('',(4.315,-3.35,0.43));
#10844=CARTESIAN_POINT('',(4.315,-3.35,0.43));
#10845=CARTESIAN_POINT('',(4.315,-3.4,0.23));
#10846=CARTESIAN_POINT('',(4.315,-3.4,0.23));
#10847=CARTESIAN_POINT('',(4.465,-3.4,0.23));
#10848=CARTESIAN_POINT('',(4.465,-3.4,0.43));
#10849=CARTESIAN_POINT('',(4.315,-3.4,0.43));
#10850=CARTESIAN_POINT('',(4.315,-3.4,0.43));
#10851=CARTESIAN_POINT('',(4.315,-3.35,0.23));
#10852=CARTESIAN_POINT('',(4.315,-3.35,0.23));
#10853=CARTESIAN_POINT('',(4.465,-3.35,0.23));
#10854=CARTESIAN_POINT('',(4.465,-3.4,0.23));
#10855=CARTESIAN_POINT('',(4.315,-3.4,0.23));
#10856=CARTESIAN_POINT('',(4.315,-3.4,0.23));
#10857=CARTESIAN_POINT('',(4.315,-3.35,-0.0599999999999997));
#10858=CARTESIAN_POINT('',(4.315,-3.35,-0.0599999999999997));
#10859=CARTESIAN_POINT('',(4.465,-3.35,-0.0599999999999997));
#10860=CARTESIAN_POINT('',(4.465,-3.35,0.23));
#10861=CARTESIAN_POINT('',(4.315,-3.35,0.23));
#10862=CARTESIAN_POINT('',(4.315,-3.35,0.23));
#10863=CARTESIAN_POINT('',(4.315,-2.55,-0.0599999999999997));
#10864=CARTESIAN_POINT('',(4.315,-2.55,-0.0599999999999997));
#10865=CARTESIAN_POINT('',(4.465,-2.55,-0.0599999999999997));
#10866=CARTESIAN_POINT('',(4.465,-3.35,-0.0599999999999997));
#10867=CARTESIAN_POINT('',(4.315,-3.35,-0.0599999999999997));
#10868=CARTESIAN_POINT('',(4.315,-3.35,-0.0599999999999997));
#10869=CARTESIAN_POINT('',(4.465,-2.55,-0.0599999999999997));
#10870=CARTESIAN_POINT('',(4.465,-2.55,0.0700000000000002));
#10871=CARTESIAN_POINT('',(4.315,-2.55,-0.0599999999999997));
#10872=CARTESIAN_POINT('',(4.315,-2.55,0.0700000000000002));
#10873=CARTESIAN_POINT('',(4.315,-2.55,0.0700000000000002));
#10874=CARTESIAN_POINT('',(4.315,-2.55,-0.0599999999999997));
#10875=CARTESIAN_POINT('',(4.315,-2.6215852375054,0.0700000000000002));
#10876=CARTESIAN_POINT('',(4.315,-2.6215852375054,0.0700000000000002));
#10877=CARTESIAN_POINT('',(4.7,-2.6215852375054,0.0700000000000002));
#10878=CARTESIAN_POINT('',(4.465,-2.6215852375054,0.0700000000000002));
#10879=CARTESIAN_POINT('',(4.465,-2.55,0.0700000000000002));
#10880=CARTESIAN_POINT('',(4.315,-2.55,0.0700000000000002));
#10881=CARTESIAN_POINT('',(4.7,-2.27,0.0700000000000002));
#10882=CARTESIAN_POINT('',(4.7,-2.6215852375054,0.27));
#10883=CARTESIAN_POINT('',(4.465,-2.6215852375054,0.27));
#10884=CARTESIAN_POINT('',(4.465,-2.6215852375054,0.0700000000000002));
#10885=CARTESIAN_POINT('',(4.7,-2.6215852375054,0.0700000000000002));
#10886=CARTESIAN_POINT('',(4.315,-2.6215852375054,0.27));
#10887=CARTESIAN_POINT('',(4.315,-2.6215852375054,0.27));
#10888=CARTESIAN_POINT('',(4.315,-2.6215852375054,0.0700000000000002));
#10889=CARTESIAN_POINT('',(4.7,-2.6215852375054,0.0700000000000002));
#10890=CARTESIAN_POINT('',(4.7,-3.15,0.64));
#10891=CARTESIAN_POINT('',(4.465,-3.15,0.64));
#10892=CARTESIAN_POINT('',(4.465,-2.6215852375054,0.27));
#10893=CARTESIAN_POINT('',(4.7,-2.6215852375054,0.27));
#10894=CARTESIAN_POINT('',(4.315,-3.15,0.64));
#10895=CARTESIAN_POINT('',(4.315,-3.15,0.64));
#10896=CARTESIAN_POINT('',(4.315,-2.6215852375054,0.27));
#10897=CARTESIAN_POINT('',(4.7,-2.6215852375054,0.27));
#10898=CARTESIAN_POINT('',(4.315,-3.15,0.78));
#10899=CARTESIAN_POINT('',(4.315,-3.15,0.78));
#10900=CARTESIAN_POINT('',(4.465,-3.15,0.78));
#10901=CARTESIAN_POINT('',(4.465,-3.15,0.64));
#10902=CARTESIAN_POINT('',(4.315,-3.15,0.64));
#10903=CARTESIAN_POINT('',(4.7,-3.15,0.64));
#10904=CARTESIAN_POINT('',(4.315,-1.29,0.54));
#10905=CARTESIAN_POINT('',(4.315,-1.29,0.54));
#10906=CARTESIAN_POINT('',(4.465,-1.29,0.54));
#10907=CARTESIAN_POINT('',(4.465,-1.29,0.22));
#10908=CARTESIAN_POINT('',(4.465,-1.29,0.22));
#10909=CARTESIAN_POINT('',(4.315,-1.29,0.22));
#10910=CARTESIAN_POINT('',(4.315,-1.29,0.22));
#10911=CARTESIAN_POINT('',(4.315,-1.29,0.22));
#10912=CARTESIAN_POINT('',(4.315,-1.29,0.22));
#10913=CARTESIAN_POINT('',(4.315,-0.78,0.54));
#10914=CARTESIAN_POINT('',(4.315,-0.78,0.54));
#10915=CARTESIAN_POINT('',(4.465,-0.78,0.54));
#10916=CARTESIAN_POINT('',(4.465,-1.29,0.54));
#10917=CARTESIAN_POINT('',(4.315,-1.29,0.54));
#10918=CARTESIAN_POINT('',(4.315,-1.29,0.54));
#10919=CARTESIAN_POINT('',(4.315,-0.363783783784,0.6827027027027));
#10920=CARTESIAN_POINT('',(4.315,-0.363783783784,0.6827027027027));
#10921=CARTESIAN_POINT('',(4.465,-0.363783783784,0.6827027027027));
#10922=CARTESIAN_POINT('',(4.465,-0.78,0.54));
#10923=CARTESIAN_POINT('',(4.315,-0.78,0.54));
#10924=CARTESIAN_POINT('',(4.315,-0.78,0.54));
#10925=CARTESIAN_POINT('',(4.315,-0.38,0.78));
#10926=CARTESIAN_POINT('',(4.315,-0.38,0.78));
#10927=CARTESIAN_POINT('',(4.465,-0.38,0.78));
#10928=CARTESIAN_POINT('',(4.465,-0.38,0.73));
#10929=CARTESIAN_POINT('',(4.315,-0.38,0.73));
#10930=CARTESIAN_POINT('',(4.315,-0.38,0.73));
#10931=CARTESIAN_POINT('',(4.465,-3.15,0.78));
#10932=CARTESIAN_POINT('',(4.315,-3.15,0.78));
#10933=CARTESIAN_POINT('',(4.315,-0.38,0.78));
#10934=CARTESIAN_POINT('',(4.315,-1.7,0.78));
#10935=CARTESIAN_POINT('',(4.315,-1.7,0.78));
#10936=CARTESIAN_POINT('',(4.465,-1.7,0.78));
#10937=CARTESIAN_POINT('',(4.465,-0.38,0.78));
#10938=CARTESIAN_POINT('',(4.315,-0.38,0.78));
#10939=CARTESIAN_POINT('',(4.315,-0.38,0.78));
#10940=CARTESIAN_POINT('',(4.465,-3.6,-0.0399999999999997));
#10941=CARTESIAN_POINT('',(4.465,-1.7,0.22));
#10942=CARTESIAN_POINT('',(4.465,-1.7,0.22));
#10943=CARTESIAN_POINT('',(4.465,-1.7,0.22));
#10944=CARTESIAN_POINT('',(4.465,-3.6,-0.0399999999999997));
#10945=CARTESIAN_POINT('',(4.315,-1.7,0.22));
#10946=CARTESIAN_POINT('',(4.315,-1.7,0.22));
#10947=CARTESIAN_POINT('',(4.315,-1.7,0.22));
#10948=CARTESIAN_POINT('',(4.315,-2.55,0.22));
#10949=CARTESIAN_POINT('',(4.315,-3.6,-0.0399999999999997));
#10950=CARTESIAN_POINT('',(4.315,-1.7,0.22));
#10951=CARTESIAN_POINT('',(4.315,-3.6,-0.0399999999999997));
#10952=CARTESIAN_POINT('',(0.385,-1.7,0.78));
#10953=CARTESIAN_POINT('',(0.385,-1.7,0.78));
#10954=CARTESIAN_POINT('',(0.385,-1.7,0.22));
#10955=CARTESIAN_POINT('',(0.385,-1.7,0.22));
#10956=CARTESIAN_POINT('',(0.385,-1.7,0.22));
#10957=CARTESIAN_POINT('',(0.5,-1.7,0.96));
#10958=CARTESIAN_POINT('',(0.385,-3.15,0.78));
#10959=CARTESIAN_POINT('',(0.385,-0.38,0.78));
#10960=CARTESIAN_POINT('',(0.385,-0.38,0.78));
#10961=CARTESIAN_POINT('',(0.385,-0.38,0.78));
#10962=CARTESIAN_POINT('',(0.385,-0.38,0.78));
#10963=CARTESIAN_POINT('',(0.385,-0.38,0.78));
#10964=CARTESIAN_POINT('',(0.385,-0.363783783784,0.6827027027027));
#10965=CARTESIAN_POINT('',(0.385,-0.363783783784,0.6827027027027));
#10966=CARTESIAN_POINT('',(0.385,-0.38,0.73));
#10967=CARTESIAN_POINT('',(0.385,-0.38,0.73));
#10968=CARTESIAN_POINT('',(0.385,-0.78,0.54));
#10969=CARTESIAN_POINT('',(0.385,-0.78,0.54));
#10970=CARTESIAN_POINT('',(0.385,-0.78,0.54));
#10971=CARTESIAN_POINT('',(0.385,-0.78,0.54));
#10972=CARTESIAN_POINT('',(0.385,-1.29,0.54));
#10973=CARTESIAN_POINT('',(0.385,-1.29,0.54));
#10974=CARTESIAN_POINT('',(0.385,-1.29,0.54));
#10975=CARTESIAN_POINT('',(0.385,-1.29,0.54));
#10976=CARTESIAN_POINT('',(0.385,-1.29,0.22));
#10977=CARTESIAN_POINT('',(0.385,-1.29,0.22));
#10978=CARTESIAN_POINT('',(0.385,-1.29,0.22));
#10979=CARTESIAN_POINT('',(0.385,-1.29,0.22));
#10980=CARTESIAN_POINT('',(0.385,-1.7,0.22));
#10981=CARTESIAN_POINT('',(0.385,-2.55,0.22));
#10982=CARTESIAN_POINT('',(0.385,-3.15,0.64));
#10983=CARTESIAN_POINT('',(0.385,-3.6,-0.0399999999999997));
#10984=CARTESIAN_POINT('',(0.385,-3.6,-0.0399999999999997));
#10985=CARTESIAN_POINT('',(0.,-3.15,0.64));
#10986=CARTESIAN_POINT('',(0.,-3.15,0.64));
#10987=CARTESIAN_POINT('',(0.,-3.15,0.64));
#10988=CARTESIAN_POINT('',(0.,-3.6,-0.0399999999999997));
#10989=MECHANICAL_DESIGN_GEOMETRIC_PRESENTATION_REPRESENTATION('',(#6879,
#6880,#6881,#6882,#6883,#6884,#6885,#6886,#6887,#6888,#6889,#6890,#6891,
#6892,#6893,#6894,#6895,#6896,#6897,#6898,#6899,#6900,#6901,#6902,#6903,
#6904,#6905,#6906,#6907,#6908,#6909,#6910,#6911,#6912),#10990);
#10990=(
GEOMETRIC_REPRESENTATION_CONTEXT(3)
GLOBAL_UNCERTAINTY_ASSIGNED_CONTEXT((#10991))
GLOBAL_UNIT_ASSIGNED_CONTEXT((#10997,#10993,#10992))
REPRESENTATION_CONTEXT('5034800640wbm000_01_214',
'TOP_LEVEL_ASSEMBLY_PART')
);
#10991=UNCERTAINTY_MEASURE_WITH_UNIT(LENGTH_MEASURE(0.001),#10997,
'DISTANCE_ACCURACY_VALUE','Maximum Tolerance applied to model');
#10992=(
NAMED_UNIT(*)
SI_UNIT($,.STERADIAN.)
SOLID_ANGLE_UNIT()
);
#10993=(
CONVERSION_BASED_UNIT('DEGREE',#10995)
NAMED_UNIT(#10994)
PLANE_ANGLE_UNIT()
);
#10994=DIMENSIONAL_EXPONENTS(0.,0.,0.,0.,0.,0.,0.);
#10995=PLANE_ANGLE_MEASURE_WITH_UNIT(PLANE_ANGLE_MEASURE(0.0174532925),
#10996);
#10996=(
NAMED_UNIT(*)
PLANE_ANGLE_UNIT()
SI_UNIT($,.RADIAN.)
);
#10997=(
LENGTH_UNIT()
NAMED_UNIT(*)
SI_UNIT(.MILLI.,.METRE.)
);
ENDSEC;
END-ISO-10303-21;
