ISO-10303-21;
HEADER;
/* Generated by software containing ST-Developer
 * from STEP Tools, Inc. (www.steptools.com) 
 */
/* OPTION: using custom renumber hook */

FILE_DESCRIPTION(
/* description */ ('STEP AP242 Edition 2',
'CAx-IF Rec.Pracs.---Representation and Presentation of Product Manufa
cturing Information (PMI)---4.0---2014-10-13',
'CAx-IF Rec.Pracs.---3D Tessellated Geometry---0.4---2014-09-14','2;1',
'CAx-IF Rec.Pracs.---User Defined Attributes---1.5---2016-08-15'),
/* implementation_level */ '2;1');

FILE_NAME(
/* name */ 'TO-247-4LD bend top + M3 screw',
/* time_stamp */ '2026-09-17T17:39:30Z',
/* author */ (''),
/* organization */ (''),
/* preprocessor_version */ 'ST-DEVELOPER v20',
/* originating_system */ 'ONSHAPE BY PTC INC, 1.220',
/* authorisation */ '  ');

FILE_SCHEMA (('AP242_MANAGED_MODEL_BASED_3D_ENGINEERING_MIM_LF { 1 0 10303 442 3 1 4 }'));
ENDSEC;

DATA;
#10=B_SPLINE_SURFACE_WITH_KNOTS('',3,1,((#6466,#6467),(#6468,#6469),(#6470,
#6471),(#6472,#6473),(#6474,#6475),(#6476,#6477),(#6478,#6479),(#6480,#6481),
(#6482,#6483),(#6484,#6485)),.SURF_OF_LINEAR_EXTRUSION.,.F.,.F.,.F.,(4,
1,1,1,1,1,1,4),(2,2),(-27.0300001745801,-25.7725001309351,-25.1437501091126,
-24.8293750982013,-24.5150000872901,-23.8862500654675,-23.257500043645,
-22.),(0.,1.),.UNSPECIFIED.);
#11=B_SPLINE_SURFACE_WITH_KNOTS('',3,1,((#6525,#6526),(#6527,#6528),(#6529,
#6530),(#6531,#6532),(#6533,#6534),(#6535,#6536)),
 .SURF_OF_LINEAR_EXTRUSION.,.F.,.F.,.F.,(4,1,1,4),(2,2),(-20.0120008237784,
-19.5090006178338,-19.0060004118892,-18.),(0.,1.),.UNSPECIFIED.);
#12=B_SPLINE_SURFACE_WITH_KNOTS('',3,1,((#6645,#6646),(#6647,#6648),(#6649,
#6650),(#6651,#6652),(#6653,#6654),(#6655,#6656)),
 .SURF_OF_LINEAR_EXTRUSION.,.F.,.F.,.F.,(4,1,1,4),(2,2),(-4.01200081565894,
-3.50900061174421,-3.00600040782947,-1.99999999999999),(0.,1.),
 .UNSPECIFIED.);
#13=B_SPLINE_SURFACE_WITH_KNOTS('',3,1,((#6722,#6723),(#6724,#6725),(#6726,
#6727),(#6728,#6729),(#6730,#6731),(#6732,#6733),(#6734,#6735)),
 .SURF_OF_LINEAR_EXTRUSION.,.F.,.F.,.F.,(4,1,1,1,4),(2,2),(2.84781683676198,
4.84137838874834,5.33976877674493,5.83815916474152,6.8349399407347),(0.,
1.),.UNSPECIFIED.);
#14=B_SPLINE_SURFACE_WITH_KNOTS('',3,1,((#6753,#6754),(#6755,#6756),(#6757,
#6758),(#6759,#6760),(#6761,#6762),(#6763,#6764),(#6765,#6766),(#6767,#6768),
(#6769,#6770),(#6771,#6772),(#6773,#6774),(#6775,#6776),(#6777,#6778),(#6779,
#6780),(#6781,#6782),(#6783,#6784),(#6785,#6786)),
 .SURF_OF_LINEAR_EXTRUSION.,.F.,.F.,.F.,(4,1,1,1,1,1,1,1,1,1,1,1,1,1,4),
(2,2),(12.7344305491622,13.4969942231088,14.2595578970553,14.6408397340286,
14.8314806525153,15.0221215710019,15.7846852449485,16.1659670819217,16.547248918895,
16.7378898373817,16.9285307558683,17.3098125928416,17.6910944298149,18.0723762667881,
18.8349399407347),(0.,1.),.UNSPECIFIED.);
#15=B_SPLINE_SURFACE_WITH_KNOTS('',3,1,((#6845,#6846),(#6847,#6848),(#6849,
#6850),(#6851,#6852),(#6853,#6854),(#6855,#6856),(#6857,#6858),(#6859,#6860)),
 .SURF_OF_LINEAR_EXTRUSION.,.F.,.F.,.F.,(4,1,1,1,1,4),(2,2),(-17.9972822828363,
-17.3210070333051,-16.9828694085396,-16.644731783774,-15.9684565342428,
-15.2921812847116),(0.,1.),.UNSPECIFIED.);
#16=B_SPLINE_SURFACE_WITH_KNOTS('',3,1,((#6898,#6899),(#6900,#6901),(#6902,
#6903),(#6904,#6905),(#6906,#6907),(#6908,#6909)),
 .SURF_OF_LINEAR_EXTRUSION.,.F.,.F.,.F.,(4,1,1,4),(2,2),(-11.,-10.5,-10.,
-9.),(0.,1.),.UNSPECIFIED.);
#17=B_SPLINE_SURFACE_WITH_KNOTS('',3,1,((#6943,#6944),(#6945,#6946),(#6947,
#6948),(#6949,#6950),(#6951,#6952),(#6953,#6954),(#6955,#6956),(#6957,#6958),
(#6959,#6960),(#6961,#6962),(#6963,#6964),(#6965,#6966),(#6967,#6968),(#6969,
#6970),(#6971,#6972)),.SURF_OF_LINEAR_EXTRUSION.,.T.,.F.,.F.,(1,1,1,1,1,
1,1,1,1,1,1,1,1,1,1,1,1,1,1),(2,2),(3.9973606606158,4.9497067571581,4.9974853378579,
6.,6.47485813697318,6.94971627394636,6.99748581369732,7.94971368018756,
7.99748568400938,8.94987428420047,9.44854374825828,9.94721321231609,9.9973606606158,
10.9497067571581,10.9974853378579,12.,12.4748581369732,12.9497162739464,
12.9974858136973),(0.,1.),.UNSPECIFIED.);
#18=B_SPLINE_SURFACE_WITH_KNOTS('',3,1,((#7073,#7074),(#7075,#7076),(#7077,
#7078),(#7079,#7080),(#7081,#7082),(#7083,#7084),(#7085,#7086)),
 .SURF_OF_LINEAR_EXTRUSION.,.F.,.F.,.F.,(4,1,1,1,4),(2,2),(-18.0180000836056,
-17.2635000627042,-16.5090000418028,-15.7545000209014,-15.),(0.,1.),
 .UNSPECIFIED.);
#19=B_SPLINE_SURFACE_WITH_KNOTS('',3,1,((#7146,#7147),(#7148,#7149),(#7150,
#7151),(#7152,#7153),(#7154,#7155),(#7156,#7157),(#7158,#7159),(#7160,#7161)),
 .SURF_OF_LINEAR_EXTRUSION.,.F.,.F.,.F.,(4,1,1,1,1,4),(2,2),(-21.,-20.25,
-19.5,-19.125,-18.75,-18.),(0.,1.),.UNSPECIFIED.);
#20=B_SPLINE_SURFACE_WITH_KNOTS('',3,1,((#7199,#7200),(#7201,#7202),(#7203,
#7204),(#7205,#7206),(#7207,#7208),(#7209,#7210),(#7211,#7212),(#7213,#7214),
(#7215,#7216),(#7217,#7218)),.SURF_OF_LINEAR_EXTRUSION.,.F.,.F.,.F.,(4,
1,1,1,1,1,1,4),(2,2),(-15.0180093074232,-14.2635069805674,-13.8862558171395,
-13.5090046537116,-13.1317534902837,-12.9431279085698,-12.7545023268558,
-12.),(0.,1.),.UNSPECIFIED.);
#21=B_SPLINE_SURFACE_WITH_KNOTS('',3,1,((#7261,#7262),(#7263,#7264),(#7265,
#7266),(#7267,#7268),(#7269,#7270),(#7271,#7272),(#7273,#7274),(#7275,#7276),
(#7277,#7278),(#7279,#7280)),.SURF_OF_LINEAR_EXTRUSION.,.F.,.F.,.F.,(4,
1,1,1,1,1,1,4),(2,2),(-7.01759239303574,-6.25866788632301,-6.06893675964482,
-5.87920563296664,-5.49974337961027,-5.12028112625391,-4.74081887289754,
-3.98189436618481),(0.,1.),.UNSPECIFIED.);
#22=B_SPLINE_SURFACE_WITH_KNOTS('',3,1,((#7377,#7378),(#7379,#7380),(#7381,
#7382),(#7383,#7384),(#7385,#7386),(#7387,#7388),(#7389,#7390),(#7391,#7392),
(#7393,#7394),(#7395,#7396),(#7397,#7398)),.SURF_OF_LINEAR_EXTRUSION.,.F.,
 .F.,.F.,(4,1,1,1,1,1,1,1,4),(2,2),(-27.8061626468706,-27.3950516925866,
-26.9839407383026,-26.5728297840186,-26.1617188297346,-25.7506078754506,
-25.3394969211666,-24.9283859668826,-24.5172750125987),(0.,1.),
 .UNSPECIFIED.);
#23=B_SPLINE_SURFACE_WITH_KNOTS('',3,1,((#7412,#7413),(#7414,#7415),(#7416,
#7417),(#7418,#7419),(#7420,#7421)),.SURF_OF_LINEAR_EXTRUSION.,.F.,.F.,
 .F.,(4,1,4),(2,2),(-3.34617096166101,-2.26381110611262,-1.18145125056422),
(0.,1.),.UNSPECIFIED.);
#24=B_SPLINE_SURFACE_WITH_KNOTS('',3,1,((#7450,#7451),(#7452,#7453),(#7454,
#7455),(#7456,#7457),(#7458,#7459),(#7460,#7461),(#7462,#7463),(#7464,#7465),
(#7466,#7467),(#7468,#7469)),.SURF_OF_LINEAR_EXTRUSION.,.F.,.F.,.F.,(4,
1,1,1,1,1,1,4),(2,2),(-27.492369467683,-26.6836382862232,-25.8749071047634,
-25.4705415140335,-25.0661759233036,-24.8639931279386,-24.6618103325736,
-24.2574447418437),(0.,1.),.UNSPECIFIED.);
#25=CONICAL_SURFACE('',#4136,0.0019,0.0665681637758358);
#26=ELLIPSE('',#4094,0.00252412601135789,0.00252412601135785);
#27=ELLIPSE('',#4095,0.0025241260113578,0.00252412601135775);
#28=ELLIPSE('',#4104,0.123482899908837,0.118615059641196);
#29=ELLIPSE('',#4107,0.132454938631358,0.132304691242523);
#30=ELLIPSE('',#4110,0.614362192457987,0.132304691242523);
#31=ELLIPSE('',#4117,0.265804195474884,0.118615059641196);
#32=(
BOUNDED_SURFACE()
B_SPLINE_SURFACE(1,3,((#5576,#5577,#5578,#5579,#5580,#5581,#5582,#5583,
#5584,#5585),(#5586,#5587,#5588,#5589,#5590,#5591,#5592,#5593,#5594,#5595)),
 .UNSPECIFIED.,.F.,.F.,.F.)
B_SPLINE_SURFACE_WITH_KNOTS((2,2),(4,3,3,4),(-3.04935950383931,0.),(-7.47987353528349,
-3.92699081865063,-3.92689751537945,-0.374108102017778),.UNSPECIFIED.)
GEOMETRIC_REPRESENTATION_ITEM()
RATIONAL_B_SPLINE_SURFACE(((1.,0.836198686304091,0.836198686304091,1.,0.99999569836676,
0.999991396846487,0.99998709543918,0.836198686417057,0.836202987937331,
1.),(1.,0.836198686304091,0.836198686304091,1.,0.99999569836676,0.999991396846487,
0.99998709543918,0.836198686417057,0.836202987937331,1.)))
REPRESENTATION_ITEM('')
SURFACE()
);
#33=(
BOUNDED_SURFACE()
B_SPLINE_SURFACE(1,3,((#5624,#5625,#5626,#5627,#5628,#5629,#5630,#5631,
#5632,#5633),(#5634,#5635,#5636,#5637,#5638,#5639,#5640,#5641,#5642,#5643)),
 .UNSPECIFIED.,.F.,.F.,.F.)
B_SPLINE_SURFACE_WITH_KNOTS((2,2),(4,3,3,4),(-3.04935950383931,0.),(-35.1433958100058,
-31.590513093373,-31.5904197901019,-28.0376303767401),.UNSPECIFIED.)
GEOMETRIC_REPRESENTATION_ITEM()
RATIONAL_B_SPLINE_SURFACE(((1.,0.836198686304098,0.836198686304098,1.,0.99999569836676,
0.999991396846487,0.99998709543918,0.836198686417064,0.836202987937338,
1.),(1.,0.836198686304098,0.836198686304098,1.,0.99999569836676,0.999991396846487,
0.99998709543918,0.836198686417064,0.836202987937338,1.)))
REPRESENTATION_ITEM('')
SURFACE()
);
#34=ADVANCED_BREP_SHAPE_REPRESENTATION('',(#938),#7553);
#35=ADVANCED_BREP_SHAPE_REPRESENTATION('',(#939),#7555);
#36=ADVANCED_BREP_SHAPE_REPRESENTATION('',(#940),#7557);
#37=ADVANCED_BREP_SHAPE_REPRESENTATION('',(#941),#7559);
#38=CIRCLE('',#4033,0.0014);
#39=CIRCLE('',#4034,0.0014);
#40=CIRCLE('',#4036,0.0007);
#41=CIRCLE('',#4037,0.0007);
#42=CIRCLE('',#4058,0.0014);
#43=CIRCLE('',#4059,0.0014);
#44=CIRCLE('',#4061,0.0007);
#45=CIRCLE('',#4062,0.0007);
#46=CIRCLE('',#4083,0.0007);
#47=CIRCLE('',#4084,0.0007);
#48=CIRCLE('',#4086,0.0014);
#49=CIRCLE('',#4087,0.0014);
#50=CIRCLE('',#4123,0.0005);
#51=CIRCLE('',#4124,0.000500000000000014);
#52=CIRCLE('',#4125,0.000500000000000007);
#53=CIRCLE('',#4126,0.0005);
#54=CIRCLE('',#4127,0.00075);
#55=CIRCLE('',#4128,0.00075);
#56=CIRCLE('',#4129,0.00075);
#57=CIRCLE('',#4130,0.00075);
#58=CIRCLE('',#4132,0.00075);
#59=CIRCLE('',#4133,0.00075);
#60=CIRCLE('',#4135,0.0019);
#61=CIRCLE('',#4138,0.0005);
#62=CIRCLE('',#4139,0.000500000000000007);
#63=CIRCLE('',#4140,0.000500000000000014);
#64=CIRCLE('',#4141,0.0005);
#65=CIRCLE('',#4151,0.00075);
#66=CIRCLE('',#4154,0.00075);
#67=CIRCLE('',#4157,0.00075);
#68=CIRCLE('',#4160,0.00075);
#69=CIRCLE('',#4163,0.00075);
#70=CIRCLE('',#4166,0.00075);
#71=CIRCLE('',#4184,0.0007);
#72=CIRCLE('',#4185,0.0007);
#73=CIRCLE('',#4187,0.0014);
#74=CIRCLE('',#4188,0.0014);
#75=CIRCLE('',#4200,0.000154695748368885);
#76=CIRCLE('',#4201,0.000154695748368885);
#77=CIRCLE('',#4203,0.000999173263565867);
#78=CIRCLE('',#4204,0.000999173263565867);
#79=CIRCLE('',#4215,0.000213193831959114);
#80=CIRCLE('',#4216,0.000213193831959114);
#81=CIRCLE('',#4220,0.000118950990328017);
#82=CIRCLE('',#4221,0.000118950990328017);
#83=CIRCLE('',#4223,0.00021540372031715);
#84=CIRCLE('',#4224,0.00021540372031715);
#85=CIRCLE('',#4233,0.000247395950684095);
#86=CIRCLE('',#4234,0.000247395950684095);
#87=CIRCLE('',#4239,0.000671874968663745);
#88=CIRCLE('',#4240,0.000671874968663745);
#89=CIRCLE('',#4242,0.000252751038060592);
#90=CIRCLE('',#4243,0.000252751038060592);
#91=CIRCLE('',#4251,0.000219611027793389);
#92=CIRCLE('',#4252,0.000219611027793389);
#93=CIRCLE('',#4254,0.000143268274476464);
#94=CIRCLE('',#4255,0.000143268274476464);
#95=CIRCLE('',#4260,0.000618867201729337);
#96=CIRCLE('',#4261,0.000618867201729337);
#97=CIRCLE('',#4263,0.000822004123113888);
#98=CIRCLE('',#4264,0.000822004123113888);
#99=CIRCLE('',#4266,0.00128724349322096);
#100=CIRCLE('',#4267,0.000698315724098015);
#101=CIRCLE('',#4268,0.000755423017837821);
#102=CIRCLE('',#4269,0.000843588704570427);
#103=CIRCLE('',#4270,0.000255276933820091);
#104=CIRCLE('',#4271,0.000427949750665952);
#105=CIRCLE('',#4275,0.00128724349322096);
#106=CIRCLE('',#4277,0.000843588704570427);
#107=CIRCLE('',#4279,0.000698315724098015);
#108=CIRCLE('',#4281,0.000755423017837821);
#109=CIRCLE('',#4283,0.000255276933820091);
#110=CIRCLE('',#4287,0.000427949750665952);
#111=CYLINDRICAL_SURFACE('',#4032,0.0014);
#112=CYLINDRICAL_SURFACE('',#4035,0.0007);
#113=CYLINDRICAL_SURFACE('',#4057,0.0014);
#114=CYLINDRICAL_SURFACE('',#4060,0.0007);
#115=CYLINDRICAL_SURFACE('',#4082,0.0007);
#116=CYLINDRICAL_SURFACE('',#4085,0.0014);
#117=CYLINDRICAL_SURFACE('',#4109,0.132304691242523);
#118=CYLINDRICAL_SURFACE('',#4116,0.118615059641196);
#119=CYLINDRICAL_SURFACE('',#4134,0.0019);
#120=CYLINDRICAL_SURFACE('',#4142,0.0005);
#121=CYLINDRICAL_SURFACE('',#4144,0.000500000000000007);
#122=CYLINDRICAL_SURFACE('',#4146,0.000500000000000014);
#123=CYLINDRICAL_SURFACE('',#4148,0.0005);
#124=CYLINDRICAL_SURFACE('',#4152,0.00075);
#125=CYLINDRICAL_SURFACE('',#4155,0.00075);
#126=CYLINDRICAL_SURFACE('',#4158,0.00075);
#127=CYLINDRICAL_SURFACE('',#4161,0.00075);
#128=CYLINDRICAL_SURFACE('',#4164,0.00075);
#129=CYLINDRICAL_SURFACE('',#4167,0.00075);
#130=CYLINDRICAL_SURFACE('',#4183,0.0007);
#131=CYLINDRICAL_SURFACE('',#4186,0.0014);
#132=CYLINDRICAL_SURFACE('',#4199,0.000154695748368885);
#133=CYLINDRICAL_SURFACE('',#4202,0.000999173263565867);
#134=CYLINDRICAL_SURFACE('',#4214,0.000213193831959114);
#135=CYLINDRICAL_SURFACE('',#4219,0.000118950990328017);
#136=CYLINDRICAL_SURFACE('',#4222,0.00021540372031715);
#137=CYLINDRICAL_SURFACE('',#4232,0.000247395950684095);
#138=CYLINDRICAL_SURFACE('',#4238,0.000671874968663745);
#139=CYLINDRICAL_SURFACE('',#4241,0.000252751038060592);
#140=CYLINDRICAL_SURFACE('',#4250,0.000219611027793389);
#141=CYLINDRICAL_SURFACE('',#4253,0.000143268274476464);
#142=CYLINDRICAL_SURFACE('',#4259,0.000618867201729337);
#143=CYLINDRICAL_SURFACE('',#4262,0.000822004123113888);
#144=CYLINDRICAL_SURFACE('',#4274,0.00128724349322096);
#145=CYLINDRICAL_SURFACE('',#4276,0.000843588704570427);
#146=CYLINDRICAL_SURFACE('',#4278,0.000698315724098015);
#147=CYLINDRICAL_SURFACE('',#4280,0.000755423017837821);
#148=CYLINDRICAL_SURFACE('',#4282,0.000255276933820091);
#149=CYLINDRICAL_SURFACE('',#4286,0.000427949750665952);
#150=LINE('',#5272,#542);
#151=LINE('',#5275,#543);
#152=LINE('',#5277,#544);
#153=LINE('',#5279,#545);
#154=LINE('',#5281,#546);
#155=LINE('',#5283,#547);
#156=LINE('',#5285,#548);
#157=LINE('',#5287,#549);
#158=LINE('',#5289,#550);
#159=LINE('',#5291,#551);
#160=LINE('',#5293,#552);
#161=LINE('',#5295,#553);
#162=LINE('',#5297,#554);
#163=LINE('',#5299,#555);
#164=LINE('',#5301,#556);
#165=LINE('',#5303,#557);
#166=LINE('',#5305,#558);
#167=LINE('',#5308,#559);
#168=LINE('',#5310,#560);
#169=LINE('',#5312,#561);
#170=LINE('',#5314,#562);
#171=LINE('',#5316,#563);
#172=LINE('',#5318,#564);
#173=LINE('',#5320,#565);
#174=LINE('',#5321,#566);
#175=LINE('',#5323,#567);
#176=LINE('',#5325,#568);
#177=LINE('',#5327,#569);
#178=LINE('',#5329,#570);
#179=LINE('',#5331,#571);
#180=LINE('',#5335,#572);
#181=LINE('',#5339,#573);
#182=LINE('',#5345,#574);
#183=LINE('',#5347,#575);
#184=LINE('',#5349,#576);
#185=LINE('',#5351,#577);
#186=LINE('',#5354,#578);
#187=LINE('',#5355,#579);
#188=LINE('',#5357,#580);
#189=LINE('',#5359,#581);
#190=LINE('',#5369,#582);
#191=LINE('',#5377,#583);
#192=LINE('',#5380,#584);
#193=LINE('',#5382,#585);
#194=LINE('',#5384,#586);
#195=LINE('',#5386,#587);
#196=LINE('',#5388,#588);
#197=LINE('',#5390,#589);
#198=LINE('',#5392,#590);
#199=LINE('',#5394,#591);
#200=LINE('',#5396,#592);
#201=LINE('',#5398,#593);
#202=LINE('',#5400,#594);
#203=LINE('',#5402,#595);
#204=LINE('',#5404,#596);
#205=LINE('',#5407,#597);
#206=LINE('',#5409,#598);
#207=LINE('',#5411,#599);
#208=LINE('',#5413,#600);
#209=LINE('',#5415,#601);
#210=LINE('',#5417,#602);
#211=LINE('',#5419,#603);
#212=LINE('',#5420,#604);
#213=LINE('',#5422,#605);
#214=LINE('',#5425,#606);
#215=LINE('',#5426,#607);
#216=LINE('',#5428,#608);
#217=LINE('',#5430,#609);
#218=LINE('',#5432,#610);
#219=LINE('',#5434,#611);
#220=LINE('',#5436,#612);
#221=LINE('',#5440,#613);
#222=LINE('',#5448,#614);
#223=LINE('',#5450,#615);
#224=LINE('',#5452,#616);
#225=LINE('',#5454,#617);
#226=LINE('',#5456,#618);
#227=LINE('',#5459,#619);
#228=LINE('',#5460,#620);
#229=LINE('',#5462,#621);
#230=LINE('',#5464,#622);
#231=LINE('',#5486,#623);
#232=LINE('',#5489,#624);
#233=LINE('',#5491,#625);
#234=LINE('',#5493,#626);
#235=LINE('',#5495,#627);
#236=LINE('',#5497,#628);
#237=LINE('',#5499,#629);
#238=LINE('',#5501,#630);
#239=LINE('',#5503,#631);
#240=LINE('',#5505,#632);
#241=LINE('',#5507,#633);
#242=LINE('',#5509,#634);
#243=LINE('',#5511,#635);
#244=LINE('',#5513,#636);
#245=LINE('',#5516,#637);
#246=LINE('',#5518,#638);
#247=LINE('',#5520,#639);
#248=LINE('',#5522,#640);
#249=LINE('',#5524,#641);
#250=LINE('',#5526,#642);
#251=LINE('',#5528,#643);
#252=LINE('',#5529,#644);
#253=LINE('',#5531,#645);
#254=LINE('',#5534,#646);
#255=LINE('',#5535,#647);
#256=LINE('',#5537,#648);
#257=LINE('',#5539,#649);
#258=LINE('',#5541,#650);
#259=LINE('',#5543,#651);
#260=LINE('',#5545,#652);
#261=LINE('',#5551,#653);
#262=LINE('',#5555,#654);
#263=LINE('',#5559,#655);
#264=LINE('',#5561,#656);
#265=LINE('',#5563,#657);
#266=LINE('',#5565,#658);
#267=LINE('',#5568,#659);
#268=LINE('',#5569,#660);
#269=LINE('',#5571,#661);
#270=LINE('',#5573,#662);
#271=LINE('',#5596,#663);
#272=LINE('',#5611,#664);
#273=LINE('',#5644,#665);
#274=LINE('',#5659,#666);
#275=LINE('',#5673,#667);
#276=LINE('',#5675,#668);
#277=LINE('',#5677,#669);
#278=LINE('',#5679,#670);
#279=LINE('',#5681,#671);
#280=LINE('',#5683,#672);
#281=LINE('',#5685,#673);
#282=LINE('',#5687,#674);
#283=LINE('',#5689,#675);
#284=LINE('',#5691,#676);
#285=LINE('',#5692,#677);
#286=LINE('',#5694,#678);
#287=LINE('',#5697,#679);
#288=LINE('',#5699,#680);
#289=LINE('',#5701,#681);
#290=LINE('',#5703,#682);
#291=LINE('',#5705,#683);
#292=LINE('',#5707,#684);
#293=LINE('',#5709,#685);
#294=LINE('',#5711,#686);
#295=LINE('',#5713,#687);
#296=LINE('',#5717,#688);
#297=LINE('',#5719,#689);
#298=LINE('',#5721,#690);
#299=LINE('',#5723,#691);
#300=LINE('',#5725,#692);
#301=LINE('',#5729,#693);
#302=LINE('',#5736,#694);
#303=LINE('',#5745,#695);
#304=LINE('',#5747,#696);
#305=LINE('',#5749,#697);
#306=LINE('',#5751,#698);
#307=LINE('',#5752,#699);
#308=LINE('',#5754,#700);
#309=LINE('',#5755,#701);
#310=LINE('',#5762,#702);
#311=LINE('',#5764,#703);
#312=LINE('',#5773,#704);
#313=LINE('',#5775,#705);
#314=LINE('',#5777,#706);
#315=LINE('',#5779,#707);
#316=LINE('',#5780,#708);
#317=LINE('',#5781,#709);
#318=LINE('',#5783,#710);
#319=LINE('',#5817,#711);
#320=LINE('',#5822,#712);
#321=LINE('',#5826,#713);
#322=LINE('',#5830,#714);
#323=LINE('',#5846,#715);
#324=LINE('',#5849,#716);
#325=LINE('',#5851,#717);
#326=LINE('',#5853,#718);
#327=LINE('',#5855,#719);
#328=LINE('',#5857,#720);
#329=LINE('',#5859,#721);
#330=LINE('',#5861,#722);
#331=LINE('',#5863,#723);
#332=LINE('',#5865,#724);
#333=LINE('',#5867,#725);
#334=LINE('',#5869,#726);
#335=LINE('',#5871,#727);
#336=LINE('',#5873,#728);
#337=LINE('',#5906,#729);
#338=LINE('',#5910,#730);
#339=LINE('',#5914,#731);
#340=LINE('',#5918,#732);
#341=LINE('',#5919,#733);
#342=LINE('',#5922,#734);
#343=LINE('',#5924,#735);
#344=LINE('',#5926,#736);
#345=LINE('',#5961,#737);
#346=LINE('',#6005,#738);
#347=LINE('',#6007,#739);
#348=LINE('',#6009,#740);
#349=LINE('',#6029,#741);
#350=LINE('',#6031,#742);
#351=LINE('',#6033,#743);
#352=LINE('',#6041,#744);
#353=LINE('',#6043,#745);
#354=LINE('',#6045,#746);
#355=LINE('',#6140,#747);
#356=LINE('',#6142,#748);
#357=LINE('',#6144,#749);
#358=LINE('',#6212,#750);
#359=LINE('',#6213,#751);
#360=LINE('',#6215,#752);
#361=LINE('',#6217,#753);
#362=LINE('',#6219,#754);
#363=LINE('',#6221,#755);
#364=LINE('',#6223,#756);
#365=LINE('',#6225,#757);
#366=LINE('',#6273,#758);
#367=LINE('',#6275,#759);
#368=LINE('',#6278,#760);
#369=LINE('',#6281,#761);
#370=LINE('',#6283,#762);
#371=LINE('',#6285,#763);
#372=LINE('',#6287,#764);
#373=LINE('',#6289,#765);
#374=LINE('',#6291,#766);
#375=LINE('',#6293,#767);
#376=LINE('',#6295,#768);
#377=LINE('',#6297,#769);
#378=LINE('',#6299,#770);
#379=LINE('',#6302,#771);
#380=LINE('',#6304,#772);
#381=LINE('',#6306,#773);
#382=LINE('',#6308,#774);
#383=LINE('',#6310,#775);
#384=LINE('',#6312,#776);
#385=LINE('',#6314,#777);
#386=LINE('',#6316,#778);
#387=LINE('',#6318,#779);
#388=LINE('',#6320,#780);
#389=LINE('',#6322,#781);
#390=LINE('',#6324,#782);
#391=LINE('',#6326,#783);
#392=LINE('',#6327,#784);
#393=LINE('',#6329,#785);
#394=LINE('',#6331,#786);
#395=LINE('',#6333,#787);
#396=LINE('',#6335,#788);
#397=LINE('',#6337,#789);
#398=LINE('',#6343,#790);
#399=LINE('',#6347,#791);
#400=LINE('',#6351,#792);
#401=LINE('',#6353,#793);
#402=LINE('',#6355,#794);
#403=LINE('',#6357,#795);
#404=LINE('',#6360,#796);
#405=LINE('',#6361,#797);
#406=LINE('',#6363,#798);
#407=LINE('',#6365,#799);
#408=LINE('',#6369,#800);
#409=LINE('',#6372,#801);
#410=LINE('',#6374,#802);
#411=LINE('',#6376,#803);
#412=LINE('',#6378,#804);
#413=LINE('',#6380,#805);
#414=LINE('',#6382,#806);
#415=LINE('',#6384,#807);
#416=LINE('',#6386,#808);
#417=LINE('',#6388,#809);
#418=LINE('',#6390,#810);
#419=LINE('',#6392,#811);
#420=LINE('',#6394,#812);
#421=LINE('',#6396,#813);
#422=LINE('',#6419,#814);
#423=LINE('',#6422,#815);
#424=LINE('',#6424,#816);
#425=LINE('',#6426,#817);
#426=LINE('',#6428,#818);
#427=LINE('',#6430,#819);
#428=LINE('',#6432,#820);
#429=LINE('',#6452,#821);
#430=LINE('',#6454,#822);
#431=LINE('',#6456,#823);
#432=LINE('',#6458,#824);
#433=LINE('',#6460,#825);
#434=LINE('',#6511,#826);
#435=LINE('',#6513,#827);
#436=LINE('',#6515,#828);
#437=LINE('',#6517,#829);
#438=LINE('',#6519,#830);
#439=LINE('',#6556,#831);
#440=LINE('',#6558,#832);
#441=LINE('',#6560,#833);
#442=LINE('',#6562,#834);
#443=LINE('',#6564,#835);
#444=LINE('',#6566,#836);
#445=LINE('',#6568,#837);
#446=LINE('',#6570,#838);
#447=LINE('',#6572,#839);
#448=LINE('',#6574,#840);
#449=LINE('',#6576,#841);
#450=LINE('',#6578,#842);
#451=LINE('',#6580,#843);
#452=LINE('',#6582,#844);
#453=LINE('',#6598,#845);
#454=LINE('',#6600,#846);
#455=LINE('',#6602,#847);
#456=LINE('',#6604,#848);
#457=LINE('',#6606,#849);
#458=LINE('',#6631,#850);
#459=LINE('',#6633,#851);
#460=LINE('',#6635,#852);
#461=LINE('',#6637,#853);
#462=LINE('',#6639,#854);
#463=LINE('',#6678,#855);
#464=LINE('',#6686,#856);
#465=LINE('',#6688,#857);
#466=LINE('',#6690,#858);
#467=LINE('',#6692,#859);
#468=LINE('',#6694,#860);
#469=LINE('',#6696,#861);
#470=LINE('',#6698,#862);
#471=LINE('',#6705,#863);
#472=LINE('',#6708,#864);
#473=LINE('',#6710,#865);
#474=LINE('',#6712,#866);
#475=LINE('',#6714,#867);
#476=LINE('',#6716,#868);
#477=LINE('',#6752,#869);
#478=LINE('',#6831,#870);
#479=LINE('',#6835,#871);
#480=LINE('',#6837,#872);
#481=LINE('',#6839,#873);
#482=LINE('',#6879,#874);
#483=LINE('',#6881,#875);
#484=LINE('',#6889,#876);
#485=LINE('',#6891,#877);
#486=LINE('',#6893,#878);
#487=LINE('',#6895,#879);
#488=LINE('',#6897,#880);
#489=LINE('',#6938,#881);
#490=LINE('',#6942,#882);
#491=LINE('',#7059,#883);
#492=LINE('',#7063,#884);
#493=LINE('',#7065,#885);
#494=LINE('',#7067,#886);
#495=LINE('',#7108,#887);
#496=LINE('',#7110,#888);
#497=LINE('',#7112,#889);
#498=LINE('',#7114,#890);
#499=LINE('',#7116,#891);
#500=LINE('',#7118,#892);
#501=LINE('',#7120,#893);
#502=LINE('',#7128,#894);
#503=LINE('',#7130,#895);
#504=LINE('',#7132,#896);
#505=LINE('',#7134,#897);
#506=LINE('',#7136,#898);
#507=LINE('',#7138,#899);
#508=LINE('',#7140,#900);
#509=LINE('',#7189,#901);
#510=LINE('',#7244,#902);
#511=LINE('',#7246,#903);
#512=LINE('',#7248,#904);
#513=LINE('',#7250,#905);
#514=LINE('',#7252,#906);
#515=LINE('',#7254,#907);
#516=LINE('',#7256,#908);
#517=LINE('',#7258,#909);
#518=LINE('',#7260,#910);
#519=LINE('',#7309,#911);
#520=LINE('',#7313,#912);
#521=LINE('',#7322,#913);
#522=LINE('',#7323,#914);
#523=LINE('',#7348,#915);
#524=LINE('',#7355,#916);
#525=LINE('',#7356,#917);
#526=LINE('',#7363,#918);
#527=LINE('',#7365,#919);
#528=LINE('',#7372,#920);
#529=LINE('',#7374,#921);
#530=LINE('',#7411,#922);
#531=LINE('',#7437,#923);
#532=LINE('',#7443,#924);
#533=LINE('',#7445,#925);
#534=LINE('',#7447,#926);
#535=LINE('',#7481,#927);
#536=LINE('',#7483,#928);
#537=LINE('',#7495,#929);
#538=LINE('',#7506,#930);
#539=LINE('',#7524,#931);
#540=LINE('',#7526,#932);
#541=LINE('',#7538,#933);
#542=VECTOR('',#4304,1.);
#543=VECTOR('',#4305,1.);
#544=VECTOR('',#4306,1.);
#545=VECTOR('',#4307,1.);
#546=VECTOR('',#4310,1.);
#547=VECTOR('',#4311,1.);
#548=VECTOR('',#4312,1.);
#549=VECTOR('',#4315,1.);
#550=VECTOR('',#4316,1.);
#551=VECTOR('',#4317,1.);
#552=VECTOR('',#4320,1.);
#553=VECTOR('',#4321,1.);
#554=VECTOR('',#4322,1.);
#555=VECTOR('',#4325,1.);
#556=VECTOR('',#4326,1.);
#557=VECTOR('',#4327,1.);
#558=VECTOR('',#4330,1.);
#559=VECTOR('',#4331,1.);
#560=VECTOR('',#4332,1.);
#561=VECTOR('',#4333,1.);
#562=VECTOR('',#4336,1.);
#563=VECTOR('',#4337,1.);
#564=VECTOR('',#4338,1.);
#565=VECTOR('',#4341,1.);
#566=VECTOR('',#4342,1.);
#567=VECTOR('',#4345,1.);
#568=VECTOR('',#4346,1.);
#569=VECTOR('',#4349,1.);
#570=VECTOR('',#4350,1.);
#571=VECTOR('',#4353,1.);
#572=VECTOR('',#4358,1.);
#573=VECTOR('',#4363,1.);
#574=VECTOR('',#4370,1.);
#575=VECTOR('',#4371,1.);
#576=VECTOR('',#4372,1.);
#577=VECTOR('',#4375,1.);
#578=VECTOR('',#4376,1.);
#579=VECTOR('',#4377,1.);
#580=VECTOR('',#4380,1.);
#581=VECTOR('',#4383,1.);
#582=VECTOR('',#4390,1.);
#583=VECTOR('',#4395,1.);
#584=VECTOR('',#4396,1.);
#585=VECTOR('',#4397,1.);
#586=VECTOR('',#4398,1.);
#587=VECTOR('',#4401,1.);
#588=VECTOR('',#4402,1.);
#589=VECTOR('',#4403,1.);
#590=VECTOR('',#4406,1.);
#591=VECTOR('',#4407,1.);
#592=VECTOR('',#4408,1.);
#593=VECTOR('',#4411,1.);
#594=VECTOR('',#4412,1.);
#595=VECTOR('',#4413,1.);
#596=VECTOR('',#4416,1.);
#597=VECTOR('',#4417,1.);
#598=VECTOR('',#4418,1.);
#599=VECTOR('',#4419,1.);
#600=VECTOR('',#4422,1.);
#601=VECTOR('',#4423,1.);
#602=VECTOR('',#4424,1.);
#603=VECTOR('',#4427,1.);
#604=VECTOR('',#4428,1.);
#605=VECTOR('',#4431,1.);
#606=VECTOR('',#4432,1.);
#607=VECTOR('',#4433,1.);
#608=VECTOR('',#4436,1.);
#609=VECTOR('',#4437,1.);
#610=VECTOR('',#4438,1.);
#611=VECTOR('',#4441,1.);
#612=VECTOR('',#4444,1.);
#613=VECTOR('',#4449,1.);
#614=VECTOR('',#4458,1.);
#615=VECTOR('',#4461,1.);
#616=VECTOR('',#4462,1.);
#617=VECTOR('',#4463,1.);
#618=VECTOR('',#4466,1.);
#619=VECTOR('',#4467,1.);
#620=VECTOR('',#4468,1.);
#621=VECTOR('',#4471,1.);
#622=VECTOR('',#4474,1.);
#623=VECTOR('',#4485,1.);
#624=VECTOR('',#4486,1.);
#625=VECTOR('',#4487,1.);
#626=VECTOR('',#4488,1.);
#627=VECTOR('',#4491,1.);
#628=VECTOR('',#4492,1.);
#629=VECTOR('',#4493,1.);
#630=VECTOR('',#4496,1.);
#631=VECTOR('',#4497,1.);
#632=VECTOR('',#4498,1.);
#633=VECTOR('',#4501,1.);
#634=VECTOR('',#4502,1.);
#635=VECTOR('',#4503,1.);
#636=VECTOR('',#4506,1.);
#637=VECTOR('',#4507,1.);
#638=VECTOR('',#4508,1.);
#639=VECTOR('',#4509,1.);
#640=VECTOR('',#4512,1.);
#641=VECTOR('',#4513,1.);
#642=VECTOR('',#4514,1.);
#643=VECTOR('',#4517,1.);
#644=VECTOR('',#4518,1.);
#645=VECTOR('',#4521,1.);
#646=VECTOR('',#4522,1.);
#647=VECTOR('',#4523,1.);
#648=VECTOR('',#4526,1.);
#649=VECTOR('',#4527,1.);
#650=VECTOR('',#4528,1.);
#651=VECTOR('',#4531,1.);
#652=VECTOR('',#4534,1.);
#653=VECTOR('',#4541,1.);
#654=VECTOR('',#4546,1.);
#655=VECTOR('',#4551,1.);
#656=VECTOR('',#4552,1.);
#657=VECTOR('',#4553,1.);
#658=VECTOR('',#4556,1.);
#659=VECTOR('',#4557,1.);
#660=VECTOR('',#4558,1.);
#661=VECTOR('',#4561,1.);
#662=VECTOR('',#4564,1.);
#663=VECTOR('',#4569,1.);
#664=VECTOR('',#4572,1.);
#665=VECTOR('',#4573,1.);
#666=VECTOR('',#4576,1.);
#667=VECTOR('',#4579,1.);
#668=VECTOR('',#4580,1.);
#669=VECTOR('',#4581,1.);
#670=VECTOR('',#4584,1.);
#671=VECTOR('',#4585,1.);
#672=VECTOR('',#4586,1.);
#673=VECTOR('',#4589,1.);
#674=VECTOR('',#4590,1.);
#675=VECTOR('',#4591,1.);
#676=VECTOR('',#4594,1.);
#677=VECTOR('',#4595,1.);
#678=VECTOR('',#4598,1.);
#679=VECTOR('',#4599,1.);
#680=VECTOR('',#4600,1.);
#681=VECTOR('',#4601,1.);
#682=VECTOR('',#4604,1.);
#683=VECTOR('',#4605,1.);
#684=VECTOR('',#4606,1.);
#685=VECTOR('',#4609,1.);
#686=VECTOR('',#4610,1.);
#687=VECTOR('',#4611,1.);
#688=VECTOR('',#4616,1.);
#689=VECTOR('',#4617,1.);
#690=VECTOR('',#4620,1.);
#691=VECTOR('',#4621,1.);
#692=VECTOR('',#4624,1.);
#693=VECTOR('',#4629,1.);
#694=VECTOR('',#4630,1.);
#695=VECTOR('',#4637,1.);
#696=VECTOR('',#4638,1.);
#697=VECTOR('',#4641,1.);
#698=VECTOR('',#4644,1.);
#699=VECTOR('',#4645,1.);
#700=VECTOR('',#4648,1.);
#701=VECTOR('',#4649,1.);
#702=VECTOR('',#4652,1.);
#703=VECTOR('',#4653,1.);
#704=VECTOR('',#4660,1.);
#705=VECTOR('',#4661,1.);
#706=VECTOR('',#4664,1.);
#707=VECTOR('',#4667,1.);
#708=VECTOR('',#4668,1.);
#709=VECTOR('',#4669,1.);
#710=VECTOR('',#4672,1.);
#711=VECTOR('',#4675,1.);
#712=VECTOR('',#4678,1.);
#713=VECTOR('',#4681,1.);
#714=VECTOR('',#4684,1.);
#715=VECTOR('',#4701,1.);
#716=VECTOR('',#4702,1.);
#717=VECTOR('',#4703,1.);
#718=VECTOR('',#4704,1.);
#719=VECTOR('',#4705,1.);
#720=VECTOR('',#4706,1.);
#721=VECTOR('',#4707,1.);
#722=VECTOR('',#4708,1.);
#723=VECTOR('',#4709,1.);
#724=VECTOR('',#4710,1.);
#725=VECTOR('',#4711,1.);
#726=VECTOR('',#4712,1.);
#727=VECTOR('',#4713,1.);
#728=VECTOR('',#4714,1.);
#729=VECTOR('',#4725,1.);
#730=VECTOR('',#4728,1.);
#731=VECTOR('',#4731,1.);
#732=VECTOR('',#4734,1.);
#733=VECTOR('',#4735,1.);
#734=VECTOR('',#4736,1.);
#735=VECTOR('',#4737,1.);
#736=VECTOR('',#4738,1.);
#737=VECTOR('',#4739,1.);
#738=VECTOR('',#4740,1.);
#739=VECTOR('',#4741,1.);
#740=VECTOR('',#4742,1.);
#741=VECTOR('',#4743,1.);
#742=VECTOR('',#4744,1.);
#743=VECTOR('',#4745,1.);
#744=VECTOR('',#4746,1.);
#745=VECTOR('',#4747,1.);
#746=VECTOR('',#4748,1.);
#747=VECTOR('',#4749,1.);
#748=VECTOR('',#4750,1.);
#749=VECTOR('',#4751,1.);
#750=VECTOR('',#4754,1.);
#751=VECTOR('',#4755,1.);
#752=VECTOR('',#4758,1.);
#753=VECTOR('',#4761,1.);
#754=VECTOR('',#4764,1.);
#755=VECTOR('',#4767,1.);
#756=VECTOR('',#4770,1.);
#757=VECTOR('',#4773,1.);
#758=VECTOR('',#4816,1.);
#759=VECTOR('',#4819,1.);
#760=VECTOR('',#4824,1.);
#761=VECTOR('',#4825,1.);
#762=VECTOR('',#4826,1.);
#763=VECTOR('',#4827,1.);
#764=VECTOR('',#4830,1.);
#765=VECTOR('',#4831,1.);
#766=VECTOR('',#4832,1.);
#767=VECTOR('',#4835,1.);
#768=VECTOR('',#4836,1.);
#769=VECTOR('',#4837,1.);
#770=VECTOR('',#4840,1.);
#771=VECTOR('',#4841,1.);
#772=VECTOR('',#4842,1.);
#773=VECTOR('',#4843,1.);
#774=VECTOR('',#4846,1.);
#775=VECTOR('',#4847,1.);
#776=VECTOR('',#4848,1.);
#777=VECTOR('',#4851,1.);
#778=VECTOR('',#4852,1.);
#779=VECTOR('',#4853,1.);
#780=VECTOR('',#4856,1.);
#781=VECTOR('',#4857,1.);
#782=VECTOR('',#4858,1.);
#783=VECTOR('',#4861,1.);
#784=VECTOR('',#4862,1.);
#785=VECTOR('',#4865,1.);
#786=VECTOR('',#4866,1.);
#787=VECTOR('',#4869,1.);
#788=VECTOR('',#4870,1.);
#789=VECTOR('',#4873,1.);
#790=VECTOR('',#4880,1.);
#791=VECTOR('',#4885,1.);
#792=VECTOR('',#4890,1.);
#793=VECTOR('',#4891,1.);
#794=VECTOR('',#4892,1.);
#795=VECTOR('',#4895,1.);
#796=VECTOR('',#4896,1.);
#797=VECTOR('',#4897,1.);
#798=VECTOR('',#4900,1.);
#799=VECTOR('',#4903,1.);
#800=VECTOR('',#4910,1.);
#801=VECTOR('',#4911,1.);
#802=VECTOR('',#4912,1.);
#803=VECTOR('',#4913,1.);
#804=VECTOR('',#4914,1.);
#805=VECTOR('',#4915,1.);
#806=VECTOR('',#4916,1.);
#807=VECTOR('',#4917,1.);
#808=VECTOR('',#4918,1.);
#809=VECTOR('',#4919,1.);
#810=VECTOR('',#4920,1.);
#811=VECTOR('',#4921,1.);
#812=VECTOR('',#4922,1.);
#813=VECTOR('',#4923,1.);
#814=VECTOR('',#4928,1.);
#815=VECTOR('',#4929,1.);
#816=VECTOR('',#4930,1.);
#817=VECTOR('',#4931,1.);
#818=VECTOR('',#4934,1.);
#819=VECTOR('',#4935,1.);
#820=VECTOR('',#4936,1.);
#821=VECTOR('',#4951,1.);
#822=VECTOR('',#4952,1.);
#823=VECTOR('',#4953,1.);
#824=VECTOR('',#4956,1.);
#825=VECTOR('',#4957,1.);
#826=VECTOR('',#4960,1.);
#827=VECTOR('',#4961,1.);
#828=VECTOR('',#4962,1.);
#829=VECTOR('',#4965,1.);
#830=VECTOR('',#4966,1.);
#831=VECTOR('',#4969,1.);
#832=VECTOR('',#4970,1.);
#833=VECTOR('',#4971,1.);
#834=VECTOR('',#4974,1.);
#835=VECTOR('',#4975,1.);
#836=VECTOR('',#4976,1.);
#837=VECTOR('',#4979,1.);
#838=VECTOR('',#4980,1.);
#839=VECTOR('',#4981,1.);
#840=VECTOR('',#4984,1.);
#841=VECTOR('',#4985,1.);
#842=VECTOR('',#4986,1.);
#843=VECTOR('',#4989,1.);
#844=VECTOR('',#4990,1.);
#845=VECTOR('',#4999,1.);
#846=VECTOR('',#5000,1.);
#847=VECTOR('',#5001,1.);
#848=VECTOR('',#5004,1.);
#849=VECTOR('',#5005,1.);
#850=VECTOR('',#5020,1.);
#851=VECTOR('',#5021,1.);
#852=VECTOR('',#5022,1.);
#853=VECTOR('',#5025,1.);
#854=VECTOR('',#5026,1.);
#855=VECTOR('',#5029,1.);
#856=VECTOR('',#5030,1.);
#857=VECTOR('',#5031,1.);
#858=VECTOR('',#5034,1.);
#859=VECTOR('',#5035,1.);
#860=VECTOR('',#5036,1.);
#861=VECTOR('',#5039,1.);
#862=VECTOR('',#5040,1.);
#863=VECTOR('',#5043,1.);
#864=VECTOR('',#5044,1.);
#865=VECTOR('',#5045,1.);
#866=VECTOR('',#5046,1.);
#867=VECTOR('',#5049,1.);
#868=VECTOR('',#5050,1.);
#869=VECTOR('',#5051,1.);
#870=VECTOR('',#5056,1.);
#871=VECTOR('',#5059,1.);
#872=VECTOR('',#5062,1.);
#873=VECTOR('',#5063,1.);
#874=VECTOR('',#5064,1.);
#875=VECTOR('',#5067,1.);
#876=VECTOR('',#5068,1.);
#877=VECTOR('',#5069,1.);
#878=VECTOR('',#5072,1.);
#879=VECTOR('',#5073,1.);
#880=VECTOR('',#5074,1.);
#881=VECTOR('',#5079,1.);
#882=VECTOR('',#5082,1.);
#883=VECTOR('',#5087,1.);
#884=VECTOR('',#5090,1.);
#885=VECTOR('',#5093,1.);
#886=VECTOR('',#5094,1.);
#887=VECTOR('',#5097,1.);
#888=VECTOR('',#5098,1.);
#889=VECTOR('',#5099,1.);
#890=VECTOR('',#5102,1.);
#891=VECTOR('',#5103,1.);
#892=VECTOR('',#5104,1.);
#893=VECTOR('',#5107,1.);
#894=VECTOR('',#5108,1.);
#895=VECTOR('',#5109,1.);
#896=VECTOR('',#5112,1.);
#897=VECTOR('',#5113,1.);
#898=VECTOR('',#5114,1.);
#899=VECTOR('',#5117,1.);
#900=VECTOR('',#5118,1.);
#901=VECTOR('',#5125,1.);
#902=VECTOR('',#5134,1.);
#903=VECTOR('',#5135,1.);
#904=VECTOR('',#5136,1.);
#905=VECTOR('',#5139,1.);
#906=VECTOR('',#5140,1.);
#907=VECTOR('',#5141,1.);
#908=VECTOR('',#5144,1.);
#909=VECTOR('',#5145,1.);
#910=VECTOR('',#5146,1.);
#911=VECTOR('',#5147,1.);
#912=VECTOR('',#5152,1.);
#913=VECTOR('',#5165,1.);
#914=VECTOR('',#5166,1.);
#915=VECTOR('',#5169,1.);
#916=VECTOR('',#5170,1.);
#917=VECTOR('',#5171,1.);
#918=VECTOR('',#5180,1.);
#919=VECTOR('',#5183,1.);
#920=VECTOR('',#5186,1.);
#921=VECTOR('',#5187,1.);
#922=VECTOR('',#5192,1.);
#923=VECTOR('',#5201,1.);
#924=VECTOR('',#5210,1.);
#925=VECTOR('',#5213,1.);
#926=VECTOR('',#5216,1.);
#927=VECTOR('',#5223,1.);
#928=VECTOR('',#5226,1.);
#929=VECTOR('',#5231,1.);
#930=VECTOR('',#5236,1.);
#931=VECTOR('',#5237,1.);
#932=VECTOR('',#5238,1.);
#933=VECTOR('',#5243,1.);
#934=CLOSED_SHELL('',(#3678,#3679,#3680,#3681,#3682,#3683,#3684,#3685,#3686,
#3687,#3688,#3689,#3690,#3691,#3692,#3693,#3694,#3695));
#935=CLOSED_SHELL('',(#3697,#3698,#3699,#3700,#3701,#3702,#3703,#3704,#3705,
#3706,#3707,#3708,#3709,#3710,#3711,#3712,#3713,#3714));
#936=CLOSED_SHELL('',(#3716,#3717,#3718,#3719,#3720,#3721,#3722,#3723,#3724,
#3725,#3726,#3727,#3728,#3729,#3730,#3731,#3732,#3733));
#937=CLOSED_SHELL('',(#3786,#3787,#3788,#3789,#3790,#3791,#3792,#3793,#3794,
#3795,#3796,#3797,#3798,#3799,#3800,#3801,#3802,#3803));
#938=MANIFOLD_SOLID_BREP('brep_1',#934);
#939=MANIFOLD_SOLID_BREP('brep_2',#935);
#940=MANIFOLD_SOLID_BREP('brep_3',#936);
#941=MANIFOLD_SOLID_BREP('brep_4',#937);
#942=SHAPE_REPRESENTATION_RELATIONSHIP('','',#4005,#955);
#943=SHAPE_REPRESENTATION_RELATIONSHIP('','',#4006,#34);
#944=SHAPE_REPRESENTATION_RELATIONSHIP('','',#4007,#956);
#945=SHAPE_REPRESENTATION_RELATIONSHIP('','',#4008,#35);
#946=SHAPE_REPRESENTATION_RELATIONSHIP('','',#4009,#957);
#947=SHAPE_REPRESENTATION_RELATIONSHIP('','',#4010,#36);
#948=SHAPE_REPRESENTATION_RELATIONSHIP('','',#4011,#958);
#949=SHAPE_REPRESENTATION_RELATIONSHIP('','',#4012,#37);
#950=SHAPE_REPRESENTATION_RELATIONSHIP('','',#4013,#959);
#951=SHAPE_REPRESENTATION_RELATIONSHIP('','',#4014,#960);
#952=SHAPE_REPRESENTATION_RELATIONSHIP('','',#4015,#961);
#953=SHAPE_REPRESENTATION_RELATIONSHIP('','',#4016,#962);
#954=SHAPE_REPRESENTATION_RELATIONSHIP('','',#4017,#963);
#955=MANIFOLD_SURFACE_SHAPE_REPRESENTATION('',(#3983),#7552);
#956=MANIFOLD_SURFACE_SHAPE_REPRESENTATION('',(#3984),#7554);
#957=MANIFOLD_SURFACE_SHAPE_REPRESENTATION('',(#3985),#7556);
#958=MANIFOLD_SURFACE_SHAPE_REPRESENTATION('',(#3986),#7558);
#959=MANIFOLD_SURFACE_SHAPE_REPRESENTATION('',(#3987),#7560);
#960=MANIFOLD_SURFACE_SHAPE_REPRESENTATION('',(#3988),#7561);
#961=MANIFOLD_SURFACE_SHAPE_REPRESENTATION('',(#3989),#7562);
#962=MANIFOLD_SURFACE_SHAPE_REPRESENTATION('',(#3990),#7563);
#963=MANIFOLD_SURFACE_SHAPE_REPRESENTATION('',(#3991),#7564);
#964=ORIENTED_EDGE('',*,*,#1970,.T.);
#965=ORIENTED_EDGE('',*,*,#1971,.T.);
#966=ORIENTED_EDGE('',*,*,#1972,.T.);
#967=ORIENTED_EDGE('',*,*,#1973,.T.);
#968=ORIENTED_EDGE('',*,*,#1974,.T.);
#969=ORIENTED_EDGE('',*,*,#1975,.F.);
#970=ORIENTED_EDGE('',*,*,#1976,.F.);
#971=ORIENTED_EDGE('',*,*,#1975,.T.);
#972=ORIENTED_EDGE('',*,*,#1977,.T.);
#973=ORIENTED_EDGE('',*,*,#1978,.F.);
#974=ORIENTED_EDGE('',*,*,#1979,.F.);
#975=ORIENTED_EDGE('',*,*,#1978,.T.);
#976=ORIENTED_EDGE('',*,*,#1980,.T.);
#977=ORIENTED_EDGE('',*,*,#1981,.F.);
#978=ORIENTED_EDGE('',*,*,#1982,.F.);
#979=ORIENTED_EDGE('',*,*,#1981,.T.);
#980=ORIENTED_EDGE('',*,*,#1983,.T.);
#981=ORIENTED_EDGE('',*,*,#1984,.F.);
#982=ORIENTED_EDGE('',*,*,#1985,.F.);
#983=ORIENTED_EDGE('',*,*,#1984,.T.);
#984=ORIENTED_EDGE('',*,*,#1986,.T.);
#985=ORIENTED_EDGE('',*,*,#1987,.T.);
#986=ORIENTED_EDGE('',*,*,#1988,.F.);
#987=ORIENTED_EDGE('',*,*,#1989,.T.);
#988=ORIENTED_EDGE('',*,*,#1990,.T.);
#989=ORIENTED_EDGE('',*,*,#1991,.F.);
#990=ORIENTED_EDGE('',*,*,#1992,.F.);
#991=ORIENTED_EDGE('',*,*,#1991,.T.);
#992=ORIENTED_EDGE('',*,*,#1993,.T.);
#993=ORIENTED_EDGE('',*,*,#1994,.F.);
#994=ORIENTED_EDGE('',*,*,#1995,.F.);
#995=ORIENTED_EDGE('',*,*,#1994,.T.);
#996=ORIENTED_EDGE('',*,*,#1996,.T.);
#997=ORIENTED_EDGE('',*,*,#1973,.F.);
#998=ORIENTED_EDGE('',*,*,#1997,.F.);
#999=ORIENTED_EDGE('',*,*,#1998,.T.);
#1000=ORIENTED_EDGE('',*,*,#1986,.F.);
#1001=ORIENTED_EDGE('',*,*,#1983,.F.);
#1002=ORIENTED_EDGE('',*,*,#1980,.F.);
#1003=ORIENTED_EDGE('',*,*,#1977,.F.);
#1004=ORIENTED_EDGE('',*,*,#1974,.F.);
#1005=ORIENTED_EDGE('',*,*,#1996,.F.);
#1006=ORIENTED_EDGE('',*,*,#1993,.F.);
#1007=ORIENTED_EDGE('',*,*,#1990,.F.);
#1008=ORIENTED_EDGE('',*,*,#1999,.T.);
#1009=ORIENTED_EDGE('',*,*,#2000,.F.);
#1010=ORIENTED_EDGE('',*,*,#1992,.T.);
#1011=ORIENTED_EDGE('',*,*,#1995,.T.);
#1012=ORIENTED_EDGE('',*,*,#1997,.T.);
#1013=ORIENTED_EDGE('',*,*,#1976,.T.);
#1014=ORIENTED_EDGE('',*,*,#1979,.T.);
#1015=ORIENTED_EDGE('',*,*,#1982,.T.);
#1016=ORIENTED_EDGE('',*,*,#1985,.T.);
#1017=ORIENTED_EDGE('',*,*,#1988,.T.);
#1018=ORIENTED_EDGE('',*,*,#2001,.F.);
#1019=ORIENTED_EDGE('',*,*,#2002,.T.);
#1020=ORIENTED_EDGE('',*,*,#1999,.F.);
#1021=ORIENTED_EDGE('',*,*,#1989,.F.);
#1022=ORIENTED_EDGE('',*,*,#2000,.T.);
#1023=ORIENTED_EDGE('',*,*,#2001,.T.);
#1024=ORIENTED_EDGE('',*,*,#2003,.T.);
#1025=ORIENTED_EDGE('',*,*,#2004,.F.);
#1026=ORIENTED_EDGE('',*,*,#2005,.F.);
#1027=ORIENTED_EDGE('',*,*,#2006,.T.);
#1028=ORIENTED_EDGE('',*,*,#2007,.F.);
#1029=ORIENTED_EDGE('',*,*,#1998,.F.);
#1030=ORIENTED_EDGE('',*,*,#2008,.F.);
#1031=ORIENTED_EDGE('',*,*,#2009,.T.);
#1032=ORIENTED_EDGE('',*,*,#2004,.T.);
#1033=ORIENTED_EDGE('',*,*,#2010,.T.);
#1034=ORIENTED_EDGE('',*,*,#2011,.F.);
#1035=ORIENTED_EDGE('',*,*,#2012,.T.);
#1036=ORIENTED_EDGE('',*,*,#2013,.F.);
#1037=ORIENTED_EDGE('',*,*,#2006,.F.);
#1038=ORIENTED_EDGE('',*,*,#2014,.F.);
#1039=ORIENTED_EDGE('',*,*,#2015,.T.);
#1040=ORIENTED_EDGE('',*,*,#2010,.F.);
#1041=ORIENTED_EDGE('',*,*,#2003,.F.);
#1042=ORIENTED_EDGE('',*,*,#1987,.F.);
#1043=ORIENTED_EDGE('',*,*,#2007,.T.);
#1044=ORIENTED_EDGE('',*,*,#2013,.T.);
#1045=ORIENTED_EDGE('',*,*,#2016,.T.);
#1046=ORIENTED_EDGE('',*,*,#2014,.T.);
#1047=ORIENTED_EDGE('',*,*,#2008,.T.);
#1048=ORIENTED_EDGE('',*,*,#2002,.F.);
#1049=ORIENTED_EDGE('',*,*,#2005,.T.);
#1050=ORIENTED_EDGE('',*,*,#2009,.F.);
#1051=ORIENTED_EDGE('',*,*,#2011,.T.);
#1052=ORIENTED_EDGE('',*,*,#2015,.F.);
#1053=ORIENTED_EDGE('',*,*,#2012,.F.);
#1054=ORIENTED_EDGE('',*,*,#2016,.F.);
#1055=ORIENTED_EDGE('',*,*,#2017,.T.);
#1056=ORIENTED_EDGE('',*,*,#2018,.T.);
#1057=ORIENTED_EDGE('',*,*,#2019,.T.);
#1058=ORIENTED_EDGE('',*,*,#2020,.T.);
#1059=ORIENTED_EDGE('',*,*,#2021,.T.);
#1060=ORIENTED_EDGE('',*,*,#2022,.F.);
#1061=ORIENTED_EDGE('',*,*,#2023,.F.);
#1062=ORIENTED_EDGE('',*,*,#2022,.T.);
#1063=ORIENTED_EDGE('',*,*,#2024,.T.);
#1064=ORIENTED_EDGE('',*,*,#2025,.F.);
#1065=ORIENTED_EDGE('',*,*,#2026,.F.);
#1066=ORIENTED_EDGE('',*,*,#2025,.T.);
#1067=ORIENTED_EDGE('',*,*,#2027,.T.);
#1068=ORIENTED_EDGE('',*,*,#2028,.F.);
#1069=ORIENTED_EDGE('',*,*,#2029,.F.);
#1070=ORIENTED_EDGE('',*,*,#2028,.T.);
#1071=ORIENTED_EDGE('',*,*,#2030,.T.);
#1072=ORIENTED_EDGE('',*,*,#2031,.F.);
#1073=ORIENTED_EDGE('',*,*,#2032,.F.);
#1074=ORIENTED_EDGE('',*,*,#2033,.T.);
#1075=ORIENTED_EDGE('',*,*,#2034,.T.);
#1076=ORIENTED_EDGE('',*,*,#2035,.F.);
#1077=ORIENTED_EDGE('',*,*,#2036,.F.);
#1078=ORIENTED_EDGE('',*,*,#2035,.T.);
#1079=ORIENTED_EDGE('',*,*,#2037,.T.);
#1080=ORIENTED_EDGE('',*,*,#2038,.F.);
#1081=ORIENTED_EDGE('',*,*,#2039,.F.);
#1082=ORIENTED_EDGE('',*,*,#2038,.T.);
#1083=ORIENTED_EDGE('',*,*,#2040,.T.);
#1084=ORIENTED_EDGE('',*,*,#2020,.F.);
#1085=ORIENTED_EDGE('',*,*,#2041,.F.);
#1086=ORIENTED_EDGE('',*,*,#2042,.T.);
#1087=ORIENTED_EDGE('',*,*,#2043,.T.);
#1088=ORIENTED_EDGE('',*,*,#2030,.F.);
#1089=ORIENTED_EDGE('',*,*,#2027,.F.);
#1090=ORIENTED_EDGE('',*,*,#2024,.F.);
#1091=ORIENTED_EDGE('',*,*,#2021,.F.);
#1092=ORIENTED_EDGE('',*,*,#2040,.F.);
#1093=ORIENTED_EDGE('',*,*,#2037,.F.);
#1094=ORIENTED_EDGE('',*,*,#2034,.F.);
#1095=ORIENTED_EDGE('',*,*,#2044,.T.);
#1096=ORIENTED_EDGE('',*,*,#2045,.F.);
#1097=ORIENTED_EDGE('',*,*,#2036,.T.);
#1098=ORIENTED_EDGE('',*,*,#2039,.T.);
#1099=ORIENTED_EDGE('',*,*,#2041,.T.);
#1100=ORIENTED_EDGE('',*,*,#2023,.T.);
#1101=ORIENTED_EDGE('',*,*,#2026,.T.);
#1102=ORIENTED_EDGE('',*,*,#2029,.T.);
#1103=ORIENTED_EDGE('',*,*,#2032,.T.);
#1104=ORIENTED_EDGE('',*,*,#2046,.F.);
#1105=ORIENTED_EDGE('',*,*,#2047,.F.);
#1106=ORIENTED_EDGE('',*,*,#2031,.T.);
#1107=ORIENTED_EDGE('',*,*,#2043,.F.);
#1108=ORIENTED_EDGE('',*,*,#2048,.F.);
#1109=ORIENTED_EDGE('',*,*,#2046,.T.);
#1110=ORIENTED_EDGE('',*,*,#2049,.T.);
#1111=ORIENTED_EDGE('',*,*,#2044,.F.);
#1112=ORIENTED_EDGE('',*,*,#2033,.F.);
#1113=ORIENTED_EDGE('',*,*,#2045,.T.);
#1114=ORIENTED_EDGE('',*,*,#2050,.T.);
#1115=ORIENTED_EDGE('',*,*,#2051,.F.);
#1116=ORIENTED_EDGE('',*,*,#2052,.F.);
#1117=ORIENTED_EDGE('',*,*,#2047,.T.);
#1118=ORIENTED_EDGE('',*,*,#2053,.T.);
#1119=ORIENTED_EDGE('',*,*,#2042,.F.);
#1120=ORIENTED_EDGE('',*,*,#2054,.F.);
#1121=ORIENTED_EDGE('',*,*,#2055,.T.);
#1122=ORIENTED_EDGE('',*,*,#2056,.T.);
#1123=ORIENTED_EDGE('',*,*,#2051,.T.);
#1124=ORIENTED_EDGE('',*,*,#2057,.T.);
#1125=ORIENTED_EDGE('',*,*,#2058,.F.);
#1126=ORIENTED_EDGE('',*,*,#2059,.T.);
#1127=ORIENTED_EDGE('',*,*,#2060,.F.);
#1128=ORIENTED_EDGE('',*,*,#2055,.F.);
#1129=ORIENTED_EDGE('',*,*,#2061,.F.);
#1130=ORIENTED_EDGE('',*,*,#2062,.T.);
#1131=ORIENTED_EDGE('',*,*,#2057,.F.);
#1132=ORIENTED_EDGE('',*,*,#2050,.F.);
#1133=ORIENTED_EDGE('',*,*,#2048,.T.);
#1134=ORIENTED_EDGE('',*,*,#2053,.F.);
#1135=ORIENTED_EDGE('',*,*,#2060,.T.);
#1136=ORIENTED_EDGE('',*,*,#2063,.T.);
#1137=ORIENTED_EDGE('',*,*,#2061,.T.);
#1138=ORIENTED_EDGE('',*,*,#2054,.T.);
#1139=ORIENTED_EDGE('',*,*,#2049,.F.);
#1140=ORIENTED_EDGE('',*,*,#2052,.T.);
#1141=ORIENTED_EDGE('',*,*,#2056,.F.);
#1142=ORIENTED_EDGE('',*,*,#2058,.T.);
#1143=ORIENTED_EDGE('',*,*,#2062,.F.);
#1144=ORIENTED_EDGE('',*,*,#2059,.F.);
#1145=ORIENTED_EDGE('',*,*,#2063,.F.);
#1146=ORIENTED_EDGE('',*,*,#2064,.T.);
#1147=ORIENTED_EDGE('',*,*,#2065,.T.);
#1148=ORIENTED_EDGE('',*,*,#2066,.T.);
#1149=ORIENTED_EDGE('',*,*,#2067,.F.);
#1150=ORIENTED_EDGE('',*,*,#2068,.F.);
#1151=ORIENTED_EDGE('',*,*,#2067,.T.);
#1152=ORIENTED_EDGE('',*,*,#2069,.T.);
#1153=ORIENTED_EDGE('',*,*,#2070,.F.);
#1154=ORIENTED_EDGE('',*,*,#2071,.F.);
#1155=ORIENTED_EDGE('',*,*,#2070,.T.);
#1156=ORIENTED_EDGE('',*,*,#2072,.T.);
#1157=ORIENTED_EDGE('',*,*,#2073,.F.);
#1158=ORIENTED_EDGE('',*,*,#2074,.F.);
#1159=ORIENTED_EDGE('',*,*,#2073,.T.);
#1160=ORIENTED_EDGE('',*,*,#2075,.T.);
#1161=ORIENTED_EDGE('',*,*,#2076,.F.);
#1162=ORIENTED_EDGE('',*,*,#2077,.F.);
#1163=ORIENTED_EDGE('',*,*,#2078,.T.);
#1164=ORIENTED_EDGE('',*,*,#2079,.T.);
#1165=ORIENTED_EDGE('',*,*,#2080,.F.);
#1166=ORIENTED_EDGE('',*,*,#2081,.F.);
#1167=ORIENTED_EDGE('',*,*,#2080,.T.);
#1168=ORIENTED_EDGE('',*,*,#2082,.T.);
#1169=ORIENTED_EDGE('',*,*,#2083,.F.);
#1170=ORIENTED_EDGE('',*,*,#2084,.F.);
#1171=ORIENTED_EDGE('',*,*,#2083,.T.);
#1172=ORIENTED_EDGE('',*,*,#2085,.T.);
#1173=ORIENTED_EDGE('',*,*,#2065,.F.);
#1174=ORIENTED_EDGE('',*,*,#2086,.F.);
#1175=ORIENTED_EDGE('',*,*,#2087,.T.);
#1176=ORIENTED_EDGE('',*,*,#2088,.T.);
#1177=ORIENTED_EDGE('',*,*,#2075,.F.);
#1178=ORIENTED_EDGE('',*,*,#2072,.F.);
#1179=ORIENTED_EDGE('',*,*,#2069,.F.);
#1180=ORIENTED_EDGE('',*,*,#2066,.F.);
#1181=ORIENTED_EDGE('',*,*,#2085,.F.);
#1182=ORIENTED_EDGE('',*,*,#2082,.F.);
#1183=ORIENTED_EDGE('',*,*,#2079,.F.);
#1184=ORIENTED_EDGE('',*,*,#2089,.T.);
#1185=ORIENTED_EDGE('',*,*,#2090,.F.);
#1186=ORIENTED_EDGE('',*,*,#2081,.T.);
#1187=ORIENTED_EDGE('',*,*,#2084,.T.);
#1188=ORIENTED_EDGE('',*,*,#2086,.T.);
#1189=ORIENTED_EDGE('',*,*,#2068,.T.);
#1190=ORIENTED_EDGE('',*,*,#2071,.T.);
#1191=ORIENTED_EDGE('',*,*,#2074,.T.);
#1192=ORIENTED_EDGE('',*,*,#2077,.T.);
#1193=ORIENTED_EDGE('',*,*,#2091,.F.);
#1194=ORIENTED_EDGE('',*,*,#2092,.F.);
#1195=ORIENTED_EDGE('',*,*,#2076,.T.);
#1196=ORIENTED_EDGE('',*,*,#2088,.F.);
#1197=ORIENTED_EDGE('',*,*,#2093,.F.);
#1198=ORIENTED_EDGE('',*,*,#2091,.T.);
#1199=ORIENTED_EDGE('',*,*,#2094,.T.);
#1200=ORIENTED_EDGE('',*,*,#2089,.F.);
#1201=ORIENTED_EDGE('',*,*,#2078,.F.);
#1202=ORIENTED_EDGE('',*,*,#2090,.T.);
#1203=ORIENTED_EDGE('',*,*,#2095,.T.);
#1204=ORIENTED_EDGE('',*,*,#2087,.F.);
#1205=ORIENTED_EDGE('',*,*,#2096,.F.);
#1206=ORIENTED_EDGE('',*,*,#2097,.T.);
#1207=ORIENTED_EDGE('',*,*,#2098,.T.);
#1208=ORIENTED_EDGE('',*,*,#2099,.F.);
#1209=ORIENTED_EDGE('',*,*,#2100,.F.);
#1210=ORIENTED_EDGE('',*,*,#2092,.T.);
#1211=ORIENTED_EDGE('',*,*,#2101,.T.);
#1212=ORIENTED_EDGE('',*,*,#2099,.T.);
#1213=ORIENTED_EDGE('',*,*,#2102,.T.);
#1214=ORIENTED_EDGE('',*,*,#2103,.F.);
#1215=ORIENTED_EDGE('',*,*,#2104,.T.);
#1216=ORIENTED_EDGE('',*,*,#2105,.F.);
#1217=ORIENTED_EDGE('',*,*,#2097,.F.);
#1218=ORIENTED_EDGE('',*,*,#2106,.F.);
#1219=ORIENTED_EDGE('',*,*,#2107,.T.);
#1220=ORIENTED_EDGE('',*,*,#2102,.F.);
#1221=ORIENTED_EDGE('',*,*,#2098,.F.);
#1222=ORIENTED_EDGE('',*,*,#2093,.T.);
#1223=ORIENTED_EDGE('',*,*,#2095,.F.);
#1224=ORIENTED_EDGE('',*,*,#2105,.T.);
#1225=ORIENTED_EDGE('',*,*,#2108,.T.);
#1226=ORIENTED_EDGE('',*,*,#2106,.T.);
#1227=ORIENTED_EDGE('',*,*,#2096,.T.);
#1228=ORIENTED_EDGE('',*,*,#2094,.F.);
#1229=ORIENTED_EDGE('',*,*,#2100,.T.);
#1230=ORIENTED_EDGE('',*,*,#2101,.F.);
#1231=ORIENTED_EDGE('',*,*,#2103,.T.);
#1232=ORIENTED_EDGE('',*,*,#2107,.F.);
#1233=ORIENTED_EDGE('',*,*,#2104,.F.);
#1234=ORIENTED_EDGE('',*,*,#2108,.F.);
#1235=ORIENTED_EDGE('',*,*,#2109,.T.);
#1236=ORIENTED_EDGE('',*,*,#2110,.T.);
#1237=ORIENTED_EDGE('',*,*,#2111,.T.);
#1238=ORIENTED_EDGE('',*,*,#2112,.T.);
#1239=ORIENTED_EDGE('',*,*,#2113,.T.);
#1240=ORIENTED_EDGE('',*,*,#2114,.T.);
#1241=ORIENTED_EDGE('',*,*,#2115,.T.);
#1242=ORIENTED_EDGE('',*,*,#2116,.T.);
#1243=ORIENTED_EDGE('',*,*,#2117,.T.);
#1244=ORIENTED_EDGE('',*,*,#2118,.T.);
#1245=ORIENTED_EDGE('',*,*,#2119,.T.);
#1246=ORIENTED_EDGE('',*,*,#2120,.T.);
#1247=ORIENTED_EDGE('',*,*,#2119,.F.);
#1248=ORIENTED_EDGE('',*,*,#2121,.T.);
#1249=ORIENTED_EDGE('',*,*,#2122,.T.);
#1250=ORIENTED_EDGE('',*,*,#2123,.T.);
#1251=ORIENTED_EDGE('',*,*,#2122,.F.);
#1252=ORIENTED_EDGE('',*,*,#2124,.T.);
#1253=ORIENTED_EDGE('',*,*,#2125,.T.);
#1254=ORIENTED_EDGE('',*,*,#2126,.T.);
#1255=ORIENTED_EDGE('',*,*,#2124,.F.);
#1256=ORIENTED_EDGE('',*,*,#2127,.F.);
#1257=ORIENTED_EDGE('',*,*,#2128,.F.);
#1258=ORIENTED_EDGE('',*,*,#2129,.F.);
#1259=ORIENTED_EDGE('',*,*,#2130,.F.);
#1260=ORIENTED_EDGE('',*,*,#2109,.F.);
#1261=ORIENTED_EDGE('',*,*,#2131,.F.);
#1262=ORIENTED_EDGE('',*,*,#2125,.F.);
#1263=ORIENTED_EDGE('',*,*,#2132,.T.);
#1264=ORIENTED_EDGE('',*,*,#2133,.T.);
#1265=ORIENTED_EDGE('',*,*,#2134,.T.);
#1266=ORIENTED_EDGE('',*,*,#2135,.T.);
#1267=ORIENTED_EDGE('',*,*,#2132,.F.);
#1268=ORIENTED_EDGE('',*,*,#2136,.F.);
#1269=ORIENTED_EDGE('',*,*,#2137,.F.);
#1270=ORIENTED_EDGE('',*,*,#2138,.F.);
#1271=ORIENTED_EDGE('',*,*,#2134,.F.);
#1272=ORIENTED_EDGE('',*,*,#2139,.T.);
#1273=ORIENTED_EDGE('',*,*,#2140,.T.);
#1274=ORIENTED_EDGE('',*,*,#2141,.T.);
#1275=ORIENTED_EDGE('',*,*,#2138,.T.);
#1276=ORIENTED_EDGE('',*,*,#2142,.F.);
#1277=ORIENTED_EDGE('',*,*,#2143,.F.);
#1278=ORIENTED_EDGE('',*,*,#2144,.F.);
#1279=ORIENTED_EDGE('',*,*,#2144,.T.);
#1280=ORIENTED_EDGE('',*,*,#2145,.T.);
#1281=ORIENTED_EDGE('',*,*,#2146,.T.);
#1282=ORIENTED_EDGE('',*,*,#2133,.F.);
#1283=ORIENTED_EDGE('',*,*,#2146,.F.);
#1284=ORIENTED_EDGE('',*,*,#2147,.F.);
#1285=ORIENTED_EDGE('',*,*,#2148,.F.);
#1286=ORIENTED_EDGE('',*,*,#2139,.F.);
#1287=ORIENTED_EDGE('',*,*,#2149,.F.);
#1288=ORIENTED_EDGE('',*,*,#2140,.F.);
#1289=ORIENTED_EDGE('',*,*,#2150,.F.);
#1290=ORIENTED_EDGE('',*,*,#2151,.F.);
#1291=ORIENTED_EDGE('',*,*,#2148,.T.);
#1292=ORIENTED_EDGE('',*,*,#2152,.T.);
#1293=ORIENTED_EDGE('',*,*,#2153,.T.);
#1294=ORIENTED_EDGE('',*,*,#2150,.T.);
#1295=ORIENTED_EDGE('',*,*,#2153,.F.);
#1296=ORIENTED_EDGE('',*,*,#2154,.F.);
#1297=ORIENTED_EDGE('',*,*,#2155,.F.);
#1298=ORIENTED_EDGE('',*,*,#2155,.T.);
#1299=ORIENTED_EDGE('',*,*,#2156,.T.);
#1300=ORIENTED_EDGE('',*,*,#2151,.T.);
#1301=ORIENTED_EDGE('',*,*,#2156,.F.);
#1302=ORIENTED_EDGE('',*,*,#2157,.T.);
#1303=ORIENTED_EDGE('',*,*,#2115,.F.);
#1304=ORIENTED_EDGE('',*,*,#2158,.T.);
#1305=ORIENTED_EDGE('',*,*,#2154,.T.);
#1306=ORIENTED_EDGE('',*,*,#2159,.T.);
#1307=ORIENTED_EDGE('',*,*,#2127,.T.);
#1308=ORIENTED_EDGE('',*,*,#2121,.F.);
#1309=ORIENTED_EDGE('',*,*,#2160,.F.);
#1310=ORIENTED_EDGE('',*,*,#2157,.F.);
#1311=ORIENTED_EDGE('',*,*,#2161,.F.);
#1312=ORIENTED_EDGE('',*,*,#2137,.T.);
#1313=ORIENTED_EDGE('',*,*,#2162,.F.);
#1314=ORIENTED_EDGE('',*,*,#2163,.F.);
#1315=ORIENTED_EDGE('',*,*,#2161,.T.);
#1316=ORIENTED_EDGE('',*,*,#2164,.F.);
#1317=ORIENTED_EDGE('',*,*,#2165,.F.);
#1318=ORIENTED_EDGE('',*,*,#2142,.T.);
#1319=ORIENTED_EDGE('',*,*,#2166,.T.);
#1320=ORIENTED_EDGE('',*,*,#2163,.T.);
#1321=ORIENTED_EDGE('',*,*,#2167,.T.);
#1322=ORIENTED_EDGE('',*,*,#2168,.F.);
#1323=ORIENTED_EDGE('',*,*,#2164,.T.);
#1324=ORIENTED_EDGE('',*,*,#2166,.F.);
#1325=ORIENTED_EDGE('',*,*,#2169,.F.);
#1326=ORIENTED_EDGE('',*,*,#2170,.F.);
#1327=ORIENTED_EDGE('',*,*,#2130,.T.);
#1328=ORIENTED_EDGE('',*,*,#2129,.T.);
#1329=ORIENTED_EDGE('',*,*,#2171,.T.);
#1330=ORIENTED_EDGE('',*,*,#2168,.T.);
#1331=ORIENTED_EDGE('',*,*,#2169,.T.);
#1332=ORIENTED_EDGE('',*,*,#2167,.F.);
#1333=ORIENTED_EDGE('',*,*,#2172,.F.);
#1334=ORIENTED_EDGE('',*,*,#2113,.F.);
#1335=ORIENTED_EDGE('',*,*,#2172,.T.);
#1336=ORIENTED_EDGE('',*,*,#2162,.T.);
#1337=ORIENTED_EDGE('',*,*,#2136,.T.);
#1338=ORIENTED_EDGE('',*,*,#2135,.F.);
#1339=ORIENTED_EDGE('',*,*,#2141,.F.);
#1340=ORIENTED_EDGE('',*,*,#2149,.T.);
#1341=ORIENTED_EDGE('',*,*,#2158,.F.);
#1342=ORIENTED_EDGE('',*,*,#2120,.F.);
#1343=ORIENTED_EDGE('',*,*,#2123,.F.);
#1344=ORIENTED_EDGE('',*,*,#2126,.F.);
#1345=ORIENTED_EDGE('',*,*,#2131,.T.);
#1346=ORIENTED_EDGE('',*,*,#2114,.F.);
#1347=ORIENTED_EDGE('',*,*,#2173,.T.);
#1348=ORIENTED_EDGE('',*,*,#2174,.T.);
#1349=ORIENTED_EDGE('',*,*,#2175,.T.);
#1350=ORIENTED_EDGE('',*,*,#2176,.T.);
#1351=ORIENTED_EDGE('',*,*,#2177,.F.);
#1352=ORIENTED_EDGE('',*,*,#2178,.F.);
#1353=ORIENTED_EDGE('',*,*,#2179,.F.);
#1354=ORIENTED_EDGE('',*,*,#2180,.F.);
#1355=ORIENTED_EDGE('',*,*,#2181,.F.);
#1356=ORIENTED_EDGE('',*,*,#2182,.F.);
#1357=ORIENTED_EDGE('',*,*,#2183,.F.);
#1358=ORIENTED_EDGE('',*,*,#2184,.F.);
#1359=ORIENTED_EDGE('',*,*,#2185,.F.);
#1360=ORIENTED_EDGE('',*,*,#2186,.F.);
#1361=ORIENTED_EDGE('',*,*,#2187,.F.);
#1362=ORIENTED_EDGE('',*,*,#2188,.F.);
#1363=ORIENTED_EDGE('',*,*,#2171,.F.);
#1364=ORIENTED_EDGE('',*,*,#2128,.T.);
#1365=ORIENTED_EDGE('',*,*,#2159,.F.);
#1366=ORIENTED_EDGE('',*,*,#2152,.F.);
#1367=ORIENTED_EDGE('',*,*,#2147,.T.);
#1368=ORIENTED_EDGE('',*,*,#2145,.F.);
#1369=ORIENTED_EDGE('',*,*,#2143,.T.);
#1370=ORIENTED_EDGE('',*,*,#2165,.T.);
#1371=ORIENTED_EDGE('',*,*,#2189,.F.);
#1372=ORIENTED_EDGE('',*,*,#2190,.F.);
#1373=ORIENTED_EDGE('',*,*,#2191,.F.);
#1374=ORIENTED_EDGE('',*,*,#2192,.F.);
#1375=ORIENTED_EDGE('',*,*,#2193,.F.);
#1376=ORIENTED_EDGE('',*,*,#2194,.F.);
#1377=ORIENTED_EDGE('',*,*,#2195,.F.);
#1378=ORIENTED_EDGE('',*,*,#2196,.F.);
#1379=ORIENTED_EDGE('',*,*,#2197,.F.);
#1380=ORIENTED_EDGE('',*,*,#2198,.F.);
#1381=ORIENTED_EDGE('',*,*,#2199,.F.);
#1382=ORIENTED_EDGE('',*,*,#2200,.F.);
#1383=ORIENTED_EDGE('',*,*,#2201,.F.);
#1384=ORIENTED_EDGE('',*,*,#2202,.F.);
#1385=ORIENTED_EDGE('',*,*,#2203,.F.);
#1386=ORIENTED_EDGE('',*,*,#2204,.F.);
#1387=ORIENTED_EDGE('',*,*,#2205,.T.);
#1388=ORIENTED_EDGE('',*,*,#2206,.T.);
#1389=ORIENTED_EDGE('',*,*,#2207,.T.);
#1390=ORIENTED_EDGE('',*,*,#2208,.T.);
#1391=ORIENTED_EDGE('',*,*,#2209,.T.);
#1392=ORIENTED_EDGE('',*,*,#2173,.F.);
#1393=ORIENTED_EDGE('',*,*,#2176,.F.);
#1394=ORIENTED_EDGE('',*,*,#2175,.F.);
#1395=ORIENTED_EDGE('',*,*,#2174,.F.);
#1396=ORIENTED_EDGE('',*,*,#2205,.F.);
#1397=ORIENTED_EDGE('',*,*,#2208,.F.);
#1398=ORIENTED_EDGE('',*,*,#2207,.F.);
#1399=ORIENTED_EDGE('',*,*,#2206,.F.);
#1400=ORIENTED_EDGE('',*,*,#2210,.T.);
#1401=ORIENTED_EDGE('',*,*,#2211,.T.);
#1402=ORIENTED_EDGE('',*,*,#2212,.T.);
#1403=ORIENTED_EDGE('',*,*,#2213,.T.);
#1404=ORIENTED_EDGE('',*,*,#2214,.T.);
#1405=ORIENTED_EDGE('',*,*,#2215,.T.);
#1406=ORIENTED_EDGE('',*,*,#2216,.T.);
#1407=ORIENTED_EDGE('',*,*,#2217,.T.);
#1408=ORIENTED_EDGE('',*,*,#2218,.T.);
#1409=ORIENTED_EDGE('',*,*,#2219,.T.);
#1410=ORIENTED_EDGE('',*,*,#2220,.T.);
#1411=ORIENTED_EDGE('',*,*,#2221,.T.);
#1412=ORIENTED_EDGE('',*,*,#2222,.T.);
#1413=ORIENTED_EDGE('',*,*,#2223,.T.);
#1414=ORIENTED_EDGE('',*,*,#2224,.T.);
#1415=ORIENTED_EDGE('',*,*,#2225,.T.);
#1416=ORIENTED_EDGE('',*,*,#2226,.T.);
#1417=ORIENTED_EDGE('',*,*,#2227,.T.);
#1418=ORIENTED_EDGE('',*,*,#2228,.T.);
#1419=ORIENTED_EDGE('',*,*,#2229,.T.);
#1420=ORIENTED_EDGE('',*,*,#2230,.T.);
#1421=ORIENTED_EDGE('',*,*,#2231,.T.);
#1422=ORIENTED_EDGE('',*,*,#2232,.T.);
#1423=ORIENTED_EDGE('',*,*,#2233,.T.);
#1424=ORIENTED_EDGE('',*,*,#2234,.T.);
#1425=ORIENTED_EDGE('',*,*,#2235,.T.);
#1426=ORIENTED_EDGE('',*,*,#2236,.T.);
#1427=ORIENTED_EDGE('',*,*,#2237,.T.);
#1428=ORIENTED_EDGE('',*,*,#2238,.T.);
#1429=ORIENTED_EDGE('',*,*,#2239,.T.);
#1430=ORIENTED_EDGE('',*,*,#2240,.T.);
#1431=ORIENTED_EDGE('',*,*,#2241,.T.);
#1432=ORIENTED_EDGE('',*,*,#2242,.T.);
#1433=ORIENTED_EDGE('',*,*,#2243,.T.);
#1434=ORIENTED_EDGE('',*,*,#2244,.T.);
#1435=ORIENTED_EDGE('',*,*,#2245,.T.);
#1436=ORIENTED_EDGE('',*,*,#2246,.T.);
#1437=ORIENTED_EDGE('',*,*,#2247,.T.);
#1438=ORIENTED_EDGE('',*,*,#2248,.T.);
#1439=ORIENTED_EDGE('',*,*,#2249,.T.);
#1440=ORIENTED_EDGE('',*,*,#2250,.T.);
#1441=ORIENTED_EDGE('',*,*,#2251,.T.);
#1442=ORIENTED_EDGE('',*,*,#2252,.T.);
#1443=ORIENTED_EDGE('',*,*,#2253,.T.);
#1444=ORIENTED_EDGE('',*,*,#2184,.T.);
#1445=ORIENTED_EDGE('',*,*,#2254,.F.);
#1446=ORIENTED_EDGE('',*,*,#2210,.F.);
#1447=ORIENTED_EDGE('',*,*,#2255,.T.);
#1448=ORIENTED_EDGE('',*,*,#2183,.T.);
#1449=ORIENTED_EDGE('',*,*,#2256,.F.);
#1450=ORIENTED_EDGE('',*,*,#2211,.F.);
#1451=ORIENTED_EDGE('',*,*,#2254,.T.);
#1452=ORIENTED_EDGE('',*,*,#2182,.T.);
#1453=ORIENTED_EDGE('',*,*,#2257,.F.);
#1454=ORIENTED_EDGE('',*,*,#2212,.F.);
#1455=ORIENTED_EDGE('',*,*,#2256,.T.);
#1456=ORIENTED_EDGE('',*,*,#2181,.T.);
#1457=ORIENTED_EDGE('',*,*,#2258,.F.);
#1458=ORIENTED_EDGE('',*,*,#2213,.F.);
#1459=ORIENTED_EDGE('',*,*,#2257,.T.);
#1460=ORIENTED_EDGE('',*,*,#2180,.T.);
#1461=ORIENTED_EDGE('',*,*,#2259,.F.);
#1462=ORIENTED_EDGE('',*,*,#2214,.F.);
#1463=ORIENTED_EDGE('',*,*,#2258,.T.);
#1464=ORIENTED_EDGE('',*,*,#2179,.T.);
#1465=ORIENTED_EDGE('',*,*,#2260,.F.);
#1466=ORIENTED_EDGE('',*,*,#2215,.F.);
#1467=ORIENTED_EDGE('',*,*,#2259,.T.);
#1468=ORIENTED_EDGE('',*,*,#2178,.T.);
#1469=ORIENTED_EDGE('',*,*,#2261,.F.);
#1470=ORIENTED_EDGE('',*,*,#2216,.F.);
#1471=ORIENTED_EDGE('',*,*,#2260,.T.);
#1472=ORIENTED_EDGE('',*,*,#2177,.T.);
#1473=ORIENTED_EDGE('',*,*,#2255,.F.);
#1474=ORIENTED_EDGE('',*,*,#2217,.F.);
#1475=ORIENTED_EDGE('',*,*,#2261,.T.);
#1476=ORIENTED_EDGE('',*,*,#2262,.T.);
#1477=ORIENTED_EDGE('',*,*,#2185,.T.);
#1478=ORIENTED_EDGE('',*,*,#2262,.F.);
#1479=ORIENTED_EDGE('',*,*,#2263,.T.);
#1480=ORIENTED_EDGE('',*,*,#2186,.T.);
#1481=ORIENTED_EDGE('',*,*,#2263,.F.);
#1482=ORIENTED_EDGE('',*,*,#2264,.T.);
#1483=ORIENTED_EDGE('',*,*,#2187,.T.);
#1484=ORIENTED_EDGE('',*,*,#2264,.F.);
#1485=ORIENTED_EDGE('',*,*,#2265,.T.);
#1486=ORIENTED_EDGE('',*,*,#2188,.T.);
#1487=ORIENTED_EDGE('',*,*,#2265,.F.);
#1488=ORIENTED_EDGE('',*,*,#2266,.T.);
#1489=ORIENTED_EDGE('',*,*,#2189,.T.);
#1490=ORIENTED_EDGE('',*,*,#2266,.F.);
#1491=ORIENTED_EDGE('',*,*,#2267,.T.);
#1492=ORIENTED_EDGE('',*,*,#2190,.T.);
#1493=ORIENTED_EDGE('',*,*,#2267,.F.);
#1494=ORIENTED_EDGE('',*,*,#2268,.F.);
#1495=ORIENTED_EDGE('',*,*,#2209,.F.);
#1496=ORIENTED_EDGE('',*,*,#2269,.T.);
#1497=ORIENTED_EDGE('',*,*,#2110,.F.);
#1498=ORIENTED_EDGE('',*,*,#2170,.T.);
#1499=ORIENTED_EDGE('',*,*,#2112,.F.);
#1500=ORIENTED_EDGE('',*,*,#2270,.T.);
#1501=ORIENTED_EDGE('',*,*,#2116,.F.);
#1502=ORIENTED_EDGE('',*,*,#2160,.T.);
#1503=ORIENTED_EDGE('',*,*,#2118,.F.);
#1504=ORIENTED_EDGE('',*,*,#2271,.T.);
#1505=ORIENTED_EDGE('',*,*,#2272,.T.);
#1506=ORIENTED_EDGE('',*,*,#2273,.F.);
#1507=ORIENTED_EDGE('',*,*,#2274,.F.);
#1508=ORIENTED_EDGE('',*,*,#2273,.T.);
#1509=ORIENTED_EDGE('',*,*,#2275,.T.);
#1510=ORIENTED_EDGE('',*,*,#2276,.F.);
#1511=ORIENTED_EDGE('',*,*,#2277,.F.);
#1512=ORIENTED_EDGE('',*,*,#2276,.T.);
#1513=ORIENTED_EDGE('',*,*,#2278,.T.);
#1514=ORIENTED_EDGE('',*,*,#2279,.F.);
#1515=ORIENTED_EDGE('',*,*,#2280,.F.);
#1516=ORIENTED_EDGE('',*,*,#2281,.F.);
#1517=ORIENTED_EDGE('',*,*,#2282,.T.);
#1518=ORIENTED_EDGE('',*,*,#2283,.F.);
#1519=ORIENTED_EDGE('',*,*,#2284,.F.);
#1520=ORIENTED_EDGE('',*,*,#2283,.T.);
#1521=ORIENTED_EDGE('',*,*,#2285,.T.);
#1522=ORIENTED_EDGE('',*,*,#2286,.F.);
#1523=ORIENTED_EDGE('',*,*,#2287,.F.);
#1524=ORIENTED_EDGE('',*,*,#2286,.T.);
#1525=ORIENTED_EDGE('',*,*,#2288,.T.);
#1526=ORIENTED_EDGE('',*,*,#2289,.F.);
#1527=ORIENTED_EDGE('',*,*,#2290,.F.);
#1528=ORIENTED_EDGE('',*,*,#2289,.T.);
#1529=ORIENTED_EDGE('',*,*,#2291,.T.);
#1530=ORIENTED_EDGE('',*,*,#2292,.F.);
#1531=ORIENTED_EDGE('',*,*,#2293,.F.);
#1532=ORIENTED_EDGE('',*,*,#2292,.T.);
#1533=ORIENTED_EDGE('',*,*,#2294,.T.);
#1534=ORIENTED_EDGE('',*,*,#2271,.F.);
#1535=ORIENTED_EDGE('',*,*,#2295,.F.);
#1536=ORIENTED_EDGE('',*,*,#2296,.T.);
#1537=ORIENTED_EDGE('',*,*,#2297,.T.);
#1538=ORIENTED_EDGE('',*,*,#2278,.F.);
#1539=ORIENTED_EDGE('',*,*,#2275,.F.);
#1540=ORIENTED_EDGE('',*,*,#2272,.F.);
#1541=ORIENTED_EDGE('',*,*,#2294,.F.);
#1542=ORIENTED_EDGE('',*,*,#2291,.F.);
#1543=ORIENTED_EDGE('',*,*,#2288,.F.);
#1544=ORIENTED_EDGE('',*,*,#2285,.F.);
#1545=ORIENTED_EDGE('',*,*,#2282,.F.);
#1546=ORIENTED_EDGE('',*,*,#2284,.T.);
#1547=ORIENTED_EDGE('',*,*,#2287,.T.);
#1548=ORIENTED_EDGE('',*,*,#2290,.T.);
#1549=ORIENTED_EDGE('',*,*,#2293,.T.);
#1550=ORIENTED_EDGE('',*,*,#2295,.T.);
#1551=ORIENTED_EDGE('',*,*,#2274,.T.);
#1552=ORIENTED_EDGE('',*,*,#2277,.T.);
#1553=ORIENTED_EDGE('',*,*,#2280,.T.);
#1554=ORIENTED_EDGE('',*,*,#2298,.F.);
#1555=ORIENTED_EDGE('',*,*,#2299,.F.);
#1556=ORIENTED_EDGE('',*,*,#2279,.T.);
#1557=ORIENTED_EDGE('',*,*,#2297,.F.);
#1558=ORIENTED_EDGE('',*,*,#2300,.F.);
#1559=ORIENTED_EDGE('',*,*,#2298,.T.);
#1560=ORIENTED_EDGE('',*,*,#2301,.T.);
#1561=ORIENTED_EDGE('',*,*,#2296,.F.);
#1562=ORIENTED_EDGE('',*,*,#2302,.T.);
#1563=ORIENTED_EDGE('',*,*,#2303,.T.);
#1564=ORIENTED_EDGE('',*,*,#2304,.T.);
#1565=ORIENTED_EDGE('',*,*,#2305,.F.);
#1566=ORIENTED_EDGE('',*,*,#2306,.F.);
#1567=ORIENTED_EDGE('',*,*,#2299,.T.);
#1568=ORIENTED_EDGE('',*,*,#2307,.T.);
#1569=ORIENTED_EDGE('',*,*,#2305,.T.);
#1570=ORIENTED_EDGE('',*,*,#2308,.T.);
#1571=ORIENTED_EDGE('',*,*,#2309,.F.);
#1572=ORIENTED_EDGE('',*,*,#2310,.T.);
#1573=ORIENTED_EDGE('',*,*,#2311,.F.);
#1574=ORIENTED_EDGE('',*,*,#2303,.F.);
#1575=ORIENTED_EDGE('',*,*,#2312,.F.);
#1576=ORIENTED_EDGE('',*,*,#2313,.T.);
#1577=ORIENTED_EDGE('',*,*,#2308,.F.);
#1578=ORIENTED_EDGE('',*,*,#2304,.F.);
#1579=ORIENTED_EDGE('',*,*,#2300,.T.);
#1580=ORIENTED_EDGE('',*,*,#2301,.F.);
#1581=ORIENTED_EDGE('',*,*,#2311,.T.);
#1582=ORIENTED_EDGE('',*,*,#2314,.T.);
#1583=ORIENTED_EDGE('',*,*,#2312,.T.);
#1584=ORIENTED_EDGE('',*,*,#2302,.F.);
#1585=ORIENTED_EDGE('',*,*,#2281,.T.);
#1586=ORIENTED_EDGE('',*,*,#2306,.T.);
#1587=ORIENTED_EDGE('',*,*,#2307,.F.);
#1588=ORIENTED_EDGE('',*,*,#2309,.T.);
#1589=ORIENTED_EDGE('',*,*,#2313,.F.);
#1590=ORIENTED_EDGE('',*,*,#2310,.F.);
#1591=ORIENTED_EDGE('',*,*,#2314,.F.);
#1592=ORIENTED_EDGE('',*,*,#2315,.T.);
#1593=ORIENTED_EDGE('',*,*,#2316,.T.);
#1594=ORIENTED_EDGE('',*,*,#2317,.T.);
#1595=ORIENTED_EDGE('',*,*,#2318,.T.);
#1596=ORIENTED_EDGE('',*,*,#2319,.T.);
#1597=ORIENTED_EDGE('',*,*,#2320,.T.);
#1598=ORIENTED_EDGE('',*,*,#2321,.T.);
#1599=ORIENTED_EDGE('',*,*,#2322,.T.);
#1600=ORIENTED_EDGE('',*,*,#2323,.T.);
#1601=ORIENTED_EDGE('',*,*,#2324,.T.);
#1602=ORIENTED_EDGE('',*,*,#2325,.T.);
#1603=ORIENTED_EDGE('',*,*,#2326,.T.);
#1604=ORIENTED_EDGE('',*,*,#2327,.T.);
#1605=ORIENTED_EDGE('',*,*,#2328,.T.);
#1606=ORIENTED_EDGE('',*,*,#2329,.T.);
#1607=ORIENTED_EDGE('',*,*,#2330,.T.);
#1608=ORIENTED_EDGE('',*,*,#2331,.T.);
#1609=ORIENTED_EDGE('',*,*,#2332,.T.);
#1610=ORIENTED_EDGE('',*,*,#2333,.T.);
#1611=ORIENTED_EDGE('',*,*,#2334,.T.);
#1612=ORIENTED_EDGE('',*,*,#2333,.F.);
#1613=ORIENTED_EDGE('',*,*,#2335,.T.);
#1614=ORIENTED_EDGE('',*,*,#2336,.T.);
#1615=ORIENTED_EDGE('',*,*,#2337,.T.);
#1616=ORIENTED_EDGE('',*,*,#2336,.F.);
#1617=ORIENTED_EDGE('',*,*,#2338,.T.);
#1618=ORIENTED_EDGE('',*,*,#2339,.T.);
#1619=ORIENTED_EDGE('',*,*,#2340,.T.);
#1620=ORIENTED_EDGE('',*,*,#2339,.F.);
#1621=ORIENTED_EDGE('',*,*,#2341,.T.);
#1622=ORIENTED_EDGE('',*,*,#2342,.T.);
#1623=ORIENTED_EDGE('',*,*,#2343,.T.);
#1624=ORIENTED_EDGE('',*,*,#2342,.F.);
#1625=ORIENTED_EDGE('',*,*,#2344,.T.);
#1626=ORIENTED_EDGE('',*,*,#2345,.T.);
#1627=ORIENTED_EDGE('',*,*,#2346,.T.);
#1628=ORIENTED_EDGE('',*,*,#2345,.F.);
#1629=ORIENTED_EDGE('',*,*,#2347,.T.);
#1630=ORIENTED_EDGE('',*,*,#2348,.T.);
#1631=ORIENTED_EDGE('',*,*,#2349,.T.);
#1632=ORIENTED_EDGE('',*,*,#2348,.F.);
#1633=ORIENTED_EDGE('',*,*,#2350,.T.);
#1634=ORIENTED_EDGE('',*,*,#2351,.T.);
#1635=ORIENTED_EDGE('',*,*,#2352,.T.);
#1636=ORIENTED_EDGE('',*,*,#2351,.F.);
#1637=ORIENTED_EDGE('',*,*,#2353,.T.);
#1638=ORIENTED_EDGE('',*,*,#2354,.T.);
#1639=ORIENTED_EDGE('',*,*,#2355,.T.);
#1640=ORIENTED_EDGE('',*,*,#2354,.F.);
#1641=ORIENTED_EDGE('',*,*,#2356,.T.);
#1642=ORIENTED_EDGE('',*,*,#2357,.T.);
#1643=ORIENTED_EDGE('',*,*,#2358,.T.);
#1644=ORIENTED_EDGE('',*,*,#2357,.F.);
#1645=ORIENTED_EDGE('',*,*,#2359,.T.);
#1646=ORIENTED_EDGE('',*,*,#2360,.T.);
#1647=ORIENTED_EDGE('',*,*,#2361,.T.);
#1648=ORIENTED_EDGE('',*,*,#2360,.F.);
#1649=ORIENTED_EDGE('',*,*,#2362,.T.);
#1650=ORIENTED_EDGE('',*,*,#2363,.T.);
#1651=ORIENTED_EDGE('',*,*,#2364,.T.);
#1652=ORIENTED_EDGE('',*,*,#2363,.F.);
#1653=ORIENTED_EDGE('',*,*,#2365,.T.);
#1654=ORIENTED_EDGE('',*,*,#2366,.T.);
#1655=ORIENTED_EDGE('',*,*,#2367,.T.);
#1656=ORIENTED_EDGE('',*,*,#2366,.F.);
#1657=ORIENTED_EDGE('',*,*,#2368,.T.);
#1658=ORIENTED_EDGE('',*,*,#2369,.T.);
#1659=ORIENTED_EDGE('',*,*,#2370,.T.);
#1660=ORIENTED_EDGE('',*,*,#2369,.F.);
#1661=ORIENTED_EDGE('',*,*,#2371,.T.);
#1662=ORIENTED_EDGE('',*,*,#2372,.T.);
#1663=ORIENTED_EDGE('',*,*,#2373,.T.);
#1664=ORIENTED_EDGE('',*,*,#2372,.F.);
#1665=ORIENTED_EDGE('',*,*,#2374,.T.);
#1666=ORIENTED_EDGE('',*,*,#2375,.T.);
#1667=ORIENTED_EDGE('',*,*,#2376,.T.);
#1668=ORIENTED_EDGE('',*,*,#2375,.F.);
#1669=ORIENTED_EDGE('',*,*,#2377,.T.);
#1670=ORIENTED_EDGE('',*,*,#2378,.T.);
#1671=ORIENTED_EDGE('',*,*,#2379,.T.);
#1672=ORIENTED_EDGE('',*,*,#2378,.F.);
#1673=ORIENTED_EDGE('',*,*,#2380,.T.);
#1674=ORIENTED_EDGE('',*,*,#2381,.T.);
#1675=ORIENTED_EDGE('',*,*,#2382,.T.);
#1676=ORIENTED_EDGE('',*,*,#2381,.F.);
#1677=ORIENTED_EDGE('',*,*,#2383,.T.);
#1678=ORIENTED_EDGE('',*,*,#2384,.T.);
#1679=ORIENTED_EDGE('',*,*,#2385,.T.);
#1680=ORIENTED_EDGE('',*,*,#2384,.F.);
#1681=ORIENTED_EDGE('',*,*,#2386,.T.);
#1682=ORIENTED_EDGE('',*,*,#2387,.T.);
#1683=ORIENTED_EDGE('',*,*,#2388,.T.);
#1684=ORIENTED_EDGE('',*,*,#2387,.F.);
#1685=ORIENTED_EDGE('',*,*,#2389,.T.);
#1686=ORIENTED_EDGE('',*,*,#2390,.T.);
#1687=ORIENTED_EDGE('',*,*,#2391,.T.);
#1688=ORIENTED_EDGE('',*,*,#2390,.F.);
#1689=ORIENTED_EDGE('',*,*,#2392,.T.);
#1690=ORIENTED_EDGE('',*,*,#2393,.T.);
#1691=ORIENTED_EDGE('',*,*,#2394,.T.);
#1692=ORIENTED_EDGE('',*,*,#2393,.F.);
#1693=ORIENTED_EDGE('',*,*,#2395,.T.);
#1694=ORIENTED_EDGE('',*,*,#2396,.T.);
#1695=ORIENTED_EDGE('',*,*,#2397,.T.);
#1696=ORIENTED_EDGE('',*,*,#2396,.F.);
#1697=ORIENTED_EDGE('',*,*,#2398,.T.);
#1698=ORIENTED_EDGE('',*,*,#2399,.T.);
#1699=ORIENTED_EDGE('',*,*,#2400,.T.);
#1700=ORIENTED_EDGE('',*,*,#2401,.F.);
#1701=ORIENTED_EDGE('',*,*,#2402,.T.);
#1702=ORIENTED_EDGE('',*,*,#2403,.T.);
#1703=ORIENTED_EDGE('',*,*,#2404,.T.);
#1704=ORIENTED_EDGE('',*,*,#2403,.F.);
#1705=ORIENTED_EDGE('',*,*,#2405,.T.);
#1706=ORIENTED_EDGE('',*,*,#2406,.T.);
#1707=ORIENTED_EDGE('',*,*,#2407,.T.);
#1708=ORIENTED_EDGE('',*,*,#2406,.F.);
#1709=ORIENTED_EDGE('',*,*,#2408,.T.);
#1710=ORIENTED_EDGE('',*,*,#2409,.T.);
#1711=ORIENTED_EDGE('',*,*,#2410,.T.);
#1712=ORIENTED_EDGE('',*,*,#2411,.T.);
#1713=ORIENTED_EDGE('',*,*,#2412,.T.);
#1714=ORIENTED_EDGE('',*,*,#2413,.T.);
#1715=ORIENTED_EDGE('',*,*,#2414,.T.);
#1716=ORIENTED_EDGE('',*,*,#2413,.F.);
#1717=ORIENTED_EDGE('',*,*,#2415,.T.);
#1718=ORIENTED_EDGE('',*,*,#2416,.T.);
#1719=ORIENTED_EDGE('',*,*,#2417,.T.);
#1720=ORIENTED_EDGE('',*,*,#2416,.F.);
#1721=ORIENTED_EDGE('',*,*,#2418,.T.);
#1722=ORIENTED_EDGE('',*,*,#2419,.T.);
#1723=ORIENTED_EDGE('',*,*,#2420,.T.);
#1724=ORIENTED_EDGE('',*,*,#2421,.T.);
#1725=ORIENTED_EDGE('',*,*,#2422,.T.);
#1726=ORIENTED_EDGE('',*,*,#2401,.T.);
#1727=ORIENTED_EDGE('',*,*,#2423,.T.);
#1728=ORIENTED_EDGE('',*,*,#2424,.T.);
#1729=ORIENTED_EDGE('',*,*,#2425,.T.);
#1730=ORIENTED_EDGE('',*,*,#2426,.T.);
#1731=ORIENTED_EDGE('',*,*,#2427,.T.);
#1732=ORIENTED_EDGE('',*,*,#2426,.F.);
#1733=ORIENTED_EDGE('',*,*,#2428,.T.);
#1734=ORIENTED_EDGE('',*,*,#2429,.T.);
#1735=ORIENTED_EDGE('',*,*,#2430,.T.);
#1736=ORIENTED_EDGE('',*,*,#2429,.F.);
#1737=ORIENTED_EDGE('',*,*,#2431,.T.);
#1738=ORIENTED_EDGE('',*,*,#2432,.T.);
#1739=ORIENTED_EDGE('',*,*,#2433,.T.);
#1740=ORIENTED_EDGE('',*,*,#2434,.T.);
#1741=ORIENTED_EDGE('',*,*,#2435,.T.);
#1742=ORIENTED_EDGE('',*,*,#2436,.T.);
#1743=ORIENTED_EDGE('',*,*,#2437,.T.);
#1744=ORIENTED_EDGE('',*,*,#2436,.F.);
#1745=ORIENTED_EDGE('',*,*,#2438,.T.);
#1746=ORIENTED_EDGE('',*,*,#2439,.T.);
#1747=ORIENTED_EDGE('',*,*,#2440,.T.);
#1748=ORIENTED_EDGE('',*,*,#2441,.F.);
#1749=ORIENTED_EDGE('',*,*,#2442,.T.);
#1750=ORIENTED_EDGE('',*,*,#2443,.T.);
#1751=ORIENTED_EDGE('',*,*,#2444,.T.);
#1752=ORIENTED_EDGE('',*,*,#2445,.T.);
#1753=ORIENTED_EDGE('',*,*,#2446,.T.);
#1754=ORIENTED_EDGE('',*,*,#2447,.T.);
#1755=ORIENTED_EDGE('',*,*,#2448,.T.);
#1756=ORIENTED_EDGE('',*,*,#2449,.T.);
#1757=ORIENTED_EDGE('',*,*,#2450,.T.);
#1758=ORIENTED_EDGE('',*,*,#2451,.T.);
#1759=ORIENTED_EDGE('',*,*,#2452,.T.);
#1760=ORIENTED_EDGE('',*,*,#2453,.T.);
#1761=ORIENTED_EDGE('',*,*,#2454,.T.);
#1762=ORIENTED_EDGE('',*,*,#2453,.F.);
#1763=ORIENTED_EDGE('',*,*,#2455,.T.);
#1764=ORIENTED_EDGE('',*,*,#2456,.T.);
#1765=ORIENTED_EDGE('',*,*,#2457,.T.);
#1766=ORIENTED_EDGE('',*,*,#2456,.F.);
#1767=ORIENTED_EDGE('',*,*,#2458,.T.);
#1768=ORIENTED_EDGE('',*,*,#2459,.T.);
#1769=ORIENTED_EDGE('',*,*,#2460,.T.);
#1770=ORIENTED_EDGE('',*,*,#2459,.F.);
#1771=ORIENTED_EDGE('',*,*,#2461,.T.);
#1772=ORIENTED_EDGE('',*,*,#2462,.T.);
#1773=ORIENTED_EDGE('',*,*,#2463,.T.);
#1774=ORIENTED_EDGE('',*,*,#2462,.F.);
#1775=ORIENTED_EDGE('',*,*,#2464,.T.);
#1776=ORIENTED_EDGE('',*,*,#2465,.T.);
#1777=ORIENTED_EDGE('',*,*,#2466,.T.);
#1778=ORIENTED_EDGE('',*,*,#2467,.F.);
#1779=ORIENTED_EDGE('',*,*,#2468,.T.);
#1780=ORIENTED_EDGE('',*,*,#2469,.T.);
#1781=ORIENTED_EDGE('',*,*,#2470,.T.);
#1782=ORIENTED_EDGE('',*,*,#2469,.F.);
#1783=ORIENTED_EDGE('',*,*,#2471,.T.);
#1784=ORIENTED_EDGE('',*,*,#2472,.T.);
#1785=ORIENTED_EDGE('',*,*,#2473,.T.);
#1786=ORIENTED_EDGE('',*,*,#2472,.F.);
#1787=ORIENTED_EDGE('',*,*,#2474,.T.);
#1788=ORIENTED_EDGE('',*,*,#2475,.T.);
#1789=ORIENTED_EDGE('',*,*,#2476,.T.);
#1790=ORIENTED_EDGE('',*,*,#2475,.F.);
#1791=ORIENTED_EDGE('',*,*,#2477,.T.);
#1792=ORIENTED_EDGE('',*,*,#2478,.T.);
#1793=ORIENTED_EDGE('',*,*,#2479,.T.);
#1794=ORIENTED_EDGE('',*,*,#2478,.F.);
#1795=ORIENTED_EDGE('',*,*,#2480,.T.);
#1796=ORIENTED_EDGE('',*,*,#2481,.T.);
#1797=ORIENTED_EDGE('',*,*,#2482,.T.);
#1798=ORIENTED_EDGE('',*,*,#2481,.F.);
#1799=ORIENTED_EDGE('',*,*,#2483,.T.);
#1800=ORIENTED_EDGE('',*,*,#2484,.T.);
#1801=ORIENTED_EDGE('',*,*,#2485,.T.);
#1802=ORIENTED_EDGE('',*,*,#2484,.F.);
#1803=ORIENTED_EDGE('',*,*,#2486,.T.);
#1804=ORIENTED_EDGE('',*,*,#2487,.T.);
#1805=ORIENTED_EDGE('',*,*,#2488,.T.);
#1806=ORIENTED_EDGE('',*,*,#2487,.F.);
#1807=ORIENTED_EDGE('',*,*,#2489,.T.);
#1808=ORIENTED_EDGE('',*,*,#2490,.T.);
#1809=ORIENTED_EDGE('',*,*,#2491,.T.);
#1810=ORIENTED_EDGE('',*,*,#2490,.F.);
#1811=ORIENTED_EDGE('',*,*,#2492,.T.);
#1812=ORIENTED_EDGE('',*,*,#2493,.T.);
#1813=ORIENTED_EDGE('',*,*,#2494,.T.);
#1814=ORIENTED_EDGE('',*,*,#2493,.F.);
#1815=ORIENTED_EDGE('',*,*,#2495,.T.);
#1816=ORIENTED_EDGE('',*,*,#2496,.T.);
#1817=ORIENTED_EDGE('',*,*,#2497,.T.);
#1818=ORIENTED_EDGE('',*,*,#2498,.F.);
#1819=ORIENTED_EDGE('',*,*,#2499,.T.);
#1820=ORIENTED_EDGE('',*,*,#2500,.T.);
#1821=ORIENTED_EDGE('',*,*,#2501,.T.);
#1822=ORIENTED_EDGE('',*,*,#2502,.F.);
#1823=ORIENTED_EDGE('',*,*,#2503,.T.);
#1824=ORIENTED_EDGE('',*,*,#2467,.T.);
#1825=ORIENTED_EDGE('',*,*,#2504,.T.);
#1826=ORIENTED_EDGE('',*,*,#2500,.F.);
#1827=ORIENTED_EDGE('',*,*,#2505,.T.);
#1828=ORIENTED_EDGE('',*,*,#2451,.F.);
#1829=ORIENTED_EDGE('',*,*,#2446,.F.);
#1830=ORIENTED_EDGE('',*,*,#2506,.F.);
#1831=ORIENTED_EDGE('',*,*,#2507,.F.);
#1832=ORIENTED_EDGE('',*,*,#2508,.F.);
#1833=ORIENTED_EDGE('',*,*,#2495,.F.);
#1834=ORIENTED_EDGE('',*,*,#2492,.F.);
#1835=ORIENTED_EDGE('',*,*,#2489,.F.);
#1836=ORIENTED_EDGE('',*,*,#2486,.F.);
#1837=ORIENTED_EDGE('',*,*,#2483,.F.);
#1838=ORIENTED_EDGE('',*,*,#2480,.F.);
#1839=ORIENTED_EDGE('',*,*,#2477,.F.);
#1840=ORIENTED_EDGE('',*,*,#2474,.F.);
#1841=ORIENTED_EDGE('',*,*,#2471,.F.);
#1842=ORIENTED_EDGE('',*,*,#2468,.F.);
#1843=ORIENTED_EDGE('',*,*,#2503,.F.);
#1844=ORIENTED_EDGE('',*,*,#2509,.F.);
#1845=ORIENTED_EDGE('',*,*,#2510,.F.);
#1846=ORIENTED_EDGE('',*,*,#2511,.F.);
#1847=ORIENTED_EDGE('',*,*,#2408,.F.);
#1848=ORIENTED_EDGE('',*,*,#2405,.F.);
#1849=ORIENTED_EDGE('',*,*,#2402,.F.);
#1850=ORIENTED_EDGE('',*,*,#2422,.F.);
#1851=ORIENTED_EDGE('',*,*,#2512,.F.);
#1852=ORIENTED_EDGE('',*,*,#2438,.F.);
#1853=ORIENTED_EDGE('',*,*,#2435,.F.);
#1854=ORIENTED_EDGE('',*,*,#2513,.F.);
#1855=ORIENTED_EDGE('',*,*,#2514,.F.);
#1856=ORIENTED_EDGE('',*,*,#2464,.F.);
#1857=ORIENTED_EDGE('',*,*,#2461,.F.);
#1858=ORIENTED_EDGE('',*,*,#2458,.F.);
#1859=ORIENTED_EDGE('',*,*,#2455,.F.);
#1860=ORIENTED_EDGE('',*,*,#2452,.F.);
#1861=ORIENTED_EDGE('',*,*,#2505,.F.);
#1862=ORIENTED_EDGE('',*,*,#2499,.F.);
#1863=ORIENTED_EDGE('',*,*,#2515,.F.);
#1864=ORIENTED_EDGE('',*,*,#2398,.F.);
#1865=ORIENTED_EDGE('',*,*,#2395,.F.);
#1866=ORIENTED_EDGE('',*,*,#2392,.F.);
#1867=ORIENTED_EDGE('',*,*,#2389,.F.);
#1868=ORIENTED_EDGE('',*,*,#2386,.F.);
#1869=ORIENTED_EDGE('',*,*,#2383,.F.);
#1870=ORIENTED_EDGE('',*,*,#2380,.F.);
#1871=ORIENTED_EDGE('',*,*,#2377,.F.);
#1872=ORIENTED_EDGE('',*,*,#2374,.F.);
#1873=ORIENTED_EDGE('',*,*,#2371,.F.);
#1874=ORIENTED_EDGE('',*,*,#2368,.F.);
#1875=ORIENTED_EDGE('',*,*,#2365,.F.);
#1876=ORIENTED_EDGE('',*,*,#2362,.F.);
#1877=ORIENTED_EDGE('',*,*,#2359,.F.);
#1878=ORIENTED_EDGE('',*,*,#2356,.F.);
#1879=ORIENTED_EDGE('',*,*,#2353,.F.);
#1880=ORIENTED_EDGE('',*,*,#2350,.F.);
#1881=ORIENTED_EDGE('',*,*,#2347,.F.);
#1882=ORIENTED_EDGE('',*,*,#2344,.F.);
#1883=ORIENTED_EDGE('',*,*,#2341,.F.);
#1884=ORIENTED_EDGE('',*,*,#2338,.F.);
#1885=ORIENTED_EDGE('',*,*,#2335,.F.);
#1886=ORIENTED_EDGE('',*,*,#2332,.F.);
#1887=ORIENTED_EDGE('',*,*,#2425,.F.);
#1888=ORIENTED_EDGE('',*,*,#2516,.F.);
#1889=ORIENTED_EDGE('',*,*,#2517,.F.);
#1890=ORIENTED_EDGE('',*,*,#2431,.F.);
#1891=ORIENTED_EDGE('',*,*,#2428,.F.);
#1892=ORIENTED_EDGE('',*,*,#2449,.F.);
#1893=ORIENTED_EDGE('',*,*,#2518,.F.);
#1894=ORIENTED_EDGE('',*,*,#2418,.F.);
#1895=ORIENTED_EDGE('',*,*,#2415,.F.);
#1896=ORIENTED_EDGE('',*,*,#2412,.F.);
#1897=ORIENTED_EDGE('',*,*,#2519,.F.);
#1898=ORIENTED_EDGE('',*,*,#2442,.F.);
#1899=ORIENTED_EDGE('',*,*,#2520,.F.);
#1900=ORIENTED_EDGE('',*,*,#2521,.T.);
#1901=ORIENTED_EDGE('',*,*,#2465,.F.);
#1902=ORIENTED_EDGE('',*,*,#2514,.T.);
#1903=ORIENTED_EDGE('',*,*,#2522,.F.);
#1904=ORIENTED_EDGE('',*,*,#2523,.T.);
#1905=ORIENTED_EDGE('',*,*,#2447,.F.);
#1906=ORIENTED_EDGE('',*,*,#2507,.T.);
#1907=ORIENTED_EDGE('',*,*,#2524,.T.);
#1908=ORIENTED_EDGE('',*,*,#2525,.T.);
#1909=ORIENTED_EDGE('',*,*,#2524,.F.);
#1910=ORIENTED_EDGE('',*,*,#2506,.T.);
#1911=ORIENTED_EDGE('',*,*,#2445,.F.);
#1912=ORIENTED_EDGE('',*,*,#2526,.T.);
#1913=ORIENTED_EDGE('',*,*,#2527,.F.);
#1914=ORIENTED_EDGE('',*,*,#2509,.T.);
#1915=ORIENTED_EDGE('',*,*,#2502,.T.);
#1916=ORIENTED_EDGE('',*,*,#2528,.T.);
#1917=ORIENTED_EDGE('',*,*,#2522,.T.);
#1918=ORIENTED_EDGE('',*,*,#2513,.T.);
#1919=ORIENTED_EDGE('',*,*,#2434,.F.);
#1920=ORIENTED_EDGE('',*,*,#2529,.T.);
#1921=ORIENTED_EDGE('',*,*,#2432,.F.);
#1922=ORIENTED_EDGE('',*,*,#2517,.T.);
#1923=ORIENTED_EDGE('',*,*,#2530,.T.);
#1924=ORIENTED_EDGE('',*,*,#2531,.T.);
#1925=ORIENTED_EDGE('',*,*,#2532,.F.);
#1926=ORIENTED_EDGE('',*,*,#2510,.T.);
#1927=ORIENTED_EDGE('',*,*,#2527,.T.);
#1928=ORIENTED_EDGE('',*,*,#2533,.T.);
#1929=ORIENTED_EDGE('',*,*,#2530,.F.);
#1930=ORIENTED_EDGE('',*,*,#2516,.T.);
#1931=ORIENTED_EDGE('',*,*,#2424,.F.);
#1932=ORIENTED_EDGE('',*,*,#2534,.T.);
#1933=ORIENTED_EDGE('',*,*,#2419,.F.);
#1934=ORIENTED_EDGE('',*,*,#2518,.T.);
#1935=ORIENTED_EDGE('',*,*,#2535,.T.);
#1936=ORIENTED_EDGE('',*,*,#2536,.T.);
#1937=ORIENTED_EDGE('',*,*,#2439,.F.);
#1938=ORIENTED_EDGE('',*,*,#2512,.T.);
#1939=ORIENTED_EDGE('',*,*,#2421,.F.);
#1940=ORIENTED_EDGE('',*,*,#2537,.T.);
#1941=ORIENTED_EDGE('',*,*,#2535,.F.);
#1942=ORIENTED_EDGE('',*,*,#2520,.T.);
#1943=ORIENTED_EDGE('',*,*,#2441,.T.);
#1944=ORIENTED_EDGE('',*,*,#2538,.T.);
#1945=ORIENTED_EDGE('',*,*,#2443,.F.);
#1946=ORIENTED_EDGE('',*,*,#2519,.T.);
#1947=ORIENTED_EDGE('',*,*,#2411,.F.);
#1948=ORIENTED_EDGE('',*,*,#2539,.T.);
#1949=ORIENTED_EDGE('',*,*,#2409,.F.);
#1950=ORIENTED_EDGE('',*,*,#2511,.T.);
#1951=ORIENTED_EDGE('',*,*,#2532,.T.);
#1952=ORIENTED_EDGE('',*,*,#2540,.T.);
#1953=ORIENTED_EDGE('',*,*,#2399,.F.);
#1954=ORIENTED_EDGE('',*,*,#2515,.T.);
#1955=ORIENTED_EDGE('',*,*,#2498,.T.);
#1956=ORIENTED_EDGE('',*,*,#2541,.T.);
#1957=ORIENTED_EDGE('',*,*,#2496,.F.);
#1958=ORIENTED_EDGE('',*,*,#2508,.T.);
#1959=ORIENTED_EDGE('',*,*,#2331,.F.);
#1960=ORIENTED_EDGE('',*,*,#2542,.F.);
#1961=ORIENTED_EDGE('',*,*,#2543,.F.);
#1962=ORIENTED_EDGE('',*,*,#2544,.T.);
#1963=ORIENTED_EDGE('',*,*,#2545,.T.);
#1964=ORIENTED_EDGE('',*,*,#2546,.T.);
#1965=ORIENTED_EDGE('',*,*,#2547,.T.);
#1966=ORIENTED_EDGE('',*,*,#2548,.T.);
#1967=ORIENTED_EDGE('',*,*,#2549,.T.);
#1968=ORIENTED_EDGE('',*,*,#2550,.F.);
#1969=ORIENTED_EDGE('',*,*,#2551,.F.);
#1970=EDGE_CURVE('',#2552,#2553,#2964,.T.);
#1971=EDGE_CURVE('',#2553,#2554,#2965,.T.);
#1972=EDGE_CURVE('',#2554,#2552,#2966,.T.);
#1973=EDGE_CURVE('',#2555,#2556,#150,.F.);
#1974=EDGE_CURVE('',#2556,#2557,#151,.T.);
#1975=EDGE_CURVE('',#2558,#2557,#152,.T.);
#1976=EDGE_CURVE('',#2555,#2558,#153,.T.);
#1977=EDGE_CURVE('',#2557,#2559,#154,.F.);
#1978=EDGE_CURVE('',#2560,#2559,#155,.F.);
#1979=EDGE_CURVE('',#2558,#2560,#156,.T.);
#1980=EDGE_CURVE('',#2559,#2561,#157,.T.);
#1981=EDGE_CURVE('',#2562,#2561,#158,.T.);
#1982=EDGE_CURVE('',#2560,#2562,#159,.T.);
#1983=EDGE_CURVE('',#2561,#2563,#160,.F.);
#1984=EDGE_CURVE('',#2564,#2563,#161,.T.);
#1985=EDGE_CURVE('',#2562,#2564,#162,.T.);
#1986=EDGE_CURVE('',#2563,#2565,#163,.F.);
#1987=EDGE_CURVE('',#2565,#2566,#164,.F.);
#1988=EDGE_CURVE('',#2564,#2566,#165,.F.);
#1989=EDGE_CURVE('',#2567,#2568,#166,.F.);
#1990=EDGE_CURVE('',#2568,#2569,#167,.T.);
#1991=EDGE_CURVE('',#2570,#2569,#168,.F.);
#1992=EDGE_CURVE('',#2567,#2570,#169,.F.);
#1993=EDGE_CURVE('',#2569,#2571,#170,.T.);
#1994=EDGE_CURVE('',#2572,#2571,#171,.F.);
#1995=EDGE_CURVE('',#2570,#2572,#172,.T.);
#1996=EDGE_CURVE('',#2571,#2556,#173,.T.);
#1997=EDGE_CURVE('',#2572,#2555,#174,.F.);
#1998=EDGE_CURVE('',#2573,#2565,#175,.T.);
#1999=EDGE_CURVE('',#2568,#2573,#176,.T.);
#2000=EDGE_CURVE('',#2567,#2574,#177,.T.);
#2001=EDGE_CURVE('',#2574,#2566,#178,.F.);
#2002=EDGE_CURVE('',#2574,#2573,#179,.T.);
#2003=EDGE_CURVE('',#2566,#2575,#38,.T.);
#2004=EDGE_CURVE('',#2576,#2575,#180,.T.);
#2005=EDGE_CURVE('',#2574,#2576,#39,.T.);
#2006=EDGE_CURVE('',#2577,#2578,#181,.F.);
#2007=EDGE_CURVE('',#2565,#2578,#40,.T.);
#2008=EDGE_CURVE('',#2577,#2573,#41,.F.);
#2009=EDGE_CURVE('',#2579,#2576,#182,.F.);
#2010=EDGE_CURVE('',#2575,#2580,#183,.T.);
#2011=EDGE_CURVE('',#2579,#2580,#184,.T.);
#2012=EDGE_CURVE('',#2581,#2582,#185,.T.);
#2013=EDGE_CURVE('',#2578,#2582,#186,.T.);
#2014=EDGE_CURVE('',#2581,#2577,#187,.T.);
#2015=EDGE_CURVE('',#2582,#2580,#188,.F.);
#2016=EDGE_CURVE('',#2579,#2581,#189,.T.);
#2017=EDGE_CURVE('',#2583,#2584,#2967,.T.);
#2018=EDGE_CURVE('',#2584,#2585,#190,.T.);
#2019=EDGE_CURVE('',#2585,#2583,#2968,.T.);
#2020=EDGE_CURVE('',#2586,#2587,#191,.F.);
#2021=EDGE_CURVE('',#2587,#2588,#192,.T.);
#2022=EDGE_CURVE('',#2589,#2588,#193,.T.);
#2023=EDGE_CURVE('',#2586,#2589,#194,.T.);
#2024=EDGE_CURVE('',#2588,#2590,#195,.F.);
#2025=EDGE_CURVE('',#2591,#2590,#196,.F.);
#2026=EDGE_CURVE('',#2589,#2591,#197,.T.);
#2027=EDGE_CURVE('',#2590,#2592,#198,.T.);
#2028=EDGE_CURVE('',#2593,#2592,#199,.T.);
#2029=EDGE_CURVE('',#2591,#2593,#200,.T.);
#2030=EDGE_CURVE('',#2592,#2594,#201,.F.);
#2031=EDGE_CURVE('',#2595,#2594,#202,.T.);
#2032=EDGE_CURVE('',#2593,#2595,#203,.T.);
#2033=EDGE_CURVE('',#2596,#2597,#204,.F.);
#2034=EDGE_CURVE('',#2597,#2598,#205,.T.);
#2035=EDGE_CURVE('',#2599,#2598,#206,.F.);
#2036=EDGE_CURVE('',#2596,#2599,#207,.F.);
#2037=EDGE_CURVE('',#2598,#2600,#208,.T.);
#2038=EDGE_CURVE('',#2601,#2600,#209,.F.);
#2039=EDGE_CURVE('',#2599,#2601,#210,.T.);
#2040=EDGE_CURVE('',#2600,#2587,#211,.T.);
#2041=EDGE_CURVE('',#2601,#2586,#212,.F.);
#2042=EDGE_CURVE('',#2602,#2603,#213,.T.);
#2043=EDGE_CURVE('',#2603,#2594,#214,.T.);
#2044=EDGE_CURVE('',#2597,#2602,#215,.T.);
#2045=EDGE_CURVE('',#2596,#2604,#216,.T.);
#2046=EDGE_CURVE('',#2605,#2595,#217,.T.);
#2047=EDGE_CURVE('',#2604,#2605,#218,.F.);
#2048=EDGE_CURVE('',#2605,#2603,#219,.T.);
#2049=EDGE_CURVE('',#2604,#2602,#220,.T.);
#2050=EDGE_CURVE('',#2605,#2606,#42,.T.);
#2051=EDGE_CURVE('',#2607,#2606,#221,.T.);
#2052=EDGE_CURVE('',#2604,#2607,#43,.T.);
#2053=EDGE_CURVE('',#2608,#2603,#44,.F.);
#2054=EDGE_CURVE('',#2609,#2602,#45,.F.);
#2055=EDGE_CURVE('',#2609,#2608,#222,.F.);
#2056=EDGE_CURVE('',#2610,#2607,#223,.F.);
#2057=EDGE_CURVE('',#2606,#2611,#224,.T.);
#2058=EDGE_CURVE('',#2610,#2611,#225,.T.);
#2059=EDGE_CURVE('',#2612,#2613,#226,.T.);
#2060=EDGE_CURVE('',#2608,#2613,#227,.T.);
#2061=EDGE_CURVE('',#2612,#2609,#228,.T.);
#2062=EDGE_CURVE('',#2613,#2611,#229,.F.);
#2063=EDGE_CURVE('',#2610,#2612,#230,.T.);
#2064=EDGE_CURVE('',#2614,#2614,#2969,.T.);
#2065=EDGE_CURVE('',#2615,#2616,#231,.F.);
#2066=EDGE_CURVE('',#2616,#2617,#232,.T.);
#2067=EDGE_CURVE('',#2618,#2617,#233,.T.);
#2068=EDGE_CURVE('',#2615,#2618,#234,.T.);
#2069=EDGE_CURVE('',#2617,#2619,#235,.F.);
#2070=EDGE_CURVE('',#2620,#2619,#236,.F.);
#2071=EDGE_CURVE('',#2618,#2620,#237,.T.);
#2072=EDGE_CURVE('',#2619,#2621,#238,.T.);
#2073=EDGE_CURVE('',#2622,#2621,#239,.T.);
#2074=EDGE_CURVE('',#2620,#2622,#240,.T.);
#2075=EDGE_CURVE('',#2621,#2623,#241,.F.);
#2076=EDGE_CURVE('',#2624,#2623,#242,.T.);
#2077=EDGE_CURVE('',#2622,#2624,#243,.T.);
#2078=EDGE_CURVE('',#2625,#2626,#244,.F.);
#2079=EDGE_CURVE('',#2626,#2627,#245,.T.);
#2080=EDGE_CURVE('',#2628,#2627,#246,.F.);
#2081=EDGE_CURVE('',#2625,#2628,#247,.F.);
#2082=EDGE_CURVE('',#2627,#2629,#248,.T.);
#2083=EDGE_CURVE('',#2630,#2629,#249,.F.);
#2084=EDGE_CURVE('',#2628,#2630,#250,.T.);
#2085=EDGE_CURVE('',#2629,#2616,#251,.T.);
#2086=EDGE_CURVE('',#2630,#2615,#252,.F.);
#2087=EDGE_CURVE('',#2631,#2632,#253,.T.);
#2088=EDGE_CURVE('',#2632,#2623,#254,.T.);
#2089=EDGE_CURVE('',#2626,#2631,#255,.T.);
#2090=EDGE_CURVE('',#2625,#2633,#256,.T.);
#2091=EDGE_CURVE('',#2634,#2624,#257,.T.);
#2092=EDGE_CURVE('',#2633,#2634,#258,.F.);
#2093=EDGE_CURVE('',#2634,#2632,#259,.T.);
#2094=EDGE_CURVE('',#2633,#2631,#260,.T.);
#2095=EDGE_CURVE('',#2635,#2632,#46,.F.);
#2096=EDGE_CURVE('',#2636,#2631,#47,.F.);
#2097=EDGE_CURVE('',#2636,#2635,#261,.F.);
#2098=EDGE_CURVE('',#2634,#2637,#48,.T.);
#2099=EDGE_CURVE('',#2638,#2637,#262,.T.);
#2100=EDGE_CURVE('',#2633,#2638,#49,.T.);
#2101=EDGE_CURVE('',#2639,#2638,#263,.F.);
#2102=EDGE_CURVE('',#2637,#2640,#264,.T.);
#2103=EDGE_CURVE('',#2639,#2640,#265,.T.);
#2104=EDGE_CURVE('',#2641,#2642,#266,.T.);
#2105=EDGE_CURVE('',#2635,#2642,#267,.T.);
#2106=EDGE_CURVE('',#2641,#2636,#268,.T.);
#2107=EDGE_CURVE('',#2642,#2640,#269,.F.);
#2108=EDGE_CURVE('',#2639,#2641,#270,.T.);
#2109=EDGE_CURVE('',#2643,#2644,#271,.F.);
#2110=EDGE_CURVE('',#2644,#2645,#2970,.F.);
#2111=EDGE_CURVE('',#2645,#2646,#26,.T.);
#2112=EDGE_CURVE('',#2646,#2647,#2971,.F.);
#2113=EDGE_CURVE('',#2647,#2648,#272,.F.);
#2114=EDGE_CURVE('',#2648,#2643,#2972,.F.);
#2115=EDGE_CURVE('',#2649,#2650,#273,.F.);
#2116=EDGE_CURVE('',#2650,#2651,#2973,.F.);
#2117=EDGE_CURVE('',#2651,#2652,#27,.T.);
#2118=EDGE_CURVE('',#2652,#2653,#2974,.F.);
#2119=EDGE_CURVE('',#2653,#2654,#274,.F.);
#2120=EDGE_CURVE('',#2654,#2649,#2975,.F.);
#2121=EDGE_CURVE('',#2653,#2655,#275,.T.);
#2122=EDGE_CURVE('',#2655,#2656,#276,.T.);
#2123=EDGE_CURVE('',#2656,#2654,#277,.T.);
#2124=EDGE_CURVE('',#2655,#2657,#278,.T.);
#2125=EDGE_CURVE('',#2657,#2658,#279,.T.);
#2126=EDGE_CURVE('',#2658,#2656,#280,.T.);
#2127=EDGE_CURVE('',#2659,#2655,#281,.T.);
#2128=EDGE_CURVE('',#2660,#2659,#282,.T.);
#2129=EDGE_CURVE('',#2657,#2660,#283,.T.);
#2130=EDGE_CURVE('',#2644,#2657,#284,.T.);
#2131=EDGE_CURVE('',#2658,#2643,#285,.F.);
#2132=EDGE_CURVE('',#2661,#2662,#286,.T.);
#2133=EDGE_CURVE('',#2662,#2663,#287,.T.);
#2134=EDGE_CURVE('',#2663,#2664,#288,.T.);
#2135=EDGE_CURVE('',#2664,#2661,#289,.T.);
#2136=EDGE_CURVE('',#2665,#2661,#290,.T.);
#2137=EDGE_CURVE('',#2666,#2665,#291,.T.);
#2138=EDGE_CURVE('',#2662,#2666,#292,.T.);
#2139=EDGE_CURVE('',#2663,#2667,#293,.T.);
#2140=EDGE_CURVE('',#2667,#2668,#294,.T.);
#2141=EDGE_CURVE('',#2668,#2664,#295,.T.);
#2142=EDGE_CURVE('',#2669,#2666,#28,.F.);
#2143=EDGE_CURVE('',#2670,#2669,#296,.T.);
#2144=EDGE_CURVE('',#2662,#2670,#297,.T.);
#2145=EDGE_CURVE('',#2670,#2671,#298,.T.);
#2146=EDGE_CURVE('',#2671,#2663,#299,.T.);
#2147=EDGE_CURVE('',#2672,#2671,#300,.F.);
#2148=EDGE_CURVE('',#2667,#2672,#29,.F.);
#2149=EDGE_CURVE('',#2668,#2673,#301,.T.);
#2150=EDGE_CURVE('',#2674,#2667,#2976,.F.);
#2151=EDGE_CURVE('',#2673,#2674,#302,.T.);
#2152=EDGE_CURVE('',#2672,#2675,#30,.F.);
#2153=EDGE_CURVE('',#2675,#2674,#2977,.F.);
#2154=EDGE_CURVE('',#2676,#2675,#303,.T.);
#2155=EDGE_CURVE('',#2674,#2676,#304,.T.);
#2156=EDGE_CURVE('',#2676,#2673,#305,.T.);
#2157=EDGE_CURVE('',#2676,#2650,#306,.T.);
#2158=EDGE_CURVE('',#2649,#2673,#307,.T.);
#2159=EDGE_CURVE('',#2675,#2659,#308,.T.);
#2160=EDGE_CURVE('',#2650,#2653,#309,.T.);
#2161=EDGE_CURVE('',#2666,#2677,#2978,.F.);
#2162=EDGE_CURVE('',#2678,#2665,#310,.T.);
#2163=EDGE_CURVE('',#2677,#2678,#311,.T.);
#2164=EDGE_CURVE('',#2679,#2677,#2979,.T.);
#2165=EDGE_CURVE('',#2669,#2679,#31,.T.);
#2166=EDGE_CURVE('',#2680,#2677,#312,.T.);
#2167=EDGE_CURVE('',#2678,#2680,#313,.T.);
#2168=EDGE_CURVE('',#2679,#2680,#314,.T.);
#2169=EDGE_CURVE('',#2647,#2680,#315,.T.);
#2170=EDGE_CURVE('',#2644,#2647,#316,.F.);
#2171=EDGE_CURVE('',#2660,#2679,#317,.T.);
#2172=EDGE_CURVE('',#2648,#2678,#318,.F.);
#2173=EDGE_CURVE('',#2681,#2682,#2980,.T.);
#2174=EDGE_CURVE('',#2682,#2683,#2981,.T.);
#2175=EDGE_CURVE('',#2683,#2684,#2982,.T.);
#2176=EDGE_CURVE('',#2684,#2681,#2983,.T.);
#2177=EDGE_CURVE('',#2685,#2686,#319,.F.);
#2178=EDGE_CURVE('',#2687,#2685,#50,.T.);
#2179=EDGE_CURVE('',#2688,#2687,#320,.F.);
#2180=EDGE_CURVE('',#2689,#2688,#51,.T.);
#2181=EDGE_CURVE('',#2690,#2689,#321,.T.);
#2182=EDGE_CURVE('',#2691,#2690,#52,.T.);
#2183=EDGE_CURVE('',#2692,#2691,#322,.T.);
#2184=EDGE_CURVE('',#2686,#2692,#53,.T.);
#2185=EDGE_CURVE('',#2693,#2693,#54,.T.);
#2186=EDGE_CURVE('',#2694,#2694,#55,.T.);
#2187=EDGE_CURVE('',#2695,#2695,#56,.T.);
#2188=EDGE_CURVE('',#2696,#2696,#57,.T.);
#2189=EDGE_CURVE('',#2697,#2697,#58,.T.);
#2190=EDGE_CURVE('',#2698,#2698,#59,.T.);
#2191=EDGE_CURVE('',#2699,#2700,#323,.F.);
#2192=EDGE_CURVE('',#2701,#2699,#324,.T.);
#2193=EDGE_CURVE('',#2702,#2701,#325,.F.);
#2194=EDGE_CURVE('',#2703,#2702,#326,.T.);
#2195=EDGE_CURVE('',#2704,#2703,#327,.F.);
#2196=EDGE_CURVE('',#2705,#2704,#328,.T.);
#2197=EDGE_CURVE('',#2706,#2705,#329,.F.);
#2198=EDGE_CURVE('',#2707,#2706,#330,.T.);
#2199=EDGE_CURVE('',#2708,#2707,#331,.T.);
#2200=EDGE_CURVE('',#2709,#2708,#332,.T.);
#2201=EDGE_CURVE('',#2710,#2709,#333,.F.);
#2202=EDGE_CURVE('',#2711,#2710,#334,.F.);
#2203=EDGE_CURVE('',#2712,#2711,#335,.F.);
#2204=EDGE_CURVE('',#2700,#2712,#336,.F.);
#2205=EDGE_CURVE('',#2713,#2714,#2984,.T.);
#2206=EDGE_CURVE('',#2714,#2715,#2985,.T.);
#2207=EDGE_CURVE('',#2715,#2716,#2986,.T.);
#2208=EDGE_CURVE('',#2716,#2713,#2987,.T.);
#2209=EDGE_CURVE('',#2717,#2717,#60,.T.);
#2210=EDGE_CURVE('',#2718,#2719,#61,.T.);
#2211=EDGE_CURVE('',#2719,#2720,#337,.T.);
#2212=EDGE_CURVE('',#2720,#2721,#62,.T.);
#2213=EDGE_CURVE('',#2721,#2722,#338,.T.);
#2214=EDGE_CURVE('',#2722,#2723,#63,.T.);
#2215=EDGE_CURVE('',#2723,#2724,#339,.F.);
#2216=EDGE_CURVE('',#2724,#2725,#64,.T.);
#2217=EDGE_CURVE('',#2725,#2718,#340,.F.);
#2218=EDGE_CURVE('',#2726,#2727,#341,.T.);
#2219=EDGE_CURVE('',#2727,#2728,#342,.T.);
#2220=EDGE_CURVE('',#2728,#2729,#343,.T.);
#2221=EDGE_CURVE('',#2729,#2730,#344,.T.);
#2222=EDGE_CURVE('',#2730,#2731,#2988,.T.);
#2223=EDGE_CURVE('',#2731,#2732,#2989,.T.);
#2224=EDGE_CURVE('',#2732,#2733,#345,.T.);
#2225=EDGE_CURVE('',#2733,#2734,#2990,.T.);
#2226=EDGE_CURVE('',#2734,#2735,#2991,.T.);
#2227=EDGE_CURVE('',#2735,#2736,#2992,.T.);
#2228=EDGE_CURVE('',#2736,#2737,#2993,.T.);
#2229=EDGE_CURVE('',#2737,#2738,#346,.T.);
#2230=EDGE_CURVE('',#2738,#2739,#347,.T.);
#2231=EDGE_CURVE('',#2739,#2740,#348,.T.);
#2232=EDGE_CURVE('',#2740,#2741,#2994,.T.);
#2233=EDGE_CURVE('',#2741,#2742,#349,.T.);
#2234=EDGE_CURVE('',#2742,#2743,#350,.F.);
#2235=EDGE_CURVE('',#2743,#2744,#351,.T.);
#2236=EDGE_CURVE('',#2744,#2745,#2995,.T.);
#2237=EDGE_CURVE('',#2745,#2746,#352,.T.);
#2238=EDGE_CURVE('',#2746,#2747,#353,.F.);
#2239=EDGE_CURVE('',#2747,#2748,#354,.T.);
#2240=EDGE_CURVE('',#2748,#2749,#2996,.T.);
#2241=EDGE_CURVE('',#2749,#2750,#2997,.T.);
#2242=EDGE_CURVE('',#2750,#2751,#2998,.T.);
#2243=EDGE_CURVE('',#2751,#2752,#2999,.T.);
#2244=EDGE_CURVE('',#2752,#2753,#3000,.T.);
#2245=EDGE_CURVE('',#2753,#2754,#3001,.T.);
#2246=EDGE_CURVE('',#2754,#2755,#3002,.T.);
#2247=EDGE_CURVE('',#2755,#2756,#355,.T.);
#2248=EDGE_CURVE('',#2756,#2757,#356,.F.);
#2249=EDGE_CURVE('',#2757,#2758,#357,.T.);
#2250=EDGE_CURVE('',#2758,#2759,#3003,.T.);
#2251=EDGE_CURVE('',#2759,#2760,#3004,.T.);
#2252=EDGE_CURVE('',#2760,#2761,#3005,.T.);
#2253=EDGE_CURVE('',#2761,#2726,#3006,.T.);
#2254=EDGE_CURVE('',#2719,#2692,#358,.F.);
#2255=EDGE_CURVE('',#2718,#2686,#359,.T.);
#2256=EDGE_CURVE('',#2720,#2691,#360,.T.);
#2257=EDGE_CURVE('',#2721,#2690,#361,.F.);
#2258=EDGE_CURVE('',#2722,#2689,#362,.T.);
#2259=EDGE_CURVE('',#2723,#2688,#363,.T.);
#2260=EDGE_CURVE('',#2724,#2687,#364,.T.);
#2261=EDGE_CURVE('',#2725,#2685,#365,.T.);
#2262=EDGE_CURVE('',#2762,#2762,#65,.T.);
#2263=EDGE_CURVE('',#2763,#2763,#66,.T.);
#2264=EDGE_CURVE('',#2764,#2764,#67,.T.);
#2265=EDGE_CURVE('',#2765,#2765,#68,.T.);
#2266=EDGE_CURVE('',#2766,#2766,#69,.T.);
#2267=EDGE_CURVE('',#2767,#2767,#70,.T.);
#2268=EDGE_CURVE('',#2768,#2768,#3007,.F.);
#2269=EDGE_CURVE('',#2646,#2645,#366,.T.);
#2270=EDGE_CURVE('',#2652,#2651,#367,.F.);
#2271=EDGE_CURVE('',#2769,#2770,#368,.T.);
#2272=EDGE_CURVE('',#2770,#2771,#369,.F.);
#2273=EDGE_CURVE('',#2772,#2771,#370,.F.);
#2274=EDGE_CURVE('',#2769,#2772,#371,.T.);
#2275=EDGE_CURVE('',#2771,#2773,#372,.T.);
#2276=EDGE_CURVE('',#2774,#2773,#373,.T.);
#2277=EDGE_CURVE('',#2772,#2774,#374,.T.);
#2278=EDGE_CURVE('',#2773,#2775,#375,.F.);
#2279=EDGE_CURVE('',#2776,#2775,#376,.T.);
#2280=EDGE_CURVE('',#2774,#2776,#377,.T.);
#2281=EDGE_CURVE('',#2777,#2778,#378,.T.);
#2282=EDGE_CURVE('',#2777,#2779,#379,.F.);
#2283=EDGE_CURVE('',#2780,#2779,#380,.F.);
#2284=EDGE_CURVE('',#2778,#2780,#381,.F.);
#2285=EDGE_CURVE('',#2779,#2781,#382,.T.);
#2286=EDGE_CURVE('',#2782,#2781,#383,.F.);
#2287=EDGE_CURVE('',#2780,#2782,#384,.F.);
#2288=EDGE_CURVE('',#2781,#2783,#385,.T.);
#2289=EDGE_CURVE('',#2784,#2783,#386,.F.);
#2290=EDGE_CURVE('',#2782,#2784,#387,.T.);
#2291=EDGE_CURVE('',#2783,#2785,#388,.T.);
#2292=EDGE_CURVE('',#2786,#2785,#389,.F.);
#2293=EDGE_CURVE('',#2784,#2786,#390,.F.);
#2294=EDGE_CURVE('',#2785,#2770,#391,.T.);
#2295=EDGE_CURVE('',#2786,#2769,#392,.T.);
#2296=EDGE_CURVE('',#2777,#2787,#393,.T.);
#2297=EDGE_CURVE('',#2787,#2775,#394,.T.);
#2298=EDGE_CURVE('',#2788,#2776,#395,.T.);
#2299=EDGE_CURVE('',#2778,#2788,#396,.F.);
#2300=EDGE_CURVE('',#2788,#2787,#397,.T.);
#2301=EDGE_CURVE('',#2789,#2787,#71,.F.);
#2302=EDGE_CURVE('',#2777,#2790,#72,.T.);
#2303=EDGE_CURVE('',#2790,#2789,#398,.F.);
#2304=EDGE_CURVE('',#2788,#2791,#73,.T.);
#2305=EDGE_CURVE('',#2792,#2791,#399,.T.);
#2306=EDGE_CURVE('',#2778,#2792,#74,.T.);
#2307=EDGE_CURVE('',#2793,#2792,#400,.F.);
#2308=EDGE_CURVE('',#2791,#2794,#401,.T.);
#2309=EDGE_CURVE('',#2793,#2794,#402,.T.);
#2310=EDGE_CURVE('',#2795,#2796,#403,.T.);
#2311=EDGE_CURVE('',#2789,#2796,#404,.T.);
#2312=EDGE_CURVE('',#2795,#2790,#405,.T.);
#2313=EDGE_CURVE('',#2796,#2794,#406,.F.);
#2314=EDGE_CURVE('',#2793,#2795,#407,.T.);
#2315=EDGE_CURVE('',#2797,#2798,#408,.F.);
#2316=EDGE_CURVE('',#2798,#2799,#409,.F.);
#2317=EDGE_CURVE('',#2799,#2800,#410,.F.);
#2318=EDGE_CURVE('',#2800,#2801,#411,.T.);
#2319=EDGE_CURVE('',#2801,#2802,#412,.T.);
#2320=EDGE_CURVE('',#2802,#2803,#413,.T.);
#2321=EDGE_CURVE('',#2803,#2804,#414,.T.);
#2322=EDGE_CURVE('',#2804,#2805,#415,.F.);
#2323=EDGE_CURVE('',#2805,#2806,#416,.T.);
#2324=EDGE_CURVE('',#2806,#2807,#417,.T.);
#2325=EDGE_CURVE('',#2807,#2808,#418,.T.);
#2326=EDGE_CURVE('',#2808,#2809,#419,.F.);
#2327=EDGE_CURVE('',#2809,#2810,#420,.T.);
#2328=EDGE_CURVE('',#2810,#2797,#421,.F.);
#2329=EDGE_CURVE('',#2811,#2811,#3008,.T.);
#2330=EDGE_CURVE('',#2812,#2813,#422,.T.);
#2331=EDGE_CURVE('',#2813,#2814,#423,.T.);
#2332=EDGE_CURVE('',#2814,#2815,#424,.F.);
#2333=EDGE_CURVE('',#2815,#2812,#425,.F.);
#2334=EDGE_CURVE('',#2816,#2812,#426,.F.);
#2335=EDGE_CURVE('',#2815,#2817,#427,.T.);
#2336=EDGE_CURVE('',#2817,#2816,#428,.T.);
#2337=EDGE_CURVE('',#2818,#2816,#75,.F.);
#2338=EDGE_CURVE('',#2817,#2819,#76,.T.);
#2339=EDGE_CURVE('',#2819,#2818,#3009,.T.);
#2340=EDGE_CURVE('',#2820,#2818,#77,.F.);
#2341=EDGE_CURVE('',#2819,#2821,#78,.T.);
#2342=EDGE_CURVE('',#2821,#2820,#3010,.F.);
#2343=EDGE_CURVE('',#2822,#2820,#429,.T.);
#2344=EDGE_CURVE('',#2821,#2823,#430,.F.);
#2345=EDGE_CURVE('',#2823,#2822,#431,.F.);
#2346=EDGE_CURVE('',#2824,#2822,#432,.F.);
#2347=EDGE_CURVE('',#2823,#2825,#433,.T.);
#2348=EDGE_CURVE('',#2825,#2824,#3011,.T.);
#2349=EDGE_CURVE('',#2826,#2824,#3012,.T.);
#2350=EDGE_CURVE('',#2825,#2827,#3013,.F.);
#2351=EDGE_CURVE('',#2827,#2826,#3014,.F.);
#2352=EDGE_CURVE('',#2828,#2826,#434,.T.);
#2353=EDGE_CURVE('',#2827,#2829,#435,.F.);
#2354=EDGE_CURVE('',#2829,#2828,#436,.F.);
#2355=EDGE_CURVE('',#2830,#2828,#437,.F.);
#2356=EDGE_CURVE('',#2829,#2831,#438,.T.);
#2357=EDGE_CURVE('',#2831,#2830,#3015,.T.);
#2358=EDGE_CURVE('',#2832,#2830,#3016,.T.);
#2359=EDGE_CURVE('',#2831,#2833,#3017,.F.);
#2360=EDGE_CURVE('',#2833,#2832,#3018,.F.);
#2361=EDGE_CURVE('',#2834,#2832,#439,.T.);
#2362=EDGE_CURVE('',#2833,#2835,#440,.F.);
#2363=EDGE_CURVE('',#2835,#2834,#441,.F.);
#2364=EDGE_CURVE('',#2836,#2834,#442,.T.);
#2365=EDGE_CURVE('',#2835,#2837,#443,.F.);
#2366=EDGE_CURVE('',#2837,#2836,#444,.F.);
#2367=EDGE_CURVE('',#2838,#2836,#445,.F.);
#2368=EDGE_CURVE('',#2837,#2839,#446,.T.);
#2369=EDGE_CURVE('',#2839,#2838,#447,.T.);
#2370=EDGE_CURVE('',#2840,#2838,#448,.T.);
#2371=EDGE_CURVE('',#2839,#2841,#449,.F.);
#2372=EDGE_CURVE('',#2841,#2840,#450,.F.);
#2373=EDGE_CURVE('',#2842,#2840,#451,.F.);
#2374=EDGE_CURVE('',#2841,#2843,#452,.T.);
#2375=EDGE_CURVE('',#2843,#2842,#3019,.T.);
#2376=EDGE_CURVE('',#2844,#2842,#79,.F.);
#2377=EDGE_CURVE('',#2843,#2845,#80,.T.);
#2378=EDGE_CURVE('',#2845,#2844,#3020,.F.);
#2379=EDGE_CURVE('',#2846,#2844,#453,.F.);
#2380=EDGE_CURVE('',#2845,#2847,#454,.T.);
#2381=EDGE_CURVE('',#2847,#2846,#455,.T.);
#2382=EDGE_CURVE('',#2848,#2846,#456,.T.);
#2383=EDGE_CURVE('',#2847,#2849,#457,.F.);
#2384=EDGE_CURVE('',#2849,#2848,#3021,.T.);
#2385=EDGE_CURVE('',#2850,#2848,#81,.F.);
#2386=EDGE_CURVE('',#2849,#2851,#82,.T.);
#2387=EDGE_CURVE('',#2851,#2850,#3022,.T.);
#2388=EDGE_CURVE('',#2852,#2850,#83,.F.);
#2389=EDGE_CURVE('',#2851,#2853,#84,.T.);
#2390=EDGE_CURVE('',#2853,#2852,#3023,.F.);
#2391=EDGE_CURVE('',#2854,#2852,#458,.F.);
#2392=EDGE_CURVE('',#2853,#2855,#459,.T.);
#2393=EDGE_CURVE('',#2855,#2854,#460,.T.);
#2394=EDGE_CURVE('',#2856,#2854,#461,.T.);
#2395=EDGE_CURVE('',#2855,#2857,#462,.F.);
#2396=EDGE_CURVE('',#2857,#2856,#3024,.T.);
#2397=EDGE_CURVE('',#2858,#2856,#3025,.T.);
#2398=EDGE_CURVE('',#2857,#2859,#3026,.F.);
#2399=EDGE_CURVE('',#2859,#2858,#3027,.F.);
#2400=EDGE_CURVE('',#2860,#2861,#463,.F.);
#2401=EDGE_CURVE('',#2862,#2861,#3028,.F.);
#2402=EDGE_CURVE('',#2862,#2863,#464,.T.);
#2403=EDGE_CURVE('',#2863,#2860,#465,.T.);
#2404=EDGE_CURVE('',#2864,#2860,#466,.T.);
#2405=EDGE_CURVE('',#2863,#2865,#467,.F.);
#2406=EDGE_CURVE('',#2865,#2864,#468,.F.);
#2407=EDGE_CURVE('',#2866,#2864,#469,.T.);
#2408=EDGE_CURVE('',#2865,#2867,#470,.F.);
#2409=EDGE_CURVE('',#2867,#2866,#3029,.T.);
#2410=EDGE_CURVE('',#2868,#2869,#471,.F.);
#2411=EDGE_CURVE('',#2869,#2870,#472,.F.);
#2412=EDGE_CURVE('',#2870,#2871,#473,.T.);
#2413=EDGE_CURVE('',#2871,#2868,#474,.T.);
#2414=EDGE_CURVE('',#2872,#2868,#475,.T.);
#2415=EDGE_CURVE('',#2871,#2873,#476,.F.);
#2416=EDGE_CURVE('',#2873,#2872,#3030,.T.);
#2417=EDGE_CURVE('',#2874,#2872,#3031,.T.);
#2418=EDGE_CURVE('',#2873,#2875,#3032,.F.);
#2419=EDGE_CURVE('',#2875,#2874,#477,.F.);
#2420=EDGE_CURVE('',#2861,#2876,#3033,.T.);
#2421=EDGE_CURVE('',#2876,#2877,#3034,.F.);
#2422=EDGE_CURVE('',#2877,#2862,#3035,.F.);
#2423=EDGE_CURVE('',#2878,#2879,#85,.F.);
#2424=EDGE_CURVE('',#2879,#2880,#478,.F.);
#2425=EDGE_CURVE('',#2880,#2881,#86,.T.);
#2426=EDGE_CURVE('',#2881,#2878,#479,.T.);
#2427=EDGE_CURVE('',#2882,#2878,#480,.F.);
#2428=EDGE_CURVE('',#2881,#2883,#481,.T.);
#2429=EDGE_CURVE('',#2883,#2882,#3036,.T.);
#2430=EDGE_CURVE('',#2884,#2882,#3037,.T.);
#2431=EDGE_CURVE('',#2883,#2885,#3038,.F.);
#2432=EDGE_CURVE('',#2885,#2884,#482,.F.);
#2433=EDGE_CURVE('',#2886,#2887,#483,.T.);
#2434=EDGE_CURVE('',#2887,#2888,#3039,.T.);
#2435=EDGE_CURVE('',#2888,#2889,#484,.F.);
#2436=EDGE_CURVE('',#2889,#2886,#485,.F.);
#2437=EDGE_CURVE('',#2890,#2886,#486,.F.);
#2438=EDGE_CURVE('',#2889,#2891,#487,.T.);
#2439=EDGE_CURVE('',#2891,#2890,#488,.T.);
#2440=EDGE_CURVE('',#2892,#2893,#3040,.T.);
#2441=EDGE_CURVE('',#2894,#2893,#3041,.T.);
#2442=EDGE_CURVE('',#2894,#2895,#3042,.F.);
#2443=EDGE_CURVE('',#2895,#2892,#3043,.F.);
#2444=EDGE_CURVE('',#2896,#2897,#87,.F.);
#2445=EDGE_CURVE('',#2897,#2898,#489,.F.);
#2446=EDGE_CURVE('',#2898,#2899,#88,.T.);
#2447=EDGE_CURVE('',#2899,#2896,#490,.T.);
#2448=EDGE_CURVE('',#2900,#2900,#3044,.T.);
#2449=EDGE_CURVE('',#2901,#2901,#3045,.F.);
#2450=EDGE_CURVE('',#2902,#2903,#89,.F.);
#2451=EDGE_CURVE('',#2903,#2904,#491,.F.);
#2452=EDGE_CURVE('',#2904,#2905,#90,.T.);
#2453=EDGE_CURVE('',#2905,#2902,#492,.T.);
#2454=EDGE_CURVE('',#2906,#2902,#493,.F.);
#2455=EDGE_CURVE('',#2905,#2907,#494,.T.);
#2456=EDGE_CURVE('',#2907,#2906,#3046,.T.);
#2457=EDGE_CURVE('',#2908,#2906,#3047,.T.);
#2458=EDGE_CURVE('',#2907,#2909,#3048,.F.);
#2459=EDGE_CURVE('',#2909,#2908,#3049,.F.);
#2460=EDGE_CURVE('',#2910,#2908,#495,.T.);
#2461=EDGE_CURVE('',#2909,#2911,#496,.F.);
#2462=EDGE_CURVE('',#2911,#2910,#497,.F.);
#2463=EDGE_CURVE('',#2912,#2910,#498,.F.);
#2464=EDGE_CURVE('',#2911,#2913,#499,.T.);
#2465=EDGE_CURVE('',#2913,#2912,#500,.T.);
#2466=EDGE_CURVE('',#2914,#2915,#501,.T.);
#2467=EDGE_CURVE('',#2916,#2915,#3050,.F.);
#2468=EDGE_CURVE('',#2916,#2917,#502,.F.);
#2469=EDGE_CURVE('',#2917,#2914,#503,.F.);
#2470=EDGE_CURVE('',#2918,#2914,#504,.T.);
#2471=EDGE_CURVE('',#2917,#2919,#505,.F.);
#2472=EDGE_CURVE('',#2919,#2918,#506,.F.);
#2473=EDGE_CURVE('',#2920,#2918,#507,.F.);
#2474=EDGE_CURVE('',#2919,#2921,#508,.T.);
#2475=EDGE_CURVE('',#2921,#2920,#3051,.T.);
#2476=EDGE_CURVE('',#2922,#2920,#3052,.T.);
#2477=EDGE_CURVE('',#2921,#2923,#3053,.F.);
#2478=EDGE_CURVE('',#2923,#2922,#3054,.F.);
#2479=EDGE_CURVE('',#2924,#2922,#91,.F.);
#2480=EDGE_CURVE('',#2923,#2925,#92,.T.);
#2481=EDGE_CURVE('',#2925,#2924,#509,.T.);
#2482=EDGE_CURVE('',#2926,#2924,#93,.F.);
#2483=EDGE_CURVE('',#2925,#2927,#94,.T.);
#2484=EDGE_CURVE('',#2927,#2926,#3055,.T.);
#2485=EDGE_CURVE('',#2928,#2926,#3056,.T.);
#2486=EDGE_CURVE('',#2927,#2929,#3057,.F.);
#2487=EDGE_CURVE('',#2929,#2928,#3058,.F.);
#2488=EDGE_CURVE('',#2930,#2928,#510,.T.);
#2489=EDGE_CURVE('',#2929,#2931,#511,.F.);
#2490=EDGE_CURVE('',#2931,#2930,#512,.F.);
#2491=EDGE_CURVE('',#2932,#2930,#513,.F.);
#2492=EDGE_CURVE('',#2931,#2933,#514,.T.);
#2493=EDGE_CURVE('',#2933,#2932,#515,.T.);
#2494=EDGE_CURVE('',#2934,#2932,#516,.T.);
#2495=EDGE_CURVE('',#2933,#2935,#517,.F.);
#2496=EDGE_CURVE('',#2935,#2934,#518,.F.);
#2497=EDGE_CURVE('',#2936,#2937,#3059,.T.);
#2498=EDGE_CURVE('',#2938,#2937,#3060,.T.);
#2499=EDGE_CURVE('',#2938,#2939,#3061,.F.);
#2500=EDGE_CURVE('',#2939,#2936,#519,.F.);
#2501=EDGE_CURVE('',#2915,#2940,#95,.F.);
#2502=EDGE_CURVE('',#2941,#2940,#520,.F.);
#2503=EDGE_CURVE('',#2941,#2916,#96,.T.);
#2504=EDGE_CURVE('',#2903,#2936,#97,.F.);
#2505=EDGE_CURVE('',#2939,#2904,#98,.T.);
#2506=EDGE_CURVE('',#2942,#2898,#99,.T.);
#2507=EDGE_CURVE('',#2899,#2942,#521,.F.);
#2508=EDGE_CURVE('',#2935,#2814,#522,.F.);
#2509=EDGE_CURVE('',#2943,#2941,#3062,.F.);
#2510=EDGE_CURVE('',#2944,#2943,#100,.T.);
#2511=EDGE_CURVE('',#2867,#2944,#3063,.F.);
#2512=EDGE_CURVE('',#2891,#2877,#523,.T.);
#2513=EDGE_CURVE('',#2945,#2888,#3064,.F.);
#2514=EDGE_CURVE('',#2913,#2945,#524,.T.);
#2515=EDGE_CURVE('',#2859,#2938,#525,.T.);
#2516=EDGE_CURVE('',#2946,#2880,#101,.T.);
#2517=EDGE_CURVE('',#2885,#2946,#102,.T.);
#2518=EDGE_CURVE('',#2875,#2947,#103,.T.);
#2519=EDGE_CURVE('',#2895,#2870,#104,.T.);
#2520=EDGE_CURVE('',#2947,#2894,#526,.F.);
#2521=EDGE_CURVE('',#2948,#2912,#527,.F.);
#2522=EDGE_CURVE('',#2948,#2945,#3065,.F.);
#2523=EDGE_CURVE('',#2949,#2896,#528,.T.);
#2524=EDGE_CURVE('',#2942,#2949,#529,.T.);
#2525=EDGE_CURVE('',#2897,#2949,#105,.F.);
#2526=EDGE_CURVE('',#2940,#2950,#3066,.T.);
#2527=EDGE_CURVE('',#2943,#2950,#530,.F.);
#2528=EDGE_CURVE('',#2887,#2948,#3067,.T.);
#2529=EDGE_CURVE('',#2951,#2884,#106,.F.);
#2530=EDGE_CURVE('',#2946,#2951,#3068,.T.);
#2531=EDGE_CURVE('',#2950,#2952,#107,.F.);
#2532=EDGE_CURVE('',#2944,#2952,#531,.F.);
#2533=EDGE_CURVE('',#2879,#2951,#108,.F.);
#2534=EDGE_CURVE('',#2953,#2874,#109,.F.);
#2535=EDGE_CURVE('',#2947,#2953,#532,.T.);
#2536=EDGE_CURVE('',#2876,#2890,#533,.F.);
#2537=EDGE_CURVE('',#2893,#2953,#534,.T.);
#2538=EDGE_CURVE('',#2869,#2892,#110,.F.);
#2539=EDGE_CURVE('',#2952,#2866,#3069,.T.);
#2540=EDGE_CURVE('',#2937,#2858,#535,.F.);
#2541=EDGE_CURVE('',#2813,#2934,#536,.T.);
#2542=EDGE_CURVE('',#2954,#2955,#3070,.F.);
#2543=EDGE_CURVE('',#2955,#2954,#537,.F.);
#2544=EDGE_CURVE('',#2956,#2957,#3071,.T.);
#2545=EDGE_CURVE('',#2957,#2958,#538,.T.);
#2546=EDGE_CURVE('',#2958,#2959,#3072,.T.);
#2547=EDGE_CURVE('',#2959,#2960,#3073,.T.);
#2548=EDGE_CURVE('',#2960,#2961,#539,.T.);
#2549=EDGE_CURVE('',#2961,#2956,#540,.F.);
#2550=EDGE_CURVE('',#2962,#2963,#3074,.F.);
#2551=EDGE_CURVE('',#2963,#2962,#541,.T.);
#2552=VERTEX_POINT('',#5250);
#2553=VERTEX_POINT('',#5251);
#2554=VERTEX_POINT('',#5262);
#2555=VERTEX_POINT('',#5273);
#2556=VERTEX_POINT('',#5274);
#2557=VERTEX_POINT('',#5276);
#2558=VERTEX_POINT('',#5278);
#2559=VERTEX_POINT('',#5282);
#2560=VERTEX_POINT('',#5284);
#2561=VERTEX_POINT('',#5288);
#2562=VERTEX_POINT('',#5290);
#2563=VERTEX_POINT('',#5294);
#2564=VERTEX_POINT('',#5296);
#2565=VERTEX_POINT('',#5300);
#2566=VERTEX_POINT('',#5302);
#2567=VERTEX_POINT('',#5306);
#2568=VERTEX_POINT('',#5307);
#2569=VERTEX_POINT('',#5309);
#2570=VERTEX_POINT('',#5311);
#2571=VERTEX_POINT('',#5315);
#2572=VERTEX_POINT('',#5317);
#2573=VERTEX_POINT('',#5324);
#2574=VERTEX_POINT('',#5328);
#2575=VERTEX_POINT('',#5334);
#2576=VERTEX_POINT('',#5336);
#2577=VERTEX_POINT('',#5340);
#2578=VERTEX_POINT('',#5341);
#2579=VERTEX_POINT('',#5346);
#2580=VERTEX_POINT('',#5348);
#2581=VERTEX_POINT('',#5352);
#2582=VERTEX_POINT('',#5353);
#2583=VERTEX_POINT('',#5367);
#2584=VERTEX_POINT('',#5368);
#2585=VERTEX_POINT('',#5370);
#2586=VERTEX_POINT('',#5378);
#2587=VERTEX_POINT('',#5379);
#2588=VERTEX_POINT('',#5381);
#2589=VERTEX_POINT('',#5383);
#2590=VERTEX_POINT('',#5387);
#2591=VERTEX_POINT('',#5389);
#2592=VERTEX_POINT('',#5393);
#2593=VERTEX_POINT('',#5395);
#2594=VERTEX_POINT('',#5399);
#2595=VERTEX_POINT('',#5401);
#2596=VERTEX_POINT('',#5405);
#2597=VERTEX_POINT('',#5406);
#2598=VERTEX_POINT('',#5408);
#2599=VERTEX_POINT('',#5410);
#2600=VERTEX_POINT('',#5414);
#2601=VERTEX_POINT('',#5416);
#2602=VERTEX_POINT('',#5423);
#2603=VERTEX_POINT('',#5424);
#2604=VERTEX_POINT('',#5429);
#2605=VERTEX_POINT('',#5431);
#2606=VERTEX_POINT('',#5439);
#2607=VERTEX_POINT('',#5441);
#2608=VERTEX_POINT('',#5445);
#2609=VERTEX_POINT('',#5447);
#2610=VERTEX_POINT('',#5451);
#2611=VERTEX_POINT('',#5453);
#2612=VERTEX_POINT('',#5457);
#2613=VERTEX_POINT('',#5458);
#2614=VERTEX_POINT('',#5483);
#2615=VERTEX_POINT('',#5487);
#2616=VERTEX_POINT('',#5488);
#2617=VERTEX_POINT('',#5490);
#2618=VERTEX_POINT('',#5492);
#2619=VERTEX_POINT('',#5496);
#2620=VERTEX_POINT('',#5498);
#2621=VERTEX_POINT('',#5502);
#2622=VERTEX_POINT('',#5504);
#2623=VERTEX_POINT('',#5508);
#2624=VERTEX_POINT('',#5510);
#2625=VERTEX_POINT('',#5514);
#2626=VERTEX_POINT('',#5515);
#2627=VERTEX_POINT('',#5517);
#2628=VERTEX_POINT('',#5519);
#2629=VERTEX_POINT('',#5523);
#2630=VERTEX_POINT('',#5525);
#2631=VERTEX_POINT('',#5532);
#2632=VERTEX_POINT('',#5533);
#2633=VERTEX_POINT('',#5538);
#2634=VERTEX_POINT('',#5540);
#2635=VERTEX_POINT('',#5548);
#2636=VERTEX_POINT('',#5550);
#2637=VERTEX_POINT('',#5554);
#2638=VERTEX_POINT('',#5556);
#2639=VERTEX_POINT('',#5560);
#2640=VERTEX_POINT('',#5562);
#2641=VERTEX_POINT('',#5566);
#2642=VERTEX_POINT('',#5567);
#2643=VERTEX_POINT('',#5597);
#2644=VERTEX_POINT('',#5598);
#2645=VERTEX_POINT('',#5603);
#2646=VERTEX_POINT('',#5605);
#2647=VERTEX_POINT('',#5610);
#2648=VERTEX_POINT('',#5612);
#2649=VERTEX_POINT('',#5645);
#2650=VERTEX_POINT('',#5646);
#2651=VERTEX_POINT('',#5651);
#2652=VERTEX_POINT('',#5653);
#2653=VERTEX_POINT('',#5658);
#2654=VERTEX_POINT('',#5660);
#2655=VERTEX_POINT('',#5674);
#2656=VERTEX_POINT('',#5676);
#2657=VERTEX_POINT('',#5680);
#2658=VERTEX_POINT('',#5682);
#2659=VERTEX_POINT('',#5686);
#2660=VERTEX_POINT('',#5688);
#2661=VERTEX_POINT('',#5695);
#2662=VERTEX_POINT('',#5696);
#2663=VERTEX_POINT('',#5698);
#2664=VERTEX_POINT('',#5700);
#2665=VERTEX_POINT('',#5704);
#2666=VERTEX_POINT('',#5706);
#2667=VERTEX_POINT('',#5710);
#2668=VERTEX_POINT('',#5712);
#2669=VERTEX_POINT('',#5716);
#2670=VERTEX_POINT('',#5718);
#2671=VERTEX_POINT('',#5722);
#2672=VERTEX_POINT('',#5726);
#2673=VERTEX_POINT('',#5730);
#2674=VERTEX_POINT('',#5735);
#2675=VERTEX_POINT('',#5739);
#2676=VERTEX_POINT('',#5746);
#2677=VERTEX_POINT('',#5761);
#2678=VERTEX_POINT('',#5763);
#2679=VERTEX_POINT('',#5770);
#2680=VERTEX_POINT('',#5774);
#2681=VERTEX_POINT('',#5792);
#2682=VERTEX_POINT('',#5793);
#2683=VERTEX_POINT('',#5801);
#2684=VERTEX_POINT('',#5809);
#2685=VERTEX_POINT('',#5818);
#2686=VERTEX_POINT('',#5819);
#2687=VERTEX_POINT('',#5821);
#2688=VERTEX_POINT('',#5823);
#2689=VERTEX_POINT('',#5825);
#2690=VERTEX_POINT('',#5827);
#2691=VERTEX_POINT('',#5829);
#2692=VERTEX_POINT('',#5831);
#2693=VERTEX_POINT('',#5834);
#2694=VERTEX_POINT('',#5836);
#2695=VERTEX_POINT('',#5838);
#2696=VERTEX_POINT('',#5840);
#2697=VERTEX_POINT('',#5843);
#2698=VERTEX_POINT('',#5845);
#2699=VERTEX_POINT('',#5847);
#2700=VERTEX_POINT('',#5848);
#2701=VERTEX_POINT('',#5850);
#2702=VERTEX_POINT('',#5852);
#2703=VERTEX_POINT('',#5854);
#2704=VERTEX_POINT('',#5856);
#2705=VERTEX_POINT('',#5858);
#2706=VERTEX_POINT('',#5860);
#2707=VERTEX_POINT('',#5862);
#2708=VERTEX_POINT('',#5864);
#2709=VERTEX_POINT('',#5866);
#2710=VERTEX_POINT('',#5868);
#2711=VERTEX_POINT('',#5870);
#2712=VERTEX_POINT('',#5872);
#2713=VERTEX_POINT('',#5880);
#2714=VERTEX_POINT('',#5881);
#2715=VERTEX_POINT('',#5887);
#2716=VERTEX_POINT('',#5893);
#2717=VERTEX_POINT('',#5900);
#2718=VERTEX_POINT('',#5904);
#2719=VERTEX_POINT('',#5905);
#2720=VERTEX_POINT('',#5907);
#2721=VERTEX_POINT('',#5909);
#2722=VERTEX_POINT('',#5911);
#2723=VERTEX_POINT('',#5913);
#2724=VERTEX_POINT('',#5915);
#2725=VERTEX_POINT('',#5917);
#2726=VERTEX_POINT('',#5920);
#2727=VERTEX_POINT('',#5921);
#2728=VERTEX_POINT('',#5923);
#2729=VERTEX_POINT('',#5925);
#2730=VERTEX_POINT('',#5927);
#2731=VERTEX_POINT('',#5943);
#2732=VERTEX_POINT('',#5960);
#2733=VERTEX_POINT('',#5962);
#2734=VERTEX_POINT('',#5974);
#2735=VERTEX_POINT('',#5986);
#2736=VERTEX_POINT('',#5993);
#2737=VERTEX_POINT('',#6004);
#2738=VERTEX_POINT('',#6006);
#2739=VERTEX_POINT('',#6008);
#2740=VERTEX_POINT('',#6010);
#2741=VERTEX_POINT('',#6028);
#2742=VERTEX_POINT('',#6030);
#2743=VERTEX_POINT('',#6032);
#2744=VERTEX_POINT('',#6034);
#2745=VERTEX_POINT('',#6040);
#2746=VERTEX_POINT('',#6042);
#2747=VERTEX_POINT('',#6044);
#2748=VERTEX_POINT('',#6046);
#2749=VERTEX_POINT('',#6058);
#2750=VERTEX_POINT('',#6068);
#2751=VERTEX_POINT('',#6076);
#2752=VERTEX_POINT('',#6098);
#2753=VERTEX_POINT('',#6111);
#2754=VERTEX_POINT('',#6125);
#2755=VERTEX_POINT('',#6139);
#2756=VERTEX_POINT('',#6141);
#2757=VERTEX_POINT('',#6143);
#2758=VERTEX_POINT('',#6145);
#2759=VERTEX_POINT('',#6163);
#2760=VERTEX_POINT('',#6185);
#2761=VERTEX_POINT('',#6195);
#2762=VERTEX_POINT('',#6229);
#2763=VERTEX_POINT('',#6233);
#2764=VERTEX_POINT('',#6237);
#2765=VERTEX_POINT('',#6241);
#2766=VERTEX_POINT('',#6245);
#2767=VERTEX_POINT('',#6249);
#2768=VERTEX_POINT('',#6271);
#2769=VERTEX_POINT('',#6279);
#2770=VERTEX_POINT('',#6280);
#2771=VERTEX_POINT('',#6282);
#2772=VERTEX_POINT('',#6284);
#2773=VERTEX_POINT('',#6288);
#2774=VERTEX_POINT('',#6290);
#2775=VERTEX_POINT('',#6294);
#2776=VERTEX_POINT('',#6296);
#2777=VERTEX_POINT('',#6300);
#2778=VERTEX_POINT('',#6301);
#2779=VERTEX_POINT('',#6303);
#2780=VERTEX_POINT('',#6305);
#2781=VERTEX_POINT('',#6309);
#2782=VERTEX_POINT('',#6311);
#2783=VERTEX_POINT('',#6315);
#2784=VERTEX_POINT('',#6317);
#2785=VERTEX_POINT('',#6321);
#2786=VERTEX_POINT('',#6323);
#2787=VERTEX_POINT('',#6330);
#2788=VERTEX_POINT('',#6334);
#2789=VERTEX_POINT('',#6340);
#2790=VERTEX_POINT('',#6342);
#2791=VERTEX_POINT('',#6346);
#2792=VERTEX_POINT('',#6348);
#2793=VERTEX_POINT('',#6352);
#2794=VERTEX_POINT('',#6354);
#2795=VERTEX_POINT('',#6358);
#2796=VERTEX_POINT('',#6359);
#2797=VERTEX_POINT('',#6370);
#2798=VERTEX_POINT('',#6371);
#2799=VERTEX_POINT('',#6373);
#2800=VERTEX_POINT('',#6375);
#2801=VERTEX_POINT('',#6377);
#2802=VERTEX_POINT('',#6379);
#2803=VERTEX_POINT('',#6381);
#2804=VERTEX_POINT('',#6383);
#2805=VERTEX_POINT('',#6385);
#2806=VERTEX_POINT('',#6387);
#2807=VERTEX_POINT('',#6389);
#2808=VERTEX_POINT('',#6391);
#2809=VERTEX_POINT('',#6393);
#2810=VERTEX_POINT('',#6395);
#2811=VERTEX_POINT('',#6416);
#2812=VERTEX_POINT('',#6420);
#2813=VERTEX_POINT('',#6421);
#2814=VERTEX_POINT('',#6423);
#2815=VERTEX_POINT('',#6425);
#2816=VERTEX_POINT('',#6429);
#2817=VERTEX_POINT('',#6431);
#2818=VERTEX_POINT('',#6435);
#2819=VERTEX_POINT('',#6437);
#2820=VERTEX_POINT('',#6444);
#2821=VERTEX_POINT('',#6446);
#2822=VERTEX_POINT('',#6453);
#2823=VERTEX_POINT('',#6455);
#2824=VERTEX_POINT('',#6459);
#2825=VERTEX_POINT('',#6461);
#2826=VERTEX_POINT('',#6495);
#2827=VERTEX_POINT('',#6505);
#2828=VERTEX_POINT('',#6512);
#2829=VERTEX_POINT('',#6514);
#2830=VERTEX_POINT('',#6518);
#2831=VERTEX_POINT('',#6520);
#2832=VERTEX_POINT('',#6543);
#2833=VERTEX_POINT('',#6550);
#2834=VERTEX_POINT('',#6557);
#2835=VERTEX_POINT('',#6559);
#2836=VERTEX_POINT('',#6563);
#2837=VERTEX_POINT('',#6565);
#2838=VERTEX_POINT('',#6569);
#2839=VERTEX_POINT('',#6571);
#2840=VERTEX_POINT('',#6575);
#2841=VERTEX_POINT('',#6577);
#2842=VERTEX_POINT('',#6581);
#2843=VERTEX_POINT('',#6583);
#2844=VERTEX_POINT('',#6590);
#2845=VERTEX_POINT('',#6592);
#2846=VERTEX_POINT('',#6599);
#2847=VERTEX_POINT('',#6601);
#2848=VERTEX_POINT('',#6605);
#2849=VERTEX_POINT('',#6607);
#2850=VERTEX_POINT('',#6614);
#2851=VERTEX_POINT('',#6616);
#2852=VERTEX_POINT('',#6623);
#2853=VERTEX_POINT('',#6625);
#2854=VERTEX_POINT('',#6632);
#2855=VERTEX_POINT('',#6634);
#2856=VERTEX_POINT('',#6638);
#2857=VERTEX_POINT('',#6640);
#2858=VERTEX_POINT('',#6664);
#2859=VERTEX_POINT('',#6672);
#2860=VERTEX_POINT('',#6679);
#2861=VERTEX_POINT('',#6680);
#2862=VERTEX_POINT('',#6685);
#2863=VERTEX_POINT('',#6687);
#2864=VERTEX_POINT('',#6691);
#2865=VERTEX_POINT('',#6693);
#2866=VERTEX_POINT('',#6697);
#2867=VERTEX_POINT('',#6699);
#2868=VERTEX_POINT('',#6706);
#2869=VERTEX_POINT('',#6707);
#2870=VERTEX_POINT('',#6709);
#2871=VERTEX_POINT('',#6711);
#2872=VERTEX_POINT('',#6715);
#2873=VERTEX_POINT('',#6717);
#2874=VERTEX_POINT('',#6743);
#2875=VERTEX_POINT('',#6751);
#2876=VERTEX_POINT('',#6804);
#2877=VERTEX_POINT('',#6809);
#2878=VERTEX_POINT('',#6829);
#2879=VERTEX_POINT('',#6830);
#2880=VERTEX_POINT('',#6832);
#2881=VERTEX_POINT('',#6834);
#2882=VERTEX_POINT('',#6838);
#2883=VERTEX_POINT('',#6840);
#2884=VERTEX_POINT('',#6869);
#2885=VERTEX_POINT('',#6878);
#2886=VERTEX_POINT('',#6882);
#2887=VERTEX_POINT('',#6883);
#2888=VERTEX_POINT('',#6888);
#2889=VERTEX_POINT('',#6890);
#2890=VERTEX_POINT('',#6894);
#2891=VERTEX_POINT('',#6896);
#2892=VERTEX_POINT('',#6916);
#2893=VERTEX_POINT('',#6917);
#2894=VERTEX_POINT('',#6922);
#2895=VERTEX_POINT('',#6929);
#2896=VERTEX_POINT('',#6936);
#2897=VERTEX_POINT('',#6937);
#2898=VERTEX_POINT('',#6939);
#2899=VERTEX_POINT('',#6941);
#2900=VERTEX_POINT('',#7013);
#2901=VERTEX_POINT('',#7054);
#2902=VERTEX_POINT('',#7057);
#2903=VERTEX_POINT('',#7058);
#2904=VERTEX_POINT('',#7060);
#2905=VERTEX_POINT('',#7062);
#2906=VERTEX_POINT('',#7066);
#2907=VERTEX_POINT('',#7068);
#2908=VERTEX_POINT('',#7094);
#2909=VERTEX_POINT('',#7102);
#2910=VERTEX_POINT('',#7109);
#2911=VERTEX_POINT('',#7111);
#2912=VERTEX_POINT('',#7115);
#2913=VERTEX_POINT('',#7117);
#2914=VERTEX_POINT('',#7121);
#2915=VERTEX_POINT('',#7122);
#2916=VERTEX_POINT('',#7127);
#2917=VERTEX_POINT('',#7129);
#2918=VERTEX_POINT('',#7133);
#2919=VERTEX_POINT('',#7135);
#2920=VERTEX_POINT('',#7139);
#2921=VERTEX_POINT('',#7141);
#2922=VERTEX_POINT('',#7170);
#2923=VERTEX_POINT('',#7179);
#2924=VERTEX_POINT('',#7186);
#2925=VERTEX_POINT('',#7188);
#2926=VERTEX_POINT('',#7192);
#2927=VERTEX_POINT('',#7194);
#2928=VERTEX_POINT('',#7228);
#2929=VERTEX_POINT('',#7238);
#2930=VERTEX_POINT('',#7245);
#2931=VERTEX_POINT('',#7247);
#2932=VERTEX_POINT('',#7251);
#2933=VERTEX_POINT('',#7253);
#2934=VERTEX_POINT('',#7257);
#2935=VERTEX_POINT('',#7259);
#2936=VERTEX_POINT('',#7291);
#2937=VERTEX_POINT('',#7292);
#2938=VERTEX_POINT('',#7297);
#2939=VERTEX_POINT('',#7308);
#2940=VERTEX_POINT('',#7312);
#2941=VERTEX_POINT('',#7314);
#2942=VERTEX_POINT('',#7321);
#2943=VERTEX_POINT('',#7335);
#2944=VERTEX_POINT('',#7337);
#2945=VERTEX_POINT('',#7354);
#2946=VERTEX_POINT('',#7358);
#2947=VERTEX_POINT('',#7361);
#2948=VERTEX_POINT('',#7366);
#2949=VERTEX_POINT('',#7373);
#2950=VERTEX_POINT('',#7410);
#2951=VERTEX_POINT('',#7429);
#2952=VERTEX_POINT('',#7436);
#2953=VERTEX_POINT('',#7442);
#2954=VERTEX_POINT('',#7493);
#2955=VERTEX_POINT('',#7494);
#2956=VERTEX_POINT('',#7504);
#2957=VERTEX_POINT('',#7505);
#2958=VERTEX_POINT('',#7507);
#2959=VERTEX_POINT('',#7515);
#2960=VERTEX_POINT('',#7523);
#2961=VERTEX_POINT('',#7525);
#2962=VERTEX_POINT('',#7536);
#2963=VERTEX_POINT('',#7537);
#2964=B_SPLINE_CURVE_WITH_KNOTS('',3,(#5246,#5247,#5248,#5249),
 .UNSPECIFIED.,.F.,.F.,(4,4),(7.70439879191784,8.72722843883465),
 .UNSPECIFIED.);
#2965=B_SPLINE_CURVE_WITH_KNOTS('',3,(#5252,#5253,#5254,#5255,#5256,#5257,
#5258,#5259,#5260,#5261),.UNSPECIFIED.,.F.,.F.,(4,1,1,1,1,1,1,4),(15.2921832111812,
15.755659417494,16.2191356238067,17.1460880364321,17.6095642427449,18.0730404490576,
18.5365166553703,18.9999928616831),.UNSPECIFIED.);
#2966=B_SPLINE_CURVE_WITH_KNOTS('',3,(#5263,#5264,#5265,#5266,#5267,#5268,
#5269),.UNSPECIFIED.,.F.,.F.,(4,1,1,1,4),(19.0000092798354,19.8659629701586,
20.7319166604818,21.5978703508051,22.4638240411283),.UNSPECIFIED.);
#2967=B_SPLINE_CURVE_WITH_KNOTS('',3,(#5363,#5364,#5365,#5366),
 .UNSPECIFIED.,.F.,.F.,(4,4),(9.83234155791872,11.),.UNSPECIFIED.);
#2968=B_SPLINE_CURVE_WITH_KNOTS('',3,(#5371,#5372,#5373,#5374),
 .UNSPECIFIED.,.F.,.F.,(4,4),(3.3674973530164,4.06674197755587),
 .UNSPECIFIED.);
#2969=B_SPLINE_CURVE_WITH_KNOTS('',3,(#5468,#5469,#5470,#5471,#5472,#5473,
#5474,#5475,#5476,#5477,#5478,#5479,#5480,#5481,#5482),.UNSPECIFIED.,.T.,
 .F.,(1,1,1,1,1,1,1,1,1,1,1,1,1,1,1,1,1,1,1),(-7.55263140625,-7.0526315625,
-6.52631578125,-6.,-5.525,-5.05,-4.55125,-4.0525,-3.5525625,-3.052625,-2.552628125,
-2.05263125,-1.55263140625,-1.0526315625,-0.52631578125,0.,0.475,0.95,1.44875),
 .UNSPECIFIED.);
#2970=B_SPLINE_CURVE_WITH_KNOTS('',3,(#5599,#5600,#5601,#5602),
 .UNSPECIFIED.,.F.,.F.,(4,4),(-7.47987353528349,-6.04815428246259),
 .UNSPECIFIED.);
#2971=B_SPLINE_CURVE_WITH_KNOTS('',3,(#5606,#5607,#5608,#5609),
 .UNSPECIFIED.,.F.,.F.,(4,4),(-1.80582735483865,-0.374108102017778),
 .UNSPECIFIED.);
#2972=B_SPLINE_CURVE_WITH_KNOTS('',3,(#5613,#5614,#5615,#5616,#5617,#5618,
#5619,#5620,#5621,#5622,#5623),.UNSPECIFIED.,.F.,.F.,(4,1,1,1,1,1,1,1,4),
(0.374108102017778,1.26232878117599,2.15054946033421,3.03877013949242,3.92699081865063,
4.81521149780885,5.70343217696706,6.59165285612528,7.47987353528349),
 .UNSPECIFIED.);
#2973=B_SPLINE_CURVE_WITH_KNOTS('',3,(#5647,#5648,#5649,#5650),
 .UNSPECIFIED.,.F.,.F.,(4,4),(-35.1433958100058,-33.6928313606275),
 .UNSPECIFIED.);
#2974=B_SPLINE_CURVE_WITH_KNOTS('',3,(#5654,#5655,#5656,#5657),
 .UNSPECIFIED.,.F.,.F.,(4,4),(-29.4881948261184,-28.0376303767401),
 .UNSPECIFIED.);
#2975=B_SPLINE_CURVE_WITH_KNOTS('',3,(#5661,#5662,#5663,#5664,#5665,#5666,
#5667,#5668,#5669,#5670,#5671),.UNSPECIFIED.,.F.,.F.,(4,1,1,1,1,1,1,1,4),
(28.0376303767401,28.9258510558983,29.8140717350565,30.7022924142147,31.5905130933729,
32.4787337725312,33.3669544516894,34.2551751308476,35.1433958100058),
 .UNSPECIFIED.);
#2976=B_SPLINE_CURVE_WITH_KNOTS('',3,(#5731,#5732,#5733,#5734),
 .UNSPECIFIED.,.F.,.F.,(4,4),(0.,9.45151576548881),.UNSPECIFIED.);
#2977=B_SPLINE_CURVE_WITH_KNOTS('',3,(#5740,#5741,#5742,#5743),
 .UNSPECIFIED.,.F.,.F.,(4,4),(-2.07903833296139,0.),.UNSPECIFIED.);
#2978=B_SPLINE_CURVE_WITH_KNOTS('',3,(#5757,#5758,#5759,#5760),
 .UNSPECIFIED.,.F.,.F.,(4,4),(-4.37151435228378,0.),.UNSPECIFIED.);
#2979=B_SPLINE_CURVE_WITH_KNOTS('',3,(#5766,#5767,#5768,#5769),
 .UNSPECIFIED.,.F.,.F.,(4,4),(-2.07925435111782,0.),.UNSPECIFIED.);
#2980=B_SPLINE_CURVE_WITH_KNOTS('',3,(#5785,#5786,#5787,#5788,#5789,#5790,
#5791),.UNSPECIFIED.,.F.,.F.,(4,1,1,1,4),(-11.9380520836412,-11.1919238284136,
-10.4457955731861,-9.69966731795848,-8.95353906273091),.UNSPECIFIED.);
#2981=B_SPLINE_CURVE_WITH_KNOTS('',3,(#5794,#5795,#5796,#5797,#5798,#5799,
#5800),.UNSPECIFIED.,.F.,.F.,(4,1,1,1,4),(-8.95353906273091,-8.20741080750334,
-7.46128255227576,-6.71515429704819,-5.96902604182061),.UNSPECIFIED.);
#2982=B_SPLINE_CURVE_WITH_KNOTS('',3,(#5802,#5803,#5804,#5805,#5806,#5807,
#5808),.UNSPECIFIED.,.F.,.F.,(4,1,1,1,4),(-5.96902604182061,-5.22289778659303,
-4.47676953136546,-3.73064127613788,-2.9845130209103),.UNSPECIFIED.);
#2983=B_SPLINE_CURVE_WITH_KNOTS('',3,(#5810,#5811,#5812,#5813,#5814,#5815,
#5816),.UNSPECIFIED.,.F.,.F.,(4,1,1,1,4),(-14.9225651045515,-14.1764368493239,
-13.4303085940963,-12.6841803388688,-11.9380520836412),.UNSPECIFIED.);
#2984=B_SPLINE_CURVE_WITH_KNOTS('',3,(#5875,#5876,#5877,#5878,#5879),
 .UNSPECIFIED.,.F.,.F.,(4,1,4),(0.,0.5,1.),.UNSPECIFIED.);
#2985=B_SPLINE_CURVE_WITH_KNOTS('',3,(#5882,#5883,#5884,#5885,#5886),
 .UNSPECIFIED.,.F.,.F.,(4,1,4),(0.,0.5,1.),.UNSPECIFIED.);
#2986=B_SPLINE_CURVE_WITH_KNOTS('',3,(#5888,#5889,#5890,#5891,#5892),
 .UNSPECIFIED.,.F.,.F.,(4,1,4),(0.,0.5,1.),.UNSPECIFIED.);
#2987=B_SPLINE_CURVE_WITH_KNOTS('',3,(#5894,#5895,#5896,#5897,#5898),
 .UNSPECIFIED.,.F.,.F.,(4,1,4),(0.,0.5,1.),.UNSPECIFIED.);
#2988=B_SPLINE_CURVE_WITH_KNOTS('',3,(#5928,#5929,#5930,#5931,#5932,#5933,
#5934,#5935,#5936,#5937,#5938,#5939,#5940,#5941,#5942),.UNSPECIFIED.,.F.,
 .F.,(4,1,1,1,1,1,1,1,1,1,1,1,4),(11.,11.7499906475039,11.9374883093798,
12.1249859712558,12.4999812950077,12.8749766187597,13.2499719425116,13.6249672662635,
13.9999625900154,14.3749579137674,14.7499532375193,15.4999438850232,16.9999251800309),
 .UNSPECIFIED.);
#2989=B_SPLINE_CURVE_WITH_KNOTS('',3,(#5944,#5945,#5946,#5947,#5948,#5949,
#5950,#5951,#5952,#5953,#5954,#5955,#5956,#5957,#5958,#5959),
 .UNSPECIFIED.,.F.,.F.,(4,1,1,1,1,1,1,1,1,1,1,1,1,4),(17.,17.625,18.25,
18.875,19.5,20.125,20.4375,20.75,20.90625,20.984375,21.0625,21.21875,21.375,
22.),.UNSPECIFIED.);
#2990=B_SPLINE_CURVE_WITH_KNOTS('',3,(#5963,#5964,#5965,#5966,#5967,#5968,
#5969,#5970,#5971,#5972,#5973),.UNSPECIFIED.,.F.,.F.,(4,1,1,1,1,1,1,1,4),
(23.,23.5500559881581,23.8250839822371,23.9625979792766,24.0313549777964,
24.1001119763162,24.3751399703952,24.6501679644742,25.2002239526323),
 .UNSPECIFIED.);
#2991=B_SPLINE_CURVE_WITH_KNOTS('',3,(#5975,#5976,#5977,#5978,#5979,#5980,
#5981,#5982,#5983,#5984,#5985),.UNSPECIFIED.,.F.,.F.,(4,1,1,1,1,1,1,1,4),
(24.5168787316359,24.9301127344345,25.3433467372332,25.7565807400319,26.1698147428305,
26.5830487456292,26.9962827484279,27.4095167512265,27.8227507540252),
 .UNSPECIFIED.);
#2992=B_SPLINE_CURVE_WITH_KNOTS('',3,(#5987,#5988,#5989,#5990,#5991,#5992),
 .UNSPECIFIED.,.F.,.F.,(4,1,1,4),(4.94795769028208,5.45292518991883,5.95789268955558,
6.96782768882909),.UNSPECIFIED.);
#2993=B_SPLINE_CURVE_WITH_KNOTS('',3,(#5994,#5995,#5996,#5997,#5998,#5999,
#6000,#6001,#6002,#6003),.UNSPECIFIED.,.F.,.F.,(4,1,1,1,1,1,1,4),(24.2574456929296,
25.0719147029136,25.8863837128975,26.2936182178895,26.7008527228815,26.9044699753774,
27.1080872278734,27.5153217328654),.UNSPECIFIED.);
#2994=B_SPLINE_CURVE_WITH_KNOTS('',3,(#6011,#6012,#6013,#6014,#6015,#6016,
#6017,#6018,#6019,#6020,#6021,#6022,#6023,#6024,#6025,#6026,#6027),
 .UNSPECIFIED.,.F.,.F.,(4,1,1,1,1,1,1,1,1,1,1,1,1,1,4),(-18.8349399407347,
-18.07237626679,-17.3098125928453,-16.928530755873,-16.7378898373868,-16.5472489189006,
-15.784685244956,-15.4034034079836,-15.0221215710113,-14.8314806525251,
-14.6408397340389,-14.2595578970666,-13.8782760600942,-13.4969942231219,
-12.7344305491772),.UNSPECIFIED.);
#2995=B_SPLINE_CURVE_WITH_KNOTS('',3,(#6035,#6036,#6037,#6038,#6039),
 .UNSPECIFIED.,.F.,.F.,(4,1,4),(1.181451250764,2.26381110621239,3.34617096166077),
 .UNSPECIFIED.);
#2996=B_SPLINE_CURVE_WITH_KNOTS('',3,(#6047,#6048,#6049,#6050,#6051,#6052,
#6053,#6054,#6055,#6056,#6057),.UNSPECIFIED.,.F.,.F.,(4,1,1,1,1,1,1,1,4),
(15.,15.9999898483107,16.4999847724661,16.9999796966214,17.4999746207768,
17.7499720828545,17.9999695449322,18.4999644690875,18.9999593932429),
 .UNSPECIFIED.);
#2997=B_SPLINE_CURVE_WITH_KNOTS('',3,(#6059,#6060,#6061,#6062,#6063,#6064,
#6065,#6066,#6067),.UNSPECIFIED.,.F.,.F.,(4,1,1,1,1,1,4),(19.000001631296,
19.4808905789057,19.9617795265153,20.4426684741249,20.9235574217346,21.8853353169538,
22.8471132121731),.UNSPECIFIED.);
#2998=B_SPLINE_CURVE_WITH_KNOTS('',3,(#6069,#6070,#6071,#6072,#6073,#6074,
#6075),.UNSPECIFIED.,.F.,.F.,(4,1,1,1,4),(2.40488159349707,2.80366088730101,
3.00305053420298,3.20244018110495,3.99999876871283),.UNSPECIFIED.);
#2999=B_SPLINE_CURVE_WITH_KNOTS('',3,(#6077,#6078,#6079,#6080,#6081,#6082,
#6083,#6084,#6085,#6086,#6087,#6088,#6089,#6090,#6091,#6092,#6093,#6094,
#6095,#6096,#6097),.UNSPECIFIED.,.F.,.F.,(4,1,1,1,1,1,1,1,1,1,1,1,1,1,1,
1,1,1,4),(4.00000011787343,4.49210728942632,4.9842144609792,5.47632163253209,
5.96842880408498,6.46053597563787,6.95264314719075,7.44475031874364,7.93685749029653,
8.42896466184941,8.9210718334023,9.41317900495519,9.90528617650807,10.397393348061,
10.6434469338374,10.8895005196138,11.1355541053903,11.3816076911667,11.8737148627196),
 .UNSPECIFIED.);
#3000=B_SPLINE_CURVE_WITH_KNOTS('',3,(#6099,#6100,#6101,#6102,#6103,#6104,
#6105,#6106,#6107,#6108,#6109,#6110),.UNSPECIFIED.,.F.,.F.,(4,1,1,1,1,1,
1,1,1,4),(5.0000018070291,5.37500158115047,5.75000135527183,5.93750124233251,
6.03125118586285,6.12500112939319,6.50000090351455,6.87500067763591,7.25000045175728,
8.),.UNSPECIFIED.);
#3001=B_SPLINE_CURVE_WITH_KNOTS('',3,(#6112,#6113,#6114,#6115,#6116,#6117,
#6118,#6119,#6120,#6121,#6122,#6123,#6124),.UNSPECIFIED.,.F.,.F.,(4,1,1,
1,1,1,1,1,1,1,4),(8.,8.74999939733176,9.12499909599764,9.49999879466352,
9.68749864399646,9.8749984933294,9.96874841799587,10.0624983426623,10.2499981919953,
10.6249978906612,10.999997589327),.UNSPECIFIED.);
#3002=B_SPLINE_CURVE_WITH_KNOTS('',3,(#6126,#6127,#6128,#6129,#6130,#6131,
#6132,#6133,#6134,#6135,#6136,#6137,#6138),.UNSPECIFIED.,.F.,.F.,(4,1,1,
1,1,1,1,1,1,1,4),(11.0000016098144,11.3750014085876,11.7500012073608,11.9375011067474,
12.0312510564407,12.125001006134,12.3125009055206,12.5000008049072,12.8750006036804,
13.2500004024536,14.),.UNSPECIFIED.);
#3003=B_SPLINE_CURVE_WITH_KNOTS('',3,(#6146,#6147,#6148,#6149,#6150,#6151,
#6152,#6153,#6154,#6155,#6156,#6157,#6158,#6159,#6160,#6161,#6162),
 .UNSPECIFIED.,.F.,.F.,(4,1,1,1,1,1,1,1,1,1,1,1,1,1,4),(17.,17.4999997393287,
17.7499996089931,17.9999994786575,18.2499993483218,18.4999992179862,18.9999989573149,
19.4999986966437,19.749998566308,19.8749985011402,19.9999984359724,20.1249983708046,
20.2499983056368,20.4999981753011,20.9999979146299),.UNSPECIFIED.);
#3004=B_SPLINE_CURVE_WITH_KNOTS('',3,(#6164,#6165,#6166,#6167,#6168,#6169,
#6170,#6171,#6172,#6173,#6174,#6175,#6176,#6177,#6178,#6179,#6180,#6181,
#6182,#6183,#6184),.UNSPECIFIED.,.F.,.F.,(4,1,1,1,1,1,1,1,1,1,1,1,1,1,1,
1,1,1,4),(21.000001948613,21.4375016777855,21.875001406958,21.9843763392512,
22.0937512715443,22.3125011361306,22.7500008653031,23.1875005944756,23.6250003236482,
24.0625000528207,24.4999997819932,25.3749992403383,26.2499986986834,26.6874984278559,
26.9062482924422,27.0156232247353,27.1249981570285,27.562497886201,27.9999976153735),
 .UNSPECIFIED.);
#3005=B_SPLINE_CURVE_WITH_KNOTS('',3,(#6186,#6187,#6188,#6189,#6190,#6191,
#6192,#6193,#6194),.UNSPECIFIED.,.F.,.F.,(4,1,1,1,1,1,4),(28.0000021585145,
28.5000016188859,28.7500013490716,29.0000010792573,29.250000809443,29.5000005396286,
30.),.UNSPECIFIED.);
#3006=B_SPLINE_CURVE_WITH_KNOTS('',3,(#6196,#6197,#6198,#6199,#6200,#6201,
#6202,#6203,#6204,#6205,#6206,#6207,#6208,#6209,#6210),.UNSPECIFIED.,.F.,
 .F.,(4,1,1,1,1,1,1,1,1,1,1,1,4),(30.,31.25,31.875,32.5,33.125,33.4375,
33.75,33.90625,33.984375,34.0625,34.21875,34.375,35.),.UNSPECIFIED.);
#3007=B_SPLINE_CURVE_WITH_KNOTS('',3,(#6252,#6253,#6254,#6255,#6256,#6257,
#6258,#6259,#6260,#6261,#6262,#6263,#6264,#6265,#6266,#6267,#6268,#6269,
#6270),.UNSPECIFIED.,.T.,.F.,(1,1,1,1,1,1,1,1,1,1,1,1,1,1,1,1,1,1,1,1,1,
1,1),(-4.00553063332699,-2.67035375555133,-1.33517687777566,0.,1.33517687777566,
2.67035375555133,4.00553063332699,5.34070751110265,6.67588438887831,8.01106126665398,
9.34623814442964,10.6814150222053,12.016591899981,13.3517687777566,14.6869456555323,
16.022122533308,17.3572994110836,18.6924762888593,20.0276531666349,21.3628300444106,
22.6980069221863,24.0331837999619,25.3683606777376),.UNSPECIFIED.);
#3008=B_SPLINE_CURVE_WITH_KNOTS('',3,(#6397,#6398,#6399,#6400,#6401,#6402,
#6403,#6404,#6405,#6406,#6407,#6408,#6409,#6410,#6411,#6412,#6413,#6414,
#6415),.UNSPECIFIED.,.T.,.F.,(1,1,1,1,1,1,1,1,1,1,1,1,1,1,1,1,1,1,1,1,1,
1,1),(-4.00553063332699,-2.67035375555133,-1.33517687777566,0.,1.33517687777566,
2.67035375555133,4.00553063332699,5.34070751110265,6.67588438887831,8.01106126665398,
9.34623814442964,10.6814150222053,12.016591899981,13.3517687777566,14.6869456555323,
16.022122533308,17.3572994110836,18.6924762888593,20.0276531666349,21.3628300444106,
22.6980069221863,24.0331837999619,25.3683606777376),.UNSPECIFIED.);
#3009=B_SPLINE_CURVE_WITH_KNOTS('',3,(#6438,#6439,#6440,#6441),
 .UNSPECIFIED.,.F.,.F.,(4,4),(0.,1.),.UNSPECIFIED.);
#3010=B_SPLINE_CURVE_WITH_KNOTS('',3,(#6447,#6448,#6449,#6450),
 .UNSPECIFIED.,.F.,.F.,(4,4),(1.25125024924567E-7,0.1),.UNSPECIFIED.);
#3011=B_SPLINE_CURVE_WITH_KNOTS('',3,(#6462,#6463,#6464,#6465),
 .UNSPECIFIED.,.F.,.F.,(4,4),(0.,0.1),.UNSPECIFIED.);
#3012=B_SPLINE_CURVE_WITH_KNOTS('',3,(#6486,#6487,#6488,#6489,#6490,#6491,
#6492,#6493,#6494),.UNSPECIFIED.,.F.,.F.,(4,1,1,1,1,1,4),(0.,0.25,0.375,
0.5,0.625,0.75,1.),.UNSPECIFIED.);
#3013=B_SPLINE_CURVE_WITH_KNOTS('',3,(#6496,#6497,#6498,#6499,#6500,#6501,
#6502,#6503,#6504),.UNSPECIFIED.,.F.,.F.,(4,1,1,1,1,1,4),(-27.,-25.75,-25.125,
-24.5,-23.875,-23.25,-22.),.UNSPECIFIED.);
#3014=B_SPLINE_CURVE_WITH_KNOTS('',3,(#6506,#6507,#6508,#6509),
 .UNSPECIFIED.,.F.,.F.,(4,4),(0.,0.1),.UNSPECIFIED.);
#3015=B_SPLINE_CURVE_WITH_KNOTS('',3,(#6521,#6522,#6523,#6524),
 .UNSPECIFIED.,.F.,.F.,(4,4),(0.,0.1),.UNSPECIFIED.);
#3016=B_SPLINE_CURVE_WITH_KNOTS('',3,(#6537,#6538,#6539,#6540,#6541,#6542),
 .UNSPECIFIED.,.F.,.F.,(4,1,1,4),(0.,0.25,0.5,1.),.UNSPECIFIED.);
#3017=B_SPLINE_CURVE_WITH_KNOTS('',3,(#6544,#6545,#6546,#6547,#6548,#6549),
 .UNSPECIFIED.,.F.,.F.,(4,1,1,4),(-20.,-19.5,-19.,-18.),.UNSPECIFIED.);
#3018=B_SPLINE_CURVE_WITH_KNOTS('',3,(#6551,#6552,#6553,#6554),
 .UNSPECIFIED.,.F.,.F.,(4,4),(0.,0.0999999582916696),.UNSPECIFIED.);
#3019=B_SPLINE_CURVE_WITH_KNOTS('',3,(#6584,#6585,#6586,#6587),
 .UNSPECIFIED.,.F.,.F.,(4,4),(0.,0.0999998748750264),.UNSPECIFIED.);
#3020=B_SPLINE_CURVE_WITH_KNOTS('',3,(#6593,#6594,#6595,#6596),
 .UNSPECIFIED.,.F.,.F.,(4,4),(1.25124975484948E-7,0.1),.UNSPECIFIED.);
#3021=B_SPLINE_CURVE_WITH_KNOTS('',3,(#6608,#6609,#6610,#6611),
 .UNSPECIFIED.,.F.,.F.,(4,4),(0.,0.0999998748749761),.UNSPECIFIED.);
#3022=B_SPLINE_CURVE_WITH_KNOTS('',3,(#6617,#6618,#6619,#6620),
 .UNSPECIFIED.,.F.,.F.,(4,4),(0.,1.),.UNSPECIFIED.);
#3023=B_SPLINE_CURVE_WITH_KNOTS('',3,(#6626,#6627,#6628,#6629),
 .UNSPECIFIED.,.F.,.F.,(4,4),(1.25125024924567E-7,0.1),.UNSPECIFIED.);
#3024=B_SPLINE_CURVE_WITH_KNOTS('',3,(#6641,#6642,#6643,#6644),
 .UNSPECIFIED.,.F.,.F.,(4,4),(0.,0.1),.UNSPECIFIED.);
#3025=B_SPLINE_CURVE_WITH_KNOTS('',3,(#6657,#6658,#6659,#6660,#6661,#6662,
#6663),.UNSPECIFIED.,.F.,.F.,(4,1,1,1,4),(0.,0.25,0.5,0.75,1.),
 .UNSPECIFIED.);
#3026=B_SPLINE_CURVE_WITH_KNOTS('',3,(#6665,#6666,#6667,#6668,#6669,#6670,
#6671),.UNSPECIFIED.,.F.,.F.,(4,1,1,1,4),(-4.,-3.5,-3.,-2.5,-2.),
 .UNSPECIFIED.);
#3027=B_SPLINE_CURVE_WITH_KNOTS('',3,(#6673,#6674,#6675,#6676),
 .UNSPECIFIED.,.F.,.F.,(4,4),(0.,0.0999999582916696),.UNSPECIFIED.);
#3028=B_SPLINE_CURVE_WITH_KNOTS('',3,(#6681,#6682,#6683,#6684),
 .UNSPECIFIED.,.F.,.F.,(4,4),(0.,0.1),.UNSPECIFIED.);
#3029=B_SPLINE_CURVE_WITH_KNOTS('',3,(#6700,#6701,#6702,#6703),
 .UNSPECIFIED.,.F.,.F.,(4,4),(0.,0.1),.UNSPECIFIED.);
#3030=B_SPLINE_CURVE_WITH_KNOTS('',3,(#6718,#6719,#6720,#6721),
 .UNSPECIFIED.,.F.,.F.,(4,4),(4.17083303658194E-8,0.1),.UNSPECIFIED.);
#3031=B_SPLINE_CURVE_WITH_KNOTS('',3,(#6736,#6737,#6738,#6739,#6740,#6741,
#6742),.UNSPECIFIED.,.F.,.F.,(4,1,1,1,4),(0.00916423857537439,0.504582119287687,
0.628436589465765,0.752291059643844,1.),.UNSPECIFIED.);
#3032=B_SPLINE_CURVE_WITH_KNOTS('',3,(#6744,#6745,#6746,#6747,#6748,#6749,
#6750),.UNSPECIFIED.,.F.,.F.,(4,1,1,1,4),(2.87159689503614,4.85326820139282,
5.34868602798199,5.84410385457116,6.8349395077495),.UNSPECIFIED.);
#3033=B_SPLINE_CURVE_WITH_KNOTS('',3,(#6787,#6788,#6789,#6790,#6791,#6792,
#6793,#6794,#6795,#6796,#6797,#6798,#6799,#6800,#6801,#6802,#6803),
 .UNSPECIFIED.,.F.,.F.,(4,1,1,1,1,1,1,1,1,1,1,1,1,1,4),(0.,0.125,0.25,0.3125,
0.34375,0.375,0.5,0.5625,0.625,0.65625,0.6875,0.75,0.8125,0.875,1.),
 .UNSPECIFIED.);
#3034=B_SPLINE_CURVE_WITH_KNOTS('',3,(#6805,#6806,#6807,#6808),
 .UNSPECIFIED.,.F.,.F.,(4,4),(-0.1,0.),.UNSPECIFIED.);
#3035=B_SPLINE_CURVE_WITH_KNOTS('',3,(#6810,#6811,#6812,#6813,#6814,#6815,
#6816,#6817,#6818,#6819,#6820,#6821,#6822,#6823,#6824,#6825,#6826),
 .UNSPECIFIED.,.F.,.F.,(4,1,1,1,1,1,1,1,1,1,1,1,1,1,4),(12.7344308218112,
13.4969944616766,14.2595581015421,14.6408399214748,14.8314808314411,15.0221217414075,
15.7846853812729,16.1659672012057,16.5472490211384,16.7378899311047,16.9285308410711,
17.3098126610038,17.6910944809365,18.0723763008693,18.8349399407347),
 .UNSPECIFIED.);
#3036=B_SPLINE_CURVE_WITH_KNOTS('',3,(#6841,#6842,#6843,#6844),
 .UNSPECIFIED.,.F.,.F.,(4,4),(0.,0.1),.UNSPECIFIED.);
#3037=B_SPLINE_CURVE_WITH_KNOTS('',3,(#6861,#6862,#6863,#6864,#6865,#6866,
#6867,#6868),.UNSPECIFIED.,.F.,.F.,(4,1,1,1,1,4),(0.000855164733053277,
0.25064137354979,0.375534477958158,0.500427582366527,0.750213791183263,
1.),.UNSPECIFIED.);
#3038=B_SPLINE_CURVE_WITH_KNOTS('',3,(#6870,#6871,#6872,#6873,#6874,#6875,
#6876,#6877),.UNSPECIFIED.,.F.,.F.,(4,1,1,1,1,4),(-17.9990939305994,-17.3223657691281,
-16.9840016883925,-16.6456376076569,-15.9689094461856,-15.2921812847144),
 .UNSPECIFIED.);
#3039=B_SPLINE_CURVE_WITH_KNOTS('',3,(#6884,#6885,#6886,#6887),
 .UNSPECIFIED.,.F.,.F.,(4,4),(-0.1,0.),.UNSPECIFIED.);
#3040=B_SPLINE_CURVE_WITH_KNOTS('',3,(#6910,#6911,#6912,#6913,#6914,#6915),
 .UNSPECIFIED.,.F.,.F.,(4,1,1,4),(0.,0.249999974302031,0.499999948604061,
0.999999897208123),.UNSPECIFIED.);
#3041=B_SPLINE_CURVE_WITH_KNOTS('',3,(#6918,#6919,#6920,#6921),
 .UNSPECIFIED.,.F.,.F.,(4,4),(0.,0.1),.UNSPECIFIED.);
#3042=B_SPLINE_CURVE_WITH_KNOTS('',3,(#6923,#6924,#6925,#6926,#6927,#6928),
 .UNSPECIFIED.,.F.,.F.,(4,1,1,4),(-11.,-10.5000002990995,-10.0000005981989,
-9.00000119639788),.UNSPECIFIED.);
#3043=B_SPLINE_CURVE_WITH_KNOTS('',3,(#6930,#6931,#6932,#6933),
 .UNSPECIFIED.,.F.,.F.,(4,4),(0.,1.),.UNSPECIFIED.);
#3044=B_SPLINE_CURVE_WITH_KNOTS('',3,(#6973,#6974,#6975,#6976,#6977,#6978,
#6979,#6980,#6981,#6982,#6983,#6984,#6985,#6986,#6987,#6988,#6989,#6990,
#6991,#6992,#6993,#6994,#6995,#6996,#6997,#6998,#6999,#7000,#7001,#7002,
#7003,#7004,#7005,#7006,#7007,#7008,#7009,#7010,#7011,#7012),
 .UNSPECIFIED.,.T.,.F.,(4,1,1,1,3,3,3,3,3,3,1,1,1,3,3,3,3,4),(6.,6.33707167248232,
6.59216265484327,6.79530564019201,6.99970134099617,7.,7.99983093631863,
8.,8.99975941358025,9.,9.33515231177037,9.58929157430631,9.79305746930443,
9.99970473484849,10.,10.9998302359235,11.,12.),.UNSPECIFIED.);
#3045=B_SPLINE_CURVE_WITH_KNOTS('',3,(#7014,#7015,#7016,#7017,#7018,#7019,
#7020,#7021,#7022,#7023,#7024,#7025,#7026,#7027,#7028,#7029,#7030,#7031,
#7032,#7033,#7034,#7035,#7036,#7037,#7038,#7039,#7040,#7041,#7042,#7043,
#7044,#7045,#7046,#7047,#7048,#7049,#7050,#7051,#7052,#7053),
 .UNSPECIFIED.,.T.,.F.,(4,1,1,1,3,3,3,3,3,3,1,1,1,3,3,3,3,4),(6.,6.33707167248232,
6.59216265484327,6.79530564019201,6.99970134099617,7.,7.99983093631863,
8.,8.99975941358025,9.,9.33515231177037,9.58929157430631,9.79305746930443,
9.99970473484849,10.,10.9998302359235,11.,12.),.UNSPECIFIED.);
#3046=B_SPLINE_CURVE_WITH_KNOTS('',3,(#7069,#7070,#7071,#7072),
 .UNSPECIFIED.,.F.,.F.,(4,4),(0.,0.1),.UNSPECIFIED.);
#3047=B_SPLINE_CURVE_WITH_KNOTS('',3,(#7087,#7088,#7089,#7090,#7091,#7092,
#7093),.UNSPECIFIED.,.F.,.F.,(4,1,1,1,4),(0.,0.25,0.5,0.75,1.),
 .UNSPECIFIED.);
#3048=B_SPLINE_CURVE_WITH_KNOTS('',3,(#7095,#7096,#7097,#7098,#7099,#7100,
#7101),.UNSPECIFIED.,.F.,.F.,(4,1,1,1,4),(-18.,-17.25,-16.5,-15.75,-15.),
 .UNSPECIFIED.);
#3049=B_SPLINE_CURVE_WITH_KNOTS('',3,(#7103,#7104,#7105,#7106),
 .UNSPECIFIED.,.F.,.F.,(4,4),(0.,0.1),.UNSPECIFIED.);
#3050=B_SPLINE_CURVE_WITH_KNOTS('',3,(#7123,#7124,#7125,#7126),
 .UNSPECIFIED.,.F.,.F.,(4,4),(1.25125024924567E-7,0.1),.UNSPECIFIED.);
#3051=B_SPLINE_CURVE_WITH_KNOTS('',3,(#7142,#7143,#7144,#7145),
 .UNSPECIFIED.,.F.,.F.,(4,4),(0.,0.1),.UNSPECIFIED.);
#3052=B_SPLINE_CURVE_WITH_KNOTS('',3,(#7162,#7163,#7164,#7165,#7166,#7167,
#7168,#7169),.UNSPECIFIED.,.F.,.F.,(4,1,1,1,1,4),(6.44873663383988E-15,
0.250000000000005,0.500000000000003,0.625000000000002,0.750000000000002,
1.),.UNSPECIFIED.);
#3053=B_SPLINE_CURVE_WITH_KNOTS('',3,(#7171,#7172,#7173,#7174,#7175,#7176,
#7177,#7178),.UNSPECIFIED.,.F.,.F.,(4,1,1,1,1,4),(-21.,-20.25,-19.5,-19.125,
-18.75,-18.),.UNSPECIFIED.);
#3054=B_SPLINE_CURVE_WITH_KNOTS('',3,(#7180,#7181,#7182,#7183),
 .UNSPECIFIED.,.F.,.F.,(4,4),(1.25125025133108E-6,1.),.UNSPECIFIED.);
#3055=B_SPLINE_CURVE_WITH_KNOTS('',3,(#7195,#7196,#7197,#7198),
 .UNSPECIFIED.,.F.,.F.,(4,4),(0.,1.),.UNSPECIFIED.);
#3056=B_SPLINE_CURVE_WITH_KNOTS('',3,(#7219,#7220,#7221,#7222,#7223,#7224,
#7225,#7226,#7227),.UNSPECIFIED.,.F.,.F.,(4,1,1,1,1,1,4),(0.,0.25,0.375,
0.5,0.625,0.75,1.),.UNSPECIFIED.);
#3057=B_SPLINE_CURVE_WITH_KNOTS('',3,(#7229,#7230,#7231,#7232,#7233,#7234,
#7235,#7236,#7237),.UNSPECIFIED.,.F.,.F.,(4,1,1,1,1,1,4),(-15.0000092518854,
-14.250006938914,-13.8750057824283,-13.5000046259427,-13.125003469457,-12.7500023129713,
-12.),.UNSPECIFIED.);
#3058=B_SPLINE_CURVE_WITH_KNOTS('',3,(#7239,#7240,#7241,#7242),
 .UNSPECIFIED.,.F.,.F.,(4,4),(0.,0.0999998750016897),.UNSPECIFIED.);
#3059=B_SPLINE_CURVE_WITH_KNOTS('',3,(#7281,#7282,#7283,#7284,#7285,#7286,
#7287,#7288,#7289,#7290),.UNSPECIFIED.,.F.,.F.,(4,1,1,1,1,1,1,4),(0.,0.25,
0.3125,0.375,0.5,0.625,0.75,1.),.UNSPECIFIED.);
#3060=B_SPLINE_CURVE_WITH_KNOTS('',3,(#7293,#7294,#7295,#7296),
 .UNSPECIFIED.,.F.,.F.,(4,4),(0.,0.1),.UNSPECIFIED.);
#3061=B_SPLINE_CURVE_WITH_KNOTS('',3,(#7298,#7299,#7300,#7301,#7302,#7303,
#7304,#7305,#7306,#7307),.UNSPECIFIED.,.F.,.F.,(4,1,1,1,1,1,1,4),(-6.99999969778263,
-6.24999977333697,-6.06249979222556,-5.87499981111414,-5.49999984889132,
-5.12499988666849,-4.74999992444566,-4.),.UNSPECIFIED.);
#3062=B_SPLINE_CURVE_WITH_KNOTS('',3,(#7324,#7325,#7326,#7327,#7328,#7329,
#7330,#7331,#7332,#7333,#7334),.UNSPECIFIED.,.F.,.F.,(4,1,1,1,1,1,1,1,4),
(-27.8227522914794,-27.4095180782703,-26.9962838650612,-26.583049651852,
-26.1698154386429,-25.7565812254338,-25.3433470122246,-24.9301127990155,
-24.5168785858064),.UNSPECIFIED.);
#3063=B_SPLINE_CURVE_WITH_KNOTS('',3,(#7338,#7339,#7340,#7341,#7342,#7343,
#7344,#7345,#7346,#7347),.UNSPECIFIED.,.F.,.F.,(4,1,1,1,1,1,1,4),(-27.5153217328646,
-26.700852484753,-25.8863832366414,-25.4791486125855,-25.0719139885297,
-24.8682966765018,-24.6646793644739,-24.2574447404181),.UNSPECIFIED.);
#3064=B_SPLINE_CURVE_WITH_KNOTS('',3,(#7349,#7350,#7351,#7352,#7353),
 .UNSPECIFIED.,.F.,.F.,(4,1,4),(-3.34617096166077,-2.26381110620934,-1.18145125075792),
 .UNSPECIFIED.);
#3065=B_SPLINE_CURVE_WITH_KNOTS('',3,(#7367,#7368,#7369,#7370),
 .UNSPECIFIED.,.F.,.F.,(4,4),(-0.1,0.),.UNSPECIFIED.);
#3066=B_SPLINE_CURVE_WITH_KNOTS('',3,(#7399,#7400,#7401,#7402,#7403,#7404,
#7405,#7406,#7407,#7408,#7409),.UNSPECIFIED.,.F.,.F.,(4,1,1,1,1,1,1,1,4),
(0.,0.12498951112307,0.249979022246139,0.374968533369209,0.499958044492279,
0.624947555615349,0.749937066738418,0.874926577861488,0.999916088984558),
 .UNSPECIFIED.);
#3067=B_SPLINE_CURVE_WITH_KNOTS('',3,(#7422,#7423,#7424,#7425,#7426),
 .UNSPECIFIED.,.F.,.F.,(4,1,4),(8.24734819744989E-8,0.500000041236741,1.),
 .UNSPECIFIED.);
#3068=B_SPLINE_CURVE_WITH_KNOTS('',3,(#7430,#7431,#7432,#7433),
 .UNSPECIFIED.,.F.,.F.,(4,4),(0.,1.),.UNSPECIFIED.);
#3069=B_SPLINE_CURVE_WITH_KNOTS('',3,(#7470,#7471,#7472,#7473,#7474,#7475,
#7476,#7477,#7478,#7479),.UNSPECIFIED.,.F.,.F.,(4,1,1,1,1,1,1,4),(0.00704520001705416,
0.255283900012791,0.503522600008527,0.627641950006395,0.751761300004264,
0.813820975003198,0.875880650002132,1.),.UNSPECIFIED.);
#3070=B_SPLINE_CURVE_WITH_KNOTS('',3,(#7486,#7487,#7488,#7489,#7490,#7491,
#7492),.UNSPECIFIED.,.F.,.F.,(4,1,1,1,4),(-33.6928313606275,-32.6416722270002,
-31.5905130933729,-30.5393539597457,-29.4881948261184),.UNSPECIFIED.);
#3071=B_SPLINE_CURVE_WITH_KNOTS('',3,(#7498,#7499,#7500,#7501,#7502,#7503),
 .UNSPECIFIED.,.F.,.F.,(4,1,1,4),(27.8771216390842,28.4078412293131,28.9385608195421,
30.),.UNSPECIFIED.);
#3072=B_SPLINE_CURVE_WITH_KNOTS('',3,(#7508,#7509,#7510,#7511,#7512,#7513,
#7514),.UNSPECIFIED.,.F.,.F.,(4,1,1,1,4),(-11.4446566989031,-10.2922282735337,
-9.13979984816421,-7.98737142279476,-6.83494299742531),.UNSPECIFIED.);
#3073=B_SPLINE_CURVE_WITH_KNOTS('',3,(#7516,#7517,#7518,#7519,#7520,#7521,
#7522),.UNSPECIFIED.,.F.,.F.,(4,1,1,1,4),(-6.83493733387429,-4.83493863730449,
-4.33493896316205,-3.8349392890196,-2.8349399407347),.UNSPECIFIED.);
#3074=B_SPLINE_CURVE_WITH_KNOTS('',3,(#7529,#7530,#7531,#7532,#7533,#7534,
#7535),.UNSPECIFIED.,.F.,.F.,(4,1,1,1,4),(-6.0481542824626,-4.98757255055661,
-3.92699081865062,-2.86640908674463,-1.80582735483864),.UNSPECIFIED.);
#3075=EDGE_LOOP('',(#964,#965,#966));
#3076=EDGE_LOOP('',(#967,#968,#969,#970));
#3077=EDGE_LOOP('',(#971,#972,#973,#974));
#3078=EDGE_LOOP('',(#975,#976,#977,#978));
#3079=EDGE_LOOP('',(#979,#980,#981,#982));
#3080=EDGE_LOOP('',(#983,#984,#985,#986));
#3081=EDGE_LOOP('',(#987,#988,#989,#990));
#3082=EDGE_LOOP('',(#991,#992,#993,#994));
#3083=EDGE_LOOP('',(#995,#996,#997,#998));
#3084=EDGE_LOOP('',(#999,#1000,#1001,#1002,#1003,#1004,#1005,#1006,#1007,
#1008));
#3085=EDGE_LOOP('',(#1009,#1010,#1011,#1012,#1013,#1014,#1015,#1016,#1017,
#1018));
#3086=EDGE_LOOP('',(#1019,#1020,#1021,#1022));
#3087=EDGE_LOOP('',(#1023,#1024,#1025,#1026));
#3088=EDGE_LOOP('',(#1027,#1028,#1029,#1030));
#3089=EDGE_LOOP('',(#1031,#1032,#1033,#1034));
#3090=EDGE_LOOP('',(#1035,#1036,#1037,#1038));
#3091=EDGE_LOOP('',(#1039,#1040,#1041,#1042,#1043,#1044));
#3092=EDGE_LOOP('',(#1045,#1046,#1047,#1048,#1049,#1050));
#3093=EDGE_LOOP('',(#1051,#1052,#1053,#1054));
#3094=EDGE_LOOP('',(#1055,#1056,#1057));
#3095=EDGE_LOOP('',(#1058,#1059,#1060,#1061));
#3096=EDGE_LOOP('',(#1062,#1063,#1064,#1065));
#3097=EDGE_LOOP('',(#1066,#1067,#1068,#1069));
#3098=EDGE_LOOP('',(#1070,#1071,#1072,#1073));
#3099=EDGE_LOOP('',(#1074,#1075,#1076,#1077));
#3100=EDGE_LOOP('',(#1078,#1079,#1080,#1081));
#3101=EDGE_LOOP('',(#1082,#1083,#1084,#1085));
#3102=EDGE_LOOP('',(#1086,#1087,#1088,#1089,#1090,#1091,#1092,#1093,#1094,
#1095));
#3103=EDGE_LOOP('',(#1096,#1097,#1098,#1099,#1100,#1101,#1102,#1103,#1104,
#1105));
#3104=EDGE_LOOP('',(#1106,#1107,#1108,#1109));
#3105=EDGE_LOOP('',(#1110,#1111,#1112,#1113));
#3106=EDGE_LOOP('',(#1114,#1115,#1116,#1117));
#3107=EDGE_LOOP('',(#1118,#1119,#1120,#1121));
#3108=EDGE_LOOP('',(#1122,#1123,#1124,#1125));
#3109=EDGE_LOOP('',(#1126,#1127,#1128,#1129));
#3110=EDGE_LOOP('',(#1130,#1131,#1132,#1133,#1134,#1135));
#3111=EDGE_LOOP('',(#1136,#1137,#1138,#1139,#1140,#1141));
#3112=EDGE_LOOP('',(#1142,#1143,#1144,#1145));
#3113=EDGE_LOOP('',(#1146));
#3114=EDGE_LOOP('',(#1147,#1148,#1149,#1150));
#3115=EDGE_LOOP('',(#1151,#1152,#1153,#1154));
#3116=EDGE_LOOP('',(#1155,#1156,#1157,#1158));
#3117=EDGE_LOOP('',(#1159,#1160,#1161,#1162));
#3118=EDGE_LOOP('',(#1163,#1164,#1165,#1166));
#3119=EDGE_LOOP('',(#1167,#1168,#1169,#1170));
#3120=EDGE_LOOP('',(#1171,#1172,#1173,#1174));
#3121=EDGE_LOOP('',(#1175,#1176,#1177,#1178,#1179,#1180,#1181,#1182,#1183,
#1184));
#3122=EDGE_LOOP('',(#1185,#1186,#1187,#1188,#1189,#1190,#1191,#1192,#1193,
#1194));
#3123=EDGE_LOOP('',(#1195,#1196,#1197,#1198));
#3124=EDGE_LOOP('',(#1199,#1200,#1201,#1202));
#3125=EDGE_LOOP('',(#1203,#1204,#1205,#1206));
#3126=EDGE_LOOP('',(#1207,#1208,#1209,#1210));
#3127=EDGE_LOOP('',(#1211,#1212,#1213,#1214));
#3128=EDGE_LOOP('',(#1215,#1216,#1217,#1218));
#3129=EDGE_LOOP('',(#1219,#1220,#1221,#1222,#1223,#1224));
#3130=EDGE_LOOP('',(#1225,#1226,#1227,#1228,#1229,#1230));
#3131=EDGE_LOOP('',(#1231,#1232,#1233,#1234));
#3132=EDGE_LOOP('',(#1235,#1236,#1237,#1238,#1239,#1240));
#3133=EDGE_LOOP('',(#1241,#1242,#1243,#1244,#1245,#1246));
#3134=EDGE_LOOP('',(#1247,#1248,#1249,#1250));
#3135=EDGE_LOOP('',(#1251,#1252,#1253,#1254));
#3136=EDGE_LOOP('',(#1255,#1256,#1257,#1258));
#3137=EDGE_LOOP('',(#1259,#1260,#1261,#1262));
#3138=EDGE_LOOP('',(#1263,#1264,#1265,#1266));
#3139=EDGE_LOOP('',(#1267,#1268,#1269,#1270));
#3140=EDGE_LOOP('',(#1271,#1272,#1273,#1274));
#3141=EDGE_LOOP('',(#1275,#1276,#1277,#1278));
#3142=EDGE_LOOP('',(#1279,#1280,#1281,#1282));
#3143=EDGE_LOOP('',(#1283,#1284,#1285,#1286));
#3144=EDGE_LOOP('',(#1287,#1288,#1289,#1290));
#3145=EDGE_LOOP('',(#1291,#1292,#1293,#1294));
#3146=EDGE_LOOP('',(#1295,#1296,#1297));
#3147=EDGE_LOOP('',(#1298,#1299,#1300));
#3148=EDGE_LOOP('',(#1301,#1302,#1303,#1304));
#3149=EDGE_LOOP('',(#1305,#1306,#1307,#1308,#1309,#1310));
#3150=EDGE_LOOP('',(#1311,#1312,#1313,#1314));
#3151=EDGE_LOOP('',(#1315,#1316,#1317,#1318));
#3152=EDGE_LOOP('',(#1319,#1320,#1321));
#3153=EDGE_LOOP('',(#1322,#1323,#1324));
#3154=EDGE_LOOP('',(#1325,#1326,#1327,#1328,#1329,#1330));
#3155=EDGE_LOOP('',(#1331,#1332,#1333,#1334));
#3156=EDGE_LOOP('',(#1335,#1336,#1337,#1338,#1339,#1340,#1341,#1342,#1343,
#1344,#1345,#1346));
#3157=EDGE_LOOP('',(#1347,#1348,#1349,#1350));
#3158=EDGE_LOOP('',(#1351,#1352,#1353,#1354,#1355,#1356,#1357,#1358));
#3159=EDGE_LOOP('',(#1359));
#3160=EDGE_LOOP('',(#1360));
#3161=EDGE_LOOP('',(#1361));
#3162=EDGE_LOOP('',(#1362));
#3163=EDGE_LOOP('',(#1363,#1364,#1365,#1366,#1367,#1368,#1369,#1370));
#3164=EDGE_LOOP('',(#1371));
#3165=EDGE_LOOP('',(#1372));
#3166=EDGE_LOOP('',(#1373,#1374,#1375,#1376,#1377,#1378,#1379,#1380,#1381,
#1382,#1383,#1384,#1385,#1386));
#3167=EDGE_LOOP('',(#1387,#1388,#1389,#1390));
#3168=EDGE_LOOP('',(#1391));
#3169=EDGE_LOOP('',(#1392,#1393,#1394,#1395));
#3170=EDGE_LOOP('',(#1396,#1397,#1398,#1399));
#3171=EDGE_LOOP('',(#1400,#1401,#1402,#1403,#1404,#1405,#1406,#1407));
#3172=EDGE_LOOP('',(#1408,#1409,#1410,#1411,#1412,#1413,#1414,#1415,#1416,
#1417,#1418,#1419,#1420,#1421,#1422,#1423,#1424,#1425,#1426,#1427,#1428,
#1429,#1430,#1431,#1432,#1433,#1434,#1435,#1436,#1437,#1438,#1439,#1440,
#1441,#1442,#1443));
#3173=EDGE_LOOP('',(#1444,#1445,#1446,#1447));
#3174=EDGE_LOOP('',(#1448,#1449,#1450,#1451));
#3175=EDGE_LOOP('',(#1452,#1453,#1454,#1455));
#3176=EDGE_LOOP('',(#1456,#1457,#1458,#1459));
#3177=EDGE_LOOP('',(#1460,#1461,#1462,#1463));
#3178=EDGE_LOOP('',(#1464,#1465,#1466,#1467));
#3179=EDGE_LOOP('',(#1468,#1469,#1470,#1471));
#3180=EDGE_LOOP('',(#1472,#1473,#1474,#1475));
#3181=EDGE_LOOP('',(#1476));
#3182=EDGE_LOOP('',(#1477));
#3183=EDGE_LOOP('',(#1478));
#3184=EDGE_LOOP('',(#1479));
#3185=EDGE_LOOP('',(#1480));
#3186=EDGE_LOOP('',(#1481));
#3187=EDGE_LOOP('',(#1482));
#3188=EDGE_LOOP('',(#1483));
#3189=EDGE_LOOP('',(#1484));
#3190=EDGE_LOOP('',(#1485));
#3191=EDGE_LOOP('',(#1486));
#3192=EDGE_LOOP('',(#1487));
#3193=EDGE_LOOP('',(#1488));
#3194=EDGE_LOOP('',(#1489));
#3195=EDGE_LOOP('',(#1490));
#3196=EDGE_LOOP('',(#1491));
#3197=EDGE_LOOP('',(#1492));
#3198=EDGE_LOOP('',(#1493));
#3199=EDGE_LOOP('',(#1494));
#3200=EDGE_LOOP('',(#1495));
#3201=EDGE_LOOP('',(#1496,#1497,#1498,#1499));
#3202=EDGE_LOOP('',(#1500,#1501,#1502,#1503));
#3203=EDGE_LOOP('',(#1504,#1505,#1506,#1507));
#3204=EDGE_LOOP('',(#1508,#1509,#1510,#1511));
#3205=EDGE_LOOP('',(#1512,#1513,#1514,#1515));
#3206=EDGE_LOOP('',(#1516,#1517,#1518,#1519));
#3207=EDGE_LOOP('',(#1520,#1521,#1522,#1523));
#3208=EDGE_LOOP('',(#1524,#1525,#1526,#1527));
#3209=EDGE_LOOP('',(#1528,#1529,#1530,#1531));
#3210=EDGE_LOOP('',(#1532,#1533,#1534,#1535));
#3211=EDGE_LOOP('',(#1536,#1537,#1538,#1539,#1540,#1541,#1542,#1543,#1544,
#1545));
#3212=EDGE_LOOP('',(#1546,#1547,#1548,#1549,#1550,#1551,#1552,#1553,#1554,
#1555));
#3213=EDGE_LOOP('',(#1556,#1557,#1558,#1559));
#3214=EDGE_LOOP('',(#1560,#1561,#1562,#1563));
#3215=EDGE_LOOP('',(#1564,#1565,#1566,#1567));
#3216=EDGE_LOOP('',(#1568,#1569,#1570,#1571));
#3217=EDGE_LOOP('',(#1572,#1573,#1574,#1575));
#3218=EDGE_LOOP('',(#1576,#1577,#1578,#1579,#1580,#1581));
#3219=EDGE_LOOP('',(#1582,#1583,#1584,#1585,#1586,#1587));
#3220=EDGE_LOOP('',(#1588,#1589,#1590,#1591));
#3221=EDGE_LOOP('',(#1592,#1593,#1594,#1595,#1596,#1597,#1598,#1599,#1600,
#1601,#1602,#1603,#1604,#1605));
#3222=EDGE_LOOP('',(#1606));
#3223=EDGE_LOOP('',(#1607,#1608,#1609,#1610));
#3224=EDGE_LOOP('',(#1611,#1612,#1613,#1614));
#3225=EDGE_LOOP('',(#1615,#1616,#1617,#1618));
#3226=EDGE_LOOP('',(#1619,#1620,#1621,#1622));
#3227=EDGE_LOOP('',(#1623,#1624,#1625,#1626));
#3228=EDGE_LOOP('',(#1627,#1628,#1629,#1630));
#3229=EDGE_LOOP('',(#1631,#1632,#1633,#1634));
#3230=EDGE_LOOP('',(#1635,#1636,#1637,#1638));
#3231=EDGE_LOOP('',(#1639,#1640,#1641,#1642));
#3232=EDGE_LOOP('',(#1643,#1644,#1645,#1646));
#3233=EDGE_LOOP('',(#1647,#1648,#1649,#1650));
#3234=EDGE_LOOP('',(#1651,#1652,#1653,#1654));
#3235=EDGE_LOOP('',(#1655,#1656,#1657,#1658));
#3236=EDGE_LOOP('',(#1659,#1660,#1661,#1662));
#3237=EDGE_LOOP('',(#1663,#1664,#1665,#1666));
#3238=EDGE_LOOP('',(#1667,#1668,#1669,#1670));
#3239=EDGE_LOOP('',(#1671,#1672,#1673,#1674));
#3240=EDGE_LOOP('',(#1675,#1676,#1677,#1678));
#3241=EDGE_LOOP('',(#1679,#1680,#1681,#1682));
#3242=EDGE_LOOP('',(#1683,#1684,#1685,#1686));
#3243=EDGE_LOOP('',(#1687,#1688,#1689,#1690));
#3244=EDGE_LOOP('',(#1691,#1692,#1693,#1694));
#3245=EDGE_LOOP('',(#1695,#1696,#1697,#1698));
#3246=EDGE_LOOP('',(#1699,#1700,#1701,#1702));
#3247=EDGE_LOOP('',(#1703,#1704,#1705,#1706));
#3248=EDGE_LOOP('',(#1707,#1708,#1709,#1710));
#3249=EDGE_LOOP('',(#1711,#1712,#1713,#1714));
#3250=EDGE_LOOP('',(#1715,#1716,#1717,#1718));
#3251=EDGE_LOOP('',(#1719,#1720,#1721,#1722));
#3252=EDGE_LOOP('',(#1723,#1724,#1725,#1726));
#3253=EDGE_LOOP('',(#1727,#1728,#1729,#1730));
#3254=EDGE_LOOP('',(#1731,#1732,#1733,#1734));
#3255=EDGE_LOOP('',(#1735,#1736,#1737,#1738));
#3256=EDGE_LOOP('',(#1739,#1740,#1741,#1742));
#3257=EDGE_LOOP('',(#1743,#1744,#1745,#1746));
#3258=EDGE_LOOP('',(#1747,#1748,#1749,#1750));
#3259=EDGE_LOOP('',(#1751,#1752,#1753,#1754));
#3260=EDGE_LOOP('',(#1755));
#3261=EDGE_LOOP('',(#1756));
#3262=EDGE_LOOP('',(#1757,#1758,#1759,#1760));
#3263=EDGE_LOOP('',(#1761,#1762,#1763,#1764));
#3264=EDGE_LOOP('',(#1765,#1766,#1767,#1768));
#3265=EDGE_LOOP('',(#1769,#1770,#1771,#1772));
#3266=EDGE_LOOP('',(#1773,#1774,#1775,#1776));
#3267=EDGE_LOOP('',(#1777,#1778,#1779,#1780));
#3268=EDGE_LOOP('',(#1781,#1782,#1783,#1784));
#3269=EDGE_LOOP('',(#1785,#1786,#1787,#1788));
#3270=EDGE_LOOP('',(#1789,#1790,#1791,#1792));
#3271=EDGE_LOOP('',(#1793,#1794,#1795,#1796));
#3272=EDGE_LOOP('',(#1797,#1798,#1799,#1800));
#3273=EDGE_LOOP('',(#1801,#1802,#1803,#1804));
#3274=EDGE_LOOP('',(#1805,#1806,#1807,#1808));
#3275=EDGE_LOOP('',(#1809,#1810,#1811,#1812));
#3276=EDGE_LOOP('',(#1813,#1814,#1815,#1816));
#3277=EDGE_LOOP('',(#1817,#1818,#1819,#1820));
#3278=EDGE_LOOP('',(#1821,#1822,#1823,#1824));
#3279=EDGE_LOOP('',(#1825,#1826,#1827,#1828));
#3280=EDGE_LOOP('',(#1829,#1830,#1831));
#3281=EDGE_LOOP('',(#1832,#1833,#1834,#1835,#1836,#1837,#1838,#1839,#1840,
#1841,#1842,#1843,#1844,#1845,#1846,#1847,#1848,#1849,#1850,#1851,#1852,
#1853,#1854,#1855,#1856,#1857,#1858,#1859,#1860,#1861,#1862,#1863,#1864,
#1865,#1866,#1867,#1868,#1869,#1870,#1871,#1872,#1873,#1874,#1875,#1876,
#1877,#1878,#1879,#1880,#1881,#1882,#1883,#1884,#1885,#1886));
#3282=EDGE_LOOP('',(#1887,#1888,#1889,#1890,#1891));
#3283=EDGE_LOOP('',(#1892));
#3284=EDGE_LOOP('',(#1893,#1894,#1895,#1896,#1897,#1898,#1899));
#3285=EDGE_LOOP('',(#1900,#1901,#1902,#1903));
#3286=EDGE_LOOP('',(#1904,#1905,#1906,#1907));
#3287=EDGE_LOOP('',(#1908,#1909,#1910,#1911));
#3288=EDGE_LOOP('',(#1912,#1913,#1914,#1915));
#3289=EDGE_LOOP('',(#1916,#1917,#1918,#1919));
#3290=EDGE_LOOP('',(#1920,#1921,#1922,#1923));
#3291=EDGE_LOOP('',(#1924,#1925,#1926,#1927));
#3292=EDGE_LOOP('',(#1928,#1929,#1930,#1931));
#3293=EDGE_LOOP('',(#1932,#1933,#1934,#1935));
#3294=EDGE_LOOP('',(#1936,#1937,#1938,#1939));
#3295=EDGE_LOOP('',(#1940,#1941,#1942,#1943));
#3296=EDGE_LOOP('',(#1944,#1945,#1946,#1947));
#3297=EDGE_LOOP('',(#1948,#1949,#1950,#1951));
#3298=EDGE_LOOP('',(#1952,#1953,#1954,#1955));
#3299=EDGE_LOOP('',(#1956,#1957,#1958,#1959));
#3300=EDGE_LOOP('',(#1960,#1961));
#3301=EDGE_LOOP('',(#1962,#1963,#1964,#1965,#1966,#1967));
#3302=EDGE_LOOP('',(#1968,#1969));
#3303=FACE_BOUND('',#3075,.T.);
#3304=FACE_BOUND('',#3076,.T.);
#3305=FACE_BOUND('',#3077,.T.);
#3306=FACE_BOUND('',#3078,.T.);
#3307=FACE_BOUND('',#3079,.T.);
#3308=FACE_BOUND('',#3080,.T.);
#3309=FACE_BOUND('',#3081,.T.);
#3310=FACE_BOUND('',#3082,.T.);
#3311=FACE_BOUND('',#3083,.T.);
#3312=FACE_BOUND('',#3084,.T.);
#3313=FACE_BOUND('',#3085,.T.);
#3314=FACE_BOUND('',#3086,.T.);
#3315=FACE_BOUND('',#3087,.T.);
#3316=FACE_BOUND('',#3088,.T.);
#3317=FACE_BOUND('',#3089,.T.);
#3318=FACE_BOUND('',#3090,.T.);
#3319=FACE_BOUND('',#3091,.T.);
#3320=FACE_BOUND('',#3092,.T.);
#3321=FACE_BOUND('',#3093,.T.);
#3322=FACE_BOUND('',#3094,.T.);
#3323=FACE_BOUND('',#3095,.T.);
#3324=FACE_BOUND('',#3096,.T.);
#3325=FACE_BOUND('',#3097,.T.);
#3326=FACE_BOUND('',#3098,.T.);
#3327=FACE_BOUND('',#3099,.T.);
#3328=FACE_BOUND('',#3100,.T.);
#3329=FACE_BOUND('',#3101,.T.);
#3330=FACE_BOUND('',#3102,.T.);
#3331=FACE_BOUND('',#3103,.T.);
#3332=FACE_BOUND('',#3104,.T.);
#3333=FACE_BOUND('',#3105,.T.);
#3334=FACE_BOUND('',#3106,.T.);
#3335=FACE_BOUND('',#3107,.T.);
#3336=FACE_BOUND('',#3108,.T.);
#3337=FACE_BOUND('',#3109,.T.);
#3338=FACE_BOUND('',#3110,.T.);
#3339=FACE_BOUND('',#3111,.T.);
#3340=FACE_BOUND('',#3112,.T.);
#3341=FACE_BOUND('',#3113,.T.);
#3342=FACE_BOUND('',#3114,.T.);
#3343=FACE_BOUND('',#3115,.T.);
#3344=FACE_BOUND('',#3116,.T.);
#3345=FACE_BOUND('',#3117,.T.);
#3346=FACE_BOUND('',#3118,.T.);
#3347=FACE_BOUND('',#3119,.T.);
#3348=FACE_BOUND('',#3120,.T.);
#3349=FACE_BOUND('',#3121,.T.);
#3350=FACE_BOUND('',#3122,.T.);
#3351=FACE_BOUND('',#3123,.T.);
#3352=FACE_BOUND('',#3124,.T.);
#3353=FACE_BOUND('',#3125,.T.);
#3354=FACE_BOUND('',#3126,.T.);
#3355=FACE_BOUND('',#3127,.T.);
#3356=FACE_BOUND('',#3128,.T.);
#3357=FACE_BOUND('',#3129,.T.);
#3358=FACE_BOUND('',#3130,.T.);
#3359=FACE_BOUND('',#3131,.T.);
#3360=FACE_BOUND('',#3132,.T.);
#3361=FACE_BOUND('',#3133,.T.);
#3362=FACE_BOUND('',#3134,.T.);
#3363=FACE_BOUND('',#3135,.T.);
#3364=FACE_BOUND('',#3136,.T.);
#3365=FACE_BOUND('',#3137,.T.);
#3366=FACE_BOUND('',#3138,.T.);
#3367=FACE_BOUND('',#3139,.T.);
#3368=FACE_BOUND('',#3140,.T.);
#3369=FACE_BOUND('',#3141,.T.);
#3370=FACE_BOUND('',#3142,.T.);
#3371=FACE_BOUND('',#3143,.T.);
#3372=FACE_BOUND('',#3144,.T.);
#3373=FACE_BOUND('',#3145,.T.);
#3374=FACE_BOUND('',#3146,.T.);
#3375=FACE_BOUND('',#3147,.T.);
#3376=FACE_BOUND('',#3148,.T.);
#3377=FACE_BOUND('',#3149,.T.);
#3378=FACE_BOUND('',#3150,.T.);
#3379=FACE_BOUND('',#3151,.T.);
#3380=FACE_BOUND('',#3152,.T.);
#3381=FACE_BOUND('',#3153,.T.);
#3382=FACE_BOUND('',#3154,.T.);
#3383=FACE_BOUND('',#3155,.T.);
#3384=FACE_BOUND('',#3156,.T.);
#3385=FACE_BOUND('',#3157,.T.);
#3386=FACE_BOUND('',#3158,.T.);
#3387=FACE_BOUND('',#3159,.T.);
#3388=FACE_BOUND('',#3160,.T.);
#3389=FACE_BOUND('',#3161,.T.);
#3390=FACE_BOUND('',#3162,.T.);
#3391=FACE_BOUND('',#3163,.T.);
#3392=FACE_BOUND('',#3164,.T.);
#3393=FACE_BOUND('',#3165,.T.);
#3394=FACE_BOUND('',#3166,.T.);
#3395=FACE_BOUND('',#3167,.T.);
#3396=FACE_BOUND('',#3168,.T.);
#3397=FACE_BOUND('',#3169,.T.);
#3398=FACE_BOUND('',#3170,.T.);
#3399=FACE_BOUND('',#3171,.T.);
#3400=FACE_BOUND('',#3172,.T.);
#3401=FACE_BOUND('',#3173,.T.);
#3402=FACE_BOUND('',#3174,.T.);
#3403=FACE_BOUND('',#3175,.T.);
#3404=FACE_BOUND('',#3176,.T.);
#3405=FACE_BOUND('',#3177,.T.);
#3406=FACE_BOUND('',#3178,.T.);
#3407=FACE_BOUND('',#3179,.T.);
#3408=FACE_BOUND('',#3180,.T.);
#3409=FACE_BOUND('',#3181,.T.);
#3410=FACE_BOUND('',#3182,.T.);
#3411=FACE_BOUND('',#3183,.T.);
#3412=FACE_BOUND('',#3184,.T.);
#3413=FACE_BOUND('',#3185,.T.);
#3414=FACE_BOUND('',#3186,.T.);
#3415=FACE_BOUND('',#3187,.T.);
#3416=FACE_BOUND('',#3188,.T.);
#3417=FACE_BOUND('',#3189,.T.);
#3418=FACE_BOUND('',#3190,.T.);
#3419=FACE_BOUND('',#3191,.T.);
#3420=FACE_BOUND('',#3192,.T.);
#3421=FACE_BOUND('',#3193,.T.);
#3422=FACE_BOUND('',#3194,.T.);
#3423=FACE_BOUND('',#3195,.T.);
#3424=FACE_BOUND('',#3196,.T.);
#3425=FACE_BOUND('',#3197,.T.);
#3426=FACE_BOUND('',#3198,.T.);
#3427=FACE_BOUND('',#3199,.T.);
#3428=FACE_BOUND('',#3200,.T.);
#3429=FACE_BOUND('',#3201,.T.);
#3430=FACE_BOUND('',#3202,.T.);
#3431=FACE_BOUND('',#3203,.T.);
#3432=FACE_BOUND('',#3204,.T.);
#3433=FACE_BOUND('',#3205,.T.);
#3434=FACE_BOUND('',#3206,.T.);
#3435=FACE_BOUND('',#3207,.T.);
#3436=FACE_BOUND('',#3208,.T.);
#3437=FACE_BOUND('',#3209,.T.);
#3438=FACE_BOUND('',#3210,.T.);
#3439=FACE_BOUND('',#3211,.T.);
#3440=FACE_BOUND('',#3212,.T.);
#3441=FACE_BOUND('',#3213,.T.);
#3442=FACE_BOUND('',#3214,.T.);
#3443=FACE_BOUND('',#3215,.T.);
#3444=FACE_BOUND('',#3216,.T.);
#3445=FACE_BOUND('',#3217,.T.);
#3446=FACE_BOUND('',#3218,.T.);
#3447=FACE_BOUND('',#3219,.T.);
#3448=FACE_BOUND('',#3220,.T.);
#3449=FACE_BOUND('',#3221,.T.);
#3450=FACE_BOUND('',#3222,.T.);
#3451=FACE_BOUND('',#3223,.T.);
#3452=FACE_BOUND('',#3224,.T.);
#3453=FACE_BOUND('',#3225,.T.);
#3454=FACE_BOUND('',#3226,.T.);
#3455=FACE_BOUND('',#3227,.T.);
#3456=FACE_BOUND('',#3228,.T.);
#3457=FACE_BOUND('',#3229,.T.);
#3458=FACE_BOUND('',#3230,.T.);
#3459=FACE_BOUND('',#3231,.T.);
#3460=FACE_BOUND('',#3232,.T.);
#3461=FACE_BOUND('',#3233,.T.);
#3462=FACE_BOUND('',#3234,.T.);
#3463=FACE_BOUND('',#3235,.T.);
#3464=FACE_BOUND('',#3236,.T.);
#3465=FACE_BOUND('',#3237,.T.);
#3466=FACE_BOUND('',#3238,.T.);
#3467=FACE_BOUND('',#3239,.T.);
#3468=FACE_BOUND('',#3240,.T.);
#3469=FACE_BOUND('',#3241,.T.);
#3470=FACE_BOUND('',#3242,.T.);
#3471=FACE_BOUND('',#3243,.T.);
#3472=FACE_BOUND('',#3244,.T.);
#3473=FACE_BOUND('',#3245,.T.);
#3474=FACE_BOUND('',#3246,.T.);
#3475=FACE_BOUND('',#3247,.T.);
#3476=FACE_BOUND('',#3248,.T.);
#3477=FACE_BOUND('',#3249,.T.);
#3478=FACE_BOUND('',#3250,.T.);
#3479=FACE_BOUND('',#3251,.T.);
#3480=FACE_BOUND('',#3252,.T.);
#3481=FACE_BOUND('',#3253,.T.);
#3482=FACE_BOUND('',#3254,.T.);
#3483=FACE_BOUND('',#3255,.T.);
#3484=FACE_BOUND('',#3256,.T.);
#3485=FACE_BOUND('',#3257,.T.);
#3486=FACE_BOUND('',#3258,.T.);
#3487=FACE_BOUND('',#3259,.T.);
#3488=FACE_BOUND('',#3260,.T.);
#3489=FACE_BOUND('',#3261,.T.);
#3490=FACE_BOUND('',#3262,.T.);
#3491=FACE_BOUND('',#3263,.T.);
#3492=FACE_BOUND('',#3264,.T.);
#3493=FACE_BOUND('',#3265,.T.);
#3494=FACE_BOUND('',#3266,.T.);
#3495=FACE_BOUND('',#3267,.T.);
#3496=FACE_BOUND('',#3268,.T.);
#3497=FACE_BOUND('',#3269,.T.);
#3498=FACE_BOUND('',#3270,.T.);
#3499=FACE_BOUND('',#3271,.T.);
#3500=FACE_BOUND('',#3272,.T.);
#3501=FACE_BOUND('',#3273,.T.);
#3502=FACE_BOUND('',#3274,.T.);
#3503=FACE_BOUND('',#3275,.T.);
#3504=FACE_BOUND('',#3276,.T.);
#3505=FACE_BOUND('',#3277,.T.);
#3506=FACE_BOUND('',#3278,.T.);
#3507=FACE_BOUND('',#3279,.T.);
#3508=FACE_BOUND('',#3280,.T.);
#3509=FACE_BOUND('',#3281,.T.);
#3510=FACE_BOUND('',#3282,.T.);
#3511=FACE_BOUND('',#3283,.T.);
#3512=FACE_BOUND('',#3284,.T.);
#3513=FACE_BOUND('',#3285,.T.);
#3514=FACE_BOUND('',#3286,.T.);
#3515=FACE_BOUND('',#3287,.T.);
#3516=FACE_BOUND('',#3288,.T.);
#3517=FACE_BOUND('',#3289,.T.);
#3518=FACE_BOUND('',#3290,.T.);
#3519=FACE_BOUND('',#3291,.T.);
#3520=FACE_BOUND('',#3292,.T.);
#3521=FACE_BOUND('',#3293,.T.);
#3522=FACE_BOUND('',#3294,.T.);
#3523=FACE_BOUND('',#3295,.T.);
#3524=FACE_BOUND('',#3296,.T.);
#3525=FACE_BOUND('',#3297,.T.);
#3526=FACE_BOUND('',#3298,.T.);
#3527=FACE_BOUND('',#3299,.T.);
#3528=FACE_BOUND('',#3300,.T.);
#3529=FACE_BOUND('',#3301,.T.);
#3530=FACE_BOUND('',#3302,.T.);
#3531=PLANE('',#4019);
#3532=PLANE('',#4021);
#3533=PLANE('',#4022);
#3534=PLANE('',#4023);
#3535=PLANE('',#4024);
#3536=PLANE('',#4025);
#3537=PLANE('',#4026);
#3538=PLANE('',#4027);
#3539=PLANE('',#4028);
#3540=PLANE('',#4029);
#3541=PLANE('',#4030);
#3542=PLANE('',#4031);
#3543=PLANE('',#4038);
#3544=PLANE('',#4039);
#3545=PLANE('',#4040);
#3546=PLANE('',#4041);
#3547=PLANE('',#4042);
#3548=PLANE('',#4044);
#3549=PLANE('',#4046);
#3550=PLANE('',#4047);
#3551=PLANE('',#4048);
#3552=PLANE('',#4049);
#3553=PLANE('',#4050);
#3554=PLANE('',#4051);
#3555=PLANE('',#4052);
#3556=PLANE('',#4053);
#3557=PLANE('',#4054);
#3558=PLANE('',#4055);
#3559=PLANE('',#4056);
#3560=PLANE('',#4063);
#3561=PLANE('',#4064);
#3562=PLANE('',#4065);
#3563=PLANE('',#4066);
#3564=PLANE('',#4067);
#3565=PLANE('',#4069);
#3566=PLANE('',#4071);
#3567=PLANE('',#4072);
#3568=PLANE('',#4073);
#3569=PLANE('',#4074);
#3570=PLANE('',#4075);
#3571=PLANE('',#4076);
#3572=PLANE('',#4077);
#3573=PLANE('',#4078);
#3574=PLANE('',#4079);
#3575=PLANE('',#4080);
#3576=PLANE('',#4081);
#3577=PLANE('',#4088);
#3578=PLANE('',#4089);
#3579=PLANE('',#4090);
#3580=PLANE('',#4091);
#3581=PLANE('',#4092);
#3582=PLANE('',#4096);
#3583=PLANE('',#4097);
#3584=PLANE('',#4098);
#3585=PLANE('',#4099);
#3586=PLANE('',#4100);
#3587=PLANE('',#4101);
#3588=PLANE('',#4102);
#3589=PLANE('',#4103);
#3590=PLANE('',#4105);
#3591=PLANE('',#4106);
#3592=PLANE('',#4108);
#3593=PLANE('',#4111);
#3594=PLANE('',#4112);
#3595=PLANE('',#4113);
#3596=PLANE('',#4114);
#3597=PLANE('',#4115);
#3598=PLANE('',#4118);
#3599=PLANE('',#4119);
#3600=PLANE('',#4120);
#3601=PLANE('',#4121);
#3602=PLANE('',#4122);
#3603=PLANE('',#4131);
#3604=PLANE('',#4137);
#3605=PLANE('',#4143);
#3606=PLANE('',#4145);
#3607=PLANE('',#4147);
#3608=PLANE('',#4149);
#3609=PLANE('',#4150);
#3610=PLANE('',#4153);
#3611=PLANE('',#4156);
#3612=PLANE('',#4159);
#3613=PLANE('',#4162);
#3614=PLANE('',#4165);
#3615=PLANE('',#4168);
#3616=PLANE('',#4169);
#3617=PLANE('',#4170);
#3618=PLANE('',#4172);
#3619=PLANE('',#4173);
#3620=PLANE('',#4174);
#3621=PLANE('',#4175);
#3622=PLANE('',#4176);
#3623=PLANE('',#4177);
#3624=PLANE('',#4178);
#3625=PLANE('',#4179);
#3626=PLANE('',#4180);
#3627=PLANE('',#4181);
#3628=PLANE('',#4182);
#3629=PLANE('',#4189);
#3630=PLANE('',#4190);
#3631=PLANE('',#4191);
#3632=PLANE('',#4192);
#3633=PLANE('',#4193);
#3634=PLANE('',#4195);
#3635=PLANE('',#4197);
#3636=PLANE('',#4198);
#3637=PLANE('',#4205);
#3638=PLANE('',#4206);
#3639=PLANE('',#4207);
#3640=PLANE('',#4208);
#3641=PLANE('',#4209);
#3642=PLANE('',#4210);
#3643=PLANE('',#4211);
#3644=PLANE('',#4212);
#3645=PLANE('',#4213);
#3646=PLANE('',#4217);
#3647=PLANE('',#4218);
#3648=PLANE('',#4225);
#3649=PLANE('',#4226);
#3650=PLANE('',#4227);
#3651=PLANE('',#4228);
#3652=PLANE('',#4229);
#3653=PLANE('',#4230);
#3654=PLANE('',#4231);
#3655=PLANE('',#4235);
#3656=PLANE('',#4236);
#3657=PLANE('',#4237);
#3658=PLANE('',#4244);
#3659=PLANE('',#4245);
#3660=PLANE('',#4246);
#3661=PLANE('',#4247);
#3662=PLANE('',#4248);
#3663=PLANE('',#4249);
#3664=PLANE('',#4256);
#3665=PLANE('',#4257);
#3666=PLANE('',#4258);
#3667=PLANE('',#4265);
#3668=PLANE('',#4272);
#3669=PLANE('',#4273);
#3670=PLANE('',#4284);
#3671=PLANE('',#4285);
#3672=PLANE('',#4288);
#3673=PLANE('',#4289);
#3674=PLANE('',#4291);
#3675=PLANE('',#4293);
#3676=PLANE('',#4295);
#3677=ADVANCED_FACE('',(#3303),#3531,.T.);
#3678=ADVANCED_FACE('',(#3304),#3532,.T.);
#3679=ADVANCED_FACE('',(#3305),#3533,.T.);
#3680=ADVANCED_FACE('',(#3306),#3534,.T.);
#3681=ADVANCED_FACE('',(#3307),#3535,.T.);
#3682=ADVANCED_FACE('',(#3308),#3536,.T.);
#3683=ADVANCED_FACE('',(#3309),#3537,.T.);
#3684=ADVANCED_FACE('',(#3310),#3538,.T.);
#3685=ADVANCED_FACE('',(#3311),#3539,.T.);
#3686=ADVANCED_FACE('',(#3312),#3540,.T.);
#3687=ADVANCED_FACE('',(#3313),#3541,.T.);
#3688=ADVANCED_FACE('',(#3314),#3542,.T.);
#3689=ADVANCED_FACE('',(#3315),#111,.T.);
#3690=ADVANCED_FACE('',(#3316),#112,.F.);
#3691=ADVANCED_FACE('',(#3317),#3543,.T.);
#3692=ADVANCED_FACE('',(#3318),#3544,.T.);
#3693=ADVANCED_FACE('',(#3319),#3545,.T.);
#3694=ADVANCED_FACE('',(#3320),#3546,.T.);
#3695=ADVANCED_FACE('',(#3321),#3547,.T.);
#3696=ADVANCED_FACE('',(#3322),#3548,.T.);
#3697=ADVANCED_FACE('',(#3323),#3549,.T.);
#3698=ADVANCED_FACE('',(#3324),#3550,.T.);
#3699=ADVANCED_FACE('',(#3325),#3551,.T.);
#3700=ADVANCED_FACE('',(#3326),#3552,.T.);
#3701=ADVANCED_FACE('',(#3327),#3553,.T.);
#3702=ADVANCED_FACE('',(#3328),#3554,.T.);
#3703=ADVANCED_FACE('',(#3329),#3555,.T.);
#3704=ADVANCED_FACE('',(#3330),#3556,.T.);
#3705=ADVANCED_FACE('',(#3331),#3557,.T.);
#3706=ADVANCED_FACE('',(#3332),#3558,.T.);
#3707=ADVANCED_FACE('',(#3333),#3559,.T.);
#3708=ADVANCED_FACE('',(#3334),#113,.T.);
#3709=ADVANCED_FACE('',(#3335),#114,.F.);
#3710=ADVANCED_FACE('',(#3336),#3560,.T.);
#3711=ADVANCED_FACE('',(#3337),#3561,.T.);
#3712=ADVANCED_FACE('',(#3338),#3562,.T.);
#3713=ADVANCED_FACE('',(#3339),#3563,.T.);
#3714=ADVANCED_FACE('',(#3340),#3564,.T.);
#3715=ADVANCED_FACE('',(#3341),#3565,.T.);
#3716=ADVANCED_FACE('',(#3342),#3566,.T.);
#3717=ADVANCED_FACE('',(#3343),#3567,.T.);
#3718=ADVANCED_FACE('',(#3344),#3568,.T.);
#3719=ADVANCED_FACE('',(#3345),#3569,.T.);
#3720=ADVANCED_FACE('',(#3346),#3570,.T.);
#3721=ADVANCED_FACE('',(#3347),#3571,.T.);
#3722=ADVANCED_FACE('',(#3348),#3572,.T.);
#3723=ADVANCED_FACE('',(#3349),#3573,.T.);
#3724=ADVANCED_FACE('',(#3350),#3574,.T.);
#3725=ADVANCED_FACE('',(#3351),#3575,.T.);
#3726=ADVANCED_FACE('',(#3352),#3576,.T.);
#3727=ADVANCED_FACE('',(#3353),#115,.F.);
#3728=ADVANCED_FACE('',(#3354),#116,.T.);
#3729=ADVANCED_FACE('',(#3355),#3577,.T.);
#3730=ADVANCED_FACE('',(#3356),#3578,.T.);
#3731=ADVANCED_FACE('',(#3357),#3579,.T.);
#3732=ADVANCED_FACE('',(#3358),#3580,.T.);
#3733=ADVANCED_FACE('',(#3359),#3581,.T.);
#3734=ADVANCED_FACE('',(#3360),#32,.T.);
#3735=ADVANCED_FACE('',(#3361),#33,.T.);
#3736=ADVANCED_FACE('',(#3362),#3582,.T.);
#3737=ADVANCED_FACE('',(#3363),#3583,.T.);
#3738=ADVANCED_FACE('',(#3364),#3584,.T.);
#3739=ADVANCED_FACE('',(#3365),#3585,.T.);
#3740=ADVANCED_FACE('',(#3366),#3586,.T.);
#3741=ADVANCED_FACE('',(#3367),#3587,.T.);
#3742=ADVANCED_FACE('',(#3368),#3588,.T.);
#3743=ADVANCED_FACE('',(#3369),#3589,.T.);
#3744=ADVANCED_FACE('',(#3370),#3590,.T.);
#3745=ADVANCED_FACE('',(#3371),#3591,.T.);
#3746=ADVANCED_FACE('',(#3372),#3592,.T.);
#3747=ADVANCED_FACE('',(#3373),#117,.T.);
#3748=ADVANCED_FACE('',(#3374),#3593,.T.);
#3749=ADVANCED_FACE('',(#3375),#3594,.T.);
#3750=ADVANCED_FACE('',(#3376),#3595,.T.);
#3751=ADVANCED_FACE('',(#3377),#3596,.T.);
#3752=ADVANCED_FACE('',(#3378),#3597,.T.);
#3753=ADVANCED_FACE('',(#3379),#118,.T.);
#3754=ADVANCED_FACE('',(#3380),#3598,.T.);
#3755=ADVANCED_FACE('',(#3381),#3599,.T.);
#3756=ADVANCED_FACE('',(#3382),#3600,.T.);
#3757=ADVANCED_FACE('',(#3383),#3601,.T.);
#3758=ADVANCED_FACE('',(#3384,#3385,#3386,#3387,#3388,#3389,#3390),#3602,
 .T.);
#3759=ADVANCED_FACE('',(#3391,#3392,#3393,#3394),#3603,.T.);
#3760=ADVANCED_FACE('',(#3395,#3396),#119,.F.);
#3761=ADVANCED_FACE('',(#3397,#3398),#25,.F.);
#3762=ADVANCED_FACE('',(#3399,#3400),#3604,.T.);
#3763=ADVANCED_FACE('',(#3401),#120,.F.);
#3764=ADVANCED_FACE('',(#3402),#3605,.T.);
#3765=ADVANCED_FACE('',(#3403),#121,.F.);
#3766=ADVANCED_FACE('',(#3404),#3606,.T.);
#3767=ADVANCED_FACE('',(#3405),#122,.F.);
#3768=ADVANCED_FACE('',(#3406),#3607,.T.);
#3769=ADVANCED_FACE('',(#3407),#123,.F.);
#3770=ADVANCED_FACE('',(#3408),#3608,.T.);
#3771=ADVANCED_FACE('',(#3409),#3609,.T.);
#3772=ADVANCED_FACE('',(#3410,#3411),#124,.F.);
#3773=ADVANCED_FACE('',(#3412),#3610,.T.);
#3774=ADVANCED_FACE('',(#3413,#3414),#125,.F.);
#3775=ADVANCED_FACE('',(#3415),#3611,.T.);
#3776=ADVANCED_FACE('',(#3416,#3417),#126,.F.);
#3777=ADVANCED_FACE('',(#3418),#3612,.T.);
#3778=ADVANCED_FACE('',(#3419,#3420),#127,.F.);
#3779=ADVANCED_FACE('',(#3421),#3613,.T.);
#3780=ADVANCED_FACE('',(#3422,#3423),#128,.F.);
#3781=ADVANCED_FACE('',(#3424),#3614,.T.);
#3782=ADVANCED_FACE('',(#3425,#3426),#129,.F.);
#3783=ADVANCED_FACE('',(#3427,#3428),#3615,.T.);
#3784=ADVANCED_FACE('',(#3429),#3616,.T.);
#3785=ADVANCED_FACE('',(#3430),#3617,.T.);
#3786=ADVANCED_FACE('',(#3431),#3618,.T.);
#3787=ADVANCED_FACE('',(#3432),#3619,.T.);
#3788=ADVANCED_FACE('',(#3433),#3620,.T.);
#3789=ADVANCED_FACE('',(#3434),#3621,.T.);
#3790=ADVANCED_FACE('',(#3435),#3622,.T.);
#3791=ADVANCED_FACE('',(#3436),#3623,.T.);
#3792=ADVANCED_FACE('',(#3437),#3624,.T.);
#3793=ADVANCED_FACE('',(#3438),#3625,.T.);
#3794=ADVANCED_FACE('',(#3439),#3626,.T.);
#3795=ADVANCED_FACE('',(#3440),#3627,.T.);
#3796=ADVANCED_FACE('',(#3441),#3628,.T.);
#3797=ADVANCED_FACE('',(#3442),#130,.F.);
#3798=ADVANCED_FACE('',(#3443),#131,.T.);
#3799=ADVANCED_FACE('',(#3444),#3629,.T.);
#3800=ADVANCED_FACE('',(#3445),#3630,.T.);
#3801=ADVANCED_FACE('',(#3446),#3631,.T.);
#3802=ADVANCED_FACE('',(#3447),#3632,.T.);
#3803=ADVANCED_FACE('',(#3448),#3633,.T.);
#3804=ADVANCED_FACE('',(#3449,#3450),#3634,.T.);
#3805=ADVANCED_FACE('shell_6',(#3451),#3635,.T.);
#3806=ADVANCED_FACE('shell_6',(#3452),#3636,.T.);
#3807=ADVANCED_FACE('shell_6',(#3453),#132,.T.);
#3808=ADVANCED_FACE('shell_6',(#3454),#133,.T.);
#3809=ADVANCED_FACE('shell_6',(#3455),#3637,.T.);
#3810=ADVANCED_FACE('shell_6',(#3456),#3638,.T.);
#3811=ADVANCED_FACE('shell_6',(#3457),#10,.T.);
#3812=ADVANCED_FACE('shell_6',(#3458),#3639,.T.);
#3813=ADVANCED_FACE('shell_6',(#3459),#3640,.T.);
#3814=ADVANCED_FACE('shell_6',(#3460),#11,.T.);
#3815=ADVANCED_FACE('shell_6',(#3461),#3641,.T.);
#3816=ADVANCED_FACE('shell_6',(#3462),#3642,.T.);
#3817=ADVANCED_FACE('shell_6',(#3463),#3643,.T.);
#3818=ADVANCED_FACE('shell_6',(#3464),#3644,.T.);
#3819=ADVANCED_FACE('shell_6',(#3465),#3645,.T.);
#3820=ADVANCED_FACE('shell_6',(#3466),#134,.T.);
#3821=ADVANCED_FACE('shell_6',(#3467),#3646,.T.);
#3822=ADVANCED_FACE('shell_6',(#3468),#3647,.T.);
#3823=ADVANCED_FACE('shell_6',(#3469),#135,.T.);
#3824=ADVANCED_FACE('shell_6',(#3470),#136,.T.);
#3825=ADVANCED_FACE('shell_6',(#3471),#3648,.T.);
#3826=ADVANCED_FACE('shell_6',(#3472),#3649,.T.);
#3827=ADVANCED_FACE('shell_6',(#3473),#12,.T.);
#3828=ADVANCED_FACE('shell_6',(#3474),#3650,.T.);
#3829=ADVANCED_FACE('shell_6',(#3475),#3651,.T.);
#3830=ADVANCED_FACE('shell_6',(#3476),#3652,.T.);
#3831=ADVANCED_FACE('shell_6',(#3477),#3653,.T.);
#3832=ADVANCED_FACE('shell_6',(#3478),#3654,.T.);
#3833=ADVANCED_FACE('shell_6',(#3479),#13,.T.);
#3834=ADVANCED_FACE('shell_6',(#3480),#14,.T.);
#3835=ADVANCED_FACE('shell_6',(#3481),#137,.T.);
#3836=ADVANCED_FACE('shell_6',(#3482),#3655,.T.);
#3837=ADVANCED_FACE('shell_6',(#3483),#15,.T.);
#3838=ADVANCED_FACE('shell_6',(#3484),#3656,.T.);
#3839=ADVANCED_FACE('shell_6',(#3485),#3657,.T.);
#3840=ADVANCED_FACE('shell_6',(#3486),#16,.T.);
#3841=ADVANCED_FACE('shell_6',(#3487),#138,.T.);
#3842=ADVANCED_FACE('shell_6',(#3488,#3489),#17,.T.);
#3843=ADVANCED_FACE('shell_6',(#3490),#139,.T.);
#3844=ADVANCED_FACE('shell_6',(#3491),#3658,.T.);
#3845=ADVANCED_FACE('shell_6',(#3492),#18,.T.);
#3846=ADVANCED_FACE('shell_6',(#3493),#3659,.T.);
#3847=ADVANCED_FACE('shell_6',(#3494),#3660,.T.);
#3848=ADVANCED_FACE('shell_6',(#3495),#3661,.T.);
#3849=ADVANCED_FACE('shell_6',(#3496),#3662,.T.);
#3850=ADVANCED_FACE('shell_6',(#3497),#3663,.T.);
#3851=ADVANCED_FACE('shell_6',(#3498),#19,.T.);
#3852=ADVANCED_FACE('shell_6',(#3499),#140,.T.);
#3853=ADVANCED_FACE('shell_6',(#3500),#141,.T.);
#3854=ADVANCED_FACE('shell_6',(#3501),#20,.T.);
#3855=ADVANCED_FACE('shell_6',(#3502),#3664,.T.);
#3856=ADVANCED_FACE('shell_6',(#3503),#3665,.T.);
#3857=ADVANCED_FACE('shell_6',(#3504),#3666,.T.);
#3858=ADVANCED_FACE('shell_6',(#3505),#21,.T.);
#3859=ADVANCED_FACE('shell_6',(#3506),#142,.T.);
#3860=ADVANCED_FACE('shell_6',(#3507),#143,.T.);
#3861=ADVANCED_FACE('shell_6',(#3508,#3509,#3510,#3511,#3512),#3667,.T.);
#3862=ADVANCED_FACE('shell_6',(#3513),#3668,.T.);
#3863=ADVANCED_FACE('shell_6',(#3514),#3669,.T.);
#3864=ADVANCED_FACE('shell_6',(#3515),#144,.T.);
#3865=ADVANCED_FACE('shell_6',(#3516),#22,.T.);
#3866=ADVANCED_FACE('shell_6',(#3517),#23,.T.);
#3867=ADVANCED_FACE('shell_6',(#3518),#145,.T.);
#3868=ADVANCED_FACE('shell_6',(#3519),#146,.T.);
#3869=ADVANCED_FACE('shell_6',(#3520),#147,.T.);
#3870=ADVANCED_FACE('shell_6',(#3521),#148,.T.);
#3871=ADVANCED_FACE('shell_6',(#3522),#3670,.T.);
#3872=ADVANCED_FACE('shell_6',(#3523),#3671,.T.);
#3873=ADVANCED_FACE('shell_6',(#3524),#149,.T.);
#3874=ADVANCED_FACE('shell_6',(#3525),#24,.T.);
#3875=ADVANCED_FACE('shell_6',(#3526),#3672,.T.);
#3876=ADVANCED_FACE('shell_6',(#3527),#3673,.T.);
#3877=ADVANCED_FACE('',(#3528),#3674,.T.);
#3878=ADVANCED_FACE('',(#3529),#3675,.T.);
#3879=ADVANCED_FACE('',(#3530),#3676,.T.);
#3880=OPEN_SHELL('',(#3677));
#3881=OPEN_SHELL('',(#3696));
#3882=OPEN_SHELL('',(#3715));
#3883=OPEN_SHELL('',(#3734,#3735,#3736,#3737,#3738,#3739,#3740,#3741,#3742,
#3743,#3744,#3745,#3746,#3747,#3748,#3749,#3750,#3751,#3752,#3753,#3754,
#3755,#3756,#3757,#3758,#3759,#3760,#3761,#3762,#3763,#3764,#3765,#3766,
#3767,#3768,#3769,#3770,#3771,#3772,#3773,#3774,#3775,#3776,#3777,#3778,
#3779,#3780,#3781,#3782,#3783,#3784,#3785));
#3884=OPEN_SHELL('',(#3804));
#3885=OPEN_SHELL('',(#3805,#3806,#3807,#3808,#3809,#3810,#3811,#3812,#3813,
#3814,#3815,#3816,#3817,#3818,#3819,#3820,#3821,#3822,#3823,#3824,#3825,
#3826,#3827,#3828,#3829,#3830,#3831,#3832,#3833,#3834,#3835,#3836,#3837,
#3838,#3839,#3840,#3841,#3842,#3843,#3844,#3845,#3846,#3847,#3848,#3849,
#3850,#3851,#3852,#3853,#3854,#3855,#3856,#3857,#3858,#3859,#3860,#3861,
#3862,#3863,#3864,#3865,#3866,#3867,#3868,#3869,#3870,#3871,#3872,#3873,
#3874,#3875,#3876));
#3886=OPEN_SHELL('',(#3877));
#3887=OPEN_SHELL('',(#3878));
#3888=OPEN_SHELL('',(#3879));
#3889=STYLED_ITEM('',(#3902),#3983);
#3890=STYLED_ITEM('',(#3903),#938);
#3891=STYLED_ITEM('',(#3904),#3984);
#3892=STYLED_ITEM('',(#3905),#939);
#3893=STYLED_ITEM('',(#3906),#3985);
#3894=STYLED_ITEM('',(#3907),#940);
#3895=STYLED_ITEM('',(#3908),#3986);
#3896=STYLED_ITEM('',(#3909),#941);
#3897=STYLED_ITEM('',(#3910),#3987);
#3898=STYLED_ITEM('',(#3911),#3988);
#3899=STYLED_ITEM('',(#3912),#3989);
#3900=STYLED_ITEM('',(#3913),#3990);
#3901=STYLED_ITEM('',(#3914),#3991);
#3902=PRESENTATION_STYLE_ASSIGNMENT((#3915));
#3903=PRESENTATION_STYLE_ASSIGNMENT((#3916));
#3904=PRESENTATION_STYLE_ASSIGNMENT((#3917));
#3905=PRESENTATION_STYLE_ASSIGNMENT((#3918));
#3906=PRESENTATION_STYLE_ASSIGNMENT((#3919));
#3907=PRESENTATION_STYLE_ASSIGNMENT((#3920));
#3908=PRESENTATION_STYLE_ASSIGNMENT((#3921));
#3909=PRESENTATION_STYLE_ASSIGNMENT((#3922));
#3910=PRESENTATION_STYLE_ASSIGNMENT((#3923));
#3911=PRESENTATION_STYLE_ASSIGNMENT((#3924));
#3912=PRESENTATION_STYLE_ASSIGNMENT((#3925));
#3913=PRESENTATION_STYLE_ASSIGNMENT((#3926));
#3914=PRESENTATION_STYLE_ASSIGNMENT((#3927));
#3915=SURFACE_STYLE_USAGE(.BOTH.,#3928);
#3916=SURFACE_STYLE_USAGE(.BOTH.,#3929);
#3917=SURFACE_STYLE_USAGE(.BOTH.,#3930);
#3918=SURFACE_STYLE_USAGE(.BOTH.,#3931);
#3919=SURFACE_STYLE_USAGE(.BOTH.,#3932);
#3920=SURFACE_STYLE_USAGE(.BOTH.,#3933);
#3921=SURFACE_STYLE_USAGE(.BOTH.,#3934);
#3922=SURFACE_STYLE_USAGE(.BOTH.,#3935);
#3923=SURFACE_STYLE_USAGE(.BOTH.,#3936);
#3924=SURFACE_STYLE_USAGE(.BOTH.,#3937);
#3925=SURFACE_STYLE_USAGE(.BOTH.,#3938);
#3926=SURFACE_STYLE_USAGE(.BOTH.,#3939);
#3927=SURFACE_STYLE_USAGE(.BOTH.,#3940);
#3928=SURFACE_SIDE_STYLE('',(#3941));
#3929=SURFACE_SIDE_STYLE('',(#3942));
#3930=SURFACE_SIDE_STYLE('',(#3943));
#3931=SURFACE_SIDE_STYLE('',(#3944));
#3932=SURFACE_SIDE_STYLE('',(#3945));
#3933=SURFACE_SIDE_STYLE('',(#3946));
#3934=SURFACE_SIDE_STYLE('',(#3947));
#3935=SURFACE_SIDE_STYLE('',(#3948));
#3936=SURFACE_SIDE_STYLE('',(#3949));
#3937=SURFACE_SIDE_STYLE('',(#3950));
#3938=SURFACE_SIDE_STYLE('',(#3951));
#3939=SURFACE_SIDE_STYLE('',(#3952));
#3940=SURFACE_SIDE_STYLE('',(#3953));
#3941=SURFACE_STYLE_FILL_AREA(#3954);
#3942=SURFACE_STYLE_FILL_AREA(#3955);
#3943=SURFACE_STYLE_FILL_AREA(#3956);
#3944=SURFACE_STYLE_FILL_AREA(#3957);
#3945=SURFACE_STYLE_FILL_AREA(#3958);
#3946=SURFACE_STYLE_FILL_AREA(#3959);
#3947=SURFACE_STYLE_FILL_AREA(#3960);
#3948=SURFACE_STYLE_FILL_AREA(#3961);
#3949=SURFACE_STYLE_FILL_AREA(#3962);
#3950=SURFACE_STYLE_FILL_AREA(#3963);
#3951=SURFACE_STYLE_FILL_AREA(#3964);
#3952=SURFACE_STYLE_FILL_AREA(#3965);
#3953=SURFACE_STYLE_FILL_AREA(#3966);
#3954=FILL_AREA_STYLE('',(#3967));
#3955=FILL_AREA_STYLE('',(#3968));
#3956=FILL_AREA_STYLE('',(#3969));
#3957=FILL_AREA_STYLE('',(#3970));
#3958=FILL_AREA_STYLE('',(#3971));
#3959=FILL_AREA_STYLE('',(#3972));
#3960=FILL_AREA_STYLE('',(#3973));
#3961=FILL_AREA_STYLE('',(#3974));
#3962=FILL_AREA_STYLE('',(#3975));
#3963=FILL_AREA_STYLE('',(#3976));
#3964=FILL_AREA_STYLE('',(#3977));
#3965=FILL_AREA_STYLE('',(#3978));
#3966=FILL_AREA_STYLE('',(#3979));
#3967=FILL_AREA_STYLE_COLOUR('',#3980);
#3968=FILL_AREA_STYLE_COLOUR('',#3981);
#3969=FILL_AREA_STYLE_COLOUR('',#3980);
#3970=FILL_AREA_STYLE_COLOUR('',#3981);
#3971=FILL_AREA_STYLE_COLOUR('',#3980);
#3972=FILL_AREA_STYLE_COLOUR('',#3981);
#3973=FILL_AREA_STYLE_COLOUR('',#3980);
#3974=FILL_AREA_STYLE_COLOUR('',#3981);
#3975=FILL_AREA_STYLE_COLOUR('',#3981);
#3976=FILL_AREA_STYLE_COLOUR('',#3982);
#3977=FILL_AREA_STYLE_COLOUR('',#3981);
#3978=FILL_AREA_STYLE_COLOUR('',#3980);
#3979=FILL_AREA_STYLE_COLOUR('',#3981);
#3980=COLOUR_RGB('',0.223529411764706,0.152941176470588,0.152941176470588);
#3981=COLOUR_RGB('',0.901960784313726,0.901960784313726,0.901960784313726);
#3982=COLOUR_RGB('',0.964705882352941,0.894117647058824,0.894117647058824);
#3983=SHELL_BASED_SURFACE_MODEL('shell_2',(#3880));
#3984=SHELL_BASED_SURFACE_MODEL('shell_3',(#3881));
#3985=SHELL_BASED_SURFACE_MODEL('shell_4',(#3882));
#3986=SHELL_BASED_SURFACE_MODEL('shell_5',(#3883));
#3987=SHELL_BASED_SURFACE_MODEL('shell_9',(#3884));
#3988=SHELL_BASED_SURFACE_MODEL('shell_6',(#3885));
#3989=SHELL_BASED_SURFACE_MODEL('shell_7',(#3886));
#3990=SHELL_BASED_SURFACE_MODEL('shell_1',(#3887));
#3991=SHELL_BASED_SURFACE_MODEL('shell_8',(#3888));
#3992=SHAPE_DEFINITION_REPRESENTATION(#7617,#4005);
#3993=SHAPE_DEFINITION_REPRESENTATION(#7618,#4006);
#3994=SHAPE_DEFINITION_REPRESENTATION(#7619,#4007);
#3995=SHAPE_DEFINITION_REPRESENTATION(#7620,#4008);
#3996=SHAPE_DEFINITION_REPRESENTATION(#7621,#4009);
#3997=SHAPE_DEFINITION_REPRESENTATION(#7622,#4010);
#3998=SHAPE_DEFINITION_REPRESENTATION(#7623,#4011);
#3999=SHAPE_DEFINITION_REPRESENTATION(#7624,#4012);
#4000=SHAPE_DEFINITION_REPRESENTATION(#7625,#4013);
#4001=SHAPE_DEFINITION_REPRESENTATION(#7626,#4014);
#4002=SHAPE_DEFINITION_REPRESENTATION(#7627,#4015);
#4003=SHAPE_DEFINITION_REPRESENTATION(#7628,#4016);
#4004=SHAPE_DEFINITION_REPRESENTATION(#7629,#4017);
#4005=SHAPE_REPRESENTATION('shell_2',(#4018),#7552);
#4006=SHAPE_REPRESENTATION('brep_1',(#4020),#7553);
#4007=SHAPE_REPRESENTATION('shell_3',(#4043),#7554);
#4008=SHAPE_REPRESENTATION('brep_2',(#4045),#7555);
#4009=SHAPE_REPRESENTATION('shell_4',(#4068),#7556);
#4010=SHAPE_REPRESENTATION('brep_3',(#4070),#7557);
#4011=SHAPE_REPRESENTATION('shell_5',(#4093),#7558);
#4012=SHAPE_REPRESENTATION('brep_4',(#4171),#7559);
#4013=SHAPE_REPRESENTATION('shell_9',(#4194),#7560);
#4014=SHAPE_REPRESENTATION('shell_6',(#4196),#7561);
#4015=SHAPE_REPRESENTATION('shell_7',(#4290),#7562);
#4016=SHAPE_REPRESENTATION('shell_1',(#4292),#7563);
#4017=SHAPE_REPRESENTATION('shell_8',(#4294),#7564);
#4018=AXIS2_PLACEMENT_3D('',#5244,#4296,#4297);
#4019=AXIS2_PLACEMENT_3D('',#5245,#4298,#4299);
#4020=AXIS2_PLACEMENT_3D('',#5270,#4300,#4301);
#4021=AXIS2_PLACEMENT_3D('',#5271,#4302,#4303);
#4022=AXIS2_PLACEMENT_3D('',#5280,#4308,#4309);
#4023=AXIS2_PLACEMENT_3D('',#5286,#4313,#4314);
#4024=AXIS2_PLACEMENT_3D('',#5292,#4318,#4319);
#4025=AXIS2_PLACEMENT_3D('',#5298,#4323,#4324);
#4026=AXIS2_PLACEMENT_3D('',#5304,#4328,#4329);
#4027=AXIS2_PLACEMENT_3D('',#5313,#4334,#4335);
#4028=AXIS2_PLACEMENT_3D('',#5319,#4339,#4340);
#4029=AXIS2_PLACEMENT_3D('',#5322,#4343,#4344);
#4030=AXIS2_PLACEMENT_3D('',#5326,#4347,#4348);
#4031=AXIS2_PLACEMENT_3D('',#5330,#4351,#4352);
#4032=AXIS2_PLACEMENT_3D('',#5332,#4354,#4355);
#4033=AXIS2_PLACEMENT_3D('',#5333,#4356,#4357);
#4034=AXIS2_PLACEMENT_3D('',#5337,#4359,#4360);
#4035=AXIS2_PLACEMENT_3D('',#5338,#4361,#4362);
#4036=AXIS2_PLACEMENT_3D('',#5342,#4364,#4365);
#4037=AXIS2_PLACEMENT_3D('',#5343,#4366,#4367);
#4038=AXIS2_PLACEMENT_3D('',#5344,#4368,#4369);
#4039=AXIS2_PLACEMENT_3D('',#5350,#4373,#4374);
#4040=AXIS2_PLACEMENT_3D('',#5356,#4378,#4379);
#4041=AXIS2_PLACEMENT_3D('',#5358,#4381,#4382);
#4042=AXIS2_PLACEMENT_3D('',#5360,#4384,#4385);
#4043=AXIS2_PLACEMENT_3D('',#5361,#4386,#4387);
#4044=AXIS2_PLACEMENT_3D('',#5362,#4388,#4389);
#4045=AXIS2_PLACEMENT_3D('',#5375,#4391,#4392);
#4046=AXIS2_PLACEMENT_3D('',#5376,#4393,#4394);
#4047=AXIS2_PLACEMENT_3D('',#5385,#4399,#4400);
#4048=AXIS2_PLACEMENT_3D('',#5391,#4404,#4405);
#4049=AXIS2_PLACEMENT_3D('',#5397,#4409,#4410);
#4050=AXIS2_PLACEMENT_3D('',#5403,#4414,#4415);
#4051=AXIS2_PLACEMENT_3D('',#5412,#4420,#4421);
#4052=AXIS2_PLACEMENT_3D('',#5418,#4425,#4426);
#4053=AXIS2_PLACEMENT_3D('',#5421,#4429,#4430);
#4054=AXIS2_PLACEMENT_3D('',#5427,#4434,#4435);
#4055=AXIS2_PLACEMENT_3D('',#5433,#4439,#4440);
#4056=AXIS2_PLACEMENT_3D('',#5435,#4442,#4443);
#4057=AXIS2_PLACEMENT_3D('',#5437,#4445,#4446);
#4058=AXIS2_PLACEMENT_3D('',#5438,#4447,#4448);
#4059=AXIS2_PLACEMENT_3D('',#5442,#4450,#4451);
#4060=AXIS2_PLACEMENT_3D('',#5443,#4452,#4453);
#4061=AXIS2_PLACEMENT_3D('',#5444,#4454,#4455);
#4062=AXIS2_PLACEMENT_3D('',#5446,#4456,#4457);
#4063=AXIS2_PLACEMENT_3D('',#5449,#4459,#4460);
#4064=AXIS2_PLACEMENT_3D('',#5455,#4464,#4465);
#4065=AXIS2_PLACEMENT_3D('',#5461,#4469,#4470);
#4066=AXIS2_PLACEMENT_3D('',#5463,#4472,#4473);
#4067=AXIS2_PLACEMENT_3D('',#5465,#4475,#4476);
#4068=AXIS2_PLACEMENT_3D('',#5466,#4477,#4478);
#4069=AXIS2_PLACEMENT_3D('',#5467,#4479,#4480);
#4070=AXIS2_PLACEMENT_3D('',#5484,#4481,#4482);
#4071=AXIS2_PLACEMENT_3D('',#5485,#4483,#4484);
#4072=AXIS2_PLACEMENT_3D('',#5494,#4489,#4490);
#4073=AXIS2_PLACEMENT_3D('',#5500,#4494,#4495);
#4074=AXIS2_PLACEMENT_3D('',#5506,#4499,#4500);
#4075=AXIS2_PLACEMENT_3D('',#5512,#4504,#4505);
#4076=AXIS2_PLACEMENT_3D('',#5521,#4510,#4511);
#4077=AXIS2_PLACEMENT_3D('',#5527,#4515,#4516);
#4078=AXIS2_PLACEMENT_3D('',#5530,#4519,#4520);
#4079=AXIS2_PLACEMENT_3D('',#5536,#4524,#4525);
#4080=AXIS2_PLACEMENT_3D('',#5542,#4529,#4530);
#4081=AXIS2_PLACEMENT_3D('',#5544,#4532,#4533);
#4082=AXIS2_PLACEMENT_3D('',#5546,#4535,#4536);
#4083=AXIS2_PLACEMENT_3D('',#5547,#4537,#4538);
#4084=AXIS2_PLACEMENT_3D('',#5549,#4539,#4540);
#4085=AXIS2_PLACEMENT_3D('',#5552,#4542,#4543);
#4086=AXIS2_PLACEMENT_3D('',#5553,#4544,#4545);
#4087=AXIS2_PLACEMENT_3D('',#5557,#4547,#4548);
#4088=AXIS2_PLACEMENT_3D('',#5558,#4549,#4550);
#4089=AXIS2_PLACEMENT_3D('',#5564,#4554,#4555);
#4090=AXIS2_PLACEMENT_3D('',#5570,#4559,#4560);
#4091=AXIS2_PLACEMENT_3D('',#5572,#4562,#4563);
#4092=AXIS2_PLACEMENT_3D('',#5574,#4565,#4566);
#4093=AXIS2_PLACEMENT_3D('',#5575,#4567,#4568);
#4094=AXIS2_PLACEMENT_3D('',#5604,#4570,#4571);
#4095=AXIS2_PLACEMENT_3D('',#5652,#4574,#4575);
#4096=AXIS2_PLACEMENT_3D('',#5672,#4577,#4578);
#4097=AXIS2_PLACEMENT_3D('',#5678,#4582,#4583);
#4098=AXIS2_PLACEMENT_3D('',#5684,#4587,#4588);
#4099=AXIS2_PLACEMENT_3D('',#5690,#4592,#4593);
#4100=AXIS2_PLACEMENT_3D('',#5693,#4596,#4597);
#4101=AXIS2_PLACEMENT_3D('',#5702,#4602,#4603);
#4102=AXIS2_PLACEMENT_3D('',#5708,#4607,#4608);
#4103=AXIS2_PLACEMENT_3D('',#5714,#4612,#4613);
#4104=AXIS2_PLACEMENT_3D('',#5715,#4614,#4615);
#4105=AXIS2_PLACEMENT_3D('',#5720,#4618,#4619);
#4106=AXIS2_PLACEMENT_3D('',#5724,#4622,#4623);
#4107=AXIS2_PLACEMENT_3D('',#5727,#4625,#4626);
#4108=AXIS2_PLACEMENT_3D('',#5728,#4627,#4628);
#4109=AXIS2_PLACEMENT_3D('',#5737,#4631,#4632);
#4110=AXIS2_PLACEMENT_3D('',#5738,#4633,#4634);
#4111=AXIS2_PLACEMENT_3D('',#5744,#4635,#4636);
#4112=AXIS2_PLACEMENT_3D('',#5748,#4639,#4640);
#4113=AXIS2_PLACEMENT_3D('',#5750,#4642,#4643);
#4114=AXIS2_PLACEMENT_3D('',#5753,#4646,#4647);
#4115=AXIS2_PLACEMENT_3D('',#5756,#4650,#4651);
#4116=AXIS2_PLACEMENT_3D('',#5765,#4654,#4655);
#4117=AXIS2_PLACEMENT_3D('',#5771,#4656,#4657);
#4118=AXIS2_PLACEMENT_3D('',#5772,#4658,#4659);
#4119=AXIS2_PLACEMENT_3D('',#5776,#4662,#4663);
#4120=AXIS2_PLACEMENT_3D('',#5778,#4665,#4666);
#4121=AXIS2_PLACEMENT_3D('',#5782,#4670,#4671);
#4122=AXIS2_PLACEMENT_3D('',#5784,#4673,#4674);
#4123=AXIS2_PLACEMENT_3D('',#5820,#4676,#4677);
#4124=AXIS2_PLACEMENT_3D('',#5824,#4679,#4680);
#4125=AXIS2_PLACEMENT_3D('',#5828,#4682,#4683);
#4126=AXIS2_PLACEMENT_3D('',#5832,#4685,#4686);
#4127=AXIS2_PLACEMENT_3D('',#5833,#4687,#4688);
#4128=AXIS2_PLACEMENT_3D('',#5835,#4689,#4690);
#4129=AXIS2_PLACEMENT_3D('',#5837,#4691,#4692);
#4130=AXIS2_PLACEMENT_3D('',#5839,#4693,#4694);
#4131=AXIS2_PLACEMENT_3D('',#5841,#4695,#4696);
#4132=AXIS2_PLACEMENT_3D('',#5842,#4697,#4698);
#4133=AXIS2_PLACEMENT_3D('',#5844,#4699,#4700);
#4134=AXIS2_PLACEMENT_3D('',#5874,#4715,#4716);
#4135=AXIS2_PLACEMENT_3D('',#5899,#4717,#4718);
#4136=AXIS2_PLACEMENT_3D('',#5901,#4719,#4720);
#4137=AXIS2_PLACEMENT_3D('',#5902,#4721,#4722);
#4138=AXIS2_PLACEMENT_3D('',#5903,#4723,#4724);
#4139=AXIS2_PLACEMENT_3D('',#5908,#4726,#4727);
#4140=AXIS2_PLACEMENT_3D('',#5912,#4729,#4730);
#4141=AXIS2_PLACEMENT_3D('',#5916,#4732,#4733);
#4142=AXIS2_PLACEMENT_3D('',#6211,#4752,#4753);
#4143=AXIS2_PLACEMENT_3D('',#6214,#4756,#4757);
#4144=AXIS2_PLACEMENT_3D('',#6216,#4759,#4760);
#4145=AXIS2_PLACEMENT_3D('',#6218,#4762,#4763);
#4146=AXIS2_PLACEMENT_3D('',#6220,#4765,#4766);
#4147=AXIS2_PLACEMENT_3D('',#6222,#4768,#4769);
#4148=AXIS2_PLACEMENT_3D('',#6224,#4771,#4772);
#4149=AXIS2_PLACEMENT_3D('',#6226,#4774,#4775);
#4150=AXIS2_PLACEMENT_3D('',#6227,#4776,#4777);
#4151=AXIS2_PLACEMENT_3D('',#6228,#4778,#4779);
#4152=AXIS2_PLACEMENT_3D('',#6230,#4780,#4781);
#4153=AXIS2_PLACEMENT_3D('',#6231,#4782,#4783);
#4154=AXIS2_PLACEMENT_3D('',#6232,#4784,#4785);
#4155=AXIS2_PLACEMENT_3D('',#6234,#4786,#4787);
#4156=AXIS2_PLACEMENT_3D('',#6235,#4788,#4789);
#4157=AXIS2_PLACEMENT_3D('',#6236,#4790,#4791);
#4158=AXIS2_PLACEMENT_3D('',#6238,#4792,#4793);
#4159=AXIS2_PLACEMENT_3D('',#6239,#4794,#4795);
#4160=AXIS2_PLACEMENT_3D('',#6240,#4796,#4797);
#4161=AXIS2_PLACEMENT_3D('',#6242,#4798,#4799);
#4162=AXIS2_PLACEMENT_3D('',#6243,#4800,#4801);
#4163=AXIS2_PLACEMENT_3D('',#6244,#4802,#4803);
#4164=AXIS2_PLACEMENT_3D('',#6246,#4804,#4805);
#4165=AXIS2_PLACEMENT_3D('',#6247,#4806,#4807);
#4166=AXIS2_PLACEMENT_3D('',#6248,#4808,#4809);
#4167=AXIS2_PLACEMENT_3D('',#6250,#4810,#4811);
#4168=AXIS2_PLACEMENT_3D('',#6251,#4812,#4813);
#4169=AXIS2_PLACEMENT_3D('',#6272,#4814,#4815);
#4170=AXIS2_PLACEMENT_3D('',#6274,#4817,#4818);
#4171=AXIS2_PLACEMENT_3D('',#6276,#4820,#4821);
#4172=AXIS2_PLACEMENT_3D('',#6277,#4822,#4823);
#4173=AXIS2_PLACEMENT_3D('',#6286,#4828,#4829);
#4174=AXIS2_PLACEMENT_3D('',#6292,#4833,#4834);
#4175=AXIS2_PLACEMENT_3D('',#6298,#4838,#4839);
#4176=AXIS2_PLACEMENT_3D('',#6307,#4844,#4845);
#4177=AXIS2_PLACEMENT_3D('',#6313,#4849,#4850);
#4178=AXIS2_PLACEMENT_3D('',#6319,#4854,#4855);
#4179=AXIS2_PLACEMENT_3D('',#6325,#4859,#4860);
#4180=AXIS2_PLACEMENT_3D('',#6328,#4863,#4864);
#4181=AXIS2_PLACEMENT_3D('',#6332,#4867,#4868);
#4182=AXIS2_PLACEMENT_3D('',#6336,#4871,#4872);
#4183=AXIS2_PLACEMENT_3D('',#6338,#4874,#4875);
#4184=AXIS2_PLACEMENT_3D('',#6339,#4876,#4877);
#4185=AXIS2_PLACEMENT_3D('',#6341,#4878,#4879);
#4186=AXIS2_PLACEMENT_3D('',#6344,#4881,#4882);
#4187=AXIS2_PLACEMENT_3D('',#6345,#4883,#4884);
#4188=AXIS2_PLACEMENT_3D('',#6349,#4886,#4887);
#4189=AXIS2_PLACEMENT_3D('',#6350,#4888,#4889);
#4190=AXIS2_PLACEMENT_3D('',#6356,#4893,#4894);
#4191=AXIS2_PLACEMENT_3D('',#6362,#4898,#4899);
#4192=AXIS2_PLACEMENT_3D('',#6364,#4901,#4902);
#4193=AXIS2_PLACEMENT_3D('',#6366,#4904,#4905);
#4194=AXIS2_PLACEMENT_3D('',#6367,#4906,#4907);
#4195=AXIS2_PLACEMENT_3D('',#6368,#4908,#4909);
#4196=AXIS2_PLACEMENT_3D('',#6417,#4924,#4925);
#4197=AXIS2_PLACEMENT_3D('',#6418,#4926,#4927);
#4198=AXIS2_PLACEMENT_3D('',#6427,#4932,#4933);
#4199=AXIS2_PLACEMENT_3D('',#6433,#4937,#4938);
#4200=AXIS2_PLACEMENT_3D('',#6434,#4939,#4940);
#4201=AXIS2_PLACEMENT_3D('',#6436,#4941,#4942);
#4202=AXIS2_PLACEMENT_3D('',#6442,#4943,#4944);
#4203=AXIS2_PLACEMENT_3D('',#6443,#4945,#4946);
#4204=AXIS2_PLACEMENT_3D('',#6445,#4947,#4948);
#4205=AXIS2_PLACEMENT_3D('',#6451,#4949,#4950);
#4206=AXIS2_PLACEMENT_3D('',#6457,#4954,#4955);
#4207=AXIS2_PLACEMENT_3D('',#6510,#4958,#4959);
#4208=AXIS2_PLACEMENT_3D('',#6516,#4963,#4964);
#4209=AXIS2_PLACEMENT_3D('',#6555,#4967,#4968);
#4210=AXIS2_PLACEMENT_3D('',#6561,#4972,#4973);
#4211=AXIS2_PLACEMENT_3D('',#6567,#4977,#4978);
#4212=AXIS2_PLACEMENT_3D('',#6573,#4982,#4983);
#4213=AXIS2_PLACEMENT_3D('',#6579,#4987,#4988);
#4214=AXIS2_PLACEMENT_3D('',#6588,#4991,#4992);
#4215=AXIS2_PLACEMENT_3D('',#6589,#4993,#4994);
#4216=AXIS2_PLACEMENT_3D('',#6591,#4995,#4996);
#4217=AXIS2_PLACEMENT_3D('',#6597,#4997,#4998);
#4218=AXIS2_PLACEMENT_3D('',#6603,#5002,#5003);
#4219=AXIS2_PLACEMENT_3D('',#6612,#5006,#5007);
#4220=AXIS2_PLACEMENT_3D('',#6613,#5008,#5009);
#4221=AXIS2_PLACEMENT_3D('',#6615,#5010,#5011);
#4222=AXIS2_PLACEMENT_3D('',#6621,#5012,#5013);
#4223=AXIS2_PLACEMENT_3D('',#6622,#5014,#5015);
#4224=AXIS2_PLACEMENT_3D('',#6624,#5016,#5017);
#4225=AXIS2_PLACEMENT_3D('',#6630,#5018,#5019);
#4226=AXIS2_PLACEMENT_3D('',#6636,#5023,#5024);
#4227=AXIS2_PLACEMENT_3D('',#6677,#5027,#5028);
#4228=AXIS2_PLACEMENT_3D('',#6689,#5032,#5033);
#4229=AXIS2_PLACEMENT_3D('',#6695,#5037,#5038);
#4230=AXIS2_PLACEMENT_3D('',#6704,#5041,#5042);
#4231=AXIS2_PLACEMENT_3D('',#6713,#5047,#5048);
#4232=AXIS2_PLACEMENT_3D('',#6827,#5052,#5053);
#4233=AXIS2_PLACEMENT_3D('',#6828,#5054,#5055);
#4234=AXIS2_PLACEMENT_3D('',#6833,#5057,#5058);
#4235=AXIS2_PLACEMENT_3D('',#6836,#5060,#5061);
#4236=AXIS2_PLACEMENT_3D('',#6880,#5065,#5066);
#4237=AXIS2_PLACEMENT_3D('',#6892,#5070,#5071);
#4238=AXIS2_PLACEMENT_3D('',#6934,#5075,#5076);
#4239=AXIS2_PLACEMENT_3D('',#6935,#5077,#5078);
#4240=AXIS2_PLACEMENT_3D('',#6940,#5080,#5081);
#4241=AXIS2_PLACEMENT_3D('',#7055,#5083,#5084);
#4242=AXIS2_PLACEMENT_3D('',#7056,#5085,#5086);
#4243=AXIS2_PLACEMENT_3D('',#7061,#5088,#5089);
#4244=AXIS2_PLACEMENT_3D('',#7064,#5091,#5092);
#4245=AXIS2_PLACEMENT_3D('',#7107,#5095,#5096);
#4246=AXIS2_PLACEMENT_3D('',#7113,#5100,#5101);
#4247=AXIS2_PLACEMENT_3D('',#7119,#5105,#5106);
#4248=AXIS2_PLACEMENT_3D('',#7131,#5110,#5111);
#4249=AXIS2_PLACEMENT_3D('',#7137,#5115,#5116);
#4250=AXIS2_PLACEMENT_3D('',#7184,#5119,#5120);
#4251=AXIS2_PLACEMENT_3D('',#7185,#5121,#5122);
#4252=AXIS2_PLACEMENT_3D('',#7187,#5123,#5124);
#4253=AXIS2_PLACEMENT_3D('',#7190,#5126,#5127);
#4254=AXIS2_PLACEMENT_3D('',#7191,#5128,#5129);
#4255=AXIS2_PLACEMENT_3D('',#7193,#5130,#5131);
#4256=AXIS2_PLACEMENT_3D('',#7243,#5132,#5133);
#4257=AXIS2_PLACEMENT_3D('',#7249,#5137,#5138);
#4258=AXIS2_PLACEMENT_3D('',#7255,#5142,#5143);
#4259=AXIS2_PLACEMENT_3D('',#7310,#5148,#5149);
#4260=AXIS2_PLACEMENT_3D('',#7311,#5150,#5151);
#4261=AXIS2_PLACEMENT_3D('',#7315,#5153,#5154);
#4262=AXIS2_PLACEMENT_3D('',#7316,#5155,#5156);
#4263=AXIS2_PLACEMENT_3D('',#7317,#5157,#5158);
#4264=AXIS2_PLACEMENT_3D('',#7318,#5159,#5160);
#4265=AXIS2_PLACEMENT_3D('',#7319,#5161,#5162);
#4266=AXIS2_PLACEMENT_3D('',#7320,#5163,#5164);
#4267=AXIS2_PLACEMENT_3D('',#7336,#5167,#5168);
#4268=AXIS2_PLACEMENT_3D('',#7357,#5172,#5173);
#4269=AXIS2_PLACEMENT_3D('',#7359,#5174,#5175);
#4270=AXIS2_PLACEMENT_3D('',#7360,#5176,#5177);
#4271=AXIS2_PLACEMENT_3D('',#7362,#5178,#5179);
#4272=AXIS2_PLACEMENT_3D('',#7364,#5181,#5182);
#4273=AXIS2_PLACEMENT_3D('',#7371,#5184,#5185);
#4274=AXIS2_PLACEMENT_3D('',#7375,#5188,#5189);
#4275=AXIS2_PLACEMENT_3D('',#7376,#5190,#5191);
#4276=AXIS2_PLACEMENT_3D('',#7427,#5193,#5194);
#4277=AXIS2_PLACEMENT_3D('',#7428,#5195,#5196);
#4278=AXIS2_PLACEMENT_3D('',#7434,#5197,#5198);
#4279=AXIS2_PLACEMENT_3D('',#7435,#5199,#5200);
#4280=AXIS2_PLACEMENT_3D('',#7438,#5202,#5203);
#4281=AXIS2_PLACEMENT_3D('',#7439,#5204,#5205);
#4282=AXIS2_PLACEMENT_3D('',#7440,#5206,#5207);
#4283=AXIS2_PLACEMENT_3D('',#7441,#5208,#5209);
#4284=AXIS2_PLACEMENT_3D('',#7444,#5211,#5212);
#4285=AXIS2_PLACEMENT_3D('',#7446,#5214,#5215);
#4286=AXIS2_PLACEMENT_3D('',#7448,#5217,#5218);
#4287=AXIS2_PLACEMENT_3D('',#7449,#5219,#5220);
#4288=AXIS2_PLACEMENT_3D('',#7480,#5221,#5222);
#4289=AXIS2_PLACEMENT_3D('',#7482,#5224,#5225);
#4290=AXIS2_PLACEMENT_3D('',#7484,#5227,#5228);
#4291=AXIS2_PLACEMENT_3D('',#7485,#5229,#5230);
#4292=AXIS2_PLACEMENT_3D('',#7496,#5232,#5233);
#4293=AXIS2_PLACEMENT_3D('',#7497,#5234,#5235);
#4294=AXIS2_PLACEMENT_3D('',#7527,#5239,#5240);
#4295=AXIS2_PLACEMENT_3D('',#7528,#5241,#5242);
#4296=DIRECTION('',(0.,0.,1.));
#4297=DIRECTION('',(1.,0.,0.));
#4298=DIRECTION('',(0.,0.,1.));
#4299=DIRECTION('',(1.,0.,0.));
#4300=DIRECTION('',(0.,0.,1.));
#4301=DIRECTION('',(1.,0.,0.));
#4302=DIRECTION('',(0.,1.,0.));
#4303=DIRECTION('',(1.,0.,0.));
#4304=DIRECTION('',(0.,0.,-1.));
#4305=DIRECTION('',(1.,0.,0.));
#4306=DIRECTION('',(0.,0.,1.));
#4307=DIRECTION('',(1.,0.,0.));
#4308=DIRECTION('',(1.,0.,0.));
#4309=DIRECTION('',(0.,1.,0.));
#4310=DIRECTION('',(0.,1.,0.));
#4311=DIRECTION('',(0.,0.,-1.));
#4312=DIRECTION('',(0.,-1.,0.));
#4313=DIRECTION('',(0.,1.,0.));
#4314=DIRECTION('',(1.,0.,0.));
#4315=DIRECTION('',(1.,0.,0.));
#4316=DIRECTION('',(0.,0.,1.));
#4317=DIRECTION('',(1.,0.,0.));
#4318=DIRECTION('',(1.,0.,0.));
#4319=DIRECTION('',(0.,1.,0.));
#4320=DIRECTION('',(0.,1.,0.));
#4321=DIRECTION('',(0.,0.,1.));
#4322=DIRECTION('',(0.,-1.,0.));
#4323=DIRECTION('',(0.,-1.,0.));
#4324=DIRECTION('',(1.,0.,0.));
#4325=DIRECTION('',(1.,0.,0.));
#4326=DIRECTION('',(0.,0.,1.));
#4327=DIRECTION('',(1.,0.,0.));
#4328=DIRECTION('',(-1.,0.,0.));
#4329=DIRECTION('',(0.,1.,0.));
#4330=DIRECTION('',(0.,0.,-1.));
#4331=DIRECTION('',(0.,1.,0.));
#4332=DIRECTION('',(0.,0.,-1.));
#4333=DIRECTION('',(0.,-1.,0.));
#4334=DIRECTION('',(0.,1.,0.));
#4335=DIRECTION('',(1.,0.,0.));
#4336=DIRECTION('',(1.,0.,0.));
#4337=DIRECTION('',(0.,0.,-1.));
#4338=DIRECTION('',(1.,0.,0.));
#4339=DIRECTION('',(-1.,0.,0.));
#4340=DIRECTION('',(0.,1.,0.));
#4341=DIRECTION('',(0.,1.,0.));
#4342=DIRECTION('',(0.,-1.,0.));
#4343=DIRECTION('',(0.,0.,1.));
#4344=DIRECTION('',(1.,0.,0.));
#4345=DIRECTION('',(1.,0.,0.));
#4346=DIRECTION('',(1.,0.,0.));
#4347=DIRECTION('',(0.,0.,-1.));
#4348=DIRECTION('',(1.,0.,0.));
#4349=DIRECTION('',(1.,0.,0.));
#4350=DIRECTION('',(-1.,0.,0.));
#4351=DIRECTION('',(0.,-1.,0.));
#4352=DIRECTION('',(1.,0.,0.));
#4353=DIRECTION('',(0.,0.,1.));
#4354=DIRECTION('',(-1.,0.,0.));
#4355=DIRECTION('',(0.,1.,0.));
#4356=DIRECTION('',(-1.,0.,0.));
#4357=DIRECTION('',(0.,0.,1.));
#4358=DIRECTION('',(1.,0.,0.));
#4359=DIRECTION('',(-1.,0.,0.));
#4360=DIRECTION('',(0.,0.,1.));
#4361=DIRECTION('',(-1.,0.,0.));
#4362=DIRECTION('',(0.,1.,0.));
#4363=DIRECTION('',(-1.,0.,0.));
#4364=DIRECTION('',(-1.,0.,0.));
#4365=DIRECTION('',(0.,0.,1.));
#4366=DIRECTION('',(-1.,0.,0.));
#4367=DIRECTION('',(0.,0.,1.));
#4368=DIRECTION('',(0.,-1.,0.));
#4369=DIRECTION('',(1.,0.,0.));
#4370=DIRECTION('',(0.,0.,1.));
#4371=DIRECTION('',(0.,0.,1.));
#4372=DIRECTION('',(1.,0.,0.));
#4373=DIRECTION('',(0.,1.,0.));
#4374=DIRECTION('',(1.,0.,0.));
#4375=DIRECTION('',(1.,0.,0.));
#4376=DIRECTION('',(0.,0.,1.));
#4377=DIRECTION('',(0.,0.,-1.));
#4378=DIRECTION('',(1.,0.,0.));
#4379=DIRECTION('',(0.,1.,0.));
#4380=DIRECTION('',(0.,1.,0.));
#4381=DIRECTION('',(-1.,0.,0.));
#4382=DIRECTION('',(0.,1.,0.));
#4383=DIRECTION('',(0.,1.,0.));
#4384=DIRECTION('',(0.,0.,1.));
#4385=DIRECTION('',(1.,0.,0.));
#4386=DIRECTION('',(0.,0.,1.));
#4387=DIRECTION('',(1.,0.,0.));
#4388=DIRECTION('',(0.,0.,1.));
#4389=DIRECTION('',(1.,0.,0.));
#4390=DIRECTION('',(1.,0.,0.));
#4391=DIRECTION('',(0.,0.,1.));
#4392=DIRECTION('',(1.,0.,0.));
#4393=DIRECTION('',(0.,1.,0.));
#4394=DIRECTION('',(1.,0.,0.));
#4395=DIRECTION('',(0.,0.,-1.));
#4396=DIRECTION('',(1.,0.,0.));
#4397=DIRECTION('',(0.,0.,1.));
#4398=DIRECTION('',(1.,0.,0.));
#4399=DIRECTION('',(1.,0.,0.));
#4400=DIRECTION('',(0.,1.,0.));
#4401=DIRECTION('',(0.,1.,0.));
#4402=DIRECTION('',(0.,0.,-1.));
#4403=DIRECTION('',(0.,-1.,0.));
#4404=DIRECTION('',(0.,1.,0.));
#4405=DIRECTION('',(1.,0.,0.));
#4406=DIRECTION('',(1.,0.,0.));
#4407=DIRECTION('',(0.,0.,1.));
#4408=DIRECTION('',(1.,0.,0.));
#4409=DIRECTION('',(1.,0.,0.));
#4410=DIRECTION('',(0.,1.,0.));
#4411=DIRECTION('',(0.,1.,0.));
#4412=DIRECTION('',(0.,0.,1.));
#4413=DIRECTION('',(0.,-1.,0.));
#4414=DIRECTION('',(-1.,0.,0.));
#4415=DIRECTION('',(0.,1.,0.));
#4416=DIRECTION('',(0.,0.,-1.));
#4417=DIRECTION('',(0.,1.,0.));
#4418=DIRECTION('',(0.,0.,-1.));
#4419=DIRECTION('',(0.,-1.,0.));
#4420=DIRECTION('',(0.,1.,0.));
#4421=DIRECTION('',(1.,0.,0.));
#4422=DIRECTION('',(1.,0.,0.));
#4423=DIRECTION('',(0.,0.,-1.));
#4424=DIRECTION('',(1.,0.,0.));
#4425=DIRECTION('',(-1.,0.,0.));
#4426=DIRECTION('',(0.,1.,0.));
#4427=DIRECTION('',(0.,1.,0.));
#4428=DIRECTION('',(0.,-1.,0.));
#4429=DIRECTION('',(0.,0.,1.));
#4430=DIRECTION('',(1.,0.,0.));
#4431=DIRECTION('',(1.,0.,0.));
#4432=DIRECTION('',(1.,0.,0.));
#4433=DIRECTION('',(1.,0.,0.));
#4434=DIRECTION('',(0.,0.,-1.));
#4435=DIRECTION('',(1.,0.,0.));
#4436=DIRECTION('',(1.,0.,0.));
#4437=DIRECTION('',(1.,0.,0.));
#4438=DIRECTION('',(-1.,0.,0.));
#4439=DIRECTION('',(0.,-1.,0.));
#4440=DIRECTION('',(1.,0.,0.));
#4441=DIRECTION('',(0.,0.,1.));
#4442=DIRECTION('',(0.,-1.,0.));
#4443=DIRECTION('',(1.,0.,0.));
#4444=DIRECTION('',(0.,0.,1.));
#4445=DIRECTION('',(-1.,0.,0.));
#4446=DIRECTION('',(0.,1.,0.));
#4447=DIRECTION('',(-1.,0.,0.));
#4448=DIRECTION('',(0.,0.,1.));
#4449=DIRECTION('',(1.,0.,0.));
#4450=DIRECTION('',(-1.,0.,0.));
#4451=DIRECTION('',(0.,0.,1.));
#4452=DIRECTION('',(-1.,0.,0.));
#4453=DIRECTION('',(0.,1.,0.));
#4454=DIRECTION('',(-1.,0.,0.));
#4455=DIRECTION('',(0.,0.,1.));
#4456=DIRECTION('',(-1.,0.,0.));
#4457=DIRECTION('',(0.,0.,1.));
#4458=DIRECTION('',(-1.,0.,0.));
#4459=DIRECTION('',(0.,-1.,0.));
#4460=DIRECTION('',(1.,0.,0.));
#4461=DIRECTION('',(0.,0.,1.));
#4462=DIRECTION('',(0.,0.,1.));
#4463=DIRECTION('',(1.,0.,0.));
#4464=DIRECTION('',(0.,1.,0.));
#4465=DIRECTION('',(1.,0.,0.));
#4466=DIRECTION('',(1.,0.,0.));
#4467=DIRECTION('',(0.,0.,1.));
#4468=DIRECTION('',(0.,0.,-1.));
#4469=DIRECTION('',(1.,0.,0.));
#4470=DIRECTION('',(0.,1.,0.));
#4471=DIRECTION('',(0.,1.,0.));
#4472=DIRECTION('',(-1.,0.,0.));
#4473=DIRECTION('',(0.,1.,0.));
#4474=DIRECTION('',(0.,1.,0.));
#4475=DIRECTION('',(0.,0.,1.));
#4476=DIRECTION('',(1.,0.,0.));
#4477=DIRECTION('',(0.,0.,1.));
#4478=DIRECTION('',(1.,0.,0.));
#4479=DIRECTION('',(0.,0.,1.));
#4480=DIRECTION('',(1.,0.,0.));
#4481=DIRECTION('',(0.,0.,1.));
#4482=DIRECTION('',(1.,0.,0.));
#4483=DIRECTION('',(0.,1.,0.));
#4484=DIRECTION('',(1.,0.,0.));
#4485=DIRECTION('',(0.,0.,-1.));
#4486=DIRECTION('',(1.,0.,0.));
#4487=DIRECTION('',(0.,0.,1.));
#4488=DIRECTION('',(1.,0.,0.));
#4489=DIRECTION('',(1.,0.,0.));
#4490=DIRECTION('',(0.,1.,0.));
#4491=DIRECTION('',(0.,1.,0.));
#4492=DIRECTION('',(0.,0.,-1.));
#4493=DIRECTION('',(0.,-1.,0.));
#4494=DIRECTION('',(0.,1.,0.));
#4495=DIRECTION('',(1.,0.,0.));
#4496=DIRECTION('',(1.,0.,0.));
#4497=DIRECTION('',(0.,0.,1.));
#4498=DIRECTION('',(1.,0.,0.));
#4499=DIRECTION('',(1.,0.,0.));
#4500=DIRECTION('',(0.,1.,0.));
#4501=DIRECTION('',(0.,1.,0.));
#4502=DIRECTION('',(0.,0.,1.));
#4503=DIRECTION('',(0.,-1.,0.));
#4504=DIRECTION('',(-1.,0.,0.));
#4505=DIRECTION('',(0.,1.,0.));
#4506=DIRECTION('',(0.,0.,-1.));
#4507=DIRECTION('',(0.,1.,0.));
#4508=DIRECTION('',(0.,0.,-1.));
#4509=DIRECTION('',(0.,-1.,0.));
#4510=DIRECTION('',(0.,1.,0.));
#4511=DIRECTION('',(1.,0.,0.));
#4512=DIRECTION('',(1.,0.,0.));
#4513=DIRECTION('',(0.,0.,-1.));
#4514=DIRECTION('',(1.,0.,0.));
#4515=DIRECTION('',(-1.,0.,0.));
#4516=DIRECTION('',(0.,1.,0.));
#4517=DIRECTION('',(0.,1.,0.));
#4518=DIRECTION('',(0.,-1.,0.));
#4519=DIRECTION('',(0.,0.,1.));
#4520=DIRECTION('',(1.,0.,0.));
#4521=DIRECTION('',(1.,0.,0.));
#4522=DIRECTION('',(1.,0.,0.));
#4523=DIRECTION('',(1.,0.,0.));
#4524=DIRECTION('',(0.,0.,-1.));
#4525=DIRECTION('',(1.,0.,0.));
#4526=DIRECTION('',(1.,0.,0.));
#4527=DIRECTION('',(1.,0.,0.));
#4528=DIRECTION('',(-1.,0.,0.));
#4529=DIRECTION('',(0.,-1.,0.));
#4530=DIRECTION('',(1.,0.,0.));
#4531=DIRECTION('',(0.,0.,1.));
#4532=DIRECTION('',(0.,-1.,0.));
#4533=DIRECTION('',(1.,0.,0.));
#4534=DIRECTION('',(0.,0.,1.));
#4535=DIRECTION('',(-1.,0.,0.));
#4536=DIRECTION('',(0.,1.,0.));
#4537=DIRECTION('',(-1.,0.,0.));
#4538=DIRECTION('',(0.,0.,1.));
#4539=DIRECTION('',(-1.,0.,0.));
#4540=DIRECTION('',(0.,0.,1.));
#4541=DIRECTION('',(-1.,0.,0.));
#4542=DIRECTION('',(-1.,0.,0.));
#4543=DIRECTION('',(0.,1.,0.));
#4544=DIRECTION('',(-1.,0.,0.));
#4545=DIRECTION('',(0.,0.,1.));
#4546=DIRECTION('',(1.,0.,0.));
#4547=DIRECTION('',(-1.,0.,0.));
#4548=DIRECTION('',(0.,0.,1.));
#4549=DIRECTION('',(0.,-1.,0.));
#4550=DIRECTION('',(1.,0.,0.));
#4551=DIRECTION('',(0.,0.,1.));
#4552=DIRECTION('',(0.,0.,1.));
#4553=DIRECTION('',(1.,0.,0.));
#4554=DIRECTION('',(0.,1.,0.));
#4555=DIRECTION('',(1.,0.,0.));
#4556=DIRECTION('',(1.,0.,0.));
#4557=DIRECTION('',(0.,0.,1.));
#4558=DIRECTION('',(0.,0.,-1.));
#4559=DIRECTION('',(1.,0.,0.));
#4560=DIRECTION('',(0.,1.,0.));
#4561=DIRECTION('',(0.,1.,0.));
#4562=DIRECTION('',(-1.,0.,0.));
#4563=DIRECTION('',(0.,1.,0.));
#4564=DIRECTION('',(0.,1.,0.));
#4565=DIRECTION('',(0.,0.,1.));
#4566=DIRECTION('',(1.,0.,0.));
#4567=DIRECTION('',(0.,0.,1.));
#4568=DIRECTION('',(1.,0.,0.));
#4569=DIRECTION('',(0.131175087586878,0.122085087967002,0.983813156901586));
#4570=DIRECTION('',(0.,0.,-1.));
#4571=DIRECTION('',(-0.464321974981895,-0.885666474215273,0.));
#4572=DIRECTION('',(-0.131175087586877,0.122085087967016,-0.983813156901584));
#4573=DIRECTION('',(-0.13117508758688,-0.122085087967001,0.983813156901586));
#4574=DIRECTION('',(0.,0.,-1.));
#4575=DIRECTION('',(0.0388010118265339,-0.999246957203892,0.));
#4576=DIRECTION('',(0.131175087586882,-0.122085087967004,-0.983813156901585));
#4577=DIRECTION('',(0.991227900682634,-2.77555756156289E-17,0.13216372009102));
#4578=DIRECTION('',(0.0895442521188296,0.735499551828187,-0.671581890891213));
#4579=DIRECTION('',(-1.89700999010919E-15,1.,-2.37126248763649E-16));
#4580=DIRECTION('',(-0.131024356416083,-0.13102435641608,0.982682673120628));
#4581=DIRECTION('',(-2.40472547185863E-15,-1.,3.00590683982329E-16));
#4582=DIRECTION('',(-1.38777878078145E-17,0.991227900682635,0.132163720091015));
#4583=DIRECTION('',(-0.98071447584318,0.0258308629835313,-0.19373147237649));
#4584=DIRECTION('',(-1.,5.56475236308103E-17,-8.34712854462155E-17));
#4585=DIRECTION('',(0.131024356416084,-0.131024356416081,0.982682673120628));
#4586=DIRECTION('',(1.,5.86582016630274E-17,1.17316403326055E-16));
#4587=DIRECTION('',(-6.93889390390723E-18,0.980580675690921,-0.196116135138179));
#4588=DIRECTION('',(0.991101660307644,-0.0261044491753284,-0.130522245876645));
#4589=DIRECTION('',(0.192450089729877,0.19245008972987,0.962250448649377));
#4590=DIRECTION('',(1.,0.,0.));
#4591=DIRECTION('',(0.192450089729874,-0.192450089729874,-0.962250448649377));
#4592=DIRECTION('',(-0.991227900682635,0.,0.132163720091017));
#4593=DIRECTION('',(0.0895442597584948,-0.735499498579948,0.671581948188714));
#4594=DIRECTION('',(9.48505129422519E-16,1.,-2.3712628235563E-16));
#4595=DIRECTION('',(0.,1.,0.));
#4596=DIRECTION('',(0.,-0.991227900682635,0.132163720091017));
#4597=DIRECTION('',(0.562329871476469,-0.109287898757201,-0.819659240679011));
#4598=DIRECTION('',(0.131024356416084,-0.131024356416083,-0.982682673120628));
#4599=DIRECTION('',(1.,0.,-2.61543486904153E-16));
#4600=DIRECTION('',(0.131024356416083,0.131024356416083,0.982682673120628));
#4601=DIRECTION('',(-1.,0.,3.52850036167769E-16));
#4602=DIRECTION('',(0.991227900682635,-6.93889390390723E-18,0.132163720091017));
#4603=DIRECTION('',(-0.121165804747439,-0.399379561638532,0.908743535605794));
#4604=DIRECTION('',(0.,1.,0.));
#4605=DIRECTION('',(-0.131024356416083,0.131024356416083,0.982682673120628));
#4606=DIRECTION('',(0.,-1.,2.52366531759159E-16));
#4607=DIRECTION('',(-0.991227900682635,-1.38777878078144E-17,0.132163720091018));
#4608=DIRECTION('',(-0.1082748908916,-0.573439075349844,-0.812061681687006));
#4609=DIRECTION('',(0.,-1.,0.));
#4610=DIRECTION('',(0.131024356416083,0.131024356416084,0.982682673120628));
#4611=DIRECTION('',(0.,1.,0.));
#4612=DIRECTION('',(0.98058067569092,-4.16333634234433E-17,-0.196116135138184));
#4613=DIRECTION('',(-0.164851745475506,-0.541683904464261,-0.824258727377535));
#4614=DIRECTION('',(0.98058067569092,-4.16333634234433E-17,-0.196116135138184));
#4615=DIRECTION('',(-0.185509041405987,0.324416837529162,-0.927545207029937));
#4616=DIRECTION('',(0.,-1.,0.));
#4617=DIRECTION('',(-0.192450089729875,0.192450089729874,-0.962250448649376));
#4618=DIRECTION('',(2.77555756156289E-17,-0.98058067569092,-0.196116135138184));
#4619=DIRECTION('',(0.710300798240881,0.13804580845312,-0.690229042265603));
#4620=DIRECTION('',(1.,0.,-3.25283627092161E-16));
#4621=DIRECTION('',(-0.192450089729875,-0.192450089729875,0.962250448649376));
#4622=DIRECTION('',(-0.98058067569092,-1.38777878078145E-17,-0.196116135138187));
#4623=DIRECTION('',(0.164771027887255,-0.542322060765957,-0.823855139436262));
#4624=DIRECTION('',(0.,-1.,0.));
#4625=DIRECTION('',(-0.98058067569092,-1.38777878078145E-17,-0.196116135138187));
#4626=DIRECTION('',(-0.0817324950062558,-0.909018581086969,0.408662475031273));
#4627=DIRECTION('',(-6.93889390390723E-18,-0.991227900682635,0.132163720091017));
#4628=DIRECTION('',(-0.948861413420475,-0.04172315037524,-0.312923627814301));
#4629=DIRECTION('',(1.,0.,0.));
#4630=DIRECTION('',(0.116424724798377,-0.13126494315138,-0.984487073635346));
#4631=DIRECTION('',(0.975576526538277,-0.0432846543767153,0.215352918631252));
#4632=DIRECTION('',(0.215554940999165,0.,-0.976491713948893));
#4633=DIRECTION('',(0.,0.,-1.));
#4634=DIRECTION('',(0.999017178587074,-0.0443246758355108,0.));
#4635=DIRECTION('',(0.680522077933527,-0.680544762948372,-0.271566800379907));
#4636=DIRECTION('',(-0.148685750091118,0.234656092981662,-0.960639925126175));
#4637=DIRECTION('',(-0.192483877796028,0.191569508282815,-0.962419388980129));
#4638=DIRECTION('',(0.707118566496222,0.707094995680445,2.71250763169163E-14));
#4639=DIRECTION('',(0.696164192233768,-0.696187398674266,0.175152857180992));
#4640=DIRECTION('',(-0.101539798983959,0.146040365989675,0.984053799710107));
#4641=DIRECTION('',(-0.13126493559146,0.116425212771186,0.984487016935904));
#4642=DIRECTION('',(0.991227900682634,-6.93889390390723E-18,0.13216372009102));
#4643=DIRECTION('',(0.0290184824261959,0.97559794974529,-0.217638618196466));
#4644=DIRECTION('',(0.,1.,3.14199295740865E-17));
#4645=DIRECTION('',(0.,-1.,6.63340115515674E-17));
#4646=DIRECTION('',(0.98058067569092,-6.93889390390723E-18,-0.196116135138187));
#4647=DIRECTION('',(-0.0180549223605108,0.995753239634426,-0.0902746118025524));
#4648=DIRECTION('',(0.,1.,-4.62961286004117E-17));
#4649=DIRECTION('',(0.,1.,0.));
#4650=DIRECTION('',(-1.38777878078145E-17,-0.991227900682635,0.132163720091017));
#4651=DIRECTION('',(0.795370556786356,0.0801075344299333,0.600806508224502));
#4652=DIRECTION('',(1.,0.,0.));
#4653=DIRECTION('',(0.111540744911488,0.131339000166068,0.985042501245488));
#4654=DIRECTION('',(0.890352087802803,0.090190395297829,-0.446249764527906));
#4655=DIRECTION('',(-0.448075879125486,0.,-0.893995529376922));
#4656=DIRECTION('',(0.,0.,-1.));
#4657=DIRECTION('',(0.994908563154526,0.100781699538145,0.));
#4658=DIRECTION('',(-0.591042495320312,-0.78808826609964,0.172004806797959));
#4659=DIRECTION('',(0.150874776076002,0.101466285698539,0.983331782670813));
#4660=DIRECTION('',(0.800011550036547,-0.599984599642459,-5.75404583319545E-15));
#4661=DIRECTION('',(-0.131264935591454,-0.116425212771186,-0.984487016935904));
#4662=DIRECTION('',(-0.578006806159584,-0.770706650142524,-0.268177910088223));
#4663=DIRECTION('',(0.2210799955439,0.168449812910504,-0.960597884705523));
#4664=DIRECTION('',(-0.192522121258444,-0.190567713634472,0.962610606292222));
#4665=DIRECTION('',(-0.98058067569092,0.,-0.196116135138184));
#4666=DIRECTION('',(0.0180549223605104,0.995753239634426,-0.0902746118025523));
#4667=DIRECTION('',(0.,-1.,-6.28398567890706E-17));
#4668=DIRECTION('',(0.,1.,0.));
#4669=DIRECTION('',(0.,-1.,-4.84809751327907E-18));
#4670=DIRECTION('',(-0.991227900682635,1.7347234759768E-17,0.132163720091017));
#4671=DIRECTION('',(0.029018481361962,-0.975597951557532,0.217638610214717));
#4672=DIRECTION('',(0.,1.,0.));
#4673=DIRECTION('',(0.,0.,1.));
#4674=DIRECTION('',(1.,0.,0.));
#4675=DIRECTION('',(0.,1.,0.));
#4676=DIRECTION('',(4.28850477329425E-15,-4.28850477329425E-15,1.));
#4677=DIRECTION('',(1.,0.,-4.28850477329425E-15));
#4678=DIRECTION('',(1.,0.,0.));
#4679=DIRECTION('',(-4.2885047732944E-15,-4.2885047732944E-15,1.));
#4680=DIRECTION('',(1.,0.,4.2885047732944E-15));
#4681=DIRECTION('',(0.,1.,0.));
#4682=DIRECTION('',(-4.28850477329436E-15,4.28850477329436E-15,1.));
#4683=DIRECTION('',(1.,0.,4.28850477329436E-15));
#4684=DIRECTION('',(1.,0.,0.));
#4685=DIRECTION('',(4.28850477329432E-15,4.28850477329432E-15,1.));
#4686=DIRECTION('',(1.,0.,-4.28850477329432E-15));
#4687=DIRECTION('',(0.,0.,1.));
#4688=DIRECTION('',(1.,0.,0.));
#4689=DIRECTION('',(0.,0.,1.));
#4690=DIRECTION('',(1.,0.,0.));
#4691=DIRECTION('',(0.,0.,1.));
#4692=DIRECTION('',(1.,0.,0.));
#4693=DIRECTION('',(0.,0.,1.));
#4694=DIRECTION('',(1.,0.,0.));
#4695=DIRECTION('',(0.,0.,-1.));
#4696=DIRECTION('',(1.,0.,0.));
#4697=DIRECTION('',(0.,0.,-1.));
#4698=DIRECTION('',(-1.,0.,0.));
#4699=DIRECTION('',(0.,0.,-1.));
#4700=DIRECTION('',(-1.,0.,0.));
#4701=DIRECTION('',(1.,0.,0.));
#4702=DIRECTION('',(0.,-1.,0.));
#4703=DIRECTION('',(1.,0.,0.));
#4704=DIRECTION('',(0.,-1.,0.));
#4705=DIRECTION('',(-0.864788923164058,0.502135557765779,0.));
#4706=DIRECTION('',(1.,0.,0.));
#4707=DIRECTION('',(0.,-1.,0.));
#4708=DIRECTION('',(1.,0.,0.));
#4709=DIRECTION('',(0.,-1.,0.));
#4710=DIRECTION('',(1.,0.,0.));
#4711=DIRECTION('',(-0.866185866830198,-0.49972196680116,0.));
#4712=DIRECTION('',(0.,-1.,0.));
#4713=DIRECTION('',(1.,0.,0.));
#4714=DIRECTION('',(0.,-1.,0.));
#4715=DIRECTION('',(-5.84327907697458E-17,5.84327907697444E-17,-1.));
#4716=DIRECTION('',(1.,3.41439103714081E-33,-5.84327907697458E-17));
#4717=DIRECTION('',(-5.84327907697458E-17,5.84327907697444E-17,-1.));
#4718=DIRECTION('',(-1.,0.,5.84327907697458E-17));
#4719=DIRECTION('',(9.58563409412998E-15,-1.63147298923496E-14,1.));
#4720=DIRECTION('',(0.,-1.,-1.63147298923496E-14));
#4721=DIRECTION('',(0.,0.,1.));
#4722=DIRECTION('',(1.,0.,0.));
#4723=DIRECTION('',(4.28850477329432E-15,4.28850477329432E-15,1.));
#4724=DIRECTION('',(1.,0.,-4.28850477329432E-15));
#4725=DIRECTION('',(1.,0.,0.));
#4726=DIRECTION('',(-4.28850477329436E-15,4.28850477329436E-15,1.));
#4727=DIRECTION('',(1.,0.,4.28850477329436E-15));
#4728=DIRECTION('',(0.,1.,0.));
#4729=DIRECTION('',(-4.2885047732944E-15,-4.2885047732944E-15,1.));
#4730=DIRECTION('',(1.,0.,4.2885047732944E-15));
#4731=DIRECTION('',(1.,0.,0.));
#4732=DIRECTION('',(4.28850477329425E-15,-4.28850477329425E-15,1.));
#4733=DIRECTION('',(1.,0.,-4.28850477329425E-15));
#4734=DIRECTION('',(0.,1.,0.));
#4735=DIRECTION('',(1.,0.,0.));
#4736=DIRECTION('',(0.33190621159099,0.943312390837371,0.));
#4737=DIRECTION('',(1.,0.,0.));
#4738=DIRECTION('',(-0.334129188139521,-0.942527286413091,0.));
#4739=DIRECTION('',(0.52145000945411,0.853281833651877,0.));
#4740=DIRECTION('',(0.360075594051534,0.932923130042575,0.));
#4741=DIRECTION('',(1.,0.,0.));
#4742=DIRECTION('',(-0.56597331646881,-0.824423559249308,0.));
#4743=DIRECTION('',(-0.333667234088133,-0.942690923312607,0.));
#4744=DIRECTION('',(1.,0.,0.));
#4745=DIRECTION('',(0.288888415582967,0.957362775201733,0.));
#4746=DIRECTION('',(-0.333667234051777,-0.942690923325475,0.));
#4747=DIRECTION('',(1.,0.,0.));
#4748=DIRECTION('',(0.288888416310534,0.957362774982186,0.));
#4749=DIRECTION('',(0.330168403324339,0.943922044157385,0.));
#4750=DIRECTION('',(1.,0.,0.));
#4751=DIRECTION('',(0.513995088204213,0.857793127334291,0.));
#4752=DIRECTION('',(4.28850477329432E-15,4.28850477329432E-15,1.));
#4753=DIRECTION('',(1.,-1.83912731905682E-29,-4.28850477329432E-15));
#4754=DIRECTION('',(0.,0.,-1.));
#4755=DIRECTION('',(4.28850477329432E-15,4.28850477329432E-15,1.));
#4756=DIRECTION('',(0.,1.,0.));
#4757=DIRECTION('',(1.,0.,0.));
#4758=DIRECTION('',(-4.28850477329436E-15,4.28850477329436E-15,1.));
#4759=DIRECTION('',(-4.28850477329436E-15,4.28850477329436E-15,1.));
#4760=DIRECTION('',(1.,1.83912731905685E-29,4.28850477329436E-15));
#4761=DIRECTION('',(0.,0.,-1.));
#4762=DIRECTION('',(-1.,0.,0.));
#4763=DIRECTION('',(0.,1.,0.));
#4764=DIRECTION('',(-4.2885047732944E-15,-4.2885047732944E-15,1.));
#4765=DIRECTION('',(-4.2885047732944E-15,-4.2885047732944E-15,1.));
#4766=DIRECTION('',(1.,-1.83912731905688E-29,4.2885047732944E-15));
#4767=DIRECTION('',(0.,0.,1.));
#4768=DIRECTION('',(0.,-1.,0.));
#4769=DIRECTION('',(1.,0.,0.));
#4770=DIRECTION('',(4.28850477329425E-15,-4.28850477329425E-15,1.));
#4771=DIRECTION('',(4.28850477329425E-15,-4.28850477329425E-15,1.));
#4772=DIRECTION('',(1.,1.83912731905676E-29,-4.28850477329425E-15));
#4773=DIRECTION('',(0.,0.,1.));
#4774=DIRECTION('',(1.,0.,0.));
#4775=DIRECTION('',(0.,1.,0.));
#4776=DIRECTION('',(0.,0.,1.));
#4777=DIRECTION('',(1.,0.,0.));
#4778=DIRECTION('',(0.,0.,1.));
#4779=DIRECTION('',(1.,0.,0.));
#4780=DIRECTION('',(0.,0.,1.));
#4781=DIRECTION('',(1.,0.,0.));
#4782=DIRECTION('',(0.,0.,1.));
#4783=DIRECTION('',(1.,0.,0.));
#4784=DIRECTION('',(0.,0.,1.));
#4785=DIRECTION('',(1.,0.,0.));
#4786=DIRECTION('',(0.,0.,1.));
#4787=DIRECTION('',(1.,0.,0.));
#4788=DIRECTION('',(0.,0.,1.));
#4789=DIRECTION('',(1.,0.,0.));
#4790=DIRECTION('',(0.,0.,1.));
#4791=DIRECTION('',(1.,0.,0.));
#4792=DIRECTION('',(0.,0.,1.));
#4793=DIRECTION('',(1.,0.,0.));
#4794=DIRECTION('',(0.,0.,1.));
#4795=DIRECTION('',(1.,0.,0.));
#4796=DIRECTION('',(0.,0.,1.));
#4797=DIRECTION('',(1.,0.,0.));
#4798=DIRECTION('',(0.,0.,1.));
#4799=DIRECTION('',(1.,0.,0.));
#4800=DIRECTION('',(0.,0.,-1.));
#4801=DIRECTION('',(1.,0.,0.));
#4802=DIRECTION('',(0.,0.,-1.));
#4803=DIRECTION('',(-1.,0.,0.));
#4804=DIRECTION('',(0.,0.,-1.));
#4805=DIRECTION('',(1.,0.,0.));
#4806=DIRECTION('',(0.,0.,-1.));
#4807=DIRECTION('',(1.,0.,0.));
#4808=DIRECTION('',(0.,0.,-1.));
#4809=DIRECTION('',(-1.,0.,0.));
#4810=DIRECTION('',(0.,0.,-1.));
#4811=DIRECTION('',(1.,0.,0.));
#4812=DIRECTION('',(0.,0.,-1.));
#4813=DIRECTION('',(1.,0.,0.));
#4814=DIRECTION('',(0.,0.,1.));
#4815=DIRECTION('',(1.,0.,0.));
#4816=DIRECTION('',(0.,1.,0.));
#4817=DIRECTION('',(0.,0.,1.));
#4818=DIRECTION('',(1.,0.,0.));
#4819=DIRECTION('',(0.,1.,0.));
#4820=DIRECTION('',(0.,0.,1.));
#4821=DIRECTION('',(1.,0.,0.));
#4822=DIRECTION('',(1.,0.,0.));
#4823=DIRECTION('',(0.,1.,0.));
#4824=DIRECTION('',(0.,0.,1.));
#4825=DIRECTION('',(0.,1.,0.));
#4826=DIRECTION('',(0.,0.,-1.));
#4827=DIRECTION('',(0.,-1.,0.));
#4828=DIRECTION('',(0.,1.,0.));
#4829=DIRECTION('',(1.,0.,0.));
#4830=DIRECTION('',(1.,0.,0.));
#4831=DIRECTION('',(0.,0.,1.));
#4832=DIRECTION('',(1.,0.,0.));
#4833=DIRECTION('',(1.,0.,0.));
#4834=DIRECTION('',(0.,1.,0.));
#4835=DIRECTION('',(0.,1.,0.));
#4836=DIRECTION('',(0.,0.,1.));
#4837=DIRECTION('',(0.,-1.,0.));
#4838=DIRECTION('',(0.,-1.,0.));
#4839=DIRECTION('',(1.,0.,0.));
#4840=DIRECTION('',(0.,0.,-1.));
#4841=DIRECTION('',(1.,0.,0.));
#4842=DIRECTION('',(0.,0.,-1.));
#4843=DIRECTION('',(1.,0.,0.));
#4844=DIRECTION('',(-1.,0.,0.));
#4845=DIRECTION('',(0.,1.,0.));
#4846=DIRECTION('',(0.,1.,0.));
#4847=DIRECTION('',(0.,0.,-1.));
#4848=DIRECTION('',(0.,-1.,0.));
#4849=DIRECTION('',(0.,1.,0.));
#4850=DIRECTION('',(1.,0.,0.));
#4851=DIRECTION('',(1.,0.,0.));
#4852=DIRECTION('',(0.,0.,-1.));
#4853=DIRECTION('',(1.,0.,0.));
#4854=DIRECTION('',(-1.,0.,0.));
#4855=DIRECTION('',(0.,1.,0.));
#4856=DIRECTION('',(0.,1.,0.));
#4857=DIRECTION('',(0.,0.,-1.));
#4858=DIRECTION('',(0.,-1.,0.));
#4859=DIRECTION('',(0.,1.,0.));
#4860=DIRECTION('',(1.,0.,0.));
#4861=DIRECTION('',(1.,0.,0.));
#4862=DIRECTION('',(1.,0.,0.));
#4863=DIRECTION('',(0.,0.,1.));
#4864=DIRECTION('',(1.,0.,0.));
#4865=DIRECTION('',(1.,0.,0.));
#4866=DIRECTION('',(1.,0.,0.));
#4867=DIRECTION('',(0.,0.,-1.));
#4868=DIRECTION('',(1.,0.,0.));
#4869=DIRECTION('',(1.,0.,0.));
#4870=DIRECTION('',(-1.,0.,0.));
#4871=DIRECTION('',(0.,-1.,0.));
#4872=DIRECTION('',(1.,0.,0.));
#4873=DIRECTION('',(0.,0.,1.));
#4874=DIRECTION('',(-1.,0.,0.));
#4875=DIRECTION('',(0.,1.,0.));
#4876=DIRECTION('',(-1.,0.,0.));
#4877=DIRECTION('',(0.,0.,1.));
#4878=DIRECTION('',(-1.,0.,0.));
#4879=DIRECTION('',(0.,0.,1.));
#4880=DIRECTION('',(-1.,0.,0.));
#4881=DIRECTION('',(-1.,0.,0.));
#4882=DIRECTION('',(0.,1.,0.));
#4883=DIRECTION('',(-1.,0.,0.));
#4884=DIRECTION('',(0.,0.,1.));
#4885=DIRECTION('',(1.,0.,0.));
#4886=DIRECTION('',(-1.,0.,0.));
#4887=DIRECTION('',(0.,0.,1.));
#4888=DIRECTION('',(0.,-1.,0.));
#4889=DIRECTION('',(1.,0.,0.));
#4890=DIRECTION('',(0.,0.,1.));
#4891=DIRECTION('',(0.,0.,1.));
#4892=DIRECTION('',(1.,0.,0.));
#4893=DIRECTION('',(0.,1.,0.));
#4894=DIRECTION('',(1.,0.,0.));
#4895=DIRECTION('',(1.,0.,0.));
#4896=DIRECTION('',(0.,0.,1.));
#4897=DIRECTION('',(0.,0.,-1.));
#4898=DIRECTION('',(1.,0.,0.));
#4899=DIRECTION('',(0.,1.,0.));
#4900=DIRECTION('',(0.,1.,0.));
#4901=DIRECTION('',(-1.,0.,0.));
#4902=DIRECTION('',(0.,1.,0.));
#4903=DIRECTION('',(0.,1.,0.));
#4904=DIRECTION('',(0.,0.,1.));
#4905=DIRECTION('',(1.,0.,0.));
#4906=DIRECTION('',(0.,0.,1.));
#4907=DIRECTION('',(1.,0.,0.));
#4908=DIRECTION('',(0.,0.,-1.));
#4909=DIRECTION('',(1.,0.,0.));
#4910=DIRECTION('',(0.,-1.,0.));
#4911=DIRECTION('',(1.,0.,0.));
#4912=DIRECTION('',(0.,-1.,0.));
#4913=DIRECTION('',(0.866185866830198,0.49972196680116,0.));
#4914=DIRECTION('',(1.,0.,0.));
#4915=DIRECTION('',(0.,-1.,0.));
#4916=DIRECTION('',(1.,0.,0.));
#4917=DIRECTION('',(0.,-1.,0.));
#4918=DIRECTION('',(1.,0.,0.));
#4919=DIRECTION('',(0.864788923164058,-0.502135557765779,0.));
#4920=DIRECTION('',(0.,-1.,0.));
#4921=DIRECTION('',(1.,0.,0.));
#4922=DIRECTION('',(0.,-1.,0.));
#4923=DIRECTION('',(1.,0.,0.));
#4924=DIRECTION('',(0.,0.,1.));
#4925=DIRECTION('',(1.,0.,0.));
#4926=DIRECTION('',(0.,1.,0.));
#4927=DIRECTION('',(1.,0.,0.));
#4928=DIRECTION('',(1.,0.,0.));
#4929=DIRECTION('',(0.,0.,-1.));
#4930=DIRECTION('',(1.,0.,0.));
#4931=DIRECTION('',(0.,0.,-1.));
#4932=DIRECTION('',(0.935166883547009,-0.354207424988486,0.));
#4933=DIRECTION('',(0.354207424988486,0.935166883547009,0.));
#4934=DIRECTION('',(0.354207424988486,0.935166883547009,0.));
#4935=DIRECTION('',(0.354207424988486,0.935166883547009,0.));
#4936=DIRECTION('',(-3.67517835871524E-15,7.08031649114507E-16,1.));
#4937=DIRECTION('',(-3.67517835871524E-15,7.08031649114507E-16,1.));
#4938=DIRECTION('',(1.,0.,3.67517835871524E-15));
#4939=DIRECTION('',(-3.67517835871524E-15,7.08031649114507E-16,1.));
#4940=DIRECTION('',(1.,0.,3.67517835871524E-15));
#4941=DIRECTION('',(-3.67517835871524E-15,7.08031649114507E-16,1.));
#4942=DIRECTION('',(1.,0.,3.67517835871524E-15));
#4943=DIRECTION('',(1.91172981649812E-14,1.58847330838206E-14,1.));
#4944=DIRECTION('',(1.,0.,-1.91172981649812E-14));
#4945=DIRECTION('',(1.91172981649812E-14,1.58847330838206E-14,1.));
#4946=DIRECTION('',(1.,0.,-1.91172981649812E-14));
#4947=DIRECTION('',(1.91172981649812E-14,1.58847330838206E-14,1.));
#4948=DIRECTION('',(1.,0.,-1.91172981649812E-14));
#4949=DIRECTION('',(-0.708936284998664,0.705272531587821,0.));
#4950=DIRECTION('',(0.705272531587821,0.708936284998664,0.));
#4951=DIRECTION('',(0.705272531587821,0.708936284998664,0.));
#4952=DIRECTION('',(0.705272531587821,0.708936284998664,0.));
#4953=DIRECTION('',(0.,0.,-1.));
#4954=DIRECTION('',(0.933250125440303,-0.359227230824249,0.));
#4955=DIRECTION('',(0.359227230824249,0.933250125440303,0.));
#4956=DIRECTION('',(0.359227230824249,0.933250125440303,0.));
#4957=DIRECTION('',(0.359227230824249,0.933250125440303,0.));
#4958=DIRECTION('',(-0.74961321388525,0.661876143676917,0.));
#4959=DIRECTION('',(0.661876143676917,0.74961321388525,0.));
#4960=DIRECTION('',(0.661876143676917,0.74961321388525,0.));
#4961=DIRECTION('',(0.661876143676917,0.74961321388525,0.));
#4962=DIRECTION('',(0.,0.,-1.));
#4963=DIRECTION('',(0.94480475402173,-0.327633906636566,0.));
#4964=DIRECTION('',(0.327633906636566,0.94480475402173,0.));
#4965=DIRECTION('',(0.327633906636566,0.94480475402173,0.));
#4966=DIRECTION('',(0.327633906636566,0.94480475402173,0.));
#4967=DIRECTION('',(0.,1.,0.));
#4968=DIRECTION('',(1.,0.,0.));
#4969=DIRECTION('',(1.,0.,0.));
#4970=DIRECTION('',(1.,0.,0.));
#4971=DIRECTION('',(0.,0.,-1.));
#4972=DIRECTION('',(-0.857793127334261,0.513995088204264,0.));
#4973=DIRECTION('',(0.513995088204264,0.857793127334261,0.));
#4974=DIRECTION('',(0.513995088204264,0.857793127334261,0.));
#4975=DIRECTION('',(0.513995088204264,0.857793127334261,0.));
#4976=DIRECTION('',(0.,0.,-1.));
#4977=DIRECTION('',(0.,-1.,0.));
#4978=DIRECTION('',(1.,0.,0.));
#4979=DIRECTION('',(1.,0.,0.));
#4980=DIRECTION('',(1.,0.,0.));
#4981=DIRECTION('',(0.,0.,1.));
#4982=DIRECTION('',(-0.943922044157392,0.33016840332432,0.));
#4983=DIRECTION('',(0.33016840332432,0.943922044157392,0.));
#4984=DIRECTION('',(0.33016840332432,0.943922044157392,0.));
#4985=DIRECTION('',(0.33016840332432,0.943922044157392,0.));
#4986=DIRECTION('',(0.,0.,-1.));
#4987=DIRECTION('',(0.,-1.,0.));
#4988=DIRECTION('',(1.,0.,0.));
#4989=DIRECTION('',(1.,0.,0.));
#4990=DIRECTION('',(1.,0.,0.));
#4991=DIRECTION('',(-1.89962560985424E-14,-1.84217785518983E-15,1.));
#4992=DIRECTION('',(1.,0.,1.89962560985424E-14));
#4993=DIRECTION('',(-1.89962560985424E-14,-1.84217785518983E-15,1.));
#4994=DIRECTION('',(1.,0.,1.89962560985424E-14));
#4995=DIRECTION('',(-1.89962560985424E-14,-1.84217785518983E-15,1.));
#4996=DIRECTION('',(1.,0.,1.89962560985424E-14));
#4997=DIRECTION('',(0.770166650580352,-0.637842715983997,0.));
#4998=DIRECTION('',(0.637842715983997,0.770166650580352,0.));
#4999=DIRECTION('',(0.637842715983997,0.770166650580352,0.));
#5000=DIRECTION('',(0.637842715983997,0.770166650580352,0.));
#5001=DIRECTION('',(0.,0.,1.));
#5002=DIRECTION('',(-0.932472383025667,0.361241269644589,0.));
#5003=DIRECTION('',(0.361241269644589,0.932472383025667,0.));
#5004=DIRECTION('',(0.361241269644589,0.932472383025667,0.));
#5005=DIRECTION('',(0.361241269644589,0.932472383025667,0.));
#5006=DIRECTION('',(-2.40863632647708E-15,-2.48782537705099E-15,1.));
#5007=DIRECTION('',(0.,-1.,-2.48782537705099E-15));
#5008=DIRECTION('',(-2.40863632647708E-15,-2.48782537705099E-15,1.));
#5009=DIRECTION('',(0.,-1.,-2.48782537705099E-15));
#5010=DIRECTION('',(-2.40863632647708E-15,-2.48782537705099E-15,1.));
#5011=DIRECTION('',(0.,-1.,-2.48782537705099E-15));
#5012=DIRECTION('',(-1.38501174124734E-14,4.26321515059636E-15,1.));
#5013=DIRECTION('',(1.,0.,1.38501174124734E-14));
#5014=DIRECTION('',(-1.38501174124734E-14,4.26321515059636E-15,1.));
#5015=DIRECTION('',(1.,0.,1.38501174124734E-14));
#5016=DIRECTION('',(-1.38501174124734E-14,4.26321515059636E-15,1.));
#5017=DIRECTION('',(1.,0.,1.38501174124734E-14));
#5018=DIRECTION('',(0.73895584391333,-0.673753857685683,0.));
#5019=DIRECTION('',(0.673753857685683,0.73895584391333,0.));
#5020=DIRECTION('',(0.673753857685683,0.73895584391333,0.));
#5021=DIRECTION('',(0.673753857685683,0.73895584391333,0.));
#5022=DIRECTION('',(0.,0.,1.));
#5023=DIRECTION('',(-0.933456941687856,0.358689472963389,0.));
#5024=DIRECTION('',(0.358689472963389,0.933456941687856,0.));
#5025=DIRECTION('',(0.358689472963389,0.933456941687856,0.));
#5026=DIRECTION('',(0.358689472963389,0.933456941687856,0.));
#5027=DIRECTION('',(0.824423559249325,-0.565973316468784,0.));
#5028=DIRECTION('',(0.565973316468784,0.824423559249325,0.));
#5029=DIRECTION('',(0.565973316468784,0.824423559249325,0.));
#5030=DIRECTION('',(0.565973316468784,0.824423559249325,0.));
#5031=DIRECTION('',(0.,0.,1.));
#5032=DIRECTION('',(0.,1.,0.));
#5033=DIRECTION('',(1.,0.,0.));
#5034=DIRECTION('',(1.,0.,0.));
#5035=DIRECTION('',(1.,0.,0.));
#5036=DIRECTION('',(0.,0.,-1.));
#5037=DIRECTION('',(-0.932923130042588,0.3600755940515,0.));
#5038=DIRECTION('',(0.3600755940515,0.932923130042588,0.));
#5039=DIRECTION('',(0.3600755940515,0.932923130042588,0.));
#5040=DIRECTION('',(0.3600755940515,0.932923130042588,0.));
#5041=DIRECTION('',(0.,-1.,0.));
#5042=DIRECTION('',(1.,0.,0.));
#5043=DIRECTION('',(1.,0.,0.));
#5044=DIRECTION('',(2.07313873005118E-15,-3.2092203485846E-14,1.));
#5045=DIRECTION('',(1.,0.,0.));
#5046=DIRECTION('',(0.,0.,1.));
#5047=DIRECTION('',(-0.773567707773629,0.633713658910595,0.));
#5048=DIRECTION('',(0.633713658910595,0.773567707773629,0.));
#5049=DIRECTION('',(0.633713658910595,0.773567707773629,0.));
#5050=DIRECTION('',(0.633713658910595,0.773567707773629,0.));
#5051=DIRECTION('',(7.43452918276077E-16,-1.21430643318334E-15,-1.));
#5052=DIRECTION('',(9.61556909821898E-16,-2.46276644179638E-15,1.));
#5053=DIRECTION('',(0.,-1.,-2.46276644179638E-15));
#5054=DIRECTION('',(9.61556909821898E-16,-2.46276644179638E-15,1.));
#5055=DIRECTION('',(0.,-1.,-2.46276644179638E-15));
#5056=DIRECTION('',(9.61556909821898E-16,-2.46276644179638E-15,1.));
#5057=DIRECTION('',(9.61556909821898E-16,-2.46276644179638E-15,1.));
#5058=DIRECTION('',(0.,-1.,-2.46276644179638E-15));
#5059=DIRECTION('',(9.61556909821898E-16,-2.46276644179638E-15,1.));
#5060=DIRECTION('',(0.,-1.,0.));
#5061=DIRECTION('',(1.,0.,0.));
#5062=DIRECTION('',(1.,0.,0.));
#5063=DIRECTION('',(1.,0.,0.));
#5064=DIRECTION('',(1.68515994809197E-15,-1.3629970168391E-15,-1.));
#5065=DIRECTION('',(-0.957362774982221,0.288888416310419,0.));
#5066=DIRECTION('',(0.288888416310419,0.957362774982221,0.));
#5067=DIRECTION('',(0.288888416310419,0.957362774982221,0.));
#5068=DIRECTION('',(0.288888416310419,0.957362774982221,0.));
#5069=DIRECTION('',(0.,0.,-1.));
#5070=DIRECTION('',(0.,-1.,0.));
#5071=DIRECTION('',(1.,0.,0.));
#5072=DIRECTION('',(1.,0.,0.));
#5073=DIRECTION('',(1.,0.,0.));
#5074=DIRECTION('',(0.,0.,1.));
#5075=DIRECTION('',(-3.0195192374744E-15,6.25646333553226E-15,1.));
#5076=DIRECTION('',(0.,-1.,6.25646333553226E-15));
#5077=DIRECTION('',(-3.0195192374744E-15,6.25646333553226E-15,1.));
#5078=DIRECTION('',(0.,-1.,6.25646333553226E-15));
#5079=DIRECTION('',(-3.0195192374744E-15,6.25646333553226E-15,1.));
#5080=DIRECTION('',(-3.0195192374744E-15,6.25646333553226E-15,1.));
#5081=DIRECTION('',(0.,-1.,6.25646333553226E-15));
#5082=DIRECTION('',(-3.0195192374744E-15,6.25646333553226E-15,1.));
#5083=DIRECTION('',(-3.49353379894085E-15,-1.03648979901518E-15,1.));
#5084=DIRECTION('',(1.,0.,3.49353379894085E-15));
#5085=DIRECTION('',(-3.49353379894085E-15,-1.03648979901518E-15,1.));
#5086=DIRECTION('',(1.,0.,3.49353379894085E-15));
#5087=DIRECTION('',(-3.49353379894085E-15,-1.03648979901518E-15,1.));
#5088=DIRECTION('',(-3.49353379894085E-15,-1.03648979901518E-15,1.));
#5089=DIRECTION('',(1.,0.,3.49353379894085E-15));
#5090=DIRECTION('',(-3.49353379894085E-15,-1.03648979901518E-15,1.));
#5091=DIRECTION('',(0.,-1.,0.));
#5092=DIRECTION('',(1.,0.,0.));
#5093=DIRECTION('',(1.,0.,0.));
#5094=DIRECTION('',(1.,0.,0.));
#5095=DIRECTION('',(-0.957362774982217,0.28888841631043,0.));
#5096=DIRECTION('',(0.28888841631043,0.957362774982217,0.));
#5097=DIRECTION('',(0.28888841631043,0.957362774982217,0.));
#5098=DIRECTION('',(0.28888841631043,0.957362774982217,0.));
#5099=DIRECTION('',(0.,0.,-1.));
#5100=DIRECTION('',(0.,-1.,0.));
#5101=DIRECTION('',(1.,0.,0.));
#5102=DIRECTION('',(1.,0.,0.));
#5103=DIRECTION('',(1.,0.,0.));
#5104=DIRECTION('',(0.,0.,1.));
#5105=DIRECTION('',(0.,1.,0.));
#5106=DIRECTION('',(1.,0.,0.));
#5107=DIRECTION('',(1.,0.,0.));
#5108=DIRECTION('',(1.,0.,0.));
#5109=DIRECTION('',(0.,0.,-1.));
#5110=DIRECTION('',(-0.853281833651958,0.521450009453976,0.));
#5111=DIRECTION('',(0.521450009453976,0.853281833651958,0.));
#5112=DIRECTION('',(0.521450009453976,0.853281833651958,0.));
#5113=DIRECTION('',(0.521450009453976,0.853281833651958,0.));
#5114=DIRECTION('',(0.,0.,-1.));
#5115=DIRECTION('',(0.,-1.,0.));
#5116=DIRECTION('',(1.,0.,0.));
#5117=DIRECTION('',(1.,0.,0.));
#5118=DIRECTION('',(1.,0.,0.));
#5119=DIRECTION('',(1.2312033195887E-14,5.51553264505161E-15,1.));
#5120=DIRECTION('',(1.,0.,-1.2312033195887E-14));
#5121=DIRECTION('',(1.2312033195887E-14,5.51553264505161E-15,1.));
#5122=DIRECTION('',(1.,0.,-1.2312033195887E-14));
#5123=DIRECTION('',(1.2312033195887E-14,5.51553264505161E-15,1.));
#5124=DIRECTION('',(1.,0.,-1.2312033195887E-14));
#5125=DIRECTION('',(-8.85097158871642E-16,-9.01032825572841E-16,1.));
#5126=DIRECTION('',(-8.85097158871642E-16,-9.01032825572841E-16,1.));
#5127=DIRECTION('',(0.,-1.,-9.01032825572841E-16));
#5128=DIRECTION('',(-8.85097158871642E-16,-9.01032825572841E-16,1.));
#5129=DIRECTION('',(0.,-1.,-9.01032825572841E-16));
#5130=DIRECTION('',(-8.85097158871642E-16,-9.01032825572841E-16,1.));
#5131=DIRECTION('',(0.,-1.,-9.01032825572841E-16));
#5132=DIRECTION('',(0.,1.,0.));
#5133=DIRECTION('',(1.,0.,0.));
#5134=DIRECTION('',(1.,0.,0.));
#5135=DIRECTION('',(1.,0.,0.));
#5136=DIRECTION('',(0.,0.,-1.));
#5137=DIRECTION('',(0.942527286413094,-0.334129188139512,0.));
#5138=DIRECTION('',(0.334129188139512,0.942527286413094,0.));
#5139=DIRECTION('',(0.334129188139512,0.942527286413094,0.));
#5140=DIRECTION('',(0.334129188139512,0.942527286413094,0.));
#5141=DIRECTION('',(0.,0.,1.));
#5142=DIRECTION('',(0.,1.,0.));
#5143=DIRECTION('',(1.,0.,0.));
#5144=DIRECTION('',(1.,0.,0.));
#5145=DIRECTION('',(1.,0.,0.));
#5146=DIRECTION('',(0.,0.,-1.));
#5147=DIRECTION('',(1.23908819711675E-16,-5.57589688706573E-16,-1.));
#5148=DIRECTION('',(7.6571373978539E-16,4.6061289856129E-16,1.));
#5149=DIRECTION('',(1.,0.,-7.6571373978539E-16));
#5150=DIRECTION('',(7.6571373978539E-16,4.6061289856129E-16,1.));
#5151=DIRECTION('',(1.,0.,-7.6571373978539E-16));
#5152=DIRECTION('',(0.,0.,-1.));
#5153=DIRECTION('',(7.6571373978539E-16,4.6061289856129E-16,1.));
#5154=DIRECTION('',(1.,0.,-7.6571373978539E-16));
#5155=DIRECTION('',(-1.87707324916165E-15,2.78842140088446E-15,1.));
#5156=DIRECTION('',(0.,-1.,2.78842140088446E-15));
#5157=DIRECTION('',(-1.87707324916165E-15,2.78842140088446E-15,1.));
#5158=DIRECTION('',(0.,-1.,2.78842140088446E-15));
#5159=DIRECTION('',(-1.87707324916165E-15,2.78842140088446E-15,1.));
#5160=DIRECTION('',(0.,-1.,2.78842140088446E-15));
#5161=DIRECTION('',(0.,0.,-1.));
#5162=DIRECTION('',(1.,0.,0.));
#5163=DIRECTION('',(-2.55211979911264E-14,-1.52765819927598E-14,1.));
#5164=DIRECTION('',(1.,0.,2.55211979911264E-14));
#5165=DIRECTION('',(1.,0.,0.));
#5166=DIRECTION('',(0.331906211590934,0.943312390837391,0.));
#5167=DIRECTION('',(7.6571373978539E-16,-9.67509072713994E-16,1.));
#5168=DIRECTION('',(0.,-1.,-9.67509072713994E-16));
#5169=DIRECTION('',(0.333667234031795,0.942690923332548,0.));
#5170=DIRECTION('',(0.333667234031795,0.942690923332548,0.));
#5171=DIRECTION('',(1.,0.,0.));
#5172=DIRECTION('',(7.37424480250802E-16,2.36650478879722E-15,1.));
#5173=DIRECTION('',(0.,-1.,2.36650478879722E-15));
#5174=DIRECTION('',(1.7649538950235E-15,1.7624043703873E-14,1.));
#5175=DIRECTION('',(0.,-1.,1.7624043703873E-14));
#5176=DIRECTION('',(3.27810879205916E-15,-1.12527593057104E-15,1.));
#5177=DIRECTION('',(1.,0.,-3.27810879205916E-15));
#5178=DIRECTION('',(2.07313873005118E-15,-3.2092203485846E-14,1.));
#5179=DIRECTION('',(0.,-1.,-3.2092203485846E-14));
#5180=DIRECTION('',(1.,0.,0.));
#5181=DIRECTION('',(0.942690923332548,-0.333667234031795,0.));
#5182=DIRECTION('',(0.333667234031795,0.942690923332548,0.));
#5183=DIRECTION('',(0.333667234031795,0.942690923332548,0.));
#5184=DIRECTION('',(0.,1.,0.));
#5185=DIRECTION('',(1.,0.,0.));
#5186=DIRECTION('',(1.,0.,0.));
#5187=DIRECTION('',(-2.55211979911264E-14,-1.52765819927598E-14,1.));
#5188=DIRECTION('',(-2.55211979911264E-14,-1.52765819927598E-14,1.));
#5189=DIRECTION('',(1.,0.,2.55211979911264E-14));
#5190=DIRECTION('',(-2.55211979911264E-14,-1.52765819927598E-14,1.));
#5191=DIRECTION('',(1.,0.,2.55211979911264E-14));
#5192=DIRECTION('',(0.,0.,-1.));
#5193=DIRECTION('',(1.7649538950235E-15,1.7624043703873E-14,1.));
#5194=DIRECTION('',(0.,-1.,1.7624043703873E-14));
#5195=DIRECTION('',(1.7649538950235E-15,1.7624043703873E-14,1.));
#5196=DIRECTION('',(0.,-1.,1.7624043703873E-14));
#5197=DIRECTION('',(7.6571373978539E-16,-9.67509072713994E-16,1.));
#5198=DIRECTION('',(0.,-1.,-9.67509072713994E-16));
#5199=DIRECTION('',(7.6571373978539E-16,-9.67509072713994E-16,1.));
#5200=DIRECTION('',(0.,-1.,-9.67509072713994E-16));
#5201=DIRECTION('',(0.,-3.90312782094785E-16,-1.));
#5202=DIRECTION('',(7.37424480250802E-16,2.36650478879722E-15,1.));
#5203=DIRECTION('',(0.,-1.,2.36650478879722E-15));
#5204=DIRECTION('',(7.37424480250802E-16,2.36650478879722E-15,1.));
#5205=DIRECTION('',(0.,-1.,2.36650478879722E-15));
#5206=DIRECTION('',(3.27810879205916E-15,-1.12527593057104E-15,1.));
#5207=DIRECTION('',(1.,0.,-3.27810879205916E-15));
#5208=DIRECTION('',(3.27810879205916E-15,-1.12527593057104E-15,1.));
#5209=DIRECTION('',(1.,0.,-3.27810879205916E-15));
#5210=DIRECTION('',(3.27810879205916E-15,-1.12527593057104E-15,1.));
#5211=DIRECTION('',(0.942690923332548,-0.333667234031795,0.));
#5212=DIRECTION('',(0.333667234031795,0.942690923332548,0.));
#5213=DIRECTION('',(0.333667234031795,0.942690923332548,0.));
#5214=DIRECTION('',(0.,1.,0.));
#5215=DIRECTION('',(1.,0.,0.));
#5216=DIRECTION('',(1.,0.,0.));
#5217=DIRECTION('',(2.07313873005118E-15,-3.2092203485846E-14,1.));
#5218=DIRECTION('',(0.,-1.,-3.2092203485846E-14));
#5219=DIRECTION('',(2.07313873005118E-15,-3.2092203485846E-14,1.));
#5220=DIRECTION('',(0.,-1.,-3.2092203485846E-14));
#5221=DIRECTION('',(0.,-1.,0.));
#5222=DIRECTION('',(1.,0.,0.));
#5223=DIRECTION('',(1.,0.,0.));
#5224=DIRECTION('',(-0.943312390837391,0.331906211590934,0.));
#5225=DIRECTION('',(0.331906211590934,0.943312390837391,0.));
#5226=DIRECTION('',(0.331906211590934,0.943312390837391,0.));
#5227=DIRECTION('',(0.,0.,1.));
#5228=DIRECTION('',(1.,0.,0.));
#5229=DIRECTION('',(0.,0.,1.));
#5230=DIRECTION('',(1.,0.,0.));
#5231=DIRECTION('',(0.,1.,0.));
#5232=DIRECTION('',(0.,0.,1.));
#5233=DIRECTION('',(1.,0.,0.));
#5234=DIRECTION('',(0.,0.,1.));
#5235=DIRECTION('',(1.,0.,0.));
#5236=DIRECTION('',(1.,0.,0.));
#5237=DIRECTION('',(0.633713658910581,0.77356770777364,0.));
#5238=DIRECTION('',(1.,0.,0.));
#5239=DIRECTION('',(0.,0.,1.));
#5240=DIRECTION('',(1.,0.,0.));
#5241=DIRECTION('',(0.,0.,1.));
#5242=DIRECTION('',(1.,0.,0.));
#5243=DIRECTION('',(0.,1.,0.));
#5244=CARTESIAN_POINT('',(0.,0.,0.));
#5245=CARTESIAN_POINT('',(0.0225175511888078,-0.0125567987233492,0.0049));
#5246=CARTESIAN_POINT('',(0.0318333719220421,-0.00701327593153166,0.0049));
#5247=CARTESIAN_POINT('',(0.0318656626350646,-0.00717425886707487,0.0049));
#5248=CARTESIAN_POINT('',(0.0318409614360469,-0.00741591145291215,0.0049));
#5249=CARTESIAN_POINT('',(0.031744583101807,-0.00758536272230685,0.0049));
#5250=CARTESIAN_POINT('',(0.0318333719220421,-0.00701327593153156,0.0049));
#5251=CARTESIAN_POINT('',(0.0317445835406608,-0.00758536297191256,0.0049));
#5252=CARTESIAN_POINT('',(0.0317445835406611,-0.00758536297191245,0.0049));
#5253=CARTESIAN_POINT('',(0.0318121321550568,-0.00754849395910772,0.0049));
#5254=CARTESIAN_POINT('',(0.0319411759281762,-0.0074640998256363,0.0049));
#5255=CARTESIAN_POINT('',(0.0322658111583028,-0.00719377993756132,0.0049));
#5256=CARTESIAN_POINT('',(0.0323576285657931,-0.00692212236233932,0.0049));
#5257=CARTESIAN_POINT('',(0.0322904735545219,-0.0067678126157109,0.0049));
#5258=CARTESIAN_POINT('',(0.0321575214652562,-0.00675258625204492,0.0049));
#5259=CARTESIAN_POINT('',(0.0321864029112398,-0.0067567388966811,0.0049));
#5260=CARTESIAN_POINT('',(0.0321748317732766,-0.00675581608676195,0.0049));
#5261=CARTESIAN_POINT('',(0.0321728993837057,-0.00675581608676195,0.0049));
#5262=CARTESIAN_POINT('',(0.0321728993837057,-0.00675581658676595,0.0049));
#5263=CARTESIAN_POINT('',(0.0321728993837055,-0.00675581658676483,0.0049));
#5264=CARTESIAN_POINT('',(0.0321756766308332,-0.00677136924799783,0.0049));
#5265=CARTESIAN_POINT('',(0.0321847492819697,-0.00676102222803105,0.0049));
#5266=CARTESIAN_POINT('',(0.0321556044099345,-0.00693793899329799,0.0049));
#5267=CARTESIAN_POINT('',(0.0320024668892222,-0.00703330637041202,0.0049));
#5268=CARTESIAN_POINT('',(0.0318844408955893,-0.00703053688143908,0.0049));
#5269=CARTESIAN_POINT('',(0.0318333720821501,-0.00701327545784379,0.0049));
#5270=CARTESIAN_POINT('',(0.,0.,0.));
#5271=CARTESIAN_POINT('',(0.0344921076580319,-0.014872581971515,0.0024));
#5272=CARTESIAN_POINT('',(0.0344921076580319,-0.014872581971515,0.0024));
#5273=CARTESIAN_POINT('',(0.0344921076580319,-0.014872581971515,0.0024));
#5274=CARTESIAN_POINT('',(0.0344921076580319,-0.014872581971515,0.0031));
#5275=CARTESIAN_POINT('',(0.0344921076580319,-0.014872581971515,0.0031));
#5276=CARTESIAN_POINT('',(0.0356829683187998,-0.014872581971515,0.0031));
#5277=CARTESIAN_POINT('',(0.0356829683187998,-0.014872581971515,0.0024));
#5278=CARTESIAN_POINT('',(0.0356829683187998,-0.014872581971515,0.0024));
#5279=CARTESIAN_POINT('',(0.035912095213445,-0.014872581971515,0.0024));
#5280=CARTESIAN_POINT('',(0.0356829683187998,-0.014872581971515,0.0024));
#5281=CARTESIAN_POINT('',(0.0356829683187998,-0.014872581971515,0.0031));
#5282=CARTESIAN_POINT('',(0.0356829683187998,-0.0174425813228082,0.0031));
#5283=CARTESIAN_POINT('',(0.0356829683187998,-0.0174425813228082,0.0024));
#5284=CARTESIAN_POINT('',(0.0356829683187998,-0.0174425813228082,0.0024));
#5285=CARTESIAN_POINT('',(0.0356829683187998,-0.0143948401686665,0.0024));
#5286=CARTESIAN_POINT('',(0.0356829683187998,-0.0174425813228082,0.0024));
#5287=CARTESIAN_POINT('',(0.0356829683187998,-0.0174425813228082,0.0031));
#5288=CARTESIAN_POINT('',(0.035773412685722,-0.0174425813228082,0.0031));
#5289=CARTESIAN_POINT('',(0.035773412685722,-0.0174425813228082,0.0024));
#5290=CARTESIAN_POINT('',(0.035773412685722,-0.0174425813228082,0.0024));
#5291=CARTESIAN_POINT('',(0.035912095213445,-0.0174425813228082,0.0024));
#5292=CARTESIAN_POINT('',(0.035773412685722,-0.0174425813228082,0.0024));
#5293=CARTESIAN_POINT('',(0.035773412685722,-0.0174425813228082,0.0031));
#5294=CARTESIAN_POINT('',(0.035773412685722,-0.01895,0.0031));
#5295=CARTESIAN_POINT('',(0.035773412685722,-0.01895,0.0024));
#5296=CARTESIAN_POINT('',(0.035773412685722,-0.01895,0.0024));
#5297=CARTESIAN_POINT('',(0.035773412685722,-0.0143948401686665,0.0024));
#5298=CARTESIAN_POINT('',(0.035773412685722,-0.01895,0.0024));
#5299=CARTESIAN_POINT('',(0.035773412685722,-0.01895,0.0031));
#5300=CARTESIAN_POINT('',(0.0356829683187998,-0.01895,0.0031));
#5301=CARTESIAN_POINT('',(0.0356829683187998,-0.01895,0.0024));
#5302=CARTESIAN_POINT('',(0.0356829683187998,-0.01895,0.0024));
#5303=CARTESIAN_POINT('',(0.035912095213445,-0.01895,0.0024));
#5304=CARTESIAN_POINT('',(0.0343865874084917,-0.01895,0.0024));
#5305=CARTESIAN_POINT('',(0.0343865874084917,-0.01895,0.0024));
#5306=CARTESIAN_POINT('',(0.0343865874084917,-0.01895,0.0024));
#5307=CARTESIAN_POINT('',(0.0343865874084917,-0.01895,0.0031));
#5308=CARTESIAN_POINT('',(0.0343865874084917,-0.01895,0.0031));
#5309=CARTESIAN_POINT('',(0.0343865874084917,-0.0174425813228082,0.0031));
#5310=CARTESIAN_POINT('',(0.0343865874084917,-0.0174425813228082,0.0024));
#5311=CARTESIAN_POINT('',(0.0343865874084917,-0.0174425813228082,0.0024));
#5312=CARTESIAN_POINT('',(0.0343865874084917,-0.0143948401686665,0.0024));
#5313=CARTESIAN_POINT('',(0.0343865874084917,-0.0174425813228082,0.0024));
#5314=CARTESIAN_POINT('',(0.0343865874084917,-0.0174425813228082,0.0031));
#5315=CARTESIAN_POINT('',(0.0344921076580319,-0.0174425813228082,0.0031));
#5316=CARTESIAN_POINT('',(0.0344921076580319,-0.0174425813228082,0.0024));
#5317=CARTESIAN_POINT('',(0.0344921076580319,-0.0174425813228082,0.0024));
#5318=CARTESIAN_POINT('',(0.035912095213445,-0.0174425813228082,0.0024));
#5319=CARTESIAN_POINT('',(0.0344921076580319,-0.0174425813228082,0.0024));
#5320=CARTESIAN_POINT('',(0.0344921076580319,-0.0174425813228082,0.0031));
#5321=CARTESIAN_POINT('',(0.0344921076580319,-0.0143948401686665,0.0024));
#5322=CARTESIAN_POINT('',(0.0359467658453758,-0.0372151871173422,0.0031));
#5323=CARTESIAN_POINT('',(0.0359467658453758,-0.01895,0.0031));
#5324=CARTESIAN_POINT('',(0.0344921076580319,-0.01895,0.0031));
#5325=CARTESIAN_POINT('',(0.0359467658453758,-0.01895,0.0031));
#5326=CARTESIAN_POINT('',(0.035912095213445,-0.0143948401686665,0.0024));
#5327=CARTESIAN_POINT('',(0.0344921076580319,-0.01895,0.0024));
#5328=CARTESIAN_POINT('',(0.0344921076580319,-0.01895,0.0024));
#5329=CARTESIAN_POINT('',(0.0300075374231338,-0.01895,0.0024));
#5330=CARTESIAN_POINT('',(0.0344921076580319,-0.01895,0.0024));
#5331=CARTESIAN_POINT('',(0.0344921076580319,-0.01895,0.0024));
#5332=CARTESIAN_POINT('',(0.0300075374231338,-0.01895,0.0038));
#5333=CARTESIAN_POINT('',(0.0356829683187998,-0.01895,0.0038));
#5334=CARTESIAN_POINT('',(0.0356829683187998,-0.02035,0.0038));
#5335=CARTESIAN_POINT('',(0.0359467658453758,-0.02035,0.0038));
#5336=CARTESIAN_POINT('',(0.0344921076580319,-0.02035,0.0038));
#5337=CARTESIAN_POINT('',(0.0344921076580319,-0.01895,0.0038));
#5338=CARTESIAN_POINT('',(0.0300075374231338,-0.01895,0.0038));
#5339=CARTESIAN_POINT('',(0.0300075374231338,-0.01965,0.0038));
#5340=CARTESIAN_POINT('',(0.0344921076580319,-0.01965,0.0038));
#5341=CARTESIAN_POINT('',(0.0356829683187998,-0.01965,0.0038));
#5342=CARTESIAN_POINT('',(0.0356829683187998,-0.01895,0.0038));
#5343=CARTESIAN_POINT('',(0.0344921076580319,-0.01895,0.0038));
#5344=CARTESIAN_POINT('',(0.0359467658453758,-0.02035,0.0197360511462486));
#5345=CARTESIAN_POINT('',(0.0344921076580319,-0.02035,0.0197360511462486));
#5346=CARTESIAN_POINT('',(0.0344921076580319,-0.02035,0.012));
#5347=CARTESIAN_POINT('',(0.0356829683187998,-0.02035,0.0197360511462486));
#5348=CARTESIAN_POINT('',(0.0356829683187998,-0.02035,0.012));
#5349=CARTESIAN_POINT('',(-0.044,-0.02035,0.012));
#5350=CARTESIAN_POINT('',(0.0359467658453758,-0.01965,0.0197360511462486));
#5351=CARTESIAN_POINT('',(0.0359467658453758,-0.01965,0.012));
#5352=CARTESIAN_POINT('',(0.0344921076580319,-0.01965,0.012));
#5353=CARTESIAN_POINT('',(0.0356829683187998,-0.01965,0.012));
#5354=CARTESIAN_POINT('',(0.0356829683187998,-0.01965,0.0014708640289064));
#5355=CARTESIAN_POINT('',(0.0344921076580319,-0.01965,0.0164395319644902));
#5356=CARTESIAN_POINT('',(0.0356829683187998,-0.02042,0.0014708640289064));
#5357=CARTESIAN_POINT('',(0.0356829683187998,-0.02042,0.012));
#5358=CARTESIAN_POINT('',(0.0344921076580319,-0.02042,0.0164395319644902));
#5359=CARTESIAN_POINT('',(0.0344921076580319,-0.02042,0.012));
#5360=CARTESIAN_POINT('',(-0.044,-0.036,0.012));
#5361=CARTESIAN_POINT('',(0.,0.,0.));
#5362=CARTESIAN_POINT('',(0.0225175511888078,-0.0125567987233492,0.0049));
#5363=CARTESIAN_POINT('',(0.0305339398943707,-0.007300851665153,0.0049));
#5364=CARTESIAN_POINT('',(0.0303631265283147,-0.00747863760189641,0.0049));
#5365=CARTESIAN_POINT('',(0.0301678057988544,-0.00758086739085148,0.0049));
#5366=CARTESIAN_POINT('',(0.0299468569595895,-0.0076400367410275,0.0049));
#5367=CARTESIAN_POINT('',(0.0305339398943709,-0.00730085166515283,0.0049));
#5368=CARTESIAN_POINT('',(0.0299468569595895,-0.0076400367410275,0.0049));
#5369=CARTESIAN_POINT('',(0.0225175511888078,-0.0076400367410275,0.0049));
#5370=CARTESIAN_POINT('',(0.0305975400731919,-0.00764003674102656,0.0049));
#5371=CARTESIAN_POINT('',(0.0305975400731919,-0.00764003674102656,0.0049));
#5372=CARTESIAN_POINT('',(0.0305500218514386,-0.00754657681558573,0.0049));
#5373=CARTESIAN_POINT('',(0.0305278336152099,-0.00745205916294858,0.0049));
#5374=CARTESIAN_POINT('',(0.030533940393964,-0.00730085168532986,0.0049));
#5375=CARTESIAN_POINT('',(0.,0.,0.));
#5376=CARTESIAN_POINT('',(0.0319521076580319,-0.014872581971515,0.0024));
#5377=CARTESIAN_POINT('',(0.0319521076580319,-0.014872581971515,0.0024));
#5378=CARTESIAN_POINT('',(0.0319521076580319,-0.014872581971515,0.0024));
#5379=CARTESIAN_POINT('',(0.0319521076580319,-0.014872581971515,0.0031));
#5380=CARTESIAN_POINT('',(0.0319521076580319,-0.014872581971515,0.0031));
#5381=CARTESIAN_POINT('',(0.0331429683187998,-0.014872581971515,0.0031));
#5382=CARTESIAN_POINT('',(0.0331429683187998,-0.014872581971515,0.0024));
#5383=CARTESIAN_POINT('',(0.0331429683187998,-0.014872581971515,0.0024));
#5384=CARTESIAN_POINT('',(0.033372095213445,-0.014872581971515,0.0024));
#5385=CARTESIAN_POINT('',(0.0331429683187998,-0.014872581971515,0.0024));
#5386=CARTESIAN_POINT('',(0.0331429683187998,-0.014872581971515,0.0031));
#5387=CARTESIAN_POINT('',(0.0331429683187998,-0.0174425813228082,0.0031));
#5388=CARTESIAN_POINT('',(0.0331429683187998,-0.0174425813228082,0.0024));
#5389=CARTESIAN_POINT('',(0.0331429683187998,-0.0174425813228082,0.0024));
#5390=CARTESIAN_POINT('',(0.0331429683187998,-0.0143948401686665,0.0024));
#5391=CARTESIAN_POINT('',(0.0331429683187998,-0.0174425813228082,0.0024));
#5392=CARTESIAN_POINT('',(0.0331429683187998,-0.0174425813228082,0.0031));
#5393=CARTESIAN_POINT('',(0.033233412685722,-0.0174425813228082,0.0031));
#5394=CARTESIAN_POINT('',(0.033233412685722,-0.0174425813228082,0.0024));
#5395=CARTESIAN_POINT('',(0.033233412685722,-0.0174425813228082,0.0024));
#5396=CARTESIAN_POINT('',(0.033372095213445,-0.0174425813228082,0.0024));
#5397=CARTESIAN_POINT('',(0.033233412685722,-0.0174425813228082,0.0024));
#5398=CARTESIAN_POINT('',(0.033233412685722,-0.0174425813228082,0.0031));
#5399=CARTESIAN_POINT('',(0.033233412685722,-0.01895,0.0031));
#5400=CARTESIAN_POINT('',(0.033233412685722,-0.01895,0.0024));
#5401=CARTESIAN_POINT('',(0.033233412685722,-0.01895,0.0024));
#5402=CARTESIAN_POINT('',(0.033233412685722,-0.0143948401686665,0.0024));
#5403=CARTESIAN_POINT('',(0.0318465874084917,-0.01895,0.0024));
#5404=CARTESIAN_POINT('',(0.0318465874084917,-0.01895,0.0024));
#5405=CARTESIAN_POINT('',(0.0318465874084917,-0.01895,0.0024));
#5406=CARTESIAN_POINT('',(0.0318465874084917,-0.01895,0.0031));
#5407=CARTESIAN_POINT('',(0.0318465874084917,-0.01895,0.0031));
#5408=CARTESIAN_POINT('',(0.0318465874084917,-0.0174425813228082,0.0031));
#5409=CARTESIAN_POINT('',(0.0318465874084917,-0.0174425813228082,0.0024));
#5410=CARTESIAN_POINT('',(0.0318465874084917,-0.0174425813228082,0.0024));
#5411=CARTESIAN_POINT('',(0.0318465874084917,-0.0143948401686665,0.0024));
#5412=CARTESIAN_POINT('',(0.0318465874084917,-0.0174425813228082,0.0024));
#5413=CARTESIAN_POINT('',(0.0318465874084917,-0.0174425813228082,0.0031));
#5414=CARTESIAN_POINT('',(0.0319521076580319,-0.0174425813228082,0.0031));
#5415=CARTESIAN_POINT('',(0.0319521076580319,-0.0174425813228082,0.0024));
#5416=CARTESIAN_POINT('',(0.0319521076580319,-0.0174425813228082,0.0024));
#5417=CARTESIAN_POINT('',(0.033372095213445,-0.0174425813228082,0.0024));
#5418=CARTESIAN_POINT('',(0.0319521076580319,-0.0174425813228082,0.0024));
#5419=CARTESIAN_POINT('',(0.0319521076580319,-0.0174425813228082,0.0031));
#5420=CARTESIAN_POINT('',(0.0319521076580319,-0.0143948401686665,0.0024));
#5421=CARTESIAN_POINT('',(0.0334067658453758,-0.0372151871173422,0.0031));
#5422=CARTESIAN_POINT('',(0.0334067658453758,-0.01895,0.0031));
#5423=CARTESIAN_POINT('',(0.0319521076580319,-0.01895,0.0031));
#5424=CARTESIAN_POINT('',(0.0331429683187998,-0.01895,0.0031));
#5425=CARTESIAN_POINT('',(0.0334067658453758,-0.01895,0.0031));
#5426=CARTESIAN_POINT('',(0.0334067658453758,-0.01895,0.0031));
#5427=CARTESIAN_POINT('',(0.033372095213445,-0.0143948401686665,0.0024));
#5428=CARTESIAN_POINT('',(0.0319521076580319,-0.01895,0.0024));
#5429=CARTESIAN_POINT('',(0.0319521076580319,-0.01895,0.0024));
#5430=CARTESIAN_POINT('',(0.033233412685722,-0.01895,0.0024));
#5431=CARTESIAN_POINT('',(0.0331429683187998,-0.01895,0.0024));
#5432=CARTESIAN_POINT('',(0.0300075374231338,-0.01895,0.0024));
#5433=CARTESIAN_POINT('',(0.033233412685722,-0.01895,0.0024));
#5434=CARTESIAN_POINT('',(0.0331429683187998,-0.01895,0.0014708640289064));
#5435=CARTESIAN_POINT('',(0.0319521076580319,-0.01895,0.0024));
#5436=CARTESIAN_POINT('',(0.0319521076580319,-0.01895,0.0024));
#5437=CARTESIAN_POINT('',(0.0300075374231338,-0.01895,0.0038));
#5438=CARTESIAN_POINT('',(0.0331429683187998,-0.01895,0.0038));
#5439=CARTESIAN_POINT('',(0.0331429683187998,-0.02035,0.0038));
#5440=CARTESIAN_POINT('',(0.0334067658453758,-0.02035,0.0038));
#5441=CARTESIAN_POINT('',(0.0319521076580319,-0.02035,0.0038));
#5442=CARTESIAN_POINT('',(0.0319521076580319,-0.01895,0.0038));
#5443=CARTESIAN_POINT('',(0.0300075374231338,-0.01895,0.0038));
#5444=CARTESIAN_POINT('',(0.0331429683187998,-0.01895,0.0038));
#5445=CARTESIAN_POINT('',(0.0331429683187998,-0.01965,0.0038));
#5446=CARTESIAN_POINT('',(0.0319521076580319,-0.01895,0.0038));
#5447=CARTESIAN_POINT('',(0.0319521076580319,-0.01965,0.0038));
#5448=CARTESIAN_POINT('',(0.0300075374231338,-0.01965,0.0038));
#5449=CARTESIAN_POINT('',(0.0334067658453758,-0.02035,0.0197360511462486));
#5450=CARTESIAN_POINT('',(0.0319521076580319,-0.02035,0.0197360511462486));
#5451=CARTESIAN_POINT('',(0.0319521076580319,-0.02035,0.012));
#5452=CARTESIAN_POINT('',(0.0331429683187998,-0.02035,0.0197360511462486));
#5453=CARTESIAN_POINT('',(0.0331429683187998,-0.02035,0.012));
#5454=CARTESIAN_POINT('',(-0.044,-0.02035,0.012));
#5455=CARTESIAN_POINT('',(0.0334067658453758,-0.01965,0.0197360511462486));
#5456=CARTESIAN_POINT('',(0.0334067658453758,-0.01965,0.012));
#5457=CARTESIAN_POINT('',(0.0319521076580319,-0.01965,0.012));
#5458=CARTESIAN_POINT('',(0.0331429683187998,-0.01965,0.012));
#5459=CARTESIAN_POINT('',(0.0331429683187998,-0.01965,0.0014708640289064));
#5460=CARTESIAN_POINT('',(0.0319521076580319,-0.01965,0.0164395319644902));
#5461=CARTESIAN_POINT('',(0.0331429683187998,-0.02042,0.0014708640289064));
#5462=CARTESIAN_POINT('',(0.0331429683187998,-0.02042,0.012));
#5463=CARTESIAN_POINT('',(0.0319521076580319,-0.02042,0.0164395319644902));
#5464=CARTESIAN_POINT('',(0.0319521076580319,-0.02042,0.012));
#5465=CARTESIAN_POINT('',(-0.044,-0.036,0.012));
#5466=CARTESIAN_POINT('',(0.,0.,0.));
#5467=CARTESIAN_POINT('',(0.0225175511888078,-0.0125567987233492,0.0049));
#5468=CARTESIAN_POINT('',(0.03142078739574,-0.00726749588191617,0.0049));
#5469=CARTESIAN_POINT('',(0.0314451065619718,-0.007070099413945,0.0049));
#5470=CARTESIAN_POINT('',(0.0314133448780773,-0.00681385063987668,0.0049));
#5471=CARTESIAN_POINT('',(0.0312873199185871,-0.00674751927261456,0.0049));
#5472=CARTESIAN_POINT('',(0.0311280241713567,-0.00679160131455795,0.0049));
#5473=CARTESIAN_POINT('',(0.0310085746022696,-0.00701787593071664,0.0049));
#5474=CARTESIAN_POINT('',(0.0309543736823237,-0.00723880116370936,0.0049));
#5475=CARTESIAN_POINT('',(0.0309291109589191,-0.00743155942620212,0.0049));
#5476=CARTESIAN_POINT('',(0.0309534089924642,-0.00769326526321302,0.0049));
#5477=CARTESIAN_POINT('',(0.0310836329218167,-0.00776785468398595,0.0049));
#5478=CARTESIAN_POINT('',(0.0312469888438482,-0.00772316046506252,0.0049));
#5479=CARTESIAN_POINT('',(0.0313684815627794,-0.00749304811409737,0.0049));
#5480=CARTESIAN_POINT('',(0.03142078739574,-0.00726749588191617,0.0049));
#5481=CARTESIAN_POINT('',(0.0314451065619718,-0.007070099413945,0.0049));
#5482=CARTESIAN_POINT('',(0.0314133448780773,-0.00681385063987668,0.0049));
#5483=CARTESIAN_POINT('',(0.0314355676715844,-0.00705119774166894,0.0049));
#5484=CARTESIAN_POINT('',(0.,0.,0.));
#5485=CARTESIAN_POINT('',(0.0294121076580319,-0.014872581971515,0.0024));
#5486=CARTESIAN_POINT('',(0.0294121076580319,-0.014872581971515,0.0024));
#5487=CARTESIAN_POINT('',(0.0294121076580319,-0.014872581971515,0.0024));
#5488=CARTESIAN_POINT('',(0.0294121076580319,-0.014872581971515,0.0031));
#5489=CARTESIAN_POINT('',(0.0294121076580319,-0.014872581971515,0.0031));
#5490=CARTESIAN_POINT('',(0.0306029683187998,-0.014872581971515,0.0031));
#5491=CARTESIAN_POINT('',(0.0306029683187998,-0.014872581971515,0.0024));
#5492=CARTESIAN_POINT('',(0.0306029683187998,-0.014872581971515,0.0024));
#5493=CARTESIAN_POINT('',(0.030832095213445,-0.014872581971515,0.0024));
#5494=CARTESIAN_POINT('',(0.0306029683187998,-0.014872581971515,0.0024));
#5495=CARTESIAN_POINT('',(0.0306029683187998,-0.014872581971515,0.0031));
#5496=CARTESIAN_POINT('',(0.0306029683187998,-0.0174425813228082,0.0031));
#5497=CARTESIAN_POINT('',(0.0306029683187998,-0.0174425813228082,0.0024));
#5498=CARTESIAN_POINT('',(0.0306029683187998,-0.0174425813228082,0.0024));
#5499=CARTESIAN_POINT('',(0.0306029683187998,-0.0143948401686665,0.0024));
#5500=CARTESIAN_POINT('',(0.0306029683187998,-0.0174425813228082,0.0024));
#5501=CARTESIAN_POINT('',(0.0306029683187998,-0.0174425813228082,0.0031));
#5502=CARTESIAN_POINT('',(0.030693412685722,-0.0174425813228082,0.0031));
#5503=CARTESIAN_POINT('',(0.030693412685722,-0.0174425813228082,0.0024));
#5504=CARTESIAN_POINT('',(0.030693412685722,-0.0174425813228082,0.0024));
#5505=CARTESIAN_POINT('',(0.030832095213445,-0.0174425813228082,0.0024));
#5506=CARTESIAN_POINT('',(0.030693412685722,-0.0174425813228082,0.0024));
#5507=CARTESIAN_POINT('',(0.030693412685722,-0.0174425813228082,0.0031));
#5508=CARTESIAN_POINT('',(0.030693412685722,-0.01895,0.0031));
#5509=CARTESIAN_POINT('',(0.030693412685722,-0.01895,0.0024));
#5510=CARTESIAN_POINT('',(0.030693412685722,-0.01895,0.0024));
#5511=CARTESIAN_POINT('',(0.030693412685722,-0.0143948401686665,0.0024));
#5512=CARTESIAN_POINT('',(0.0293065874084917,-0.01895,0.0024));
#5513=CARTESIAN_POINT('',(0.0293065874084917,-0.01895,0.0024));
#5514=CARTESIAN_POINT('',(0.0293065874084917,-0.01895,0.0024));
#5515=CARTESIAN_POINT('',(0.0293065874084917,-0.01895,0.0031));
#5516=CARTESIAN_POINT('',(0.0293065874084917,-0.01895,0.0031));
#5517=CARTESIAN_POINT('',(0.0293065874084917,-0.0174425813228082,0.0031));
#5518=CARTESIAN_POINT('',(0.0293065874084917,-0.0174425813228082,0.0024));
#5519=CARTESIAN_POINT('',(0.0293065874084917,-0.0174425813228082,0.0024));
#5520=CARTESIAN_POINT('',(0.0293065874084917,-0.0143948401686665,0.0024));
#5521=CARTESIAN_POINT('',(0.0293065874084917,-0.0174425813228082,0.0024));
#5522=CARTESIAN_POINT('',(0.0293065874084917,-0.0174425813228082,0.0031));
#5523=CARTESIAN_POINT('',(0.0294121076580319,-0.0174425813228082,0.0031));
#5524=CARTESIAN_POINT('',(0.0294121076580319,-0.0174425813228082,0.0024));
#5525=CARTESIAN_POINT('',(0.0294121076580319,-0.0174425813228082,0.0024));
#5526=CARTESIAN_POINT('',(0.030832095213445,-0.0174425813228082,0.0024));
#5527=CARTESIAN_POINT('',(0.0294121076580319,-0.0174425813228082,0.0024));
#5528=CARTESIAN_POINT('',(0.0294121076580319,-0.0174425813228082,0.0031));
#5529=CARTESIAN_POINT('',(0.0294121076580319,-0.0143948401686665,0.0024));
#5530=CARTESIAN_POINT('',(0.0308667658453758,-0.0372151871173422,0.0031));
#5531=CARTESIAN_POINT('',(0.0308667658453758,-0.01895,0.0031));
#5532=CARTESIAN_POINT('',(0.0294121076580319,-0.01895,0.0031));
#5533=CARTESIAN_POINT('',(0.0306029683187998,-0.01895,0.0031));
#5534=CARTESIAN_POINT('',(0.0308667658453758,-0.01895,0.0031));
#5535=CARTESIAN_POINT('',(0.0308667658453758,-0.01895,0.0031));
#5536=CARTESIAN_POINT('',(0.030832095213445,-0.0143948401686665,0.0024));
#5537=CARTESIAN_POINT('',(0.0294121076580319,-0.01895,0.0024));
#5538=CARTESIAN_POINT('',(0.0294121076580319,-0.01895,0.0024));
#5539=CARTESIAN_POINT('',(0.030693412685722,-0.01895,0.0024));
#5540=CARTESIAN_POINT('',(0.0306029683187998,-0.01895,0.0024));
#5541=CARTESIAN_POINT('',(0.0300075374231338,-0.01895,0.0024));
#5542=CARTESIAN_POINT('',(0.030693412685722,-0.01895,0.0024));
#5543=CARTESIAN_POINT('',(0.0306029683187998,-0.01895,0.0014708640289064));
#5544=CARTESIAN_POINT('',(0.0294121076580319,-0.01895,0.0024));
#5545=CARTESIAN_POINT('',(0.0294121076580319,-0.01895,0.0024));
#5546=CARTESIAN_POINT('',(0.0300075374231338,-0.01895,0.0038));
#5547=CARTESIAN_POINT('',(0.0306029683187998,-0.01895,0.0038));
#5548=CARTESIAN_POINT('',(0.0306029683187998,-0.01965,0.0038));
#5549=CARTESIAN_POINT('',(0.0294121076580319,-0.01895,0.0038));
#5550=CARTESIAN_POINT('',(0.0294121076580319,-0.01965,0.0038));
#5551=CARTESIAN_POINT('',(0.0300075374231338,-0.01965,0.0038));
#5552=CARTESIAN_POINT('',(0.0300075374231338,-0.01895,0.0038));
#5553=CARTESIAN_POINT('',(0.0306029683187998,-0.01895,0.0038));
#5554=CARTESIAN_POINT('',(0.0306029683187998,-0.02035,0.0038));
#5555=CARTESIAN_POINT('',(0.0308667658453758,-0.02035,0.0038));
#5556=CARTESIAN_POINT('',(0.0294121076580319,-0.02035,0.0038));
#5557=CARTESIAN_POINT('',(0.0294121076580319,-0.01895,0.0038));
#5558=CARTESIAN_POINT('',(0.0308667658453758,-0.02035,0.0197360511462486));
#5559=CARTESIAN_POINT('',(0.0294121076580319,-0.02035,0.0197360511462486));
#5560=CARTESIAN_POINT('',(0.0294121076580319,-0.02035,0.012));
#5561=CARTESIAN_POINT('',(0.0306029683187998,-0.02035,0.0197360511462486));
#5562=CARTESIAN_POINT('',(0.0306029683187998,-0.02035,0.012));
#5563=CARTESIAN_POINT('',(-0.044,-0.02035,0.012));
#5564=CARTESIAN_POINT('',(0.0308667658453758,-0.01965,0.0197360511462486));
#5565=CARTESIAN_POINT('',(0.0308667658453758,-0.01965,0.012));
#5566=CARTESIAN_POINT('',(0.0294121076580319,-0.01965,0.012));
#5567=CARTESIAN_POINT('',(0.0306029683187998,-0.01965,0.012));
#5568=CARTESIAN_POINT('',(0.0306029683187998,-0.01965,0.0014708640289064));
#5569=CARTESIAN_POINT('',(0.0294121076580319,-0.01965,0.0164395319644902));
#5570=CARTESIAN_POINT('',(0.0306029683187998,-0.02042,0.0014708640289064));
#5571=CARTESIAN_POINT('',(0.0306029683187998,-0.02042,0.012));
#5572=CARTESIAN_POINT('',(0.0294121076580319,-0.02042,0.0164395319644902));
#5573=CARTESIAN_POINT('',(0.0294121076580319,-0.02042,0.012));
#5574=CARTESIAN_POINT('',(-0.044,-0.036,0.012));
#5575=CARTESIAN_POINT('',(0.,0.,0.));
#5576=CARTESIAN_POINT('',(0.0226066456744522,0.00287228158235683,0.005));
#5577=CARTESIAN_POINT('',(0.0241100723157728,0.00266291119385879,0.005));
#5578=CARTESIAN_POINT('',(0.0251066456744521,0.00151793557569788,0.005));
#5579=CARTESIAN_POINT('',(0.0251066456744522,2.59087729048701E-10,0.005));
#5580=CARTESIAN_POINT('',(0.0251066456744522,-3.30743889927669E-8,0.005));
#5581=CARTESIAN_POINT('',(0.0251066456738775,-6.64079374027891E-8,0.005));
#5582=CARTESIAN_POINT('',(0.025106645672728,-9.9741557490646E-8,0.005));
#5583=CARTESIAN_POINT('',(0.0251065933311678,-0.0015179951941258,0.005));
#5584=CARTESIAN_POINT('',(0.0241100251000627,-0.00266291725104347,0.005));
#5585=CARTESIAN_POINT('',(0.0226066456744522,-0.00287228106418141,0.005));
#5586=CARTESIAN_POINT('',(0.0222066456744522,0.0025000002590876,0.002));
#5587=CARTESIAN_POINT('',(0.0235152106025642,0.00231776672680627,0.002));
#5588=CARTESIAN_POINT('',(0.0243826163738981,0.001321193368127,0.002));
#5589=CARTESIAN_POINT('',(0.0243826163738981,2.59087828524684E-10,0.002));
#5590=CARTESIAN_POINT('',(0.0243826163738981,-2.87539796344094E-8,0.002));
#5591=CARTESIAN_POINT('',(0.0243826163733979,-5.77671094939182E-8,0.002));
#5592=CARTESIAN_POINT('',(0.0243826163723974,-8.67803017409743E-8,0.002));
#5593=CARTESIAN_POINT('',(0.0243825708149168,-0.00132124519214611,0.002));
#5594=CARTESIAN_POINT('',(0.0235151695065635,-0.00231777193174702,0.002));
#5595=CARTESIAN_POINT('',(0.0222066456744522,-0.002499999740912,0.002));
#5596=CARTESIAN_POINT('',(0.0222066456744522,0.00250000025908759,0.002));
#5597=CARTESIAN_POINT('',(0.0226066456744522,0.00287228158235683,0.005));
#5598=CARTESIAN_POINT('',(0.0222066456744522,0.00250000025908759,0.002));
#5599=CARTESIAN_POINT('',(0.0235030234286022,0.00191486921435371,0.002));
#5600=CARTESIAN_POINT('',(0.0231433553614193,0.00222376034116539,0.002));
#5601=CARTESIAN_POINT('',(0.0226762183653063,0.00243460656842782,0.002));
#5602=CARTESIAN_POINT('',(0.0222066456744522,0.0025000002590876,0.002));
#5603=CARTESIAN_POINT('',(0.0235030234286098,0.00191486921434763,0.00200000000000158));
#5604=CARTESIAN_POINT('',(0.021858490362541,2.59087796355972E-10,0.00200000000000316));
#5605=CARTESIAN_POINT('',(0.0235030234286097,-0.00191486869617222,0.0020000000000016));
#5606=CARTESIAN_POINT('',(0.0222066456744522,-0.00249999974091228,0.002));
#5607=CARTESIAN_POINT('',(0.0226762183653063,-0.00243460605025249,0.002));
#5608=CARTESIAN_POINT('',(0.0231433553614193,-0.00222375982299005,0.002));
#5609=CARTESIAN_POINT('',(0.0235030234286022,-0.00191486869617838,0.002));
#5610=CARTESIAN_POINT('',(0.0222066456744522,-0.00249999974091228,0.002));
#5611=CARTESIAN_POINT('',(0.0226066456744522,-0.00287228106418156,0.005));
#5612=CARTESIAN_POINT('',(0.0226066456744522,-0.00287228106418156,0.005));
#5613=CARTESIAN_POINT('',(0.0226066456744522,0.00287228158235683,0.005));
#5614=CARTESIAN_POINT('',(0.0229209365200589,0.00282851277140357,0.005));
#5615=CARTESIAN_POINT('',(0.0235764629747827,0.00262917971815293,0.005));
#5616=CARTESIAN_POINT('',(0.0244470330317819,0.00195152433455586,0.005));
#5617=CARTESIAN_POINT('',(0.0250000646573387,0.000988384156945799,0.005));
#5618=CARTESIAN_POINT('',(0.0251599361830088,2.59087648620398E-10,0.005));
#5619=CARTESIAN_POINT('',(0.0250000646573387,-0.000988383638770495,0.005));
#5620=CARTESIAN_POINT('',(0.0244470330317819,-0.00195152381638056,0.005));
#5621=CARTESIAN_POINT('',(0.0235764629747827,-0.00262917919997765,0.005));
#5622=CARTESIAN_POINT('',(0.0229209365200589,-0.0028285122532283,0.005));
#5623=CARTESIAN_POINT('',(0.0226066456744522,-0.00287228106418156,0.005));
#5624=CARTESIAN_POINT('',(0.0373933543255479,-0.00287228158235675,0.005));
#5625=CARTESIAN_POINT('',(0.0358899276842272,-0.00266291119385865,0.005));
#5626=CARTESIAN_POINT('',(0.0348933543255479,-0.0015179355756977,0.005));
#5627=CARTESIAN_POINT('',(0.0348933543255479,-2.59087517662238E-10,0.005));
#5628=CARTESIAN_POINT('',(0.0348933543255479,3.30743892042951E-8,0.005));
#5629=CARTESIAN_POINT('',(0.0348933543261226,6.64079376144591E-8,0.005));
#5630=CARTESIAN_POINT('',(0.0348933543272721,9.97415577024578E-8,0.005));
#5631=CARTESIAN_POINT('',(0.0348934066688323,0.00151799519412603,0.00500000000000001));
#5632=CARTESIAN_POINT('',(0.0358899748999373,0.00266291725104373,0.005));
#5633=CARTESIAN_POINT('',(0.0373933543255479,0.00287228106418172,0.005));
#5634=CARTESIAN_POINT('',(0.0377933543255479,-0.00250000025908752,0.002));
#5635=CARTESIAN_POINT('',(0.0364847893974358,-0.00231776672680612,0.002));
#5636=CARTESIAN_POINT('',(0.0356173836261019,-0.00132119336812677,0.002));
#5637=CARTESIAN_POINT('',(0.0356173836261019,-2.59087517662238E-10,0.002));
#5638=CARTESIAN_POINT('',(0.0356173836261019,2.87539799453963E-8,0.002));
#5639=CARTESIAN_POINT('',(0.0356173836266021,5.77671098050297E-8,0.002));
#5640=CARTESIAN_POINT('',(0.0356173836276026,8.67803020522104E-8,0.002));
#5641=CARTESIAN_POINT('',(0.0356174291850832,0.00132124519214649,0.002));
#5642=CARTESIAN_POINT('',(0.0364848304934365,0.00231777193174746,0.002));
#5643=CARTESIAN_POINT('',(0.0377933543255479,0.00249999974091248,0.002));
#5644=CARTESIAN_POINT('',(0.0377933543255479,-0.00250000025908752,0.002));
#5645=CARTESIAN_POINT('',(0.0373933543255479,-0.00287228158235675,0.005));
#5646=CARTESIAN_POINT('',(0.0377933543255479,-0.00250000025908752,0.002));
#5647=CARTESIAN_POINT('',(0.0364818990871474,-0.00190181648115129,0.002));
#5648=CARTESIAN_POINT('',(0.0368439183855294,-0.00221773083714483,0.002));
#5649=CARTESIAN_POINT('',(0.0373174680461823,-0.00243372732467673,0.002));
#5650=CARTESIAN_POINT('',(0.0377933543255479,-0.00250000025908752,0.002));
#5651=CARTESIAN_POINT('',(0.0364818990871474,-0.00190181648115129,0.002));
#5652=CARTESIAN_POINT('',(0.0381415096374595,-2.59087518800216E-10,0.002));
#5653=CARTESIAN_POINT('',(0.0364818990871474,0.00190181596297626,0.002));
#5654=CARTESIAN_POINT('',(0.0377933543255479,0.00249999974091248,0.002));
#5655=CARTESIAN_POINT('',(0.0373174680461823,0.00243372680650169,0.002));
#5656=CARTESIAN_POINT('',(0.0368439183855294,0.00221773031896979,0.002));
#5657=CARTESIAN_POINT('',(0.0364818990871474,0.00190181596297626,0.002));
#5658=CARTESIAN_POINT('',(0.0377933543255479,0.00249999974091248,0.002));
#5659=CARTESIAN_POINT('',(0.0373933543255479,0.00287228106418172,0.005));
#5660=CARTESIAN_POINT('',(0.0373933543255479,0.00287228106418172,0.005));
#5661=CARTESIAN_POINT('',(0.0373933543255479,-0.00287228158235675,0.005));
#5662=CARTESIAN_POINT('',(0.0370790634799412,-0.00282851277140348,0.005));
#5663=CARTESIAN_POINT('',(0.0364235370252173,-0.00262917971815279,0.005));
#5664=CARTESIAN_POINT('',(0.0355529669682181,-0.00195152433455572,0.005));
#5665=CARTESIAN_POINT('',(0.0349999353426612,-0.000988384156945587,0.005));
#5666=CARTESIAN_POINT('',(0.0348400638169912,-2.5908750015104E-10,0.005));
#5667=CARTESIAN_POINT('',(0.0349999353426613,0.000988383638770687,0.005));
#5668=CARTESIAN_POINT('',(0.0355529669682181,0.00195152381638072,0.005));
#5669=CARTESIAN_POINT('',(0.0364235370252173,0.00262917919997779,0.005));
#5670=CARTESIAN_POINT('',(0.0370790634799412,0.00282851225322845,0.005));
#5671=CARTESIAN_POINT('',(0.0373933543255479,0.00287228106418172,0.005));
#5672=CARTESIAN_POINT('',(0.0375933543255479,0.00432197290832156,0.0035));
#5673=CARTESIAN_POINT('',(0.0377933543255479,0.00249999974091248,0.002));
#5674=CARTESIAN_POINT('',(0.0377933543255479,0.00615780541409601,0.002));
#5675=CARTESIAN_POINT('',(0.0377933543255479,0.00615780541409601,0.002));
#5676=CARTESIAN_POINT('',(0.0373933543255479,0.00575780541409602,0.005));
#5677=CARTESIAN_POINT('',(0.0373933543255479,0.00575780541409602,0.005));
#5678=CARTESIAN_POINT('',(0.03,0.00595780541409602,0.0035));
#5679=CARTESIAN_POINT('',(0.0377933543255479,0.00615780541409601,0.002));
#5680=CARTESIAN_POINT('',(0.0222066456744522,0.00615780541409601,0.002));
#5681=CARTESIAN_POINT('',(0.0222066456744522,0.00615780541409601,0.002));
#5682=CARTESIAN_POINT('',(0.0226066456744522,0.00575780541409602,0.005));
#5683=CARTESIAN_POINT('',(0.0226066456744522,0.00575780541409602,0.005));
#5684=CARTESIAN_POINT('',(0.03,0.00595780541409602,0.001));
#5685=CARTESIAN_POINT('',(0.0373933543255479,0.00575780541409602,-1.35525271560688E-19));
#5686=CARTESIAN_POINT('',(0.0373933543255479,0.00575780541409602,-5.03200313850322E-19));
#5687=CARTESIAN_POINT('',(0.0224587785879412,0.00575780541409602,0.));
#5688=CARTESIAN_POINT('',(0.0226066456744522,0.00575780541409602,5.25160427297666E-20));
#5689=CARTESIAN_POINT('',(0.0222066456744522,0.00615780541409601,0.002));
#5690=CARTESIAN_POINT('',(0.0224066456744522,0.00432197316740912,0.0035));
#5691=CARTESIAN_POINT('',(0.0222066456744522,0.0025000002590876,0.002));
#5692=CARTESIAN_POINT('',(0.0226066456744522,0.00597486299810521,0.005));
#5693=CARTESIAN_POINT('',(0.027467536528104,-0.0144294966369615,0.0035));
#5694=CARTESIAN_POINT('',(0.0262384566796099,-0.0142294966369615,0.005));
#5695=CARTESIAN_POINT('',(0.0262384566796099,-0.0142294966369615,0.005));
#5696=CARTESIAN_POINT('',(0.0266384566796099,-0.0146294966369615,0.002));
#5697=CARTESIAN_POINT('',(0.0266384566796099,-0.0146294966369615,0.002));
#5698=CARTESIAN_POINT('',(0.028296616376598,-0.0146294966369615,0.002));
#5699=CARTESIAN_POINT('',(0.028296616376598,-0.0146294966369615,0.002));
#5700=CARTESIAN_POINT('',(0.028696616376598,-0.0142294966369615,0.005));
#5701=CARTESIAN_POINT('',(0.028696616376598,-0.0142294966369615,0.005));
#5702=CARTESIAN_POINT('',(0.0264384566796099,-0.0152887248118925,0.0035));
#5703=CARTESIAN_POINT('',(0.0262384566796099,0.00597486299810521,0.005));
#5704=CARTESIAN_POINT('',(0.0262384566796099,-0.0159479529868236,0.005));
#5705=CARTESIAN_POINT('',(0.0266384566796099,-0.0163479529868236,0.002));
#5706=CARTESIAN_POINT('',(0.0266384565877141,-0.0163479528311497,0.00200000006255707));
#5707=CARTESIAN_POINT('',(0.0266384566796099,-0.0146294966369615,0.002));
#5708=CARTESIAN_POINT('',(0.028496616376598,-0.0152887248118925,0.0035));
#5709=CARTESIAN_POINT('',(0.028296616376598,-0.0146294966369615,0.002));
#5710=CARTESIAN_POINT('',(0.0282966164684937,-0.01634795283123,0.00200000006255707));
#5711=CARTESIAN_POINT('',(0.028296616376598,-0.0163479529868236,0.002));
#5712=CARTESIAN_POINT('',(0.028696616376598,-0.0159479529868236,0.005));
#5713=CARTESIAN_POINT('',(0.028696616376598,-0.0159479529868236,0.005));
#5714=CARTESIAN_POINT('',(0.0264384566796099,-0.0152876992406734,0.001));
#5715=CARTESIAN_POINT('',(0.0307670219768189,0.100493730032468,0.0226428264860448));
#5716=CARTESIAN_POINT('',(0.0262384566796099,-0.0159362434682787,0.));
#5717=CARTESIAN_POINT('',(0.0262384566796099,-0.016163082261434,0.));
#5718=CARTESIAN_POINT('',(0.0262384566796099,-0.0142294966369615,-5.42101086242752E-20));
#5719=CARTESIAN_POINT('',(0.0266384566796099,-0.0146294966369615,0.002));
#5720=CARTESIAN_POINT('',(0.027467536528104,-0.0144294966369615,0.001));
#5721=CARTESIAN_POINT('',(0.0262384566796099,-0.0142294966369615,2.16840434497101E-19));
#5722=CARTESIAN_POINT('',(0.028696616376598,-0.0142294966369615,-3.96441502620254E-19));
#5723=CARTESIAN_POINT('',(0.028696616376598,-0.0142294966369615,-5.82758667710959E-19));
#5724=CARTESIAN_POINT('',(0.028496616376598,-0.0152882475075859,0.001));
#5725=CARTESIAN_POINT('',(0.028696616376598,-0.016163082261434,0.));
#5726=CARTESIAN_POINT('',(0.028696616376598,-0.0159380435256735,0.));
#5727=CARTESIAN_POINT('',(0.0234346271482788,0.113717006909588,0.0263099461415957));
#5728=CARTESIAN_POINT('',(0.0330336798052076,-0.0161479529868236,0.0035));
#5729=CARTESIAN_POINT('',(0.0224587785879412,-0.0159479529868236,0.005));
#5730=CARTESIAN_POINT('',(0.0373933543255478,-0.0159479529868235,0.00500000000000029));
#5731=CARTESIAN_POINT('',(0.028296616376598,-0.0163479529868236,0.002));
#5732=CARTESIAN_POINT('',(0.0314471216317609,-0.0163479529868236,0.002));
#5733=CARTESIAN_POINT('',(0.0345976268869238,-0.0163479529868236,0.002));
#5734=CARTESIAN_POINT('',(0.0377481321420868,-0.0163479529868236,0.002));
#5735=CARTESIAN_POINT('',(0.0377481321422245,-0.016347952868603,0.00200000006327422));
#5736=CARTESIAN_POINT('',(0.0373933543255479,-0.0159479529868236,0.005));
#5737=CARTESIAN_POINT('',(0.0301951969041182,0.113417052044633,0.0278023031109627));
#5738=CARTESIAN_POINT('',(-0.0957528258631067,0.119005149427679,0.));
#5739=CARTESIAN_POINT('',(0.0373933542752583,-0.0159046323448508,6.13464160092941E-11));
#5740=CARTESIAN_POINT('',(0.0377481321420868,-0.0163479529868236,0.002));
#5741=CARTESIAN_POINT('',(0.0376298728699072,-0.0162001794773893,0.00133333333333333));
#5742=CARTESIAN_POINT('',(0.0375116135977275,-0.016052405967955,0.000666666666666666));
#5743=CARTESIAN_POINT('',(0.0373933543255479,-0.0159046324585207,-7.27601301691444E-19));
#5744=CARTESIAN_POINT('',(0.0375933543255479,-0.016103682384651,0.001));
#5745=CARTESIAN_POINT('',(0.0377933543255479,-0.0163027323107812,0.002));
#5746=CARTESIAN_POINT('',(0.0377933543255479,-0.0163027323107812,0.002));
#5747=CARTESIAN_POINT('',(0.0377481321420868,-0.0163479529868236,0.002));
#5748=CARTESIAN_POINT('',(0.0375933543255479,-0.0161253426488024,0.0035));
#5749=CARTESIAN_POINT('',(0.0377933543255479,-0.0163027323107812,0.002));
#5750=CARTESIAN_POINT('',(0.0375933543255479,-0.00940574178476227,0.0035));
#5751=CARTESIAN_POINT('',(0.0377933543255479,-0.0163027323107812,0.002));
#5752=CARTESIAN_POINT('',(0.0373933543255479,-0.00287228158235675,0.005));
#5753=CARTESIAN_POINT('',(0.0375933543255479,-0.00507293848527747,0.001));
#5754=CARTESIAN_POINT('',(0.0373933543255479,-0.0159046324585207,8.67361737988404E-19));
#5755=CARTESIAN_POINT('',(0.0377933543255479,-0.00255000025908752,0.002));
#5756=CARTESIAN_POINT('',(0.0244376253402496,-0.0161479529868236,0.0035));
#5757=CARTESIAN_POINT('',(0.0222669423273262,-0.0163479529868236,0.002));
#5758=CARTESIAN_POINT('',(0.0237241137780874,-0.0163479529868236,0.002));
#5759=CARTESIAN_POINT('',(0.0251812852288487,-0.0163479529868236,0.002));
#5760=CARTESIAN_POINT('',(0.0266384566796099,-0.0163479529868236,0.002));
#5761=CARTESIAN_POINT('',(0.0222669423145005,-0.0163479528820594,0.00200000006324954));
#5762=CARTESIAN_POINT('',(0.0224587785879412,-0.0159479529868236,0.005));
#5763=CARTESIAN_POINT('',(0.0226066456744521,-0.0159479529868236,0.00499999999999965));
#5764=CARTESIAN_POINT('',(0.0222669423273262,-0.0163479529868236,0.002));
#5765=CARTESIAN_POINT('',(0.0259238701965581,0.10000313111151,0.025070242977927));
#5766=CARTESIAN_POINT('',(0.0226066456744522,-0.0159067929509013,-2.38863291125713E-19));
#5767=CARTESIAN_POINT('',(0.0224934112254102,-0.0160538462962087,0.000666666666666667));
#5768=CARTESIAN_POINT('',(0.0223801767763682,-0.0162008996415162,0.00133333333333333));
#5769=CARTESIAN_POINT('',(0.0222669423273262,-0.0163479529868236,0.002));
#5770=CARTESIAN_POINT('',(0.0226066457247367,-0.0159067928375157,6.13464095833269E-11));
#5771=CARTESIAN_POINT('',(0.0759437132338646,0.105070013615714,0.));
#5772=CARTESIAN_POINT('',(0.0224367940008892,-0.0161479529868236,0.0035));
#5773=CARTESIAN_POINT('',(0.0222066456744522,-0.0163027323107812,0.002));
#5774=CARTESIAN_POINT('',(0.0222066456744522,-0.0163027323107812,0.002));
#5775=CARTESIAN_POINT('',(0.0226066456744522,-0.0159479529868236,0.005));
#5776=CARTESIAN_POINT('',(0.0224367940008892,-0.0161273729688624,0.001));
#5777=CARTESIAN_POINT('',(0.0226066456744522,-0.0159067929509013,0.));
#5778=CARTESIAN_POINT('',(0.0224066456744522,-0.00507347860837262,0.001));
#5779=CARTESIAN_POINT('',(0.0222066456744522,-0.00249999974091228,0.002));
#5780=CARTESIAN_POINT('',(0.0222066456744522,-0.0025499997409124,0.002));
#5781=CARTESIAN_POINT('',(0.0226066456744522,0.00575780541409601,1.05032085459533E-19));
#5782=CARTESIAN_POINT('',(0.0224066456744522,-0.00940574152567476,0.0035));
#5783=CARTESIAN_POINT('',(0.0226066456744522,0.00597486299810521,0.005));
#5784=CARTESIAN_POINT('',(0.0224587785879412,0.00597486299810521,0.005));
#5785=CARTESIAN_POINT('',(0.0321,3.98986399474666E-17,0.005));
#5786=CARTESIAN_POINT('',(0.0321,-0.000247487373415248,0.005));
#5787=CARTESIAN_POINT('',(0.0320103018320014,-0.000782138885421301,0.005));
#5788=CARTESIAN_POINT('',(0.031529276181382,-0.00152927618138192,0.005));
#5789=CARTESIAN_POINT('',(0.0307821388854214,-0.0020103018320013,0.005));
#5790=CARTESIAN_POINT('',(0.0302474873734153,-0.00209999999999998,0.005));
#5791=CARTESIAN_POINT('',(0.03,-0.00209999999999998,0.005));
#5792=CARTESIAN_POINT('',(0.0320999999999889,3.93533872543194E-17,0.0049999999998337));
#5793=CARTESIAN_POINT('',(0.03,-0.0020999999999889,0.0049999999998337));
#5794=CARTESIAN_POINT('',(0.03,-0.00209999999999998,0.005));
#5795=CARTESIAN_POINT('',(0.0297525126265847,-0.00209999999999998,0.005));
#5796=CARTESIAN_POINT('',(0.0292178611145786,-0.00201030183200131,0.005));
#5797=CARTESIAN_POINT('',(0.028470723818618,-0.00152927618138193,0.005));
#5798=CARTESIAN_POINT('',(0.0279896981679987,-0.000782138885421316,0.005));
#5799=CARTESIAN_POINT('',(0.0279,-0.000247487373415262,0.005));
#5800=CARTESIAN_POINT('',(0.0279,3.03576608295941E-17,0.005));
#5801=CARTESIAN_POINT('',(0.0279000000000111,2.48153284716407E-17,0.0049999999998337));
#5802=CARTESIAN_POINT('',(0.0279,3.03576608295941E-17,0.005));
#5803=CARTESIAN_POINT('',(0.0279,0.000247487373415316,0.005));
#5804=CARTESIAN_POINT('',(0.0279896981679987,0.000782138885421354,0.005));
#5805=CARTESIAN_POINT('',(0.0284707238186181,0.00152927618138197,0.005));
#5806=CARTESIAN_POINT('',(0.0292178611145786,0.00201030183200134,0.005));
#5807=CARTESIAN_POINT('',(0.0297525126265847,0.00210000000000002,0.005));
#5808=CARTESIAN_POINT('',(0.03,0.00210000000000003,0.005));
#5809=CARTESIAN_POINT('',(0.03,0.00209999999998894,0.0049999999998337));
#5810=CARTESIAN_POINT('',(0.03,0.00210000000000003,0.005));
#5811=CARTESIAN_POINT('',(0.0302474873734153,0.00210000000000003,0.005));
#5812=CARTESIAN_POINT('',(0.0307821388854213,0.00201030183200136,0.005));
#5813=CARTESIAN_POINT('',(0.031529276181382,0.00152927618138199,0.005));
#5814=CARTESIAN_POINT('',(0.0320103018320013,0.000782138885421372,0.005));
#5815=CARTESIAN_POINT('',(0.0321,0.000247487373415329,0.005));
#5816=CARTESIAN_POINT('',(0.0321,3.98986399474666E-17,0.005));
#5817=CARTESIAN_POINT('',(0.0240155484639371,-0.00349222689859544,0.005));
#5818=CARTESIAN_POINT('',(0.0240155484639371,-0.00349222689859543,0.005));
#5819=CARTESIAN_POINT('',(0.0240155484639371,-0.0109940685205988,0.005));
#5820=CARTESIAN_POINT('',(0.0245155484639371,-0.00349222689859543,0.005));
#5821=CARTESIAN_POINT('',(0.0245155484639371,-0.00299222689859544,0.005));
#5822=CARTESIAN_POINT('',(0.0354995266649716,-0.00299222689859544,0.005));
#5823=CARTESIAN_POINT('',(0.0354995266649716,-0.00299222689859544,0.005));
#5824=CARTESIAN_POINT('',(0.0354995266649716,-0.00349222689859545,0.005));
#5825=CARTESIAN_POINT('',(0.0359995266649716,-0.00349222689859545,0.005));
#5826=CARTESIAN_POINT('',(0.0359995266649716,-0.0109940685205988,0.005));
#5827=CARTESIAN_POINT('',(0.0359995266649716,-0.0109940685205988,0.005));
#5828=CARTESIAN_POINT('',(0.0354995266649716,-0.0109940685205988,0.005));
#5829=CARTESIAN_POINT('',(0.0354995266649716,-0.0114940685205988,0.005));
#5830=CARTESIAN_POINT('',(0.0245155484639371,-0.0114940685205988,0.005));
#5831=CARTESIAN_POINT('',(0.0245155484639371,-0.0114940685205988,0.005));
#5832=CARTESIAN_POINT('',(0.0245155484639371,-0.0109940685205988,0.005));
#5833=CARTESIAN_POINT('',(0.02615,0.0034,0.005));
#5834=CARTESIAN_POINT('',(0.0269,0.0034,0.005));
#5835=CARTESIAN_POINT('',(0.0244,-0.0138,0.005));
#5836=CARTESIAN_POINT('',(0.02515,-0.0138,0.005));
#5837=CARTESIAN_POINT('',(0.03385,0.0034,0.005));
#5838=CARTESIAN_POINT('',(0.0346,0.0034,0.005));
#5839=CARTESIAN_POINT('',(0.0356,-0.0138,0.005));
#5840=CARTESIAN_POINT('',(0.03635,-0.0138,0.005));
#5841=CARTESIAN_POINT('',(0.0224587785879412,-0.016163082261434,0.));
#5842=CARTESIAN_POINT('',(0.0356,-0.0138,0.));
#5843=CARTESIAN_POINT('',(0.03485,-0.0138,0.));
#5844=CARTESIAN_POINT('',(0.0244,-0.0138,0.));
#5845=CARTESIAN_POINT('',(0.02365,-0.0138,0.));
#5846=CARTESIAN_POINT('',(0.0224587785879412,-0.0112491133859632,0.));
#5847=CARTESIAN_POINT('',(0.0360899727748465,-0.0112491133859632,0.));
#5848=CARTESIAN_POINT('',(0.0238949554879369,-0.0112491133859632,0.));
#5849=CARTESIAN_POINT('',(0.0360899727748465,-0.016163082261434,0.));
#5850=CARTESIAN_POINT('',(0.0360899727748465,-0.00310905026799881,0.));
#5851=CARTESIAN_POINT('',(0.0224587785879412,-0.00310905026799881,0.));
#5852=CARTESIAN_POINT('',(0.0364818990871474,-0.00310905026799881,0.));
#5853=CARTESIAN_POINT('',(0.0364818990871474,-0.016163082261434,0.));
#5854=CARTESIAN_POINT('',(0.0364818990871474,0.00364418474632518,0.));
#5855=CARTESIAN_POINT('',(0.0364818990871474,0.00364418474632518,0.));
#5856=CARTESIAN_POINT('',(0.0341454013622777,0.00500086099051586,0.));
#5857=CARTESIAN_POINT('',(0.0224587785879412,0.00500086099051586,0.));
#5858=CARTESIAN_POINT('',(0.0327435015214209,0.00500086099051586,0.));
#5859=CARTESIAN_POINT('',(0.0327435015214209,-0.016163082261434,0.));
#5860=CARTESIAN_POINT('',(0.0327435015214209,0.00469937895092343,0.));
#5861=CARTESIAN_POINT('',(0.0224587785879412,0.00469937895092343,0.));
#5862=CARTESIAN_POINT('',(0.0272564984785791,0.00469937895092343,0.));
#5863=CARTESIAN_POINT('',(0.0272564984785791,-0.016163082261434,0.));
#5864=CARTESIAN_POINT('',(0.0272564984785791,0.00500086099051586,0.));
#5865=CARTESIAN_POINT('',(0.0224587785879412,0.00500086099051586,0.));
#5866=CARTESIAN_POINT('',(0.0258545986377223,0.00500086099051586,0.));
#5867=CARTESIAN_POINT('',(0.0258545986377223,0.00500086099051586,0.));
#5868=CARTESIAN_POINT('',(0.0235030234286022,0.00364418474632507,0.));
#5869=CARTESIAN_POINT('',(0.0235030234286022,-0.016163082261434,0.));
#5870=CARTESIAN_POINT('',(0.0235030234286022,-0.00310905026799881,0.));
#5871=CARTESIAN_POINT('',(0.0224587785879412,-0.00310905026799881,0.));
#5872=CARTESIAN_POINT('',(0.0238949554879369,-0.00310905026799881,0.));
#5873=CARTESIAN_POINT('',(0.0238949554879369,-0.016163082261434,0.));
#5874=CARTESIAN_POINT('',(0.03,3.71347529402436E-17,0.001));
#5875=CARTESIAN_POINT('',(0.03,0.00190000000000006,0.002));
#5876=CARTESIAN_POINT('',(0.0295025811631816,0.00190000000000006,0.002));
#5877=CARTESIAN_POINT('',(0.0285117036499003,0.00148829635009974,0.002));
#5878=CARTESIAN_POINT('',(0.0281,0.000497418836818426,0.002));
#5879=CARTESIAN_POINT('',(0.0281,3.7611560260396E-17,0.002));
#5880=CARTESIAN_POINT('',(0.03,0.00190000000000004,0.00199999993756241));
#5881=CARTESIAN_POINT('',(0.0281000000041442,3.83115458876319E-17,0.00199999993783916));
#5882=CARTESIAN_POINT('',(0.0281,3.47911122591486E-17,0.002));
#5883=CARTESIAN_POINT('',(0.0281,-0.000497418836818349,0.002));
#5884=CARTESIAN_POINT('',(0.0285117036499003,-0.00148829635009965,0.002));
#5885=CARTESIAN_POINT('',(0.0295025811631816,-0.00189999999999996,0.002));
#5886=CARTESIAN_POINT('',(0.03,-0.00189999999999996,0.002));
#5887=CARTESIAN_POINT('',(0.03,-0.00189999999585587,0.00199999993783916));
#5888=CARTESIAN_POINT('',(0.03,-0.00189999999999996,0.002));
#5889=CARTESIAN_POINT('',(0.0304974188368184,-0.00189999999999996,0.002));
#5890=CARTESIAN_POINT('',(0.0314882963500997,-0.00148829635009964,0.002));
#5891=CARTESIAN_POINT('',(0.0319,-0.00049741883681834,0.002));
#5892=CARTESIAN_POINT('',(0.0319,4.36784815881211E-17,0.002));
#5893=CARTESIAN_POINT('',(0.0318999999958561,4.13791660274637E-17,0.00199999993783915));
#5894=CARTESIAN_POINT('',(0.0319,2.91039909459987E-17,0.002));
#5895=CARTESIAN_POINT('',(0.0319,0.000497418836818414,0.002));
#5896=CARTESIAN_POINT('',(0.0314882963500997,0.00148829635009972,0.002));
#5897=CARTESIAN_POINT('',(0.0304974188368184,0.00190000000000004,0.002));
#5898=CARTESIAN_POINT('',(0.03,0.00190000000000004,0.002));
#5899=CARTESIAN_POINT('',(0.03,3.71931857310133E-17,0.));
#5900=CARTESIAN_POINT('',(0.0281,3.71931857310133E-17,1.11022302462517E-19));
#5901=CARTESIAN_POINT('',(0.03,2.34107091696483E-17,0.00199999999999996));
#5902=CARTESIAN_POINT('',(0.0225175511888078,-0.0125567987233492,0.0049));
#5903=CARTESIAN_POINT('',(0.0245155484639371,-0.0109940685205988,0.0049));
#5904=CARTESIAN_POINT('',(0.0240155484639371,-0.0109940685205988,0.0049));
#5905=CARTESIAN_POINT('',(0.0245155484639371,-0.0114940685205988,0.0049));
#5906=CARTESIAN_POINT('',(0.0225175511888078,-0.0114940685205988,0.0049));
#5907=CARTESIAN_POINT('',(0.0354995266649716,-0.0114940685205988,0.0049));
#5908=CARTESIAN_POINT('',(0.0354995266649716,-0.0109940685205988,0.0049));
#5909=CARTESIAN_POINT('',(0.0359995266649716,-0.0109940685205988,0.0049));
#5910=CARTESIAN_POINT('',(0.0359995266649716,-0.0125567987233492,0.0049));
#5911=CARTESIAN_POINT('',(0.0359995266649716,-0.00349222689859545,0.0049));
#5912=CARTESIAN_POINT('',(0.0354995266649716,-0.00349222689859545,0.0049));
#5913=CARTESIAN_POINT('',(0.0354995266649716,-0.00299222689859544,0.0049));
#5914=CARTESIAN_POINT('',(0.0225175511888078,-0.00299222689859544,0.0049));
#5915=CARTESIAN_POINT('',(0.0245155484639371,-0.00299222689859544,0.0049));
#5916=CARTESIAN_POINT('',(0.0245155484639371,-0.00349222689859543,0.0049));
#5917=CARTESIAN_POINT('',(0.0240155484639371,-0.00349222689859543,0.0049));
#5918=CARTESIAN_POINT('',(0.0240155484639371,-0.0125567987233492,0.0049));
#5919=CARTESIAN_POINT('',(0.0225175511888078,-0.00776607907585753,0.0049));
#5920=CARTESIAN_POINT('',(0.0280711674150096,-0.00776607907585753,0.0049));
#5921=CARTESIAN_POINT('',(0.0282276423633383,-0.00776607907585753,0.0049));
#5922=CARTESIAN_POINT('',(0.0282276423633383,-0.00776607907585753,0.0049));
#5923=CARTESIAN_POINT('',(0.0285208146247595,-0.0069328526486606,0.0049));
#5924=CARTESIAN_POINT('',(0.0225175511888078,-0.0069328526486606,0.0049));
#5925=CARTESIAN_POINT('',(0.0288671905067351,-0.0069328526486606,0.0049));
#5926=CARTESIAN_POINT('',(0.0288671905067351,-0.0069328526486606,0.0049));
#5927=CARTESIAN_POINT('',(0.0285718088518281,-0.00776607907585753,0.0049));
#5928=CARTESIAN_POINT('',(0.0285718088518281,-0.00776607907585753,0.0049));
#5929=CARTESIAN_POINT('',(0.028584076178006,-0.00776607907585753,0.0049));
#5930=CARTESIAN_POINT('',(0.0286103748375798,-0.00776607002752881,0.0049));
#5931=CARTESIAN_POINT('',(0.0286090397235141,-0.00776608631452051,0.0049));
#5932=CARTESIAN_POINT('',(0.0286783224593193,-0.00776603926321115,0.0049));
#5933=CARTESIAN_POINT('',(0.0287822483603848,-0.00775738347034745,0.0049));
#5934=CARTESIAN_POINT('',(0.0288710031238667,-0.00774145680011784,0.0049));
#5935=CARTESIAN_POINT('',(0.028988074110512,-0.00769653960856521,0.0049));
#5936=CARTESIAN_POINT('',(0.0290628099259461,-0.00763411132371481,0.0049));
#5937=CARTESIAN_POINT('',(0.0290827603183122,-0.00751878857128412,0.0049));
#5938=CARTESIAN_POINT('',(0.0290735638089804,-0.00750753785555094,0.0049));
#5939=CARTESIAN_POINT('',(0.0290527240701686,-0.00744830721614384,0.0049));
#5940=CARTESIAN_POINT('',(0.0289810313026447,-0.0073455099829391,0.0049));
#5941=CARTESIAN_POINT('',(0.0290009299634151,-0.00733503490165938,0.0049));
#5942=CARTESIAN_POINT('',(0.0290028541058993,-0.00732926146638133,0.0049));
#5943=CARTESIAN_POINT('',(0.0290028541058993,-0.00732926146638134,0.0049));
#5944=CARTESIAN_POINT('',(0.0290028543938422,-0.00732926060247715,0.0049));
#5945=CARTESIAN_POINT('',(0.0290108723540731,-0.00731162108996913,0.0049));
#5946=CARTESIAN_POINT('',(0.0290378834630343,-0.00727917752043917,0.0049));
#5947=CARTESIAN_POINT('',(0.0291680863246277,-0.00721803842222303,0.0049));
#5948=CARTESIAN_POINT('',(0.0292673651442421,-0.00716070953936588,0.0049));
#5949=CARTESIAN_POINT('',(0.0293595704727583,-0.00706208672676982,0.0049));
#5950=CARTESIAN_POINT('',(0.029389518037958,-0.0069471046167255,0.0049));
#5951=CARTESIAN_POINT('',(0.0293362071654755,-0.0068493305618497,0.0049));
#5952=CARTESIAN_POINT('',(0.029271881859586,-0.00681965467392241,0.0049));
#5953=CARTESIAN_POINT('',(0.0291929456133047,-0.00681010571641467,0.0049));
#5954=CARTESIAN_POINT('',(0.0291655883030241,-0.00680853517964498,0.0049));
#5955=CARTESIAN_POINT('',(0.0290470309979526,-0.00680884959825553,0.0049));
#5956=CARTESIAN_POINT('',(0.0289010806578925,-0.00680869708176534,0.0049));
#5957=CARTESIAN_POINT('',(0.0285489448399178,-0.00680878155243683,0.0049));
#5958=CARTESIAN_POINT('',(0.0282559813983322,-0.006808734624286,0.0049));
#5959=CARTESIAN_POINT('',(0.0280214560615779,-0.006808734624286,0.0049));
#5960=CARTESIAN_POINT('',(0.0280214560615779,-0.006808734624286,0.0049));
#5961=CARTESIAN_POINT('',(0.0280214560615779,-0.006808734624286,0.0049));
#5962=CARTESIAN_POINT('',(0.0281696279666453,-0.00656627150690307,0.0049));
#5963=CARTESIAN_POINT('',(0.0281696279666453,-0.00656627150690307,0.0049));
#5964=CARTESIAN_POINT('',(0.0283755020327712,-0.00656627150690307,0.0049));
#5965=CARTESIAN_POINT('',(0.0286889968254635,-0.00656628369717711,0.0049));
#5966=CARTESIAN_POINT('',(0.0290383478230089,-0.00656625525320434,0.0049));
#5967=CARTESIAN_POINT('',(0.0292335144808595,-0.0065662943636669,0.0049));
#5968=CARTESIAN_POINT('',(0.029312252430821,-0.00656623138058434,0.0049));
#5969=CARTESIAN_POINT('',(0.0293581114521046,-0.00656732219231126,0.0049));
#5970=CARTESIAN_POINT('',(0.0294485403535647,-0.00657312511303873,0.0049));
#5971=CARTESIAN_POINT('',(0.0295643825524128,-0.00659577300239953,0.0049));
#5972=CARTESIAN_POINT('',(0.0296335066016391,-0.00662515336223759,0.0049));
#5973=CARTESIAN_POINT('',(0.0296732941999726,-0.00665910321972336,0.0049));
#5974=CARTESIAN_POINT('',(0.0296732941999727,-0.00665910321972345,0.0049));
#5975=CARTESIAN_POINT('',(0.029673294604075,-0.00665910351417453,0.0049));
#5976=CARTESIAN_POINT('',(0.0296946674913966,-0.00662977152785951,0.0049));
#5977=CARTESIAN_POINT('',(0.0297643516077317,-0.00658056195333152,0.0049));
#5978=CARTESIAN_POINT('',(0.0298609532215076,-0.00655750252852691,0.0049));
#5979=CARTESIAN_POINT('',(0.0300044621235098,-0.00654230371079827,0.0049));
#5980=CARTESIAN_POINT('',(0.0302073966311803,-0.00654027091088151,0.0049));
#5981=CARTESIAN_POINT('',(0.0303813069929414,-0.00655707618747168,0.0049));
#5982=CARTESIAN_POINT('',(0.0304729512057282,-0.0065690922170245,0.0049));
#5983=CARTESIAN_POINT('',(0.0306582753521472,-0.00666613147725788,0.0049));
#5984=CARTESIAN_POINT('',(0.0306983594351907,-0.00676054321763671,0.0049));
#5985=CARTESIAN_POINT('',(0.0307094472594597,-0.00681734251550985,0.0049));
#5986=CARTESIAN_POINT('',(0.0307094472594597,-0.00681734251550959,0.0049));
#5987=CARTESIAN_POINT('',(0.0307094476443007,-0.00681734283472349,0.0049));
#5988=CARTESIAN_POINT('',(0.0307720854353355,-0.00674182736065738,0.0049));
#5989=CARTESIAN_POINT('',(0.0309229339794645,-0.00661426704635274,0.0049));
#5990=CARTESIAN_POINT('',(0.0313524058496483,-0.00653194938301044,0.0049));
#5991=CARTESIAN_POINT('',(0.0315665900145539,-0.00661482233527403,0.0049));
#5992=CARTESIAN_POINT('',(0.0316767532840201,-0.00672140688918271,0.0049));
#5993=CARTESIAN_POINT('',(0.0316767532840201,-0.00672140688918268,0.0049));
#5994=CARTESIAN_POINT('',(0.0316767537643552,-0.00672140702802841,0.0049));
#5995=CARTESIAN_POINT('',(0.0316977353679728,-0.00664882140343714,0.0049));
#5996=CARTESIAN_POINT('',(0.0318228634840518,-0.0065543489560968,0.0049));
#5997=CARTESIAN_POINT('',(0.0320256512337001,-0.00654135075043983,0.0049));
#5998=CARTESIAN_POINT('',(0.032299280501359,-0.00654284215286435,0.0049));
#5999=CARTESIAN_POINT('',(0.0324250816447551,-0.00655848305267938,0.0049));
#6000=CARTESIAN_POINT('',(0.032495550700616,-0.00657375960611597,0.0049));
#6001=CARTESIAN_POINT('',(0.0325944785097397,-0.00660734202710637,0.0049));
#6002=CARTESIAN_POINT('',(0.0326669721933531,-0.00666233989224338,0.0049));
#6003=CARTESIAN_POINT('',(0.0326968510519486,-0.00670530512316913,0.0049));
#6004=CARTESIAN_POINT('',(0.0326968510519486,-0.00670530512316913,0.0049));
#6005=CARTESIAN_POINT('',(0.0326968510519486,-0.00670530512316913,0.0049));
#6006=CARTESIAN_POINT('',(0.0327505131494548,-0.00656627150690307,0.0049));
#6007=CARTESIAN_POINT('',(0.0225175511888078,-0.00656627150690307,0.0049));
#6008=CARTESIAN_POINT('',(0.0337376844130853,-0.00656627150690307,0.0049));
#6009=CARTESIAN_POINT('',(0.0337376844130853,-0.00656627150690307,0.0049));
#6010=CARTESIAN_POINT('',(0.0334047787042976,-0.00705119774166894,0.0049));
#6011=CARTESIAN_POINT('',(0.0334047787042976,-0.00705119774166894,0.0049));
#6012=CARTESIAN_POINT('',(0.033455648831946,-0.00707810024459836,0.0049));
#6013=CARTESIAN_POINT('',(0.0335446448161474,-0.00714595850897321,0.0049));
#6014=CARTESIAN_POINT('',(0.0336328443506014,-0.00729752682696594,0.0049));
#6015=CARTESIAN_POINT('',(0.0336511811303212,-0.00737345375377021,0.0049));
#6016=CARTESIAN_POINT('',(0.0336515312305292,-0.00745730328446227,0.0049));
#6017=CARTESIAN_POINT('',(0.0336275188947844,-0.00762755990438151,0.0049));
#6018=CARTESIAN_POINT('',(0.0335109790789368,-0.00777691747067043,0.0049));
#6019=CARTESIAN_POINT('',(0.0333434380822649,-0.00787008651473957,0.0049));
#6020=CARTESIAN_POINT('',(0.0332205002094176,-0.00791248548576092,0.0049));
#6021=CARTESIAN_POINT('',(0.0330897373573891,-0.0079366387508231,0.0049));
#6022=CARTESIAN_POINT('',(0.0330231640192509,-0.00794466015209568,0.0049));
#6023=CARTESIAN_POINT('',(0.032914810722175,-0.00795328743036253,0.0049));
#6024=CARTESIAN_POINT('',(0.0327512679030461,-0.00795175472205976,0.0049));
#6025=CARTESIAN_POINT('',(0.0326627250236694,-0.0079399972222421,0.0049));
#6026=CARTESIAN_POINT('',(0.0325944917250944,-0.00790283420848901,0.0049));
#6027=CARTESIAN_POINT('',(0.0325584138887868,-0.0078665323131807,0.0049));
#6028=CARTESIAN_POINT('',(0.0325584138887868,-0.0078665323131807,0.0049));
#6029=CARTESIAN_POINT('',(0.0325584138887868,-0.0078665323131807,0.0049));
#6030=CARTESIAN_POINT('',(0.0325394804361771,-0.00792002391229114,0.0049));
#6031=CARTESIAN_POINT('',(0.0225175511888078,-0.00792002391229114,0.0049));
#6032=CARTESIAN_POINT('',(0.0315349903784477,-0.00792002391229114,0.0049));
#6033=CARTESIAN_POINT('',(0.0315349903784477,-0.00792002391229114,0.0049));
#6034=CARTESIAN_POINT('',(0.0315754761149002,-0.00778585606437644,0.0049));
#6035=CARTESIAN_POINT('',(0.0315754761149002,-0.00778585606437644,0.0049));
#6036=CARTESIAN_POINT('',(0.0314129256480407,-0.00791769937341722,0.0049));
#6037=CARTESIAN_POINT('',(0.0309307312821931,-0.00799362043958715,0.0049));
#6038=CARTESIAN_POINT('',(0.0306779946017933,-0.00779160064413018,0.0049));
#6039=CARTESIAN_POINT('',(0.030601961172768,-0.00764854061589401,0.0049));
#6040=CARTESIAN_POINT('',(0.030601961172768,-0.00764854061589401,0.0049));
#6041=CARTESIAN_POINT('',(0.030601961172768,-0.00764854061589401,0.0049));
#6042=CARTESIAN_POINT('',(0.030505869146889,-0.00792002391229114,0.0049));
#6043=CARTESIAN_POINT('',(0.0225175511888078,-0.00792002391229114,0.0049));
#6044=CARTESIAN_POINT('',(0.0295013790891597,-0.00792002391229114,0.0049));
#6045=CARTESIAN_POINT('',(0.0295013790891597,-0.00792002391229114,0.0049));
#6046=CARTESIAN_POINT('',(0.0295841244387428,-0.00764580967239377,0.0049));
#6047=CARTESIAN_POINT('',(0.0295841244387428,-0.00764580967239377,0.0049));
#6048=CARTESIAN_POINT('',(0.0297278048274674,-0.00758743951447441,0.0049));
#6049=CARTESIAN_POINT('',(0.0299449925536315,-0.00745514080849987,0.0049));
#6050=CARTESIAN_POINT('',(0.0302595674459644,-0.00713163110065827,0.0049));
#6051=CARTESIAN_POINT('',(0.0303135662626676,-0.00693754650347056,0.0049));
#6052=CARTESIAN_POINT('',(0.0302761412750697,-0.00681010630002478,0.0049));
#6053=CARTESIAN_POINT('',(0.0302225238216448,-0.00676319879661125,0.0049));
#6054=CARTESIAN_POINT('',(0.0301116316881914,-0.00675154188662668,0.0049));
#6055=CARTESIAN_POINT('',(0.0301597687827454,-0.00675737034135659,0.0049));
#6056=CARTESIAN_POINT('',(0.0301413731615387,-0.00675581608676195,0.0049));
#6057=CARTESIAN_POINT('',(0.0301392885130416,-0.00675581608676195,0.0049));
#6058=CARTESIAN_POINT('',(0.0301392885130416,-0.00675581608676195,0.0049));
#6059=CARTESIAN_POINT('',(0.0301392880208271,-0.00675581617465728,0.0049));
#6060=CARTESIAN_POINT('',(0.0301408303176941,-0.00676445304466044,0.0049));
#6061=CARTESIAN_POINT('',(0.0301426059748449,-0.0067856073534959,0.0049));
#6062=CARTESIAN_POINT('',(0.0301464480075263,-0.00677670021515838,0.0049));
#6063=CARTESIAN_POINT('',(0.0301361525170471,-0.00688399539946454,0.0049));
#6064=CARTESIAN_POINT('',(0.0300608218337078,-0.00697941687281529,0.0049));
#6065=CARTESIAN_POINT('',(0.029911863291712,-0.00704806964621117,0.0049));
#6066=CARTESIAN_POINT('',(0.0297861955777284,-0.00701589841494733,0.0049));
#6067=CARTESIAN_POINT('',(0.0297356235453481,-0.00698088415719021,0.0049));
#6068=CARTESIAN_POINT('',(0.0297356235453482,-0.00698088415719028,0.0049));
#6069=CARTESIAN_POINT('',(0.029735623089471,-0.00698088395182169,0.0049));
#6070=CARTESIAN_POINT('',(0.0297195704523092,-0.00701651759350842,0.0049));
#6071=CARTESIAN_POINT('',(0.029687474115802,-0.0070656932895282,0.0049));
#6072=CARTESIAN_POINT('',(0.0296056144730881,-0.00713962706187932,0.0049));
#6073=CARTESIAN_POINT('',(0.0295401277679023,-0.00718774583353838,0.0049));
#6074=CARTESIAN_POINT('',(0.0294358478115604,-0.00724993200949175,0.0049));
#6075=CARTESIAN_POINT('',(0.0293386470184948,-0.00729750925961052,0.0049));
#6076=CARTESIAN_POINT('',(0.0293386470184949,-0.00729750925961045,0.0049));
#6077=CARTESIAN_POINT('',(0.0293386465857785,-0.00729750951013045,0.0049));
#6078=CARTESIAN_POINT('',(0.0293629520686157,-0.00733949171177662,0.0049));
#6079=CARTESIAN_POINT('',(0.0293980765406945,-0.00742719721421935,0.0049));
#6080=CARTESIAN_POINT('',(0.0294240340759866,-0.0075013581799945,0.0049));
#6081=CARTESIAN_POINT('',(0.0293820715145721,-0.00772398361390106,0.0049));
#6082=CARTESIAN_POINT('',(0.0291468740020372,-0.00785349966908207,0.0049));
#6083=CARTESIAN_POINT('',(0.0289476686843911,-0.00790370242406817,0.0049));
#6084=CARTESIAN_POINT('',(0.0286976221717534,-0.00792415055446688,0.0049));
#6085=CARTESIAN_POINT('',(0.0284535626305791,-0.00791885487587049,0.0049));
#6086=CARTESIAN_POINT('',(0.0281958043478034,-0.007920573415798,0.0049));
#6087=CARTESIAN_POINT('',(0.0280523130770911,-0.00791899493468435,0.0049));
#6088=CARTESIAN_POINT('',(0.0278641530102034,-0.00792359031921146,0.0049));
#6089=CARTESIAN_POINT('',(0.0277488634305185,-0.00790553158112971,0.0049));
#6090=CARTESIAN_POINT('',(0.027723709067279,-0.00781146408733878,0.0049));
#6091=CARTESIAN_POINT('',(0.0277323139780916,-0.00779880068765771,0.0049));
#6092=CARTESIAN_POINT('',(0.0277425028434392,-0.00776059338610748,0.0049));
#6093=CARTESIAN_POINT('',(0.0277444410119702,-0.007754889742044,0.0049));
#6094=CARTESIAN_POINT('',(0.0277937030643691,-0.00762686563155866,0.0049));
#6095=CARTESIAN_POINT('',(0.0278427809293684,-0.0074990862794806,0.0049));
#6096=CARTESIAN_POINT('',(0.0278833254242126,-0.00739359488649403,0.0049));
#6097=CARTESIAN_POINT('',(0.0279095248438655,-0.00732541326426476,0.0049));
#6098=CARTESIAN_POINT('',(0.0279095248438655,-0.00732541326426476,0.0049));
#6099=CARTESIAN_POINT('',(0.0279095244743876,-0.00732541292738783,0.0049));
#6100=CARTESIAN_POINT('',(0.0278498708862015,-0.00739083944346288,0.0049));
#6101=CARTESIAN_POINT('',(0.0277297899234516,-0.00752250535381337,0.0049));
#6102=CARTESIAN_POINT('',(0.0275835595771462,-0.0076830212391927,0.0049));
#6103=CARTESIAN_POINT('',(0.0274740911938333,-0.0078028484603535,0.0049));
#6104=CARTESIAN_POINT('',(0.0274225650098337,-0.00785973685192244,0.0049));
#6105=CARTESIAN_POINT('',(0.0274041510955152,-0.0078773430460881,0.0049));
#6106=CARTESIAN_POINT('',(0.0273526578820248,-0.00791970944462567,0.0049));
#6107=CARTESIAN_POINT('',(0.0272783471200379,-0.00793623149381364,0.0049));
#6108=CARTESIAN_POINT('',(0.0272448470561854,-0.00793335500702192,0.0049));
#6109=CARTESIAN_POINT('',(0.0272369788267895,-0.0079330130069959,0.0049));
#6110=CARTESIAN_POINT('',(0.0272273572803079,-0.00793156977502366,0.0049));
#6111=CARTESIAN_POINT('',(0.0272273572803079,-0.00793156977502366,0.0049));
#6112=CARTESIAN_POINT('',(0.0272273572803079,-0.00793156977502366,0.0049));
#6113=CARTESIAN_POINT('',(0.0271725144763978,-0.007925315771069,0.0049));
#6114=CARTESIAN_POINT('',(0.0271195878857437,-0.00788901028346538,0.0049));
#6115=CARTESIAN_POINT('',(0.0271167629518235,-0.00780542107165676,0.0049));
#6116=CARTESIAN_POINT('',(0.0271208926926589,-0.0077881392427208,0.0049));
#6117=CARTESIAN_POINT('',(0.0271250117348421,-0.00776909735305663,0.0049));
#6118=CARTESIAN_POINT('',(0.0271316730973518,-0.0077498626995693,0.0049));
#6119=CARTESIAN_POINT('',(0.0271306050080133,-0.00775225628522374,0.0049));
#6120=CARTESIAN_POINT('',(0.0271554628074879,-0.00768828978159302,0.0049));
#6121=CARTESIAN_POINT('',(0.0272101940253261,-0.00754688769801376,0.0049));
#6122=CARTESIAN_POINT('',(0.0272824709168766,-0.00736039035422224,0.0049));
#6123=CARTESIAN_POINT('',(0.027342093744404,-0.00720646695301751,0.0049));
#6124=CARTESIAN_POINT('',(0.0273716799938818,-0.00713009594318658,0.0049));
#6125=CARTESIAN_POINT('',(0.0273716799938818,-0.00713009594318657,0.0049));
#6126=CARTESIAN_POINT('',(0.0273716796087984,-0.00713009562426522,0.0049));
#6127=CARTESIAN_POINT('',(0.0272974734266807,-0.00721969628176555,0.0049));
#6128=CARTESIAN_POINT('',(0.0271479404481338,-0.00740020843961363,0.0049));
#6129=CARTESIAN_POINT('',(0.0269666284333676,-0.00761929304997881,0.0049));
#6130=CARTESIAN_POINT('',(0.026829415572717,-0.00778469420458886,0.0049));
#6131=CARTESIAN_POINT('',(0.0267669774040576,-0.00786052912471141,0.0049));
#6132=CARTESIAN_POINT('',(0.026762702488223,-0.00786332378339973,0.0049));
#6133=CARTESIAN_POINT('',(0.026734470021006,-0.00788801983179953,0.0049));
#6134=CARTESIAN_POINT('',(0.0266959173208592,-0.00790706752297458,0.0049));
#6135=CARTESIAN_POINT('',(0.026630780603713,-0.00792243846156819,0.0049));
#6136=CARTESIAN_POINT('',(0.0265276059081924,-0.00791857518272491,0.0049));
#6137=CARTESIAN_POINT('',(0.0264564303779031,-0.00792002391229114,0.0049));
#6138=CARTESIAN_POINT('',(0.0264076010262989,-0.00792002391229114,0.0049));
#6139=CARTESIAN_POINT('',(0.0264076010262989,-0.00792002391229114,0.0049));
#6140=CARTESIAN_POINT('',(0.0264076010262989,-0.00792002391229114,0.0049));
#6141=CARTESIAN_POINT('',(0.0267963117382938,-0.006808734624286,0.0049));
#6142=CARTESIAN_POINT('',(0.0225175511888078,-0.006808734624286,0.0049));
#6143=CARTESIAN_POINT('',(0.0262623155869147,-0.006808734624286,0.0049));
#6144=CARTESIAN_POINT('',(0.0262623155869147,-0.006808734624286,0.0049));
#6145=CARTESIAN_POINT('',(0.0264076010262989,-0.00656627150690307,0.0049));
#6146=CARTESIAN_POINT('',(0.0264076010262989,-0.00656627150690307,0.0049));
#6147=CARTESIAN_POINT('',(0.0265147209191378,-0.00656627150690307,0.0049));
#6148=CARTESIAN_POINT('',(0.0266799082331388,-0.00656609105005817,0.0049));
#6149=CARTESIAN_POINT('',(0.0268821280861694,-0.00656657226831123,0.0049));
#6150=CARTESIAN_POINT('',(0.0270788677233692,-0.00656512861355208,0.0049));
#6151=CARTESIAN_POINT('',(0.0271043233203469,-0.00657054231889889,0.0049));
#6152=CARTESIAN_POINT('',(0.027170963237462,-0.00659218268241349,0.0049));
#6153=CARTESIAN_POINT('',(0.027188269470758,-0.00667613201991191,0.0049));
#6154=CARTESIAN_POINT('',(0.0271797190494292,-0.00669666616910305,0.0049));
#6155=CARTESIAN_POINT('',(0.0271751161648425,-0.00672160973143478,0.0049));
#6156=CARTESIAN_POINT('',(0.0271676332233781,-0.00674530262779175,0.0049));
#6157=CARTESIAN_POINT('',(0.0271710793751642,-0.00673595761982624,0.0049));
#6158=CARTESIAN_POINT('',(0.0271373209879204,-0.00683315064072453,0.0049));
#6159=CARTESIAN_POINT('',(0.0271054187478287,-0.00692519888609881,0.0049));
#6160=CARTESIAN_POINT('',(0.0270434450106838,-0.00710388133854609,0.0049));
#6161=CARTESIAN_POINT('',(0.0269924314589543,-0.00725100411845781,0.0049));
#6162=CARTESIAN_POINT('',(0.0269579542479358,-0.0073504267734879,0.0049));
#6163=CARTESIAN_POINT('',(0.0269579542479358,-0.0073504267734879,0.0049));
#6164=CARTESIAN_POINT('',(0.0269579546227424,-0.00735042710442598,0.0049));
#6165=CARTESIAN_POINT('',(0.0270182897361305,-0.00728209408065849,0.0049));
#6166=CARTESIAN_POINT('',(0.027142220448287,-0.00714175081149671,0.0049));
#6167=CARTESIAN_POINT('',(0.0272669671226103,-0.00700041574686297,0.0049));
#6168=CARTESIAN_POINT('',(0.0273715258470024,-0.00688206361664467,0.0049));
#6169=CARTESIAN_POINT('',(0.0273906933416222,-0.00686016003577825,0.0049));
#6170=CARTESIAN_POINT('',(0.0274295083407836,-0.00681809999517769,0.0049));
#6171=CARTESIAN_POINT('',(0.0274699720778357,-0.00677926600733877,0.0049));
#6172=CARTESIAN_POINT('',(0.0275153364163948,-0.00674863094918811,0.0049));
#6173=CARTESIAN_POINT('',(0.0275929165966522,-0.00672281568862071,0.0049));
#6174=CARTESIAN_POINT('',(0.0276942175028581,-0.00671874794166491,0.0049));
#6175=CARTESIAN_POINT('',(0.0277054623116132,-0.00672576298873564,0.0049));
#6176=CARTESIAN_POINT('',(0.0277881534238191,-0.00676057258216875,0.0049));
#6177=CARTESIAN_POINT('',(0.0277970541942223,-0.0068578174681153,0.0049));
#6178=CARTESIAN_POINT('',(0.0277872992531206,-0.00689926260234763,0.0049));
#6179=CARTESIAN_POINT('',(0.027777629822473,-0.00692859526038117,0.0049));
#6180=CARTESIAN_POINT('',(0.0277735316370853,-0.00693884637431934,0.0049));
#6181=CARTESIAN_POINT('',(0.0277248018270169,-0.00706557857773136,0.0049));
#6182=CARTESIAN_POINT('',(0.0276697360065055,-0.00720853038723248,0.0049));
#6183=CARTESIAN_POINT('',(0.0276134625834869,-0.00735475660342065,0.0049));
#6184=CARTESIAN_POINT('',(0.0275862416253537,-0.00742547496888022,0.0049));
#6185=CARTESIAN_POINT('',(0.0275862416253537,-0.00742547496888022,0.0049));
#6186=CARTESIAN_POINT('',(0.0275862419798218,-0.00742547532151648,0.0049));
#6187=CARTESIAN_POINT('',(0.0276479802069684,-0.00736341637630682,0.0049));
#6188=CARTESIAN_POINT('',(0.0277430898969232,-0.00726778792677121,0.0049));
#6189=CARTESIAN_POINT('',(0.0278598896742863,-0.00715044721936934,0.0049));
#6190=CARTESIAN_POINT('',(0.0279725101905406,-0.00703704419531778,0.0049));
#6191=CARTESIAN_POINT('',(0.0279900363163514,-0.00702016752283636,0.0049));
#6192=CARTESIAN_POINT('',(0.0280356092882667,-0.00697698383806923,0.0049));
#6193=CARTESIAN_POINT('',(0.0280528863967285,-0.00696332089165375,0.0049));
#6194=CARTESIAN_POINT('',(0.0280615458627325,-0.00695786868458107,0.0049));
#6195=CARTESIAN_POINT('',(0.0280615458627325,-0.00695786868458107,0.0049));
#6196=CARTESIAN_POINT('',(0.0280615458627325,-0.00695786868458107,0.0049));
#6197=CARTESIAN_POINT('',(0.0280992301779423,-0.00693622019195759,0.0049));
#6198=CARTESIAN_POINT('',(0.0282075808802938,-0.0069274267306231,0.0049));
#6199=CARTESIAN_POINT('',(0.0282464983871583,-0.00694546252147014,0.0049));
#6200=CARTESIAN_POINT('',(0.0283164185942222,-0.006998134103113,0.0049));
#6201=CARTESIAN_POINT('',(0.0283222589151853,-0.00707161724980613,0.0049));
#6202=CARTESIAN_POINT('',(0.0283168454948248,-0.00710555958279661,0.0049));
#6203=CARTESIAN_POINT('',(0.0283126768145156,-0.00712596141399403,0.0049));
#6204=CARTESIAN_POINT('',(0.0283037970042231,-0.00715169568624032,0.0049));
#6205=CARTESIAN_POINT('',(0.028304983644354,-0.00714882695260975,0.0049));
#6206=CARTESIAN_POINT('',(0.0282806073655748,-0.00721308689627045,0.0049));
#6207=CARTESIAN_POINT('',(0.0282508702988323,-0.00729164502999635,0.0049));
#6208=CARTESIAN_POINT('',(0.0281788957898656,-0.00748164358235011,0.0049));
#6209=CARTESIAN_POINT('',(0.0281190747273894,-0.00763959575321481,0.0049));
#6210=CARTESIAN_POINT('',(0.0280711674150096,-0.00776607907585753,0.0049));
#6211=CARTESIAN_POINT('',(0.0245155484639371,-0.0109940685205988,0.0064));
#6212=CARTESIAN_POINT('',(0.0245155484639371,-0.0114940685205988,0.0049));
#6213=CARTESIAN_POINT('',(0.0240155484639371,-0.0109940685205988,0.0064));
#6214=CARTESIAN_POINT('',(0.0245155484639371,-0.0114940685205988,0.0049));
#6215=CARTESIAN_POINT('',(0.0354995266649716,-0.0114940685205988,0.0064));
#6216=CARTESIAN_POINT('',(0.0354995266649716,-0.0109940685205988,0.0064));
#6217=CARTESIAN_POINT('',(0.0359995266649716,-0.0109940685205988,0.0049));
#6218=CARTESIAN_POINT('',(0.0359995266649716,-0.0109940685205988,0.0049));
#6219=CARTESIAN_POINT('',(0.0359995266649716,-0.00349222689859545,0.0064));
#6220=CARTESIAN_POINT('',(0.0354995266649716,-0.00349222689859545,0.0064));
#6221=CARTESIAN_POINT('',(0.0354995266649716,-0.00299222689859544,0.0049));
#6222=CARTESIAN_POINT('',(0.0354995266649716,-0.00299222689859544,0.0049));
#6223=CARTESIAN_POINT('',(0.0245155484639371,-0.00299222689859544,0.0064));
#6224=CARTESIAN_POINT('',(0.0245155484639371,-0.00349222689859543,0.0064));
#6225=CARTESIAN_POINT('',(0.0240155484639371,-0.00349222689859544,0.0049));
#6226=CARTESIAN_POINT('',(0.0240155484639371,-0.00349222689859544,0.0049));
#6227=CARTESIAN_POINT('',(0.0252125,0.0024625,0.0049));
#6228=CARTESIAN_POINT('',(0.02615,0.0034,0.0049));
#6229=CARTESIAN_POINT('',(0.0269,0.0034,0.0049));
#6230=CARTESIAN_POINT('',(0.02615,0.0034,0.0064));
#6231=CARTESIAN_POINT('',(0.0234625,-0.0147375,0.0049));
#6232=CARTESIAN_POINT('',(0.0244,-0.0138,0.0049));
#6233=CARTESIAN_POINT('',(0.02515,-0.0138,0.0049));
#6234=CARTESIAN_POINT('',(0.0244,-0.0138,0.0064));
#6235=CARTESIAN_POINT('',(0.0347875,0.0043375,0.0049));
#6236=CARTESIAN_POINT('',(0.03385,0.0034,0.0049));
#6237=CARTESIAN_POINT('',(0.0346,0.0034,0.0049));
#6238=CARTESIAN_POINT('',(0.03385,0.0034,0.0064));
#6239=CARTESIAN_POINT('',(0.0365375,-0.0128625,0.0049));
#6240=CARTESIAN_POINT('',(0.0356,-0.0138,0.0049));
#6241=CARTESIAN_POINT('',(0.03635,-0.0138,0.0049));
#6242=CARTESIAN_POINT('',(0.0356,-0.0138,0.0064));
#6243=CARTESIAN_POINT('',(0.0346625,-0.0128625,0.0001));
#6244=CARTESIAN_POINT('',(0.0356,-0.0138,0.0001));
#6245=CARTESIAN_POINT('',(0.03485,-0.0138,0.0001));
#6246=CARTESIAN_POINT('',(0.0356,-0.0138,-0.0024));
#6247=CARTESIAN_POINT('',(0.0253375,-0.0147375,0.0001));
#6248=CARTESIAN_POINT('',(0.0244,-0.0138,0.0001));
#6249=CARTESIAN_POINT('',(0.02365,-0.0138,0.0001));
#6250=CARTESIAN_POINT('',(0.0244,-0.0138,-0.0024));
#6251=CARTESIAN_POINT('',(0.0224587785879412,-0.016163082261434,0.));
#6252=CARTESIAN_POINT('',(0.0332541121413473,0.00125771080702603,0.));
#6253=CARTESIAN_POINT('',(0.0334729439293264,-1.54498809579184E-18,0.));
#6254=CARTESIAN_POINT('',(0.0332541121413473,-0.00125771080702602,0.));
#6255=CARTESIAN_POINT('',(0.0324782888469581,-0.00247828884695804,0.));
#6256=CARTESIAN_POINT('',(0.0312577108070261,-0.00325411214134727,0.));
#6257=CARTESIAN_POINT('',(0.0300000000000001,-0.00347294392932636,0.));
#6258=CARTESIAN_POINT('',(0.028742289192974,-0.00325411214134731,0.));
#6259=CARTESIAN_POINT('',(0.027521711153042,-0.00247828884695808,0.));
#6260=CARTESIAN_POINT('',(0.0267458878586527,-0.00125771080702604,0.));
#6261=CARTESIAN_POINT('',(0.0265270560706736,1.37235881067448E-18,0.));
#6262=CARTESIAN_POINT('',(0.0267458878586527,0.00125771080702604,0.));
#6263=CARTESIAN_POINT('',(0.0275217111530419,0.00247828884695806,0.));
#6264=CARTESIAN_POINT('',(0.028742289192974,0.00325411214134729,0.));
#6265=CARTESIAN_POINT('',(0.03,0.00347294392932636,0.));
#6266=CARTESIAN_POINT('',(0.0312577108070261,0.00325411214134729,0.));
#6267=CARTESIAN_POINT('',(0.0324782888469581,0.00247828884695805,0.));
#6268=CARTESIAN_POINT('',(0.0332541121413473,0.00125771080702603,0.));
#6269=CARTESIAN_POINT('',(0.0334729439293264,-1.54498809579184E-18,0.));
#6270=CARTESIAN_POINT('',(0.0332541121413473,-0.00125771080702602,0.));
#6271=CARTESIAN_POINT('',(0.0334,0.,0.));
#6272=CARTESIAN_POINT('',(0.0221816456744522,-0.0025499997409124,0.002));
#6273=CARTESIAN_POINT('',(0.0235030234286022,-0.0025499997409124,0.002));
#6274=CARTESIAN_POINT('',(0.0352683543255479,-0.00255000025908752,0.002));
#6275=CARTESIAN_POINT('',(0.0364818990871474,-0.00255000025908752,0.002));
#6276=CARTESIAN_POINT('',(0.,0.,0.));
#6277=CARTESIAN_POINT('',(0.0255229672824494,-0.014872581971515,0.0024));
#6278=CARTESIAN_POINT('',(0.0255229672824494,-0.014872581971515,0.0024));
#6279=CARTESIAN_POINT('',(0.0255229672824494,-0.014872581971515,0.0024));
#6280=CARTESIAN_POINT('',(0.0255229672824494,-0.014872581971515,0.0031));
#6281=CARTESIAN_POINT('',(0.0255229672824494,-0.014872581971515,0.0031));
#6282=CARTESIAN_POINT('',(0.0255229672824494,-0.0174425813228082,0.0031));
#6283=CARTESIAN_POINT('',(0.0255229672824494,-0.0174425813228082,0.0024));
#6284=CARTESIAN_POINT('',(0.0255229672824494,-0.0174425813228082,0.0024));
#6285=CARTESIAN_POINT('',(0.0255229672824494,-0.0143948401686665,0.0024));
#6286=CARTESIAN_POINT('',(0.0255229672824494,-0.0174425813228082,0.0024));
#6287=CARTESIAN_POINT('',(0.0255229672824494,-0.0174425813228082,0.0031));
#6288=CARTESIAN_POINT('',(0.0256284867782802,-0.0174425813228082,0.0031));
#6289=CARTESIAN_POINT('',(0.0256284867782802,-0.0174425813228082,0.0024));
#6290=CARTESIAN_POINT('',(0.0256284867782802,-0.0174425813228082,0.0024));
#6291=CARTESIAN_POINT('',(0.0258500773615129,-0.0174425813228082,0.0024));
#6292=CARTESIAN_POINT('',(0.0256284867782802,-0.0174425813228082,0.0024));
#6293=CARTESIAN_POINT('',(0.0256284867782802,-0.0174425813228082,0.0031));
#6294=CARTESIAN_POINT('',(0.0256284867782802,-0.01895,0.0031));
#6295=CARTESIAN_POINT('',(0.0256284867782802,-0.01895,0.0024));
#6296=CARTESIAN_POINT('',(0.0256284867782802,-0.01895,0.0024));
#6297=CARTESIAN_POINT('',(0.0256284867782802,-0.0143948401686665,0.0024));
#6298=CARTESIAN_POINT('',(0.0243321065274678,-0.01895,0.0024));
#6299=CARTESIAN_POINT('',(0.0243321065274678,-0.01895,0.0164395319644902));
#6300=CARTESIAN_POINT('',(0.0243321065274678,-0.01895,0.0031));
#6301=CARTESIAN_POINT('',(0.0243321065274678,-0.01895,0.0024));
#6302=CARTESIAN_POINT('',(0.0243321065274678,-0.01895,0.0031));
#6303=CARTESIAN_POINT('',(0.0234125809459535,-0.01895,0.0031));
#6304=CARTESIAN_POINT('',(0.0234125809459535,-0.01895,0.0024));
#6305=CARTESIAN_POINT('',(0.0234125809459535,-0.01895,0.0024));
#6306=CARTESIAN_POINT('',(0.0258500773615129,-0.01895,0.0024));
#6307=CARTESIAN_POINT('',(0.0234125809459535,-0.01895,0.0024));
#6308=CARTESIAN_POINT('',(0.0234125809459535,-0.01895,0.0031));
#6309=CARTESIAN_POINT('',(0.0234125809459535,-0.0174425813228082,0.0031));
#6310=CARTESIAN_POINT('',(0.0234125809459535,-0.0174425813228082,0.0024));
#6311=CARTESIAN_POINT('',(0.0234125809459535,-0.0174425813228082,0.0024));
#6312=CARTESIAN_POINT('',(0.0234125809459535,-0.0143948401686665,0.0024));
#6313=CARTESIAN_POINT('',(0.0234125809459535,-0.0174425813228082,0.0024));
#6314=CARTESIAN_POINT('',(0.0234125809459535,-0.0174425813228082,0.0031));
#6315=CARTESIAN_POINT('',(0.0235181005359979,-0.0174425813228082,0.0031));
#6316=CARTESIAN_POINT('',(0.0235181005359979,-0.0174425813228082,0.0024));
#6317=CARTESIAN_POINT('',(0.0235181005359979,-0.0174425813228082,0.0024));
#6318=CARTESIAN_POINT('',(0.0258500773615129,-0.0174425813228082,0.0024));
#6319=CARTESIAN_POINT('',(0.0235181005359979,-0.0174425813228082,0.0024));
#6320=CARTESIAN_POINT('',(0.0235181005359979,-0.0174425813228082,0.0031));
#6321=CARTESIAN_POINT('',(0.0235181005359979,-0.014872581971515,0.0031));
#6322=CARTESIAN_POINT('',(0.0235181005359979,-0.014872581971515,0.0024));
#6323=CARTESIAN_POINT('',(0.0235181005359979,-0.014872581971515,0.0024));
#6324=CARTESIAN_POINT('',(0.0235181005359979,-0.0143948401686665,0.0024));
#6325=CARTESIAN_POINT('',(0.0235181005359979,-0.014872581971515,0.0024));
#6326=CARTESIAN_POINT('',(0.0235181005359979,-0.014872581971515,0.0031));
#6327=CARTESIAN_POINT('',(0.0258500773615129,-0.014872581971515,0.0024));
#6328=CARTESIAN_POINT('',(0.025905475007321,-0.0372151871173422,0.0031));
#6329=CARTESIAN_POINT('',(0.025905475007321,-0.01895,0.0031));
#6330=CARTESIAN_POINT('',(0.0255229672824494,-0.01895,0.0031));
#6331=CARTESIAN_POINT('',(0.025905475007321,-0.01895,0.0031));
#6332=CARTESIAN_POINT('',(0.0258500773615129,-0.0143948401686665,0.0024));
#6333=CARTESIAN_POINT('',(0.0256284867782802,-0.01895,0.0024));
#6334=CARTESIAN_POINT('',(0.0255229672824494,-0.01895,0.0024));
#6335=CARTESIAN_POINT('',(0.0300075374231338,-0.01895,0.0024));
#6336=CARTESIAN_POINT('',(0.0256284867782802,-0.01895,0.0024));
#6337=CARTESIAN_POINT('',(0.0255229672824494,-0.01895,0.0014708640289064));
#6338=CARTESIAN_POINT('',(0.0300075374231338,-0.01895,0.0038));
#6339=CARTESIAN_POINT('',(0.0255229672824494,-0.01895,0.0038));
#6340=CARTESIAN_POINT('',(0.0255229672824494,-0.01965,0.0038));
#6341=CARTESIAN_POINT('',(0.0243321065274678,-0.01895,0.0038));
#6342=CARTESIAN_POINT('',(0.0243321065274678,-0.01965,0.0038));
#6343=CARTESIAN_POINT('',(0.0300075374231338,-0.01965,0.0038));
#6344=CARTESIAN_POINT('',(0.0300075374231338,-0.01895,0.0038));
#6345=CARTESIAN_POINT('',(0.0255229672824494,-0.01895,0.0038));
#6346=CARTESIAN_POINT('',(0.0255229672824494,-0.02035,0.0038));
#6347=CARTESIAN_POINT('',(0.025905475007321,-0.02035,0.0038));
#6348=CARTESIAN_POINT('',(0.0243321065274678,-0.02035,0.0038));
#6349=CARTESIAN_POINT('',(0.0243321065274678,-0.01895,0.0038));
#6350=CARTESIAN_POINT('',(0.025905475007321,-0.02035,0.0197360511462486));
#6351=CARTESIAN_POINT('',(0.0243321065274678,-0.02035,0.0197360511462486));
#6352=CARTESIAN_POINT('',(0.0243321065274678,-0.02035,0.012));
#6353=CARTESIAN_POINT('',(0.0255229672824494,-0.02035,0.0197360511462486));
#6354=CARTESIAN_POINT('',(0.0255229672824494,-0.02035,0.012));
#6355=CARTESIAN_POINT('',(-0.044,-0.02035,0.012));
#6356=CARTESIAN_POINT('',(0.025905475007321,-0.01965,0.0197360511462486));
#6357=CARTESIAN_POINT('',(0.025905475007321,-0.01965,0.012));
#6358=CARTESIAN_POINT('',(0.0243321065274678,-0.01965,0.012));
#6359=CARTESIAN_POINT('',(0.0255229672824494,-0.01965,0.012));
#6360=CARTESIAN_POINT('',(0.0255229672824494,-0.01965,0.0014708640289064));
#6361=CARTESIAN_POINT('',(0.0243321065274678,-0.01965,0.0164395319644902));
#6362=CARTESIAN_POINT('',(0.0255229672824494,-0.02042,0.0014708640289064));
#6363=CARTESIAN_POINT('',(0.0255229672824494,-0.02042,0.012));
#6364=CARTESIAN_POINT('',(0.0243321065274678,-0.02042,0.0164395319644902));
#6365=CARTESIAN_POINT('',(0.0243321065274678,-0.02042,0.012));
#6366=CARTESIAN_POINT('',(-0.044,-0.036,0.012));
#6367=CARTESIAN_POINT('',(0.,0.,0.));
#6368=CARTESIAN_POINT('',(0.0224587785879412,-0.016163082261434,0.));
#6369=CARTESIAN_POINT('',(0.0238949554879369,-0.016163082261434,0.));
#6370=CARTESIAN_POINT('',(0.0238949554879369,-0.0112491133859632,0.));
#6371=CARTESIAN_POINT('',(0.0238949554879369,-0.00310905026799881,0.));
#6372=CARTESIAN_POINT('',(0.0224587785879412,-0.00310905026799881,0.));
#6373=CARTESIAN_POINT('',(0.0235030234286022,-0.00310905026799881,0.));
#6374=CARTESIAN_POINT('',(0.0235030234286022,-0.016163082261434,0.));
#6375=CARTESIAN_POINT('',(0.0235030234286022,0.00364418474632507,0.));
#6376=CARTESIAN_POINT('',(0.0235030234286022,0.00364418474632507,0.));
#6377=CARTESIAN_POINT('',(0.0258545986377223,0.00500086099051586,0.));
#6378=CARTESIAN_POINT('',(0.0224587785879412,0.00500086099051586,0.));
#6379=CARTESIAN_POINT('',(0.0272564984785791,0.00500086099051586,0.));
#6380=CARTESIAN_POINT('',(0.0272564984785791,-0.016163082261434,0.));
#6381=CARTESIAN_POINT('',(0.0272564984785791,0.00469937895092343,0.));
#6382=CARTESIAN_POINT('',(0.0224587785879412,0.00469937895092343,0.));
#6383=CARTESIAN_POINT('',(0.0327435015214209,0.00469937895092343,0.));
#6384=CARTESIAN_POINT('',(0.0327435015214209,-0.016163082261434,0.));
#6385=CARTESIAN_POINT('',(0.0327435015214209,0.00500086099051586,0.));
#6386=CARTESIAN_POINT('',(0.0224587785879412,0.00500086099051586,0.));
#6387=CARTESIAN_POINT('',(0.0341454013622777,0.00500086099051586,0.));
#6388=CARTESIAN_POINT('',(0.0341454013622777,0.00500086099051586,0.));
#6389=CARTESIAN_POINT('',(0.0364818990871474,0.00364418474632518,0.));
#6390=CARTESIAN_POINT('',(0.0364818990871474,-0.016163082261434,0.));
#6391=CARTESIAN_POINT('',(0.0364818990871474,-0.00310905026799881,0.));
#6392=CARTESIAN_POINT('',(0.0224587785879412,-0.00310905026799881,0.));
#6393=CARTESIAN_POINT('',(0.0360899727748465,-0.00310905026799881,0.));
#6394=CARTESIAN_POINT('',(0.0360899727748465,-0.016163082261434,0.));
#6395=CARTESIAN_POINT('',(0.0360899727748465,-0.0112491133859632,0.));
#6396=CARTESIAN_POINT('',(0.0224587785879412,-0.0112491133859632,0.));
#6397=CARTESIAN_POINT('',(0.0332541121413473,-0.00125771080702602,0.));
#6398=CARTESIAN_POINT('',(0.0334729439293264,-3.52365706057789E-18,0.));
#6399=CARTESIAN_POINT('',(0.0332541121413473,0.00125771080702604,0.));
#6400=CARTESIAN_POINT('',(0.0324782888469581,0.00247828884695805,0.));
#6401=CARTESIAN_POINT('',(0.031257710807026,0.00325411214134729,0.));
#6402=CARTESIAN_POINT('',(0.03,0.00347294392932636,0.));
#6403=CARTESIAN_POINT('',(0.028742289192974,0.00325411214134729,0.));
#6404=CARTESIAN_POINT('',(0.0275217111530419,0.00247828884695806,0.));
#6405=CARTESIAN_POINT('',(0.0267458878586527,0.00125771080702603,0.));
#6406=CARTESIAN_POINT('',(0.0265270560706736,6.86334915292399E-18,0.));
#6407=CARTESIAN_POINT('',(0.0267458878586527,-0.00125771080702605,0.));
#6408=CARTESIAN_POINT('',(0.027521711153042,-0.00247828884695809,0.));
#6409=CARTESIAN_POINT('',(0.028742289192974,-0.00325411214134731,0.));
#6410=CARTESIAN_POINT('',(0.0300000000000001,-0.00347294392932634,0.));
#6411=CARTESIAN_POINT('',(0.0312577108070261,-0.00325411214134728,0.));
#6412=CARTESIAN_POINT('',(0.0324782888469581,-0.00247828884695803,0.));
#6413=CARTESIAN_POINT('',(0.0332541121413473,-0.00125771080702602,0.));
#6414=CARTESIAN_POINT('',(0.0334729439293264,-3.52365706057789E-18,0.));
#6415=CARTESIAN_POINT('',(0.0332541121413473,0.00125771080702604,0.));
#6416=CARTESIAN_POINT('',(0.0334,0.,0.));
#6417=CARTESIAN_POINT('',(0.,0.,0.));
#6418=CARTESIAN_POINT('',(0.0285041372674792,-0.00776607907585753,0.0048));
#6419=CARTESIAN_POINT('',(0.0285041372674792,-0.00776607907585753,0.0049));
#6420=CARTESIAN_POINT('',(0.0280711674150096,-0.00776607907585753,0.0049));
#6421=CARTESIAN_POINT('',(0.0282276423633383,-0.00776607907585753,0.0049));
#6422=CARTESIAN_POINT('',(0.0282276423633383,-0.00776607907585753,0.0048));
#6423=CARTESIAN_POINT('',(0.0282276423633383,-0.00776607907585753,0.0048));
#6424=CARTESIAN_POINT('',(0.0285041372674792,-0.00776607907585753,0.0048));
#6425=CARTESIAN_POINT('',(0.0280711674150096,-0.00776607907585753,0.0048));
#6426=CARTESIAN_POINT('',(0.0280711674150096,-0.00776607907585753,0.0048));
#6427=CARTESIAN_POINT('',(0.0280711674150096,-0.00776607907585753,0.0048));
#6428=CARTESIAN_POINT('',(0.0280711674150096,-0.00776607907585753,0.0049));
#6429=CARTESIAN_POINT('',(0.0283011224701612,-0.00715895924405571,0.00489999987487498));
#6430=CARTESIAN_POINT('',(0.0280711674150096,-0.00776607907585753,0.0048));
#6431=CARTESIAN_POINT('',(0.0283024689513544,-0.00715540430835289,0.0048));
#6432=CARTESIAN_POINT('',(0.0283024689513544,-0.00715540430835315,0.00480000008341667));
#6433=CARTESIAN_POINT('',(0.0281665964886713,-0.00708144858884578,0.00485));
#6434=CARTESIAN_POINT('',(0.0281665964886713,-0.00708144858884578,0.0049));
#6435=CARTESIAN_POINT('',(0.028061545862738,-0.00695786868457828,0.00489999999974995));
#6436=CARTESIAN_POINT('',(0.0281665964886713,-0.00708144858884578,0.0048));
#6437=CARTESIAN_POINT('',(0.0280615416484163,-0.00695787139442449,0.0048));
#6438=CARTESIAN_POINT('',(0.0280664037641335,-0.00696358344339087,0.00480000000000001));
#6439=CARTESIAN_POINT('',(0.0280664037641339,-0.00696358344339055,0.00483333333333334));
#6440=CARTESIAN_POINT('',(0.0280664037641342,-0.00696358344339024,0.00486666666666668));
#6441=CARTESIAN_POINT('',(0.0280664037641346,-0.00696358344338992,0.00490000000000001));
#6442=CARTESIAN_POINT('',(0.0286844052631497,-0.00773834704134475,0.00485));
#6443=CARTESIAN_POINT('',(0.0286844052631497,-0.00773834704134475,0.0049));
#6444=CARTESIAN_POINT('',(0.0279566708547727,-0.00705312214072167,0.00489999987487498));
#6445=CARTESIAN_POINT('',(0.0286844052631497,-0.00773834704134475,0.0048));
#6446=CARTESIAN_POINT('',(0.0279566708841525,-0.00705312211118924,0.00480000008341667));
#6447=CARTESIAN_POINT('',(0.0279566709429121,-0.00705312205212436,0.00489999987487497));
#6448=CARTESIAN_POINT('',(0.0279566709429121,-0.00705312205212436,0.00486666658324998));
#6449=CARTESIAN_POINT('',(0.0279566709429121,-0.00705312205212436,0.00483333329162499));
#6450=CARTESIAN_POINT('',(0.0279566709429121,-0.00705312205212436,0.0048));
#6451=CARTESIAN_POINT('',(0.0279566709429121,-0.00705312205212436,0.0048));
#6452=CARTESIAN_POINT('',(0.0279566709429121,-0.00705312205212436,0.0049));
#6453=CARTESIAN_POINT('',(0.0275862411802438,-0.00742547612524808,0.0049));
#6454=CARTESIAN_POINT('',(0.0279566709429121,-0.00705312205212436,0.0048));
#6455=CARTESIAN_POINT('',(0.0275862411802438,-0.00742547612524808,0.0048));
#6456=CARTESIAN_POINT('',(0.0275862411802437,-0.00742547612524812,0.0048));
#6457=CARTESIAN_POINT('',(0.0275862411802438,-0.00742547612524816,0.0048));
#6458=CARTESIAN_POINT('',(0.0275862411802438,-0.00742547612524816,0.0049));
#6459=CARTESIAN_POINT('',(0.0277728992719704,-0.00694054994880377,0.0049));
#6460=CARTESIAN_POINT('',(0.0275862411802438,-0.00742547612524816,0.0048));
#6461=CARTESIAN_POINT('',(0.0277728992944195,-0.00694054989048229,0.00480000004170833));
#6462=CARTESIAN_POINT('',(0.0277728992944196,-0.0069405498904823,0.0048));
#6463=CARTESIAN_POINT('',(0.0277728992944196,-0.0069405498904823,0.00483333333333333));
#6464=CARTESIAN_POINT('',(0.0277728992944196,-0.0069405498904823,0.00486666666666667));
#6465=CARTESIAN_POINT('',(0.0277728992944196,-0.0069405498904823,0.0049));
#6466=CARTESIAN_POINT('',(0.0273669467331965,-0.00688728500865521,0.0049));
#6467=CARTESIAN_POINT('',(0.0273669467331965,-0.00688728500865521,0.00480000004170833));
#6468=CARTESIAN_POINT('',(0.0274330884930289,-0.00681146396689599,0.0049));
#6469=CARTESIAN_POINT('',(0.0274330884930289,-0.00681146396689599,0.00480000004170833));
#6470=CARTESIAN_POINT('',(0.0274691747835816,-0.00675303178686504,0.0049));
#6471=CARTESIAN_POINT('',(0.0274691747835816,-0.00675303178686504,0.00480000004170833));
#6472=CARTESIAN_POINT('',(0.0276315210243087,-0.00671917983851199,0.0049));
#6473=CARTESIAN_POINT('',(0.0276315210243087,-0.00671917983851199,0.00480000004170833));
#6474=CARTESIAN_POINT('',(0.0276907297379716,-0.00672019708546429,0.0049));
#6475=CARTESIAN_POINT('',(0.0276907297379716,-0.00672019708546429,0.00480000004170833));
#6476=CARTESIAN_POINT('',(0.0277095290180867,-0.00672652243552618,0.0049));
#6477=CARTESIAN_POINT('',(0.0277095290180867,-0.00672652243552618,0.00480000004170833));
#6478=CARTESIAN_POINT('',(0.0277541453443851,-0.00674163919727316,0.0049));
#6479=CARTESIAN_POINT('',(0.0277541453443851,-0.00674163919727316,0.00480000004170833));
#6480=CARTESIAN_POINT('',(0.0278123880456749,-0.00683800594495535,0.0049));
#6481=CARTESIAN_POINT('',(0.0278123880456749,-0.00683800594495535,0.00480000004170833));
#6482=CARTESIAN_POINT('',(0.0277906446446185,-0.00689618651498487,0.0049));
#6483=CARTESIAN_POINT('',(0.0277906446446185,-0.00689618651498487,0.00480000004170833));
#6484=CARTESIAN_POINT('',(0.0277728992944195,-0.00694054989048228,0.0049));
#6485=CARTESIAN_POINT('',(0.0277728992944195,-0.00694054989048228,0.00480000004170833));
#6486=CARTESIAN_POINT('',(0.0273716805644644,-0.00688185842159197,0.0049));
#6487=CARTESIAN_POINT('',(0.0274374278383579,-0.00680648959542135,0.0049));
#6488=CARTESIAN_POINT('',(0.0274684070643601,-0.00675102730966201,0.0049));
#6489=CARTESIAN_POINT('',(0.0276653620233726,-0.00671479428165056,0.0049));
#6490=CARTESIAN_POINT('',(0.0277059265481952,-0.00672430117517819,0.0049));
#6491=CARTESIAN_POINT('',(0.0277543249846163,-0.00674249343301277,0.0049));
#6492=CARTESIAN_POINT('',(0.0278126639893456,-0.00683905422679851,0.0049));
#6493=CARTESIAN_POINT('',(0.0277905388069275,-0.00689645110921224,0.0049));
#6494=CARTESIAN_POINT('',(0.0277728992944195,-0.00694054989048228,0.0049));
#6495=CARTESIAN_POINT('',(0.027371680523107,-0.00688185846843155,0.0049));
#6496=CARTESIAN_POINT('',(0.0273716805644644,-0.00688185842159197,0.0048));
#6497=CARTESIAN_POINT('',(0.0274374278383579,-0.00680648959542134,0.0048));
#6498=CARTESIAN_POINT('',(0.0274684207567966,-0.0067510175678508,0.0048));
#6499=CARTESIAN_POINT('',(0.0276653607764327,-0.00671479692356103,0.0048));
#6500=CARTESIAN_POINT('',(0.0277059217781195,-0.00672429712754264,0.0048));
#6501=CARTESIAN_POINT('',(0.027754345311859,-0.00674250698164448,0.0048));
#6502=CARTESIAN_POINT('',(0.0278126523027781,-0.00683904643129239,0.0048));
#6503=CARTESIAN_POINT('',(0.0277905388069275,-0.00689645110921224,0.0048));
#6504=CARTESIAN_POINT('',(0.0277728992944195,-0.00694054989048228,0.0048));
#6505=CARTESIAN_POINT('',(0.0273716805368928,-0.00688185845281836,0.00480000004170833));
#6506=CARTESIAN_POINT('',(0.0273716805644644,-0.00688185842159197,0.0049));
#6507=CARTESIAN_POINT('',(0.0273716805644644,-0.00688185842159197,0.00486666666666667));
#6508=CARTESIAN_POINT('',(0.0273716805644644,-0.00688185842159197,0.00483333333333333));
#6509=CARTESIAN_POINT('',(0.0273716805644644,-0.00688185842159197,0.0048));
#6510=CARTESIAN_POINT('',(0.0273716805644644,-0.00688185842159197,0.0048));
#6511=CARTESIAN_POINT('',(0.0273716805644644,-0.00688185842159197,0.0049));
#6512=CARTESIAN_POINT('',(0.0269579538165491,-0.00735042801748674,0.0049));
#6513=CARTESIAN_POINT('',(0.0273716805644644,-0.00688185842159197,0.0048));
#6514=CARTESIAN_POINT('',(0.0269579538165491,-0.00735042801748674,0.0048));
#6515=CARTESIAN_POINT('',(0.0269579538165491,-0.00735042801748676,0.0048));
#6516=CARTESIAN_POINT('',(0.0269579538165491,-0.00735042801748677,0.0048));
#6517=CARTESIAN_POINT('',(0.0269579538165491,-0.00735042801748677,0.0049));
#6518=CARTESIAN_POINT('',(0.0271648171700319,-0.00675389183535022,0.0049));
#6519=CARTESIAN_POINT('',(0.0269579538165491,-0.00735042801748677,0.0048));
#6520=CARTESIAN_POINT('',(0.0271648171905068,-0.00675389177630654,0.00480000004170833));
#6521=CARTESIAN_POINT('',(0.0271648171905068,-0.00675389177630655,0.0048));
#6522=CARTESIAN_POINT('',(0.0271648171905068,-0.00675389177630655,0.00483333333333333));
#6523=CARTESIAN_POINT('',(0.0271648171905068,-0.00675389177630655,0.00486666666666667));
#6524=CARTESIAN_POINT('',(0.0271648171905068,-0.00675389177630655,0.0049));
#6525=CARTESIAN_POINT('',(0.0270471338415368,-0.00656627150690307,0.0049));
#6526=CARTESIAN_POINT('',(0.0270471338415368,-0.00656627150690307,0.00480000004170833));
#6527=CARTESIAN_POINT('',(0.0270916585550841,-0.00656627150690307,0.0049));
#6528=CARTESIAN_POINT('',(0.0270916585550841,-0.00656627150690307,0.00480000004170833));
#6529=CARTESIAN_POINT('',(0.0271618440819734,-0.00657650333357376,0.0049));
#6530=CARTESIAN_POINT('',(0.0271618440819734,-0.00657650333357376,0.00480000004170833));
#6531=CARTESIAN_POINT('',(0.0271970460735825,-0.00670253343619526,0.0049));
#6532=CARTESIAN_POINT('',(0.0271970460735825,-0.00670253343619526,0.00480000004170833));
#6533=CARTESIAN_POINT('',(0.0271770776188748,-0.00671840106260935,0.0049));
#6534=CARTESIAN_POINT('',(0.0271770776188748,-0.00671840106260935,0.00480000004170833));
#6535=CARTESIAN_POINT('',(0.0271648171905067,-0.00675389177630653,0.0049));
#6536=CARTESIAN_POINT('',(0.0271648171905067,-0.00675389177630653,0.00480000004170833));
#6537=CARTESIAN_POINT('',(0.0270503207184093,-0.00656627150690307,0.0049));
#6538=CARTESIAN_POINT('',(0.0270945798588839,-0.00656627150690307,0.0049));
#6539=CARTESIAN_POINT('',(0.0271627033646276,-0.00657761327610244,0.0049));
#6540=CARTESIAN_POINT('',(0.0271965537349116,-0.00670391801690364,0.0049));
#6541=CARTESIAN_POINT('',(0.0271770044900577,-0.0067186127512905,0.0049));
#6542=CARTESIAN_POINT('',(0.0271648171905067,-0.00675389177630653,0.0049));
#6543=CARTESIAN_POINT('',(0.0270503206559259,-0.00656627150690307,0.0049));
#6544=CARTESIAN_POINT('',(0.0270503207184093,-0.00656627150690307,0.0048));
#6545=CARTESIAN_POINT('',(0.0270945798588839,-0.00656627150690307,0.0048));
#6546=CARTESIAN_POINT('',(0.0271627033646277,-0.00657761327610244,0.0048));
#6547=CARTESIAN_POINT('',(0.0271965537349116,-0.00670391801690364,0.0048));
#6548=CARTESIAN_POINT('',(0.0271770044900577,-0.0067186127512905,0.0048));
#6549=CARTESIAN_POINT('',(0.0271648171905067,-0.00675389177630653,0.0048));
#6550=CARTESIAN_POINT('',(0.0270503205009558,-0.00656627150690307,0.00480000004170833));
#6551=CARTESIAN_POINT('',(0.0270503207184093,-0.00656627150690307,0.0049));
#6552=CARTESIAN_POINT('',(0.0270503207184093,-0.00656627150690307,0.00486666668056944));
#6553=CARTESIAN_POINT('',(0.0270503207184093,-0.00656627150690307,0.00483333336113889));
#6554=CARTESIAN_POINT('',(0.0270503207184093,-0.00656627150690307,0.00480000004170833));
#6555=CARTESIAN_POINT('',(0.0270503207184093,-0.00656627150690307,0.0048));
#6556=CARTESIAN_POINT('',(0.0270503207184093,-0.00656627150690307,0.0049));
#6557=CARTESIAN_POINT('',(0.0264076010262989,-0.00656627150690307,0.0049));
#6558=CARTESIAN_POINT('',(0.0270503207184093,-0.00656627150690307,0.0048));
#6559=CARTESIAN_POINT('',(0.0264076010262989,-0.00656627150690307,0.0048));
#6560=CARTESIAN_POINT('',(0.0264076010262989,-0.00656627150690307,0.0048));
#6561=CARTESIAN_POINT('',(0.0264076010262989,-0.00656627150690307,0.0048));
#6562=CARTESIAN_POINT('',(0.0264076010262989,-0.00656627150690307,0.0049));
#6563=CARTESIAN_POINT('',(0.0262623155869147,-0.006808734624286,0.0049));
#6564=CARTESIAN_POINT('',(0.0264076010262989,-0.00656627150690307,0.0048));
#6565=CARTESIAN_POINT('',(0.0262623155869147,-0.006808734624286,0.0048));
#6566=CARTESIAN_POINT('',(0.0262623155869147,-0.00680873462428599,0.0048));
#6567=CARTESIAN_POINT('',(0.0262623155869147,-0.006808734624286,0.0048));
#6568=CARTESIAN_POINT('',(0.0262623155869147,-0.006808734624286,0.0049));
#6569=CARTESIAN_POINT('',(0.0267963117382938,-0.006808734624286,0.0049));
#6570=CARTESIAN_POINT('',(0.0262623155869147,-0.006808734624286,0.0048));
#6571=CARTESIAN_POINT('',(0.0267963117382938,-0.006808734624286,0.0048));
#6572=CARTESIAN_POINT('',(0.0267963117382938,-0.006808734624286,0.0048));
#6573=CARTESIAN_POINT('',(0.0267963117382938,-0.006808734624286,0.0048));
#6574=CARTESIAN_POINT('',(0.0267963117382938,-0.006808734624286,0.0049));
#6575=CARTESIAN_POINT('',(0.0264076010262989,-0.00792002391229114,0.0049));
#6576=CARTESIAN_POINT('',(0.0267963117382938,-0.006808734624286,0.0048));
#6577=CARTESIAN_POINT('',(0.0264076010262989,-0.00792002391229114,0.0048));
#6578=CARTESIAN_POINT('',(0.0264076010262989,-0.00792002391229115,0.0048));
#6579=CARTESIAN_POINT('',(0.0264076010262989,-0.00792002391229114,0.0048));
#6580=CARTESIAN_POINT('',(0.0264076010262989,-0.00792002391229114,0.0049));
#6581=CARTESIAN_POINT('',(0.026602918412553,-0.00792002391229114,0.00489999987487503));
#6582=CARTESIAN_POINT('',(0.0264076010262989,-0.00792002391229114,0.0048));
#6583=CARTESIAN_POINT('',(0.02660291845421,-0.00792002391229114,0.00480000008341667));
#6584=CARTESIAN_POINT('',(0.0266029185375241,-0.00792002391229114,0.0048));
#6585=CARTESIAN_POINT('',(0.0266029185375241,-0.00792002391229114,0.00483333329162501));
#6586=CARTESIAN_POINT('',(0.0266029185375241,-0.00792002391229114,0.00486666658325002));
#6587=CARTESIAN_POINT('',(0.0266029185375241,-0.00792002391229114,0.00489999987487503));
#6588=CARTESIAN_POINT('',(0.0266186762254883,-0.00770638109767757,0.00485));
#6589=CARTESIAN_POINT('',(0.0266186762254883,-0.00770638109767757,0.0049000000000001));
#6590=CARTESIAN_POINT('',(0.0267780308686828,-0.00784690001873262,0.00489999987487502));
#6591=CARTESIAN_POINT('',(0.0266186762254883,-0.00770638109767757,0.0048));
#6592=CARTESIAN_POINT('',(0.0267780310650725,-0.00784689978160066,0.00480000008341667));
#6593=CARTESIAN_POINT('',(0.0267780307889673,-0.00784690011498517,0.00489999987487502));
#6594=CARTESIAN_POINT('',(0.0267780307889673,-0.00784690011498517,0.00486666658325002));
#6595=CARTESIAN_POINT('',(0.0267780307889673,-0.00784690011498517,0.00483333329162501));
#6596=CARTESIAN_POINT('',(0.0267780307889673,-0.00784690011498517,0.0048));
#6597=CARTESIAN_POINT('',(0.0267780307889673,-0.00784690011498517,0.0048));
#6598=CARTESIAN_POINT('',(0.0267780307889673,-0.00784690011498517,0.0049));
#6599=CARTESIAN_POINT('',(0.0273716805644644,-0.00713009447034119,0.0049));
#6600=CARTESIAN_POINT('',(0.0267780307889673,-0.00784690011498517,0.0048));
#6601=CARTESIAN_POINT('',(0.0273716805644644,-0.00713009447034119,0.0048));
#6602=CARTESIAN_POINT('',(0.0273716805644644,-0.00713009447034118,0.0048));
#6603=CARTESIAN_POINT('',(0.0273716805644644,-0.00713009447034117,0.0048));
#6604=CARTESIAN_POINT('',(0.0273716805644644,-0.00713009447034117,0.0049));
#6605=CARTESIAN_POINT('',(0.0271349904235985,-0.00774106292338884,0.00489999987487498));
#6606=CARTESIAN_POINT('',(0.0273716805644644,-0.00713009447034117,0.0048));
#6607=CARTESIAN_POINT('',(0.0271349904085482,-0.00774106296223825,0.00480000008341667));
#6608=CARTESIAN_POINT('',(0.0271349903784477,-0.00774106303993707,0.0048));
#6609=CARTESIAN_POINT('',(0.0271349903784477,-0.00774106303993707,0.00483333329162499));
#6610=CARTESIAN_POINT('',(0.0271349903784477,-0.00774106303993707,0.00486666658324998));
#6611=CARTESIAN_POINT('',(0.0271349903784477,-0.00774106303993707,0.00489999987487498));
#6612=CARTESIAN_POINT('',(0.027234433153145,-0.00781479233262074,0.00485));
#6613=CARTESIAN_POINT('',(0.027234433153145,-0.00781479233262074,0.0049));
#6614=CARTESIAN_POINT('',(0.0272273572802853,-0.00793156977502126,0.00489999999974995));
#6615=CARTESIAN_POINT('',(0.027234433153145,-0.00781479233262074,0.0048));
#6616=CARTESIAN_POINT('',(0.0272273637767877,-0.00793157076804833,0.0048));
#6617=CARTESIAN_POINT('',(0.0272272387738802,-0.00793352555883401,0.00480000000000001));
#6618=CARTESIAN_POINT('',(0.0272272387738802,-0.00793352555883401,0.00483333333333334));
#6619=CARTESIAN_POINT('',(0.0272272387738802,-0.00793352555883401,0.00486666666666668));
#6620=CARTESIAN_POINT('',(0.0272272387738802,-0.00793352555883401,0.00490000000000001));
#6621=CARTESIAN_POINT('',(0.0272589656171743,-0.00771881824430545,0.00485));
#6622=CARTESIAN_POINT('',(0.0272589656171743,-0.00771881824430545,0.0049));
#6623=CARTESIAN_POINT('',(0.0274322964280102,-0.00784882433309252,0.00489999987487498));
#6624=CARTESIAN_POINT('',(0.0272589656171743,-0.00771881824430545,0.0048));
#6625=CARTESIAN_POINT('',(0.0274322967472909,-0.00784882398291358,0.00480000008341667));
#6626=CARTESIAN_POINT('',(0.0274322963438102,-0.00784882442544059,0.00489999987487497));
#6627=CARTESIAN_POINT('',(0.0274322963438102,-0.00784882442544059,0.00486666658324998));
#6628=CARTESIAN_POINT('',(0.0274322963438102,-0.00784882442544059,0.00483333329162499));
#6629=CARTESIAN_POINT('',(0.0274322963438102,-0.00784882442544059,0.0048));
#6630=CARTESIAN_POINT('',(0.0274322963438102,-0.00784882442544059,0.0048));
#6631=CARTESIAN_POINT('',(0.0274322963438102,-0.00784882442544059,0.0049));
#6632=CARTESIAN_POINT('',(0.0279095253367543,-0.00732541198156642,0.0049));
#6633=CARTESIAN_POINT('',(0.0274322963438102,-0.00784882442544059,0.0048));
#6634=CARTESIAN_POINT('',(0.0279095253367543,-0.00732541198156642,0.0048));
#6635=CARTESIAN_POINT('',(0.0279095253367544,-0.00732541198156636,0.0048));
#6636=CARTESIAN_POINT('',(0.0279095253367543,-0.00732541198156631,0.0048));
#6637=CARTESIAN_POINT('',(0.0279095253367543,-0.00732541198156631,0.0049));
#6638=CARTESIAN_POINT('',(0.0277498075913701,-0.0077410629816026,0.0049));
#6639=CARTESIAN_POINT('',(0.0279095253367543,-0.00732541198156631,0.0048));
#6640=CARTESIAN_POINT('',(0.0277498075689545,-0.00774106303993705,0.00480000004170833));
#6641=CARTESIAN_POINT('',(0.0277498075689544,-0.00774106303993704,0.0048));
#6642=CARTESIAN_POINT('',(0.0277498075689544,-0.00774106303993704,0.00483333333333333));
#6643=CARTESIAN_POINT('',(0.0277498075689544,-0.00774106303993704,0.00486666666666667));
#6644=CARTESIAN_POINT('',(0.0277498075689544,-0.00774106303993704,0.0049));
#6645=CARTESIAN_POINT('',(0.0278951240609956,-0.00792002391229114,0.0049));
#6646=CARTESIAN_POINT('',(0.0278951240609956,-0.00792002391229114,0.00480000004170833));
#6647=CARTESIAN_POINT('',(0.0278409200621132,-0.00792002391229114,0.0049));
#6648=CARTESIAN_POINT('',(0.0278409200621132,-0.00792002391229114,0.00480000004170833));
#6649=CARTESIAN_POINT('',(0.0277554461286773,-0.00791031705413605,0.0049));
#6650=CARTESIAN_POINT('',(0.0277554461286773,-0.00791031705413605,0.00480000004170833));
#6651=CARTESIAN_POINT('',(0.0277127756412882,-0.00778855975229848,0.0049));
#6652=CARTESIAN_POINT('',(0.0277127756412882,-0.00778855975229848,0.00480000004170833));
#6653=CARTESIAN_POINT('',(0.0277362565692339,-0.00777655375349102,0.0049));
#6654=CARTESIAN_POINT('',(0.0277362565692339,-0.00777655375349102,0.00480000004170833));
#6655=CARTESIAN_POINT('',(0.0277498075689545,-0.00774106303993706,0.0049));
#6656=CARTESIAN_POINT('',(0.0277498075689545,-0.00774106303993706,0.00480000004170833));
#6657=CARTESIAN_POINT('',(0.0278912443874279,-0.00792002391229114,0.0049));
#6658=CARTESIAN_POINT('',(0.0278373636946761,-0.00792002391229114,0.0049));
#6659=CARTESIAN_POINT('',(0.0277548588839,-0.00791039090578514,0.0049));
#6660=CARTESIAN_POINT('',(0.0277220253367544,-0.00781374584943033,0.0049));
#6661=CARTESIAN_POINT('',(0.0277346536241181,-0.00779479482771311,0.0049));
#6662=CARTESIAN_POINT('',(0.0277430724823605,-0.00775870255244508,0.0049));
#6663=CARTESIAN_POINT('',(0.0277498075689545,-0.00774106303993706,0.0049));
#6664=CARTESIAN_POINT('',(0.0278912444499077,-0.00792002391229114,0.0049));
#6665=CARTESIAN_POINT('',(0.0278912443874279,-0.00792002391229114,0.0048));
#6666=CARTESIAN_POINT('',(0.0278373636946761,-0.00792002391229114,0.0048));
#6667=CARTESIAN_POINT('',(0.0277548588839,-0.00791039090578514,0.0048));
#6668=CARTESIAN_POINT('',(0.0277220253367544,-0.00781374584943033,0.0048));
#6669=CARTESIAN_POINT('',(0.0277346536241181,-0.00779479482771312,0.0048));
#6670=CARTESIAN_POINT('',(0.0277430724823605,-0.00775870255244508,0.0048));
#6671=CARTESIAN_POINT('',(0.0277498075689545,-0.00774106303993706,0.0048));
#6672=CARTESIAN_POINT('',(0.0278912446495446,-0.00792002391229114,0.00480000004170833));
#6673=CARTESIAN_POINT('',(0.0278912443874279,-0.00792002391229114,0.0049));
#6674=CARTESIAN_POINT('',(0.0278912443874279,-0.00792002391229114,0.00486666668056944));
#6675=CARTESIAN_POINT('',(0.0278912443874279,-0.00792002391229114,0.00483333336113889));
#6676=CARTESIAN_POINT('',(0.0278912443874279,-0.00792002391229114,0.00480000004170833));
#6677=CARTESIAN_POINT('',(0.0334047787042976,-0.00705119774166894,0.0048));
#6678=CARTESIAN_POINT('',(0.0334047787042976,-0.00705119774166894,0.0049));
#6679=CARTESIAN_POINT('',(0.0337376844130853,-0.00656627150690307,0.0049));
#6680=CARTESIAN_POINT('',(0.0334047787460326,-0.00705119769350499,0.0049));
#6681=CARTESIAN_POINT('',(0.0334047787042976,-0.00705119774166894,0.0049));
#6682=CARTESIAN_POINT('',(0.0334047787042976,-0.00705119774166894,0.00486666666666667));
#6683=CARTESIAN_POINT('',(0.0334047787042976,-0.00705119774166894,0.00483333333333333));
#6684=CARTESIAN_POINT('',(0.0334047787042976,-0.00705119774166894,0.0048));
#6685=CARTESIAN_POINT('',(0.0334047787999271,-0.00705119769286838,0.0048));
#6686=CARTESIAN_POINT('',(0.0334047787042976,-0.00705119774166894,0.0048));
#6687=CARTESIAN_POINT('',(0.0337376844130853,-0.00656627150690307,0.0048));
#6688=CARTESIAN_POINT('',(0.0337376844130853,-0.00656627150690306,0.0048));
#6689=CARTESIAN_POINT('',(0.0337376844130853,-0.00656627150690307,0.0048));
#6690=CARTESIAN_POINT('',(0.0337376844130853,-0.00656627150690307,0.0049));
#6691=CARTESIAN_POINT('',(0.0327505131494548,-0.00656627150690307,0.0049));
#6692=CARTESIAN_POINT('',(0.0337376844130853,-0.00656627150690307,0.0048));
#6693=CARTESIAN_POINT('',(0.0327505131494548,-0.00656627150690307,0.0048));
#6694=CARTESIAN_POINT('',(0.0327505131494548,-0.00656627150690307,0.0048));
#6695=CARTESIAN_POINT('',(0.0327505131494548,-0.00656627150690307,0.0048));
#6696=CARTESIAN_POINT('',(0.0327505131494548,-0.00656627150690307,0.0049));
#6697=CARTESIAN_POINT('',(0.0326968510744869,-0.00670530506490092,0.0049));
#6698=CARTESIAN_POINT('',(0.0327505131494548,-0.00656627150690307,0.0048));
#6699=CARTESIAN_POINT('',(0.0326968510514149,-0.00670530512240166,0.00480000003128125));
#6700=CARTESIAN_POINT('',(0.0326968510519486,-0.00670530512316911,0.0048));
#6701=CARTESIAN_POINT('',(0.0326968510519486,-0.00670530512316911,0.00483333333333333));
#6702=CARTESIAN_POINT('',(0.0326968510519486,-0.00670530512316912,0.00486666666666667));
#6703=CARTESIAN_POINT('',(0.0326968510519486,-0.00670530512316913,0.0049));
#6704=CARTESIAN_POINT('',(0.0326446760744067,-0.00684048574680044,0.0048));
#6705=CARTESIAN_POINT('',(0.0326446760744067,-0.00684048574680044,0.0049));
#6706=CARTESIAN_POINT('',(0.0331700128287364,-0.00684048574680044,0.0049));
#6707=CARTESIAN_POINT('',(0.0327469028700398,-0.00684048728339271,0.0049));
#6708=CARTESIAN_POINT('',(0.0327468095670271,-0.00684048574680044,0.0049));
#6709=CARTESIAN_POINT('',(0.0327467980482817,-0.00684048568432785,0.0048000000625625));
#6710=CARTESIAN_POINT('',(0.0326446760744067,-0.00684048574680044,0.0048));
#6711=CARTESIAN_POINT('',(0.0331700128287364,-0.00684048574680044,0.0048));
#6712=CARTESIAN_POINT('',(0.0331700128287364,-0.00684048574680044,0.0048));
#6713=CARTESIAN_POINT('',(0.0331700128287364,-0.00684048574680044,0.0048));
#6714=CARTESIAN_POINT('',(0.0331700128287364,-0.00684048574680044,0.0049));
#6715=CARTESIAN_POINT('',(0.0328909878872911,-0.0071810886522092,0.0049));
#6716=CARTESIAN_POINT('',(0.0331700128287364,-0.00684048574680044,0.0048));
#6717=CARTESIAN_POINT('',(0.0328909879143507,-0.007181088706575,0.00480000004170833));
#6718=CARTESIAN_POINT('',(0.0328909878127005,-0.00718108869740979,0.00480000004170833));
#6719=CARTESIAN_POINT('',(0.0328909878127005,-0.00718108869740979,0.00483333336113889));
#6720=CARTESIAN_POINT('',(0.0328909878127005,-0.00718108869740979,0.00486666668056944));
#6721=CARTESIAN_POINT('',(0.0328909878127005,-0.00718108869740979,0.0049));
#6722=CARTESIAN_POINT('',(0.0329899722182156,-0.00779766812220175,0.0049));
#6723=CARTESIAN_POINT('',(0.0329899722182156,-0.00779766812220175,0.0048));
#6724=CARTESIAN_POINT('',(0.0331325328714737,-0.0077886124944676,0.0049));
#6725=CARTESIAN_POINT('',(0.0331325328714737,-0.0077886124944676,0.0048));
#6726=CARTESIAN_POINT('',(0.033262925130163,-0.00763785960340008,0.0049));
#6727=CARTESIAN_POINT('',(0.033262925130163,-0.00763785960340008,0.0048));
#6728=CARTESIAN_POINT('',(0.0332139431889285,-0.00737296989845859,0.0049));
#6729=CARTESIAN_POINT('',(0.0332139431889285,-0.00737296989845859,0.0048));
#6730=CARTESIAN_POINT('',(0.0330753001658895,-0.0072264258143293,0.0049));
#6731=CARTESIAN_POINT('',(0.0330753001658895,-0.0072264258143293,0.0048));
#6732=CARTESIAN_POINT('',(0.0329689911832401,-0.00718812178819616,0.0049));
#6733=CARTESIAN_POINT('',(0.0329689911832401,-0.00718812178819616,0.0048));
#6734=CARTESIAN_POINT('',(0.0328909878127005,-0.0071810886974098,0.0049));
#6735=CARTESIAN_POINT('',(0.0328909878127005,-0.0071810886974098,0.0048));
#6736=CARTESIAN_POINT('',(0.032995052028677,-0.00779729836036872,0.0049));
#6737=CARTESIAN_POINT('',(0.0331355533300631,-0.00778575765433715,0.0049));
#6738=CARTESIAN_POINT('',(0.0332642095691006,-0.00763308788302364,0.0049));
#6739=CARTESIAN_POINT('',(0.0332126221655014,-0.0073709318718062,0.0049));
#6740=CARTESIAN_POINT('',(0.0330740010234597,-0.00722595705572438,0.0049));
#6741=CARTESIAN_POINT('',(0.0329685259543899,-0.00718807984133262,0.0049));
#6742=CARTESIAN_POINT('',(0.0328909878127005,-0.0071810886974098,0.0049));
#6743=CARTESIAN_POINT('',(0.032995052028677,-0.00779729836036872,0.0049));
#6744=CARTESIAN_POINT('',(0.032995052028677,-0.00779729836036872,0.0048));
#6745=CARTESIAN_POINT('',(0.0331355533147137,-0.00778575765559796,0.0048));
#6746=CARTESIAN_POINT('',(0.0332641955234953,-0.00763307697064919,0.0048));
#6747=CARTESIAN_POINT('',(0.0332126334049408,-0.00737094071192939,0.0048));
#6748=CARTESIAN_POINT('',(0.0330739394737534,-0.00722590884487341,0.0048));
#6749=CARTESIAN_POINT('',(0.0329685260431662,-0.00718807986954754,0.0048));
#6750=CARTESIAN_POINT('',(0.0328909879143507,-0.00718108870657499,0.0048));
#6751=CARTESIAN_POINT('',(0.032995052028677,-0.00779729836036872,0.0048));
#6752=CARTESIAN_POINT('',(0.032995052028677,-0.00779729836036872,0.00480000000016667));
#6753=CARTESIAN_POINT('',(0.0334047787042976,-0.00705119774166894,0.00490000000000005));
#6754=CARTESIAN_POINT('',(0.0334047787042976,-0.00705119774166894,0.0048));
#6755=CARTESIAN_POINT('',(0.0334556488319462,-0.00707810024459842,0.00490000000000005));
#6756=CARTESIAN_POINT('',(0.0334556488319462,-0.00707810024459842,0.0048));
#6757=CARTESIAN_POINT('',(0.0335446621654814,-0.00714598326340428,0.00490000000000005));
#6758=CARTESIAN_POINT('',(0.0335446621654814,-0.00714598326340428,0.0048));
#6759=CARTESIAN_POINT('',(0.0336328421675106,-0.00729752361337816,0.00490000000000005));
#6760=CARTESIAN_POINT('',(0.0336328421675106,-0.00729752361337816,0.0048));
#6761=CARTESIAN_POINT('',(0.0336511812596701,-0.00737345408144914,0.00490000000000005));
#6762=CARTESIAN_POINT('',(0.0336511812596701,-0.00737345408144914,0.0048));
#6763=CARTESIAN_POINT('',(0.0336515313021801,-0.00745730313500264,0.00490000000000005));
#6764=CARTESIAN_POINT('',(0.0336515313021801,-0.00745730313500264,0.0048));
#6765=CARTESIAN_POINT('',(0.0336275177827098,-0.00762756102452714,0.00490000000000005));
#6766=CARTESIAN_POINT('',(0.0336275177827098,-0.00762756102452714,0.0048));
#6767=CARTESIAN_POINT('',(0.0335109767590535,-0.00777691765509301,0.00490000000000005));
#6768=CARTESIAN_POINT('',(0.0335109767590535,-0.00777691765509301,0.0048));
#6769=CARTESIAN_POINT('',(0.0333434423690808,-0.00787008587978038,0.00490000000000005));
#6770=CARTESIAN_POINT('',(0.0333434423690808,-0.00787008587978038,0.0048));
#6771=CARTESIAN_POINT('',(0.0332204788003745,-0.00791248882773628,0.00490000000000005));
#6772=CARTESIAN_POINT('',(0.0332204788003745,-0.00791248882773628,0.0048));
#6773=CARTESIAN_POINT('',(0.0330897413685613,-0.0079366381355211,0.00490000000000005));
#6774=CARTESIAN_POINT('',(0.0330897413685613,-0.0079366381355211,0.0048));
#6775=CARTESIAN_POINT('',(0.0330231613612317,-0.00794466050193594,0.00490000000000005));
#6776=CARTESIAN_POINT('',(0.0330231613612317,-0.00794466050193594,0.0048));
#6777=CARTESIAN_POINT('',(0.0329148126950224,-0.00795328727478275,0.00490000000000005));
#6778=CARTESIAN_POINT('',(0.0329148126950224,-0.00795328727478275,0.0048));
#6779=CARTESIAN_POINT('',(0.0327512438254712,-0.00795175402123386,0.00490000000000005));
#6780=CARTESIAN_POINT('',(0.0327512438254712,-0.00795175402123386,0.0048));
#6781=CARTESIAN_POINT('',(0.0326627376199464,-0.00793999605340311,0.00490000000000005));
#6782=CARTESIAN_POINT('',(0.0326627376199464,-0.00793999605340311,0.0048));
#6783=CARTESIAN_POINT('',(0.0325944917250747,-0.00790283420849384,0.00490000000000005));
#6784=CARTESIAN_POINT('',(0.0325944917250747,-0.00790283420849384,0.0048));
#6785=CARTESIAN_POINT('',(0.0325584138887889,-0.00786653231317692,0.00490000000000005));
#6786=CARTESIAN_POINT('',(0.0325584138887889,-0.00786653231317692,0.0048));
#6787=CARTESIAN_POINT('',(0.0334047787042976,-0.00705119774166894,0.00490000000000005));
#6788=CARTESIAN_POINT('',(0.0334556488319462,-0.00707810024459842,0.00490000000000005));
#6789=CARTESIAN_POINT('',(0.0335446621654814,-0.00714598326340428,0.00490000000000005));
#6790=CARTESIAN_POINT('',(0.0336328421675106,-0.00729752361337817,0.00490000000000005));
#6791=CARTESIAN_POINT('',(0.0336511812596701,-0.00737345408144915,0.00490000000000005));
#6792=CARTESIAN_POINT('',(0.0336515313021801,-0.00745730313500264,0.00490000000000005));
#6793=CARTESIAN_POINT('',(0.0336275177827098,-0.00762756102452713,0.00490000000000005));
#6794=CARTESIAN_POINT('',(0.0335109767590535,-0.00777691765509301,0.00490000000000005));
#6795=CARTESIAN_POINT('',(0.0333434423690808,-0.00787008587978037,0.00490000000000005));
#6796=CARTESIAN_POINT('',(0.0332204788003745,-0.00791248882773628,0.00490000000000005));
#6797=CARTESIAN_POINT('',(0.0330897413685614,-0.0079366381355211,0.00490000000000005));
#6798=CARTESIAN_POINT('',(0.0330231613612316,-0.00794466050193594,0.00490000000000005));
#6799=CARTESIAN_POINT('',(0.0329148126950224,-0.00795328727478274,0.00490000000000005));
#6800=CARTESIAN_POINT('',(0.0327512438254712,-0.00795175402123386,0.00490000000000005));
#6801=CARTESIAN_POINT('',(0.0326627376199464,-0.0079399960534031,0.00490000000000005));
#6802=CARTESIAN_POINT('',(0.0325944917250746,-0.00790283420849384,0.00490000000000005));
#6803=CARTESIAN_POINT('',(0.0325584138887888,-0.00786653231317692,0.00490000000000005));
#6804=CARTESIAN_POINT('',(0.0325584138870354,-0.00786653239132433,0.0049));
#6805=CARTESIAN_POINT('',(0.0325584138887836,-0.00786653231317957,0.0048));
#6806=CARTESIAN_POINT('',(0.0325584138887836,-0.00786653231317957,0.00483333333333333));
#6807=CARTESIAN_POINT('',(0.0325584138887836,-0.00786653231317957,0.00486666666666667));
#6808=CARTESIAN_POINT('',(0.0325584138887836,-0.00786653231317957,0.0049));
#6809=CARTESIAN_POINT('',(0.032558413867505,-0.00786653235683827,0.0048));
#6810=CARTESIAN_POINT('',(0.0334047787588593,-0.00705119777052373,0.0048));
#6811=CARTESIAN_POINT('',(0.0334556488801004,-0.00707810027878524,0.0048));
#6812=CARTESIAN_POINT('',(0.0335446608465374,-0.00714598127235871,0.0048));
#6813=CARTESIAN_POINT('',(0.0336328459188617,-0.00729752925802191,0.0048));
#6814=CARTESIAN_POINT('',(0.0336511811568859,-0.00737345347940918,0.0048));
#6815=CARTESIAN_POINT('',(0.0336515310094892,-0.00745730362909396,0.0048));
#6816=CARTESIAN_POINT('',(0.0336275206464762,-0.00762755817143432,0.0048));
#6817=CARTESIAN_POINT('',(0.033510937727139,-0.00777695458076975,0.0048));
#6818=CARTESIAN_POINT('',(0.033343428350119,-0.00787008780227015,0.0048));
#6819=CARTESIAN_POINT('',(0.0332205217212361,-0.00791248232812127,0.0048));
#6820=CARTESIAN_POINT('',(0.0330896661691883,-0.00793664997251039,0.0048));
#6821=CARTESIAN_POINT('',(0.0330231587153459,-0.00794466099860186,0.0048));
#6822=CARTESIAN_POINT('',(0.0329148049718525,-0.00795328808322356,0.0048));
#6823=CARTESIAN_POINT('',(0.032751252422673,-0.00795175412022172,0.0048));
#6824=CARTESIAN_POINT('',(0.0326626990083781,-0.00793999441381375,0.0048));
#6825=CARTESIAN_POINT('',(0.0325944917234608,-0.00790283420687502,0.0048));
#6826=CARTESIAN_POINT('',(0.0325584138887868,-0.0078665323131807,0.0048));
#6827=CARTESIAN_POINT('',(0.0319300817223037,-0.0067814643831903,0.00485));
#6828=CARTESIAN_POINT('',(0.0319300817223037,-0.0067814643831903,0.0049));
#6829=CARTESIAN_POINT('',(0.0321761445624588,-0.00675581608676195,0.0049));
#6830=CARTESIAN_POINT('',(0.0318334031404281,-0.00701326927387323,0.004899999875));
#6831=CARTESIAN_POINT('',(0.0318325582941505,-0.00700882739113216,0.004899999875));
#6832=CARTESIAN_POINT('',(0.0318333907608741,-0.00701327344120548,0.0048000000703125));
#6833=CARTESIAN_POINT('',(0.0319300817223037,-0.0067814643831903,0.0048));
#6834=CARTESIAN_POINT('',(0.0321761445624588,-0.00675581608676195,0.0048));
#6835=CARTESIAN_POINT('',(0.0321761445624588,-0.00675581608676195,0.00480000008341667));
#6836=CARTESIAN_POINT('',(0.0321728992944195,-0.00675581608676195,0.0048));
#6837=CARTESIAN_POINT('',(0.0321728992944195,-0.00675581608676195,0.0049));
#6838=CARTESIAN_POINT('',(0.0321854072498979,-0.00675581608676195,0.0049));
#6839=CARTESIAN_POINT('',(0.0321728992944195,-0.00675581608676195,0.0048));
#6840=CARTESIAN_POINT('',(0.0321854073123797,-0.00675581608676195,0.00480000004170833));
#6841=CARTESIAN_POINT('',(0.0321854073123797,-0.00675581608676195,0.0048));
#6842=CARTESIAN_POINT('',(0.0321854073123797,-0.00675581608676195,0.00483333333333333));
#6843=CARTESIAN_POINT('',(0.0321854073123797,-0.00675581608676195,0.00486666666666667));
#6844=CARTESIAN_POINT('',(0.0321854073123797,-0.00675581608676195,0.0049));
#6845=CARTESIAN_POINT('',(0.0317457710447157,-0.00758471405570134,0.0049));
#6846=CARTESIAN_POINT('',(0.0317457710447157,-0.00758471405570134,0.00480000004170833));
#6847=CARTESIAN_POINT('',(0.0318443466815033,-0.00753078399478772,0.0049));
#6848=CARTESIAN_POINT('',(0.0318443466815033,-0.00753078399478772,0.00480000004170833));
#6849=CARTESIAN_POINT('',(0.031985987723459,-0.00743534142153699,0.0049));
#6850=CARTESIAN_POINT('',(0.031985987723459,-0.00743534142153699,0.00480000004170833));
#6851=CARTESIAN_POINT('',(0.0322142534181161,-0.00721710103348854,0.0049));
#6852=CARTESIAN_POINT('',(0.0322142534181161,-0.00721710103348854,0.00480000004170833));
#6853=CARTESIAN_POINT('',(0.0323385382812509,-0.00703246752858595,0.0049));
#6854=CARTESIAN_POINT('',(0.0323385382812509,-0.00703246752858595,0.00480000004170833));
#6855=CARTESIAN_POINT('',(0.0323364221715555,-0.00681202980779412,0.0049));
#6856=CARTESIAN_POINT('',(0.0323364221715555,-0.00681202980779412,0.00480000004170833));
#6857=CARTESIAN_POINT('',(0.032250909276895,-0.00675581608676195,0.0049));
#6858=CARTESIAN_POINT('',(0.032250909276895,-0.00675581608676195,0.00480000004170833));
#6859=CARTESIAN_POINT('',(0.0321854073123797,-0.00675581608676195,0.0049));
#6860=CARTESIAN_POINT('',(0.0321854073123797,-0.00675581608676195,0.00480000004170833));
#6861=CARTESIAN_POINT('',(0.0317457710480742,-0.00758471405386393,0.0049));
#6862=CARTESIAN_POINT('',(0.0318443466846186,-0.00753078399272696,0.0049));
#6863=CARTESIAN_POINT('',(0.0319859877263946,-0.00743534141927006,0.0049));
#6864=CARTESIAN_POINT('',(0.032214253419989,-0.00721710103127833,0.0049));
#6865=CARTESIAN_POINT('',(0.0323385382814709,-0.00703246752728953,0.0049));
#6866=CARTESIAN_POINT('',(0.0323364221712316,-0.0068120298073751,0.0049));
#6867=CARTESIAN_POINT('',(0.032250909276709,-0.00675581608676195,0.0049));
#6868=CARTESIAN_POINT('',(0.0321854073123797,-0.00675581608676195,0.0049));
#6869=CARTESIAN_POINT('',(0.0317457710480742,-0.00758471405386394,0.00490000000000006));
#6870=CARTESIAN_POINT('',(0.0317449788680039,-0.00758514711236233,0.0048));
#6871=CARTESIAN_POINT('',(0.0318436118720443,-0.00753126979652791,0.0048));
#6872=CARTESIAN_POINT('',(0.03198528889201,-0.00743588158475805,0.0048));
#6873=CARTESIAN_POINT('',(0.0322138223056383,-0.0072176128286837,0.0048));
#6874=CARTESIAN_POINT('',(0.0323384814513532,-0.007032777539145,0.0048));
#6875=CARTESIAN_POINT('',(0.032336500303217,-0.00681212718884169,0.0048));
#6876=CARTESIAN_POINT('',(0.0322509531445684,-0.00675581608676195,0.0048));
#6877=CARTESIAN_POINT('',(0.0321854073123797,-0.00675581608676195,0.0048));
#6878=CARTESIAN_POINT('',(0.0317450502854658,-0.0075852778560471,0.00480000024716507));
#6879=CARTESIAN_POINT('',(0.0317457710480743,-0.00758471405386395,0.00480000024716507));
#6880=CARTESIAN_POINT('',(0.0316177357280308,-0.00764580967239377,0.0048));
#6881=CARTESIAN_POINT('',(0.0316177357280308,-0.00764580967239377,0.0049));
#6882=CARTESIAN_POINT('',(0.0315349903784478,-0.00792002391229115,0.0049));
#6883=CARTESIAN_POINT('',(0.0315754760566664,-0.0077858561567707,0.0049));
#6884=CARTESIAN_POINT('',(0.0315754761150022,-0.00778585606440721,0.0049));
#6885=CARTESIAN_POINT('',(0.0315754761150022,-0.00778585606440721,0.00486666666666667));
#6886=CARTESIAN_POINT('',(0.0315754761150022,-0.00778585606440721,0.00483333333333333));
#6887=CARTESIAN_POINT('',(0.0315754761150022,-0.00778585606440721,0.0048));
#6888=CARTESIAN_POINT('',(0.03157547610315,-0.00778585610350068,0.0048));
#6889=CARTESIAN_POINT('',(0.0316177357280308,-0.00764580967239377,0.0048));
#6890=CARTESIAN_POINT('',(0.0315349903784478,-0.00792002391229115,0.0048));
#6891=CARTESIAN_POINT('',(0.0315349903784478,-0.00792002391229115,0.0048));
#6892=CARTESIAN_POINT('',(0.0315349903784477,-0.00792002391229114,0.0048));
#6893=CARTESIAN_POINT('',(0.0315349903784477,-0.00792002391229114,0.0049));
#6894=CARTESIAN_POINT('',(0.0325394804361771,-0.00792002391229114,0.0049));
#6895=CARTESIAN_POINT('',(0.0315349903784477,-0.00792002391229114,0.0048));
#6896=CARTESIAN_POINT('',(0.0325394804361771,-0.00792002391229114,0.0048));
#6897=CARTESIAN_POINT('',(0.0325394804361771,-0.00792002391229114,0.0048));
#6898=CARTESIAN_POINT('',(0.0327501924310456,-0.00689532859477991,0.0049));
#6899=CARTESIAN_POINT('',(0.0327501924310456,-0.00689532859477991,0.0048));
#6900=CARTESIAN_POINT('',(0.0327501924310456,-0.00698160184686458,0.0049));
#6901=CARTESIAN_POINT('',(0.0327501924310456,-0.00698160184686458,0.0048));
#6902=CARTESIAN_POINT('',(0.0327118228468133,-0.00714481836094704,0.0049));
#6903=CARTESIAN_POINT('',(0.0327118228468133,-0.00714481836094704,0.0048));
#6904=CARTESIAN_POINT('',(0.032414779287422,-0.00747276751250107,0.0049));
#6905=CARTESIAN_POINT('',(0.032414779287422,-0.00747276751250107,0.0048));
#6906=CARTESIAN_POINT('',(0.0321696921103271,-0.00758936323236811,0.0049));
#6907=CARTESIAN_POINT('',(0.0321696921103271,-0.00758936323236811,0.0048));
#6908=CARTESIAN_POINT('',(0.0319804682488775,-0.0076400367410275,0.0049));
#6909=CARTESIAN_POINT('',(0.0319804682488775,-0.0076400367410275,0.0048));
#6910=CARTESIAN_POINT('',(0.0327501924310456,-0.00689532859477991,0.0049));
#6911=CARTESIAN_POINT('',(0.0327501924310456,-0.00698160183799639,0.0049));
#6912=CARTESIAN_POINT('',(0.0327118228567884,-0.00714481833392701,0.0049));
#6913=CARTESIAN_POINT('',(0.0324147793459425,-0.00747276746753408,0.0049));
#6914=CARTESIAN_POINT('',(0.0321696921991409,-0.00758936319102718,0.0049));
#6915=CARTESIAN_POINT('',(0.0319804683655815,-0.00764003670977454,0.0049));
#6916=CARTESIAN_POINT('',(0.0327501924310456,-0.00689532859478616,0.00489999999974995));
#6917=CARTESIAN_POINT('',(0.0319804683697662,-0.0076400367254007,0.0049));
#6918=CARTESIAN_POINT('',(0.0319804682488775,-0.0076400367410275,0.0048));
#6919=CARTESIAN_POINT('',(0.0319804682488775,-0.0076400367410275,0.00483333333333333));
#6920=CARTESIAN_POINT('',(0.0319804682488775,-0.0076400367410275,0.00486666666666667));
#6921=CARTESIAN_POINT('',(0.0319804682488775,-0.0076400367410275,0.0049));
#6922=CARTESIAN_POINT('',(0.0319804689520183,-0.00764003664869459,0.0048));
#6923=CARTESIAN_POINT('',(0.0327501924310456,-0.00689532859477991,0.0048));
#6924=CARTESIAN_POINT('',(0.0327501924310456,-0.00698160179525601,0.0048));
#6925=CARTESIAN_POINT('',(0.0327118352373645,-0.00714480779315028,0.0048));
#6926=CARTESIAN_POINT('',(0.0324147179654797,-0.00747281930358146,0.0048));
#6927=CARTESIAN_POINT('',(0.0321696926271802,-0.00758936299178382,0.0048));
#6928=CARTESIAN_POINT('',(0.0319804689280385,-0.00764003655915031,0.0048));
#6929=CARTESIAN_POINT('',(0.0327501924310456,-0.00689532859478408,0.00480000000016667));
#6930=CARTESIAN_POINT('',(0.0327501809421526,-0.00689532856209147,0.00490000000000001));
#6931=CARTESIAN_POINT('',(0.0327501809421526,-0.00689532856209147,0.00486666666666668));
#6932=CARTESIAN_POINT('',(0.0327501809421526,-0.00689532856209147,0.00483333333333334));
#6933=CARTESIAN_POINT('',(0.0327501809421526,-0.00689532856209147,0.00480000000000001));
#6934=CARTESIAN_POINT('',(0.0312046659424373,-0.00735413550490862,0.00485));
#6935=CARTESIAN_POINT('',(0.0312046659424373,-0.00735413550490862,0.0049));
#6936=CARTESIAN_POINT('',(0.0305966556985248,-0.0076400367410275,0.0049));
#6937=CARTESIAN_POINT('',(0.0305339404167034,-0.00730085112156653,0.00489999999974995));
#6938=CARTESIAN_POINT('',(0.0305349519987059,-0.00730029017640216,0.00489999999974995));
#6939=CARTESIAN_POINT('',(0.0305339403552335,-0.00730085109529643,0.004800000000125));
#6940=CARTESIAN_POINT('',(0.0312046659424373,-0.00735413550490862,0.0048));
#6941=CARTESIAN_POINT('',(0.0305975399725204,-0.00764003680385205,0.0048000000625625));
#6942=CARTESIAN_POINT('',(0.0305966556985248,-0.0076400367410275,0.0048000000625625));
#6943=CARTESIAN_POINT('',(0.0314087651796956,-0.0073450961100036,0.00490000000000011));
#6944=CARTESIAN_POINT('',(0.0314087651796956,-0.0073450961100036,0.0048));
#6945=CARTESIAN_POINT('',(0.0314425265741656,-0.00711089798710162,0.00490000000000013));
#6946=CARTESIAN_POINT('',(0.0314425265741656,-0.00711089798710162,0.00480000000000001));
#6947=CARTESIAN_POINT('',(0.0314322522868447,-0.00687231626117727,0.00490000000000012));
#6948=CARTESIAN_POINT('',(0.0314322522868447,-0.00687231626117727,0.0048));
#6949=CARTESIAN_POINT('',(0.031342220410929,-0.00676872789608808,0.00490000000000012));
#6950=CARTESIAN_POINT('',(0.031342220410929,-0.00676872789608808,0.00480000000000001));
#6951=CARTESIAN_POINT('',(0.0311529361587369,-0.00675936166500322,0.00490000000000012));
#6952=CARTESIAN_POINT('',(0.0311529361587369,-0.00675936166500322,0.00480000000000001));
#6953=CARTESIAN_POINT('',(0.0310579179777579,-0.0069062863302097,0.00490000000000012));
#6954=CARTESIAN_POINT('',(0.0310579179777579,-0.0069062863302097,0.00480000000000001));
#6955=CARTESIAN_POINT('',(0.0309679412994031,-0.00716356517474752,0.00490000000000012));
#6956=CARTESIAN_POINT('',(0.0309679412994031,-0.00716356517474752,0.00480000000000001));
#6957=CARTESIAN_POINT('',(0.0309313982021559,-0.00739176322819786,0.0049000000000001));
#6958=CARTESIAN_POINT('',(0.0309313982021559,-0.00739176322819786,0.00479999999999999));
#6959=CARTESIAN_POINT('',(0.0309369810335008,-0.00763455923571939,0.00490000000000016));
#6960=CARTESIAN_POINT('',(0.0309369810335008,-0.00763455923571939,0.00480000000000004));
#6961=CARTESIAN_POINT('',(0.0310287707787511,-0.00774523933426046,0.00490000000000015));
#6962=CARTESIAN_POINT('',(0.0310287707787511,-0.00774523933426046,0.00480000000000003));
#6963=CARTESIAN_POINT('',(0.031221342495804,-0.00775497335908549,0.00490000000000008));
#6964=CARTESIAN_POINT('',(0.031221342495804,-0.00775497335908549,0.00479999999999997));
#6965=CARTESIAN_POINT('',(0.0313170410585179,-0.00760877542703112,0.00490000000000013));
#6966=CARTESIAN_POINT('',(0.0313170410585179,-0.00760877542703112,0.00480000000000002));
#6967=CARTESIAN_POINT('',(0.0314087651796956,-0.0073450961100036,0.00490000000000011));
#6968=CARTESIAN_POINT('',(0.0314087651796956,-0.0073450961100036,0.0048));
#6969=CARTESIAN_POINT('',(0.0314425265741656,-0.00711089798710162,0.00490000000000013));
#6970=CARTESIAN_POINT('',(0.0314425265741656,-0.00711089798710162,0.00480000000000001));
#6971=CARTESIAN_POINT('',(0.0314322522868447,-0.00687231626117727,0.00490000000000012));
#6972=CARTESIAN_POINT('',(0.0314322522868447,-0.00687231626117727,0.0048));
#6973=CARTESIAN_POINT('',(0.0314355676715844,-0.00705119774166894,0.0049000000000001));
#6974=CARTESIAN_POINT('',(0.0314355676715844,-0.00700788144701509,0.0049000000000001));
#6975=CARTESIAN_POINT('',(0.0314308312737052,-0.00693675015825209,0.0049000000000001));
#6976=CARTESIAN_POINT('',(0.0314030585902802,-0.00683935751004609,0.0049000000000001));
#6977=CARTESIAN_POINT('',(0.03134515269806,-0.00677625672899883,0.0049000000000001));
#6978=CARTESIAN_POINT('',(0.0312943498091352,-0.00676545097231446,0.0049000000000001));
#6979=CARTESIAN_POINT('',(0.0312682526470298,-0.00676543766452805,0.0049000000000001));
#6980=CARTESIAN_POINT('',(0.031268219367054,-0.00676543764755752,0.0049000000000001));
#6981=CARTESIAN_POINT('',(0.0312681859042506,-0.00676543763903905,0.0049000000000001));
#6982=CARTESIAN_POINT('',(0.0312681526619628,-0.00676543763903905,0.0049000000000001));
#6983=CARTESIAN_POINT('',(0.0311308053083912,-0.00676543763903905,0.0049000000000001));
#6984=CARTESIAN_POINT('',(0.0310541051644555,-0.00691385969185383,0.0049000000000001));
#6985=CARTESIAN_POINT('',(0.0310093651154313,-0.0070453301469816,0.0049000000000001));
#6986=CARTESIAN_POINT('',(0.0310093545394153,-0.00704536122503504,0.0049000000000001));
#6987=CARTESIAN_POINT('',(0.0310093432910904,-0.00704539434651682,0.0049000000000001));
#6988=CARTESIAN_POINT('',(0.0310093329057088,-0.00704542481030268,0.0049000000000001));
#6989=CARTESIAN_POINT('',(0.0309631681483194,-0.00718084143197822,0.0049000000000001));
#6990=CARTESIAN_POINT('',(0.030937183164681,-0.00732240934896016,0.0049000000000001));
#6991=CARTESIAN_POINT('',(0.0309371712678073,-0.00746482448936151,0.0049000000000001));
#6992=CARTESIAN_POINT('',(0.0309371712649573,-0.00746485860609915,0.0049000000000001));
#6993=CARTESIAN_POINT('',(0.0309371712636305,-0.00746489014058631,0.0049000000000001));
#6994=CARTESIAN_POINT('',(0.0309371712636305,-0.00746492448958427,0.0049000000000001));
#6995=CARTESIAN_POINT('',(0.0309371712636305,-0.00750795665548916,0.0049000000000001));
#6996=CARTESIAN_POINT('',(0.0309419584254937,-0.00757867570987625,0.00490000000000011));
#6997=CARTESIAN_POINT('',(0.030970172207219,-0.00767562715777249,0.00490000000000009));
#6998=CARTESIAN_POINT('',(0.0310289438391357,-0.00773817951983352,0.0049000000000001));
#6999=CARTESIAN_POINT('',(0.0310800475134074,-0.00774874720594641,0.0049000000000001));
#7000=CARTESIAN_POINT('',(0.0311064105984707,-0.00774876025701352,0.0049000000000001));
#7001=CARTESIAN_POINT('',(0.0311064438671993,-0.00774876027348323,0.0049000000000001));
#7002=CARTESIAN_POINT('',(0.0311064773622561,-0.00774876028175875,0.0049000000000001));
#7003=CARTESIAN_POINT('',(0.0311065105837075,-0.00774876028175875,0.0049000000000001));
#7004=CARTESIAN_POINT('',(0.0312437316608504,-0.00774876028175875,0.0049000000000001));
#7005=CARTESIAN_POINT('',(0.0313208837612294,-0.0076012219141638,0.0049000000000001));
#7006=CARTESIAN_POINT('',(0.0313652983234161,-0.00746982999452972,0.0049000000000001));
#7007=CARTESIAN_POINT('',(0.0313653088306748,-0.00746979891083041,0.0049000000000001));
#7008=CARTESIAN_POINT('',(0.0313653200936701,-0.00746976572387677,0.0049000000000001));
#7009=CARTESIAN_POINT('',(0.0313653303399615,-0.00746973526572283,0.0049000000000001));
#7010=CARTESIAN_POINT('',(0.0314107820176177,-0.00733462548419694,0.0049000000000001));
#7011=CARTESIAN_POINT('',(0.0314355676715844,-0.00719329945732556,0.0049000000000001));
#7012=CARTESIAN_POINT('',(0.0314355676715844,-0.00705119774166894,0.0049000000000001));
#7013=CARTESIAN_POINT('',(0.0314355676715844,-0.00705119774166894,0.0049000000000001));
#7014=CARTESIAN_POINT('',(0.0314355676715844,-0.00705119774166894,0.0048));
#7015=CARTESIAN_POINT('',(0.0314355676715844,-0.00700788144701509,0.0048));
#7016=CARTESIAN_POINT('',(0.0314308312737052,-0.00693675015825209,0.0048));
#7017=CARTESIAN_POINT('',(0.0314030585902802,-0.00683935751004609,0.0048));
#7018=CARTESIAN_POINT('',(0.03134515269806,-0.00677625672899883,0.0048));
#7019=CARTESIAN_POINT('',(0.0312943498091352,-0.00676545097231446,0.0048));
#7020=CARTESIAN_POINT('',(0.0312682526470298,-0.00676543766452805,0.0048));
#7021=CARTESIAN_POINT('',(0.031268219367054,-0.00676543764755752,0.0048));
#7022=CARTESIAN_POINT('',(0.0312681859042506,-0.00676543763903905,0.0048));
#7023=CARTESIAN_POINT('',(0.0312681526619628,-0.00676543763903905,0.0048));
#7024=CARTESIAN_POINT('',(0.0311308053083912,-0.00676543763903905,0.0048));
#7025=CARTESIAN_POINT('',(0.0310541051644555,-0.00691385969185383,0.0048));
#7026=CARTESIAN_POINT('',(0.0310093651154313,-0.0070453301469816,0.0048));
#7027=CARTESIAN_POINT('',(0.0310093545394153,-0.00704536122503504,0.0048));
#7028=CARTESIAN_POINT('',(0.0310093432910904,-0.00704539434651682,0.0048));
#7029=CARTESIAN_POINT('',(0.0310093329057088,-0.00704542481030268,0.0048));
#7030=CARTESIAN_POINT('',(0.0309631681483194,-0.00718084143197822,0.0048));
#7031=CARTESIAN_POINT('',(0.030937183164681,-0.00732240934896016,0.0048));
#7032=CARTESIAN_POINT('',(0.0309371712678073,-0.00746482448936151,0.0048));
#7033=CARTESIAN_POINT('',(0.0309371712649573,-0.00746485860609915,0.0048));
#7034=CARTESIAN_POINT('',(0.0309371712636305,-0.00746489014058631,0.0048));
#7035=CARTESIAN_POINT('',(0.0309371712636305,-0.00746492448958427,0.0048));
#7036=CARTESIAN_POINT('',(0.0309371712636305,-0.00750795665548916,0.0048));
#7037=CARTESIAN_POINT('',(0.0309419584254937,-0.00757867570987625,0.0048));
#7038=CARTESIAN_POINT('',(0.030970172207219,-0.00767562715777249,0.0048));
#7039=CARTESIAN_POINT('',(0.0310289438391357,-0.00773817951983352,0.0048));
#7040=CARTESIAN_POINT('',(0.0310800475134074,-0.00774874720594641,0.0048));
#7041=CARTESIAN_POINT('',(0.0311064105984707,-0.00774876025701352,0.0048));
#7042=CARTESIAN_POINT('',(0.0311064438671993,-0.00774876027348323,0.0048));
#7043=CARTESIAN_POINT('',(0.0311064773622561,-0.00774876028175875,0.0048));
#7044=CARTESIAN_POINT('',(0.0311065105837075,-0.00774876028175875,0.0048));
#7045=CARTESIAN_POINT('',(0.0312437316608504,-0.00774876028175875,0.0048));
#7046=CARTESIAN_POINT('',(0.0313208837612294,-0.0076012219141638,0.0048));
#7047=CARTESIAN_POINT('',(0.0313652983234161,-0.00746982999452972,0.0048));
#7048=CARTESIAN_POINT('',(0.0313653088306748,-0.00746979891083041,0.0048));
#7049=CARTESIAN_POINT('',(0.0313653200936701,-0.00746976572387677,0.0048));
#7050=CARTESIAN_POINT('',(0.0313653303399615,-0.00746973526572283,0.0048));
#7051=CARTESIAN_POINT('',(0.0314107820176177,-0.00733462548419694,0.0048));
#7052=CARTESIAN_POINT('',(0.0314355676715844,-0.00719329945732556,0.0048));
#7053=CARTESIAN_POINT('',(0.0314355676715844,-0.00705119774166894,0.0048));
#7054=CARTESIAN_POINT('',(0.0314355676715844,-0.00705119774166894,0.0048));
#7055=CARTESIAN_POINT('',(0.029891493590353,-0.00677734900870701,0.00485));
#7056=CARTESIAN_POINT('',(0.029891493590353,-0.00677734900870701,0.0049));
#7057=CARTESIAN_POINT('',(0.0301433257179959,-0.00675581608676195,0.0049));
#7058=CARTESIAN_POINT('',(0.0297356231275694,-0.00698088386716344,0.00489999999975));
#7059=CARTESIAN_POINT('',(0.0297424935697099,-0.00698151090942482,0.00489999999975));
#7060=CARTESIAN_POINT('',(0.0297356230499349,-0.00698088388981357,0.0048000000000625));
#7061=CARTESIAN_POINT('',(0.029891493590353,-0.00677734900870701,0.0048));
#7062=CARTESIAN_POINT('',(0.0301433257179959,-0.00675581608676195,0.0048));
#7063=CARTESIAN_POINT('',(0.0301433257179959,-0.00675581608676195,0.00480000008341667));
#7064=CARTESIAN_POINT('',(0.0301392880051315,-0.00675581608676195,0.0048));
#7065=CARTESIAN_POINT('',(0.0301392880051315,-0.00675581608676195,0.0049));
#7066=CARTESIAN_POINT('',(0.0301517959606099,-0.00675581608676195,0.0049));
#7067=CARTESIAN_POINT('',(0.0301392880051315,-0.00675581608676195,0.0048));
#7068=CARTESIAN_POINT('',(0.0301517960230917,-0.00675581608676195,0.00480000004170833));
#7069=CARTESIAN_POINT('',(0.0301517960230917,-0.00675581608676195,0.0048));
#7070=CARTESIAN_POINT('',(0.0301517960230917,-0.00675581608676195,0.00483333333333333));
#7071=CARTESIAN_POINT('',(0.0301517960230917,-0.00675581608676195,0.00486666666666667));
#7072=CARTESIAN_POINT('',(0.0301517960230917,-0.00675581608676195,0.0049));
#7073=CARTESIAN_POINT('',(0.0295763655829487,-0.00764896170756011,0.00490000000000005));
#7074=CARTESIAN_POINT('',(0.0295763655829487,-0.00764896170756011,0.00480000004170833));
#7075=CARTESIAN_POINT('',(0.0296847735397685,-0.00760492097510211,0.00490000000000005));
#7076=CARTESIAN_POINT('',(0.0296847735397685,-0.00760492097510211,0.00480000004170833));
#7077=CARTESIAN_POINT('',(0.0298940197210502,-0.00748689785378212,0.00490000000000005));
#7078=CARTESIAN_POINT('',(0.0298940197210502,-0.00748689785378212,0.00480000004170833));
#7079=CARTESIAN_POINT('',(0.0302877530469043,-0.0071356622415175,0.00490000000000005));
#7080=CARTESIAN_POINT('',(0.0302877530469043,-0.0071356622415175,0.00480000004170833));
#7081=CARTESIAN_POINT('',(0.0303156815704828,-0.00683132467676891,0.00490000000000005));
#7082=CARTESIAN_POINT('',(0.0303156815704828,-0.00683132467676891,0.00480000004170833));
#7083=CARTESIAN_POINT('',(0.0302248746011265,-0.00675581608676195,0.00490000000000005));
#7084=CARTESIAN_POINT('',(0.0302248746011265,-0.00675581608676195,0.00480000004170833));
#7085=CARTESIAN_POINT('',(0.0301517960230917,-0.00675581608676195,0.00490000000000005));
#7086=CARTESIAN_POINT('',(0.0301517960230917,-0.00675581608676195,0.00480000004170833));
#7087=CARTESIAN_POINT('',(0.0295841244387428,-0.00764580967239377,0.00490000000000005));
#7088=CARTESIAN_POINT('',(0.0296918858242464,-0.00760203160953296,0.00490000000000005));
#7089=CARTESIAN_POINT('',(0.029900656327316,-0.00748149589524724,0.00490000000000005));
#7090=CARTESIAN_POINT('',(0.0302900457023734,-0.00713162790523533,0.00490000000000005));
#7091=CARTESIAN_POINT('',(0.0303146579767251,-0.00683028861952104,0.00490000000000005));
#7092=CARTESIAN_POINT('',(0.0302244387427839,-0.00675581608676195,0.00490000000000005));
#7093=CARTESIAN_POINT('',(0.0301517960230917,-0.00675581608676195,0.00490000000000005));
#7094=CARTESIAN_POINT('',(0.0295841244206926,-0.00764580973221138,0.0049));
#7095=CARTESIAN_POINT('',(0.0295841244387428,-0.00764580967239377,0.0048));
#7096=CARTESIAN_POINT('',(0.0296918858242464,-0.00760203160953296,0.0048));
#7097=CARTESIAN_POINT('',(0.029900655017197,-0.00748149703347128,0.0048));
#7098=CARTESIAN_POINT('',(0.0302900502877902,-0.00713162392145122,0.0048));
#7099=CARTESIAN_POINT('',(0.030314656666606,-0.00683028975774507,0.0048));
#7100=CARTESIAN_POINT('',(0.0302244387427838,-0.00675581608676195,0.0048));
#7101=CARTESIAN_POINT('',(0.0301517960230917,-0.00675581608676195,0.0048));
#7102=CARTESIAN_POINT('',(0.0295841244209552,-0.00764580973134121,0.00480000004170833));
#7103=CARTESIAN_POINT('',(0.0295841244387428,-0.00764580967239377,0.0049));
#7104=CARTESIAN_POINT('',(0.0295841244387428,-0.00764580967239377,0.00486666666666667));
#7105=CARTESIAN_POINT('',(0.0295841244387428,-0.00764580967239377,0.00483333333333333));
#7106=CARTESIAN_POINT('',(0.0295841244387428,-0.00764580967239377,0.0048));
#7107=CARTESIAN_POINT('',(0.0295841244387428,-0.00764580967239377,0.0048));
#7108=CARTESIAN_POINT('',(0.0295841244387428,-0.00764580967239377,0.0049));
#7109=CARTESIAN_POINT('',(0.0295013790891598,-0.00792002391229115,0.0049));
#7110=CARTESIAN_POINT('',(0.0295841244387428,-0.00764580967239377,0.0048));
#7111=CARTESIAN_POINT('',(0.0295013790891598,-0.00792002391229115,0.0048));
#7112=CARTESIAN_POINT('',(0.0295013790891598,-0.00792002391229115,0.0048));
#7113=CARTESIAN_POINT('',(0.0295013790891597,-0.00792002391229114,0.0048));
#7114=CARTESIAN_POINT('',(0.0295013790891597,-0.00792002391229114,0.0049));
#7115=CARTESIAN_POINT('',(0.030505869146889,-0.00792002391229114,0.0049));
#7116=CARTESIAN_POINT('',(0.0295013790891597,-0.00792002391229114,0.0048));
#7117=CARTESIAN_POINT('',(0.030505869146889,-0.00792002391229114,0.0048));
#7118=CARTESIAN_POINT('',(0.030505869146889,-0.00792002391229114,0.0048));
#7119=CARTESIAN_POINT('',(0.029292463117383,-0.00656627150690307,0.0048));
#7120=CARTESIAN_POINT('',(0.029292463117383,-0.00656627150690307,0.0049));
#7121=CARTESIAN_POINT('',(0.0281696279666453,-0.00656627150690307,0.0049));
#7122=CARTESIAN_POINT('',(0.0292924629924383,-0.00656627150690307,0.00489999987487498));
#7123=CARTESIAN_POINT('',(0.029292463117383,-0.00656627150690307,0.00489999987487497));
#7124=CARTESIAN_POINT('',(0.029292463117383,-0.00656627150690307,0.00486666658324998));
#7125=CARTESIAN_POINT('',(0.029292463117383,-0.00656627150690307,0.00483333329162499));
#7126=CARTESIAN_POINT('',(0.029292463117383,-0.00656627150690307,0.0048));
#7127=CARTESIAN_POINT('',(0.0292924619489139,-0.00656627150690307,0.00480000008341667));
#7128=CARTESIAN_POINT('',(0.029292463117383,-0.00656627150690307,0.0048));
#7129=CARTESIAN_POINT('',(0.0281696279666453,-0.00656627150690307,0.0048));
#7130=CARTESIAN_POINT('',(0.0281696279666453,-0.00656627150690307,0.0048));
#7131=CARTESIAN_POINT('',(0.0281696279666453,-0.00656627150690307,0.0048));
#7132=CARTESIAN_POINT('',(0.0281696279666453,-0.00656627150690307,0.0049));
#7133=CARTESIAN_POINT('',(0.028021456061578,-0.00680873462428601,0.0049));
#7134=CARTESIAN_POINT('',(0.0281696279666453,-0.00656627150690307,0.0048));
#7135=CARTESIAN_POINT('',(0.028021456061578,-0.00680873462428601,0.0048));
#7136=CARTESIAN_POINT('',(0.028021456061578,-0.00680873462428602,0.0048));
#7137=CARTESIAN_POINT('',(0.0280214560615779,-0.006808734624286,0.0048));
#7138=CARTESIAN_POINT('',(0.0280214560615779,-0.006808734624286,0.0049));
#7139=CARTESIAN_POINT('',(0.029147177615527,-0.006808734624286,0.0049));
#7140=CARTESIAN_POINT('',(0.0280214560615779,-0.006808734624286,0.0048));
#7141=CARTESIAN_POINT('',(0.0291471776779987,-0.006808734624286,0.00480000004170833));
#7142=CARTESIAN_POINT('',(0.0291471776779987,-0.006808734624286,0.0048));
#7143=CARTESIAN_POINT('',(0.0291471776779987,-0.006808734624286,0.00483333333333333));
#7144=CARTESIAN_POINT('',(0.0291471776779987,-0.006808734624286,0.00486666666666667));
#7145=CARTESIAN_POINT('',(0.0291471776779987,-0.006808734624286,0.0049));
#7146=CARTESIAN_POINT('',(0.0291077293136626,-0.00724651525289409,0.0049));
#7147=CARTESIAN_POINT('',(0.0291077293136626,-0.00724651525289409,0.00480000004170833));
#7148=CARTESIAN_POINT('',(0.0291669018601668,-0.00721813167367664,0.0049));
#7149=CARTESIAN_POINT('',(0.0291669018601668,-0.00721813167367664,0.00480000004170833));
#7150=CARTESIAN_POINT('',(0.0292518482973914,-0.00717417294411369,0.0049));
#7151=CARTESIAN_POINT('',(0.0292518482973914,-0.00717417294411369,0.00480000004170833));
#7152=CARTESIAN_POINT('',(0.0293464245586971,-0.0070795369420017,0.0049));
#7153=CARTESIAN_POINT('',(0.0293464245586971,-0.0070795369420017,0.00480000004170833));
#7154=CARTESIAN_POINT('',(0.0293766434280037,-0.0069885812361551,0.0049));
#7155=CARTESIAN_POINT('',(0.0293766434280037,-0.0069885812361551,0.00480000004170833));
#7156=CARTESIAN_POINT('',(0.0293684422626334,-0.00685085071104523,0.0049));
#7157=CARTESIAN_POINT('',(0.0293684422626334,-0.00685085071104523,0.00480000004170833));
#7158=CARTESIAN_POINT('',(0.0292602309172546,-0.006808734624286,0.0049));
#7159=CARTESIAN_POINT('',(0.0292602309172546,-0.006808734624286,0.00480000004170833));
#7160=CARTESIAN_POINT('',(0.0291471776779987,-0.006808734624286,0.0049));
#7161=CARTESIAN_POINT('',(0.0291471776779987,-0.006808734624286,0.00480000004170833));
#7162=CARTESIAN_POINT('',(0.0291076720712838,-0.00724654271062049,0.0049));
#7163=CARTESIAN_POINT('',(0.0291668493879857,-0.00721815684325914,0.0049));
#7164=CARTESIAN_POINT('',(0.0292518311380013,-0.00717418527530645,0.0049));
#7165=CARTESIAN_POINT('',(0.0293464090550064,-0.00707956275707924,0.0049));
#7166=CARTESIAN_POINT('',(0.0293766412547391,-0.00698859931714742,0.0049));
#7167=CARTESIAN_POINT('',(0.0293684540459667,-0.00685086405182023,0.0049));
#7168=CARTESIAN_POINT('',(0.029260240031048,-0.006808734624286,0.0049));
#7169=CARTESIAN_POINT('',(0.0291471776779987,-0.006808734624286,0.0049));
#7170=CARTESIAN_POINT('',(0.0291079264902624,-0.00724707310950784,0.00489999987487498));
#7171=CARTESIAN_POINT('',(0.0291077293136626,-0.00724651525289409,0.0048));
#7172=CARTESIAN_POINT('',(0.0291669018601668,-0.00721813167367664,0.0048));
#7173=CARTESIAN_POINT('',(0.0292518469754539,-0.00717417408703879,0.0048));
#7174=CARTESIAN_POINT('',(0.0293464281940252,-0.00707953379895765,0.0048));
#7175=CARTESIAN_POINT('',(0.0293766427983872,-0.00698858178051096,0.0048));
#7176=CARTESIAN_POINT('',(0.0293684426404032,-0.00685085038443172,0.0048));
#7177=CARTESIAN_POINT('',(0.0292602309172546,-0.006808734624286,0.0048));
#7178=CARTESIAN_POINT('',(0.0291471776779987,-0.006808734624286,0.0048));
#7179=CARTESIAN_POINT('',(0.0291079261459075,-0.00724707323132974,0.00480000000000009));
#7180=CARTESIAN_POINT('',(0.0291081236668546,-0.00724763096613167,0.00489999987487499));
#7181=CARTESIAN_POINT('',(0.0291081236668546,-0.00724763096613167,0.00486666658330555));
#7182=CARTESIAN_POINT('',(0.0291081236668546,-0.00724763096613167,0.00483333329173611));
#7183=CARTESIAN_POINT('',(0.0291081236668546,-0.00724763096613167,0.00480000000016668));
#7184=CARTESIAN_POINT('',(0.029181309030622,-0.007454688702183,0.00485));
#7185=CARTESIAN_POINT('',(0.029181309030622,-0.007454688702183,0.0049));
#7186=CARTESIAN_POINT('',(0.0290022462757364,-0.00732883318234696,0.00489999987487498));
#7187=CARTESIAN_POINT('',(0.029181309030622,-0.007454688702183,0.0048));
#7188=CARTESIAN_POINT('',(0.0290024551812843,-0.00732896209728806,0.00480000009725926));
#7189=CARTESIAN_POINT('',(0.0290015321777374,-0.00732855668124998,0.00480000009725926));
#7190=CARTESIAN_POINT('',(0.0291446622525545,-0.00733484795803666,0.00485));
#7191=CARTESIAN_POINT('',(0.0291446622525545,-0.00733484795803666,0.0049));
#7192=CARTESIAN_POINT('',(0.0290394162924952,-0.0074346165999114,0.00489999999974995));
#7193=CARTESIAN_POINT('',(0.0291446622525545,-0.00733484795803666,0.0048));
#7194=CARTESIAN_POINT('',(0.0290394162924952,-0.0074346165999114,0.00480000000016667));
#7195=CARTESIAN_POINT('',(0.0290406868220602,-0.00743341219254895,0.00480000000000001));
#7196=CARTESIAN_POINT('',(0.0290406868220602,-0.00743341219254895,0.00483333333333334));
#7197=CARTESIAN_POINT('',(0.0290406868220602,-0.00743341219254895,0.00486666666666668));
#7198=CARTESIAN_POINT('',(0.0290406868220602,-0.00743341219254895,0.00490000000000001));
#7199=CARTESIAN_POINT('',(0.0286148140561917,-0.00776607907585753,0.0049));
#7200=CARTESIAN_POINT('',(0.0286148140561917,-0.00776607907585753,0.00479999999999999));
#7201=CARTESIAN_POINT('',(0.0286995080313038,-0.00776607907585753,0.0049));
#7202=CARTESIAN_POINT('',(0.0286995080313038,-0.00776607907585753,0.00479999999999999));
#7203=CARTESIAN_POINT('',(0.0288077656789364,-0.00775663718293192,0.0049));
#7204=CARTESIAN_POINT('',(0.0288077656789364,-0.00775663718293192,0.00479999999999999));
#7205=CARTESIAN_POINT('',(0.0289426956199003,-0.00771918826824832,0.0049));
#7206=CARTESIAN_POINT('',(0.0289426956199003,-0.00771918826824832,0.0048));
#7207=CARTESIAN_POINT('',(0.0290434865527772,-0.00765566838683821,0.0049));
#7208=CARTESIAN_POINT('',(0.0290434865527772,-0.00765566838683821,0.00479999999999999));
#7209=CARTESIAN_POINT('',(0.0290764525173723,-0.00758488328618631,0.0049));
#7210=CARTESIAN_POINT('',(0.0290764525173723,-0.00758488328618631,0.00479999999999999));
#7211=CARTESIAN_POINT('',(0.0290784266699362,-0.00752555349882802,0.0049));
#7212=CARTESIAN_POINT('',(0.0290784266699362,-0.00752555349882802,0.00479999999999999));
#7213=CARTESIAN_POINT('',(0.0290736041051901,-0.0075049669353568,0.0049));
#7214=CARTESIAN_POINT('',(0.0290736041051901,-0.0075049669353568,0.0048));
#7215=CARTESIAN_POINT('',(0.029058774915378,-0.00746438048259366,0.0049));
#7216=CARTESIAN_POINT('',(0.029058774915378,-0.00746438048259366,0.00479999999999999));
#7217=CARTESIAN_POINT('',(0.0290394162924952,-0.0074346165999114,0.0049));
#7218=CARTESIAN_POINT('',(0.0290394162924952,-0.0074346165999114,0.00479999999999999));
#7219=CARTESIAN_POINT('',(0.0286208787684413,-0.00776607907585753,0.00489999999999999));
#7220=CARTESIAN_POINT('',(0.028705067350866,-0.00776607907585753,0.00489999999999999));
#7221=CARTESIAN_POINT('',(0.0288105836835277,-0.0077566236672734,0.00489999999999999));
#7222=CARTESIAN_POINT('',(0.0289466618958525,-0.00771689261229397,0.00489999999999999));
#7223=CARTESIAN_POINT('',(0.0290450019862674,-0.00765631308640479,0.00489999999999999));
#7224=CARTESIAN_POINT('',(0.0290824064900593,-0.00756013450043921,0.00489999999999999));
#7225=CARTESIAN_POINT('',(0.0290747190309163,-0.00749610629256457,0.00489999999999999));
#7226=CARTESIAN_POINT('',(0.0290586593970494,-0.00746420287316349,0.00489999999999999));
#7227=CARTESIAN_POINT('',(0.0290394162924952,-0.0074346165999114,0.00489999999999999));
#7228=CARTESIAN_POINT('',(0.0286208787059623,-0.00776607907585753,0.0049));
#7229=CARTESIAN_POINT('',(0.0286208756528289,-0.00776607907585753,0.0048));
#7230=CARTESIAN_POINT('',(0.0287050644948879,-0.00776607907585753,0.0048));
#7231=CARTESIAN_POINT('',(0.0288105684579163,-0.00775662856381947,0.0048));
#7232=CARTESIAN_POINT('',(0.0289466828360725,-0.00771688565311453,0.0048));
#7233=CARTESIAN_POINT('',(0.0290449994201097,-0.00765631457988416,0.0048));
#7234=CARTESIAN_POINT('',(0.0290824069816007,-0.0075601353654501,0.0048));
#7235=CARTESIAN_POINT('',(0.0290747188042379,-0.00749610614286923,0.0048));
#7236=CARTESIAN_POINT('',(0.0290586594563944,-0.00746420296440643,0.0048));
#7237=CARTESIAN_POINT('',(0.0290394162924952,-0.0074346165999114,0.0048));
#7238=CARTESIAN_POINT('',(0.0286208756528289,-0.00776607907585753,0.00480000012499831));
#7239=CARTESIAN_POINT('',(0.0286208787684413,-0.00776607907585753,0.0049));
#7240=CARTESIAN_POINT('',(0.0286208787684413,-0.00776607907585753,0.00486666670833277));
#7241=CARTESIAN_POINT('',(0.0286208787684413,-0.00776607907585753,0.00483333341666554));
#7242=CARTESIAN_POINT('',(0.0286208787684413,-0.00776607907585753,0.00480000012499831));
#7243=CARTESIAN_POINT('',(0.0286208787684413,-0.00776607907585753,0.0048));
#7244=CARTESIAN_POINT('',(0.0286208787684413,-0.00776607907585753,0.0049));
#7245=CARTESIAN_POINT('',(0.0285718088518281,-0.00776607907585753,0.0049));
#7246=CARTESIAN_POINT('',(0.0286208787684413,-0.00776607907585753,0.0048));
#7247=CARTESIAN_POINT('',(0.0285718088518281,-0.00776607907585753,0.0048));
#7248=CARTESIAN_POINT('',(0.0285718088518281,-0.00776607907585753,0.0048));
#7249=CARTESIAN_POINT('',(0.0285718088518281,-0.00776607907585753,0.0048));
#7250=CARTESIAN_POINT('',(0.0285718088518281,-0.00776607907585753,0.0049));
#7251=CARTESIAN_POINT('',(0.0288671905067351,-0.0069328526486606,0.0049));
#7252=CARTESIAN_POINT('',(0.0285718088518281,-0.00776607907585753,0.0048));
#7253=CARTESIAN_POINT('',(0.0288671905067351,-0.0069328526486606,0.0048));
#7254=CARTESIAN_POINT('',(0.0288671905067351,-0.0069328526486606,0.0048));
#7255=CARTESIAN_POINT('',(0.0288671905067351,-0.0069328526486606,0.0048));
#7256=CARTESIAN_POINT('',(0.0288671905067351,-0.0069328526486606,0.0049));
#7257=CARTESIAN_POINT('',(0.0285208146247595,-0.0069328526486606,0.0049));
#7258=CARTESIAN_POINT('',(0.0288671905067351,-0.0069328526486606,0.0048));
#7259=CARTESIAN_POINT('',(0.0285208146247595,-0.0069328526486606,0.0048));
#7260=CARTESIAN_POINT('',(0.0285208146247595,-0.0069328526486606,0.0048));
#7261=CARTESIAN_POINT('',(0.0293360398699222,-0.00729300700092407,0.0049));
#7262=CARTESIAN_POINT('',(0.0293360398699222,-0.00729300700092407,0.0048));
#7263=CARTESIAN_POINT('',(0.0293735236332429,-0.00735775168302336,0.0049));
#7264=CARTESIAN_POINT('',(0.0293735236332429,-0.00735775168302336,0.0048));
#7265=CARTESIAN_POINT('',(0.0294039554137985,-0.00744150392680417,0.0049));
#7266=CARTESIAN_POINT('',(0.0294039554137985,-0.00744150392680417,0.00479999999999999));
#7267=CARTESIAN_POINT('',(0.0294134004557082,-0.0075087561258897,0.0049));
#7268=CARTESIAN_POINT('',(0.0294134004557082,-0.0075087561258897,0.0048));
#7269=CARTESIAN_POINT('',(0.0294115370557774,-0.00760312400286204,0.0049));
#7270=CARTESIAN_POINT('',(0.0294115370557774,-0.00760312400286204,0.0048));
#7271=CARTESIAN_POINT('',(0.0293595032261247,-0.00772204011428566,0.0049));
#7272=CARTESIAN_POINT('',(0.0293595032261247,-0.00772204011428566,0.0048));
#7273=CARTESIAN_POINT('',(0.0292003605728671,-0.00782926962140589,0.0049));
#7274=CARTESIAN_POINT('',(0.0292003605728671,-0.00782926962140589,0.0048));
#7275=CARTESIAN_POINT('',(0.0289715483219387,-0.00790224021612253,0.0049));
#7276=CARTESIAN_POINT('',(0.0289715483219387,-0.00790224021612253,0.0048));
#7277=CARTESIAN_POINT('',(0.0287976346913682,-0.00792002391229114,0.0049));
#7278=CARTESIAN_POINT('',(0.0287976346913682,-0.00792002391229114,0.0048));
#7279=CARTESIAN_POINT('',(0.0286642509102014,-0.00792002391229114,0.0049));
#7280=CARTESIAN_POINT('',(0.0286642509102014,-0.00792002391229114,0.0048));
#7281=CARTESIAN_POINT('',(0.029338646568313,-0.00729750947996272,0.0049));
#7282=CARTESIAN_POINT('',(0.0293756895445798,-0.00736149280260544,0.0049));
#7283=CARTESIAN_POINT('',(0.0294043773589489,-0.00744429799172645,0.0049));
#7284=CARTESIAN_POINT('',(0.0294135129260224,-0.0075098167839257,0.0049));
#7285=CARTESIAN_POINT('',(0.0294110448766493,-0.00760540837768209,0.0049));
#7286=CARTESIAN_POINT('',(0.0293590738148741,-0.00772151774276459,0.0049));
#7287=CARTESIAN_POINT('',(0.0292030097182086,-0.00782802454837564,0.0049));
#7288=CARTESIAN_POINT('',(0.0289754648554122,-0.00790118568586815,0.0049));
#7289=CARTESIAN_POINT('',(0.0288056125721616,-0.00792002391229114,0.0049));
#7290=CARTESIAN_POINT('',(0.0286737973059654,-0.00792002391229114,0.0049));
#7291=CARTESIAN_POINT('',(0.0293386465683772,-0.00729750947997234,0.00489999999975));
#7292=CARTESIAN_POINT('',(0.0286737972434984,-0.00792002391229114,0.0049));
#7293=CARTESIAN_POINT('',(0.0286737973059654,-0.00792002391229114,0.0048));
#7294=CARTESIAN_POINT('',(0.0286737973059654,-0.00792002391229114,0.00483333333333333));
#7295=CARTESIAN_POINT('',(0.0286737973059654,-0.00792002391229114,0.00486666666666667));
#7296=CARTESIAN_POINT('',(0.0286737973059654,-0.00792002391229114,0.0049));
#7297=CARTESIAN_POINT('',(0.0286737972643207,-0.00792002391229114,0.0048));
#7298=CARTESIAN_POINT('',(0.0293386466130931,-0.0072975095573102,0.0048));
#7299=CARTESIAN_POINT('',(0.0293756895744333,-0.00736149286987255,0.0048));
#7300=CARTESIAN_POINT('',(0.0294043774248443,-0.00744429804313941,0.0048));
#7301=CARTESIAN_POINT('',(0.0294135128868101,-0.00750981683118609,0.0048));
#7302=CARTESIAN_POINT('',(0.0294110450964565,-0.00760540839453538,0.0048));
#7303=CARTESIAN_POINT('',(0.0293590718363942,-0.00772151849155111,0.0048));
#7304=CARTESIAN_POINT('',(0.0292030167214298,-0.00782802197063513,0.0048));
#7305=CARTESIAN_POINT('',(0.028975427368806,-0.00790119950666103,0.0048));
#7306=CARTESIAN_POINT('',(0.0288056125588827,-0.00792002391229114,0.0048));
#7307=CARTESIAN_POINT('',(0.0286737973059654,-0.00792002391229114,0.0048));
#7308=CARTESIAN_POINT('',(0.0293386466852737,-0.00729750951552146,0.00480000000016667));
#7309=CARTESIAN_POINT('',(0.0293360398699222,-0.00729300700092407,0.00480000000016667));
#7310=CARTESIAN_POINT('',(0.0293560115814971,-0.00718537477161518,0.00485));
#7311=CARTESIAN_POINT('',(0.0293560115814971,-0.00718537477161518,0.0049));
#7312=CARTESIAN_POINT('',(0.0296732945814287,-0.00665910354520294,0.00489999999974995));
#7313=CARTESIAN_POINT('',(0.0296759100045516,-0.00665559971340316,0.004800000000125));
#7314=CARTESIAN_POINT('',(0.0296732944968454,-0.00665910355518506,0.004800000000125));
#7315=CARTESIAN_POINT('',(0.0293560115814971,-0.00718537477161518,0.0048));
#7316=CARTESIAN_POINT('',(0.029064128779093,-0.00651727822287061,0.00485));
#7317=CARTESIAN_POINT('',(0.029064128779093,-0.00651727822287061,0.0049000000000001));
#7318=CARTESIAN_POINT('',(0.029064128779093,-0.00651727822287061,0.0048));
#7319=CARTESIAN_POINT('',(0.0278041292495189,-0.00808924296296464,0.0048));
#7320=CARTESIAN_POINT('',(0.0296200458636959,-0.006394783489635,0.0048));
#7321=CARTESIAN_POINT('',(0.0299468576762968,-0.0076400366576813,0.00480000008341667));
#7322=CARTESIAN_POINT('',(0.0306049711353432,-0.0076400367410275,0.0048));
#7323=CARTESIAN_POINT('',(0.0285208146247595,-0.0069328526486606,0.0048));
#7324=CARTESIAN_POINT('',(0.0296732945814477,-0.00665910354522813,0.0048));
#7325=CARTESIAN_POINT('',(0.0296946674735933,-0.00662977153977931,0.0048));
#7326=CARTESIAN_POINT('',(0.0297643696726991,-0.00658055525322395,0.0048));
#7327=CARTESIAN_POINT('',(0.0298609693259762,-0.0065574964670517,0.0048));
#7328=CARTESIAN_POINT('',(0.0300044585140736,-0.00654230471240622,0.0048));
#7329=CARTESIAN_POINT('',(0.0302074001477173,-0.00654027139035898,0.0048));
#7330=CARTESIAN_POINT('',(0.0303813001851517,-0.00655707393674437,0.0048));
#7331=CARTESIAN_POINT('',(0.0304730480057146,-0.00656912569436495,0.0048));
#7332=CARTESIAN_POINT('',(0.0306582518152341,-0.0066661235625976,0.0048));
#7333=CARTESIAN_POINT('',(0.0306983596494766,-0.0067605437566707,0.0048));
#7334=CARTESIAN_POINT('',(0.0307094473832174,-0.006817343149483,0.0048));
#7335=CARTESIAN_POINT('',(0.030709201812527,-0.0068175385187497,0.0048));
#7336=CARTESIAN_POINT('',(0.0312462918039847,-0.00726373162845932,0.0048));
#7337=CARTESIAN_POINT('',(0.031676753621195,-0.00672140729812954,0.004800000000125));
#7338=CARTESIAN_POINT('',(0.0316767536907421,-0.00672140728269249,0.0048));
#7339=CARTESIAN_POINT('',(0.0316977352228581,-0.00664882158264719,0.0048));
#7340=CARTESIAN_POINT('',(0.0318229341467784,-0.00655432243214667,0.0048));
#7341=CARTESIAN_POINT('',(0.0320256407220559,-0.0065413534667337,0.0048));
#7342=CARTESIAN_POINT('',(0.0322992848580261,-0.00654284250350393,0.0048));
#7343=CARTESIAN_POINT('',(0.0324250803372932,-0.00655848275607527,0.0048));
#7344=CARTESIAN_POINT('',(0.0324956137924905,-0.00657378147136173,0.0048));
#7345=CARTESIAN_POINT('',(0.0325944553012686,-0.00660733392607321,0.0048));
#7346=CARTESIAN_POINT('',(0.0326669721846169,-0.00666233987968204,0.0048));
#7347=CARTESIAN_POINT('',(0.0326968510519486,-0.0067053051231691,0.0048));
#7348=CARTESIAN_POINT('',(0.0325394804361771,-0.00792002391229114,0.0048));
#7349=CARTESIAN_POINT('',(0.0315754761149002,-0.00778585606437644,0.0048));
#7350=CARTESIAN_POINT('',(0.0314129256480931,-0.00791769937351277,0.0048));
#7351=CARTESIAN_POINT('',(0.0309307312822237,-0.0079936204396455,0.0048));
#7352=CARTESIAN_POINT('',(0.0306779946017835,-0.00779160064415401,0.0048));
#7353=CARTESIAN_POINT('',(0.030601961172768,-0.00764854061589401,0.0048));
#7354=CARTESIAN_POINT('',(0.0306019611760816,-0.00764854062213308,0.00480000003128125));
#7355=CARTESIAN_POINT('',(0.030505869146889,-0.00792002391229114,0.0048));
#7356=CARTESIAN_POINT('',(0.0281734765875561,-0.00792002391229114,0.0048));
#7357=CARTESIAN_POINT('',(0.0310918958054997,-0.0071574309367558,0.0048));
#7358=CARTESIAN_POINT('',(0.0318473701090443,-0.00716184559286683,0.00480000000016667));
#7359=CARTESIAN_POINT('',(0.0310032370730364,-0.00718435771459427,0.0048));
#7360=CARTESIAN_POINT('',(0.0327480200825645,-0.00773294363606301,0.0048));
#7361=CARTESIAN_POINT('',(0.0325065973373747,-0.00764003680351689,0.0048000000625625));
#7362=CARTESIAN_POINT('',(0.032322232923663,-0.00689411095546954,0.0048));
#7363=CARTESIAN_POINT('',(0.0326385824246312,-0.0076400367410275,0.0048));
#7364=CARTESIAN_POINT('',(0.030505869146889,-0.00792002391229114,0.0048));
#7365=CARTESIAN_POINT('',(0.030505869146889,-0.00792002391229114,0.0049));
#7366=CARTESIAN_POINT('',(0.0306019611717479,-0.00764854071216122,0.0049));
#7367=CARTESIAN_POINT('',(0.0306019611727622,-0.00764854061589197,0.0048));
#7368=CARTESIAN_POINT('',(0.0306019611727622,-0.00764854061589197,0.00483333333333333));
#7369=CARTESIAN_POINT('',(0.0306019611727622,-0.00764854061589197,0.00486666666666667));
#7370=CARTESIAN_POINT('',(0.0306019611727622,-0.00764854061589197,0.0049));
#7371=CARTESIAN_POINT('',(0.0306049711353432,-0.0076400367410275,0.0048));
#7372=CARTESIAN_POINT('',(0.0306049711353432,-0.0076400367410275,0.0049));
#7373=CARTESIAN_POINT('',(0.0299468570848167,-0.00764003674096667,0.00489999987487498));
#7374=CARTESIAN_POINT('',(0.0299461442395522,-0.0076400367410275,0.00480000008341667));
#7375=CARTESIAN_POINT('',(0.0296200458636959,-0.006394783489635,0.00485));
#7376=CARTESIAN_POINT('',(0.0296200458636959,-0.006394783489635,0.0049));
#7377=CARTESIAN_POINT('',(0.0296759099904719,-0.00665559973181922,0.0049));
#7378=CARTESIAN_POINT('',(0.0296759099904719,-0.00665559973181922,0.0048));
#7379=CARTESIAN_POINT('',(0.0296978555215434,-0.00662689528179162,0.0049));
#7380=CARTESIAN_POINT('',(0.0296978555215434,-0.00662689528179162,0.0048));
#7381=CARTESIAN_POINT('',(0.0297690720521373,-0.00657881794116428,0.0049));
#7382=CARTESIAN_POINT('',(0.0297690720521373,-0.00657881794116428,0.0048));
#7383=CARTESIAN_POINT('',(0.0298641526019756,-0.00655706319151978,0.0049));
#7384=CARTESIAN_POINT('',(0.0298641526019756,-0.00655706319151978,0.0048));
#7385=CARTESIAN_POINT('',(0.030008981520811,-0.00654209692933296,0.0049));
#7386=CARTESIAN_POINT('',(0.030008981520811,-0.00654209692933296,0.0048));
#7387=CARTESIAN_POINT('',(0.030211273156099,-0.00654041252798002,0.0049));
#7388=CARTESIAN_POINT('',(0.030211273156099,-0.00654041252798002,0.0048));
#7389=CARTESIAN_POINT('',(0.0303832256664497,-0.00655741605656469,0.0049));
#7390=CARTESIAN_POINT('',(0.0303832256664497,-0.00655741605656469,0.0048));
#7391=CARTESIAN_POINT('',(0.0304738507485629,-0.00656935402834124,0.0049));
#7392=CARTESIAN_POINT('',(0.0304738507485629,-0.00656935402834124,0.0048));
#7393=CARTESIAN_POINT('',(0.030658811376039,-0.00666683493277697,0.0049));
#7394=CARTESIAN_POINT('',(0.030658811376039,-0.00666683493277697,0.0048));
#7395=CARTESIAN_POINT('',(0.0306983600031924,-0.00676068909338437,0.0049));
#7396=CARTESIAN_POINT('',(0.0306983600031924,-0.00676068909338437,0.0048));
#7397=CARTESIAN_POINT('',(0.0307094154374286,-0.00681717970733306,0.0049));
#7398=CARTESIAN_POINT('',(0.0307094154374286,-0.00681717970733306,0.0048));
#7399=CARTESIAN_POINT('',(0.0296732945814681,-0.00665910354524404,0.0049));
#7400=CARTESIAN_POINT('',(0.0296946649106818,-0.00662977505712714,0.0049));
#7401=CARTESIAN_POINT('',(0.0297643605809731,-0.00658056067540777,0.0049));
#7402=CARTESIAN_POINT('',(0.029860921978823,-0.00655750975686948,0.0049));
#7403=CARTESIAN_POINT('',(0.0300044026807862,-0.00654230604956882,0.0049));
#7404=CARTESIAN_POINT('',(0.0302073022322715,-0.00654027099008352,0.0049));
#7405=CARTESIAN_POINT('',(0.0303812092869326,-0.00655705749940651,0.0049));
#7406=CARTESIAN_POINT('',(0.0304729949170473,-0.00656912013933525,0.00490000000000001));
#7407=CARTESIAN_POINT('',(0.0306581276252246,-0.00666601518078446,0.0049));
#7408=CARTESIAN_POINT('',(0.0306983042381297,-0.00676040414673281,0.00490000000000001));
#7409=CARTESIAN_POINT('',(0.0307094154375562,-0.00681717970798517,0.00490000000000001));
#7410=CARTESIAN_POINT('',(0.0307094154375537,-0.00681717970797267,0.0049));
#7411=CARTESIAN_POINT('',(0.0307094154375537,-0.00681717970797264,0.0048));
#7412=CARTESIAN_POINT('',(0.0315754761149176,-0.00778585606417657,0.0049));
#7413=CARTESIAN_POINT('',(0.0315754761149176,-0.00778585606417657,0.0048));
#7414=CARTESIAN_POINT('',(0.0314129256481256,-0.00791769937337355,0.0049));
#7415=CARTESIAN_POINT('',(0.0314129256481256,-0.00791769937337355,0.0048));
#7416=CARTESIAN_POINT('',(0.0309307312822467,-0.00799362043961659,0.0049));
#7417=CARTESIAN_POINT('',(0.0309307312822467,-0.00799362043961659,0.0048));
#7418=CARTESIAN_POINT('',(0.0306779946017913,-0.00779160064414914,0.0049));
#7419=CARTESIAN_POINT('',(0.0306779946017913,-0.00779160064414914,0.0048));
#7420=CARTESIAN_POINT('',(0.0306019611727762,-0.00764854061588856,0.0049));
#7421=CARTESIAN_POINT('',(0.0306019611727762,-0.00764854061588856,0.0048));
#7422=CARTESIAN_POINT('',(0.0315754760344809,-0.00778585612941802,0.0049));
#7423=CARTESIAN_POINT('',(0.0314129255646099,-0.00791769939898536,0.0049));
#7424=CARTESIAN_POINT('',(0.0309307312421535,-0.00799362041743843,0.0049));
#7425=CARTESIAN_POINT('',(0.0306779945955206,-0.00779160063235048,0.0049));
#7426=CARTESIAN_POINT('',(0.0306019611727762,-0.00764854061588856,0.0049));
#7427=CARTESIAN_POINT('',(0.0310032370730364,-0.00718435771459427,0.00485));
#7428=CARTESIAN_POINT('',(0.0310032370730364,-0.00718435771459427,0.00490000000000011));
#7429=CARTESIAN_POINT('',(0.0318473701090443,-0.00716184559287244,0.00489999999975));
#7430=CARTESIAN_POINT('',(0.0318465259440506,-0.00716186810582962,0.00479999999999995));
#7431=CARTESIAN_POINT('',(0.0318465259440506,-0.00716186810582962,0.00483333333333332));
#7432=CARTESIAN_POINT('',(0.0318465259440506,-0.00716186810582962,0.00486666666666669));
#7433=CARTESIAN_POINT('',(0.0318465259440506,-0.00716186810582962,0.00490000000000006));
#7434=CARTESIAN_POINT('',(0.0312462918039847,-0.00726373162845932,0.00485));
#7435=CARTESIAN_POINT('',(0.0312462918039847,-0.00726373162845932,0.0049));
#7436=CARTESIAN_POINT('',(0.0316786065923845,-0.00671532596268493,0.0049));
#7437=CARTESIAN_POINT('',(0.0316786065923845,-0.00671532596268492,0.004800000000125));
#7438=CARTESIAN_POINT('',(0.0310918958054997,-0.0071574309367558,0.00485));
#7439=CARTESIAN_POINT('',(0.0310918958054997,-0.0071574309367558,0.0049));
#7440=CARTESIAN_POINT('',(0.0327480200825645,-0.00773294363606301,0.00485));
#7441=CARTESIAN_POINT('',(0.0327480200825645,-0.00773294363606301,0.0049000000000001));
#7442=CARTESIAN_POINT('',(0.0325065973631981,-0.00764003674100627,0.00489999987487503));
#7443=CARTESIAN_POINT('',(0.0325102499797436,-0.0076400367410275,0.0048000000625625));
#7444=CARTESIAN_POINT('',(0.0325394804361771,-0.00792002391229114,0.0048));
#7445=CARTESIAN_POINT('',(0.0325394804361771,-0.00792002391229114,0.0049));
#7446=CARTESIAN_POINT('',(0.0326385824246312,-0.0076400367410275,0.0048));
#7447=CARTESIAN_POINT('',(0.0326385824246312,-0.0076400367410275,0.0049));
#7448=CARTESIAN_POINT('',(0.032322232923663,-0.00689411095546954,0.00485));
#7449=CARTESIAN_POINT('',(0.032322232923663,-0.00689411095546955,0.0049));
#7450=CARTESIAN_POINT('',(0.0316786065814775,-0.00671532599670515,0.0049));
#7451=CARTESIAN_POINT('',(0.0316786065814775,-0.00671532599670515,0.00480000003128125));
#7452=CARTESIAN_POINT('',(0.0317012977072499,-0.00664454947871324,0.0049));
#7453=CARTESIAN_POINT('',(0.0317012977072499,-0.00664454947871324,0.00480000003128125));
#7454=CARTESIAN_POINT('',(0.0318260065256386,-0.00655417667566017,0.0049));
#7455=CARTESIAN_POINT('',(0.0318260065256386,-0.00655417667566017,0.00480000003128125));
#7456=CARTESIAN_POINT('',(0.0320318388029958,-0.00654107304984526,0.0049));
#7457=CARTESIAN_POINT('',(0.0320318388029958,-0.00654107304984526,0.00480000003128125));
#7458=CARTESIAN_POINT('',(0.0323028627285443,-0.00654309059998656,0.0049));
#7459=CARTESIAN_POINT('',(0.0323028627285443,-0.00654309059998656,0.00480000003128125));
#7460=CARTESIAN_POINT('',(0.0324271911030301,-0.00655888158523843,0.0049));
#7461=CARTESIAN_POINT('',(0.0324271911030301,-0.00655888158523843,0.00480000003128125));
#7462=CARTESIAN_POINT('',(0.0324965215211516,-0.00657401633675541,0.0049));
#7463=CARTESIAN_POINT('',(0.0324965215211516,-0.00657401633675541,0.00480000003128125));
#7464=CARTESIAN_POINT('',(0.0325959422549819,-0.00660810867825162,0.0049));
#7465=CARTESIAN_POINT('',(0.0325959422549819,-0.00660810867825162,0.00480000003128125));
#7466=CARTESIAN_POINT('',(0.0326671826856951,-0.00666264257638904,0.0049));
#7467=CARTESIAN_POINT('',(0.0326671826856951,-0.00666264257638904,0.00480000003128125));
#7468=CARTESIAN_POINT('',(0.0326968510516819,-0.00670530512278527,0.0049));
#7469=CARTESIAN_POINT('',(0.0326968510516819,-0.00670530512278527,0.00480000003128125));
#7470=CARTESIAN_POINT('',(0.0316786065923845,-0.00671532596268493,0.0049));
#7471=CARTESIAN_POINT('',(0.0317012977277446,-0.00664454945482208,0.0049));
#7472=CARTESIAN_POINT('',(0.0318260065435755,-0.00655417667464253,0.0049));
#7473=CARTESIAN_POINT('',(0.0320318388384896,-0.00654107304830788,0.0049));
#7474=CARTESIAN_POINT('',(0.0323028627490314,-0.00654309060141159,0.0049));
#7475=CARTESIAN_POINT('',(0.0324271911153489,-0.00655888158758269,0.0049));
#7476=CARTESIAN_POINT('',(0.0324965215264811,-0.00657401633812975,0.0049));
#7477=CARTESIAN_POINT('',(0.0325959422641884,-0.00660810868300896,0.0049));
#7478=CARTESIAN_POINT('',(0.032667182687291,-0.00666264257848918,0.0049));
#7479=CARTESIAN_POINT('',(0.0326968510520115,-0.00670530512325919,0.0049));
#7480=CARTESIAN_POINT('',(0.0278912443874279,-0.00792002391229114,0.0048));
#7481=CARTESIAN_POINT('',(0.0278912443874279,-0.00792002391229114,0.0049));
#7482=CARTESIAN_POINT('',(0.0285208146247595,-0.0069328526486606,0.0048));
#7483=CARTESIAN_POINT('',(0.0285208146247595,-0.0069328526486606,0.0049));
#7484=CARTESIAN_POINT('',(0.,0.,0.));
#7485=CARTESIAN_POINT('',(0.0352683543255479,-0.00255000025908752,0.002));
#7486=CARTESIAN_POINT('',(0.0364818990871474,0.00190181596297626,0.002));
#7487=CARTESIAN_POINT('',(0.0362195599044888,0.00167288696855005,0.002));
#7488=CARTESIAN_POINT('',(0.0357688368398843,0.00107369559644321,0.002));
#7489=CARTESIAN_POINT('',(0.0355416570192107,-2.59087441229721E-10,0.002));
#7490=CARTESIAN_POINT('',(0.0357688368398842,-0.00107369611461819,0.002));
#7491=CARTESIAN_POINT('',(0.0362195599044888,-0.00167288748672508,0.002));
#7492=CARTESIAN_POINT('',(0.0364818990871474,-0.00190181648115129,0.002));
#7493=CARTESIAN_POINT('',(0.0364818990871474,-0.00190181648115129,0.002));
#7494=CARTESIAN_POINT('',(0.0364818990871474,0.00190181596297626,0.002));
#7495=CARTESIAN_POINT('',(0.0364818990871474,-0.00255000025908752,0.002));
#7496=CARTESIAN_POINT('',(0.,0.,0.));
#7497=CARTESIAN_POINT('',(0.0225175511888078,-0.0125567987233492,0.0049));
#7498=CARTESIAN_POINT('',(0.032746797930845,-0.00684048574680151,0.0049));
#7499=CARTESIAN_POINT('',(0.032756571974824,-0.00691608769888689,0.0049));
#7500=CARTESIAN_POINT('',(0.0327367049450098,-0.00710451427221327,0.0049));
#7501=CARTESIAN_POINT('',(0.0324540756846913,-0.00744813801292383,0.0049));
#7502=CARTESIAN_POINT('',(0.0321813178692977,-0.00758624989352515,0.0049));
#7503=CARTESIAN_POINT('',(0.0319804682488775,-0.0076400367410275,0.0049));
#7504=CARTESIAN_POINT('',(0.032746797930845,-0.00684048574680151,0.0049));
#7505=CARTESIAN_POINT('',(0.0319804682488775,-0.0076400367410275,0.0049));
#7506=CARTESIAN_POINT('',(0.0225175511888078,-0.0076400367410275,0.0049));
#7507=CARTESIAN_POINT('',(0.0325065974881905,-0.00764003674102755,0.0049));
#7508=CARTESIAN_POINT('',(0.0325065974881905,-0.00764003674102755,0.0049));
#7509=CARTESIAN_POINT('',(0.0325302545934826,-0.0075729679423258,0.0049));
#7510=CARTESIAN_POINT('',(0.0326526345963182,-0.00746796724041745,0.0049));
#7511=CARTESIAN_POINT('',(0.0328942190841888,-0.00747579717189038,0.0049));
#7512=CARTESIAN_POINT('',(0.033034614502799,-0.00770637121752776,0.0049));
#7513=CARTESIAN_POINT('',(0.0330005091810844,-0.00776826154410724,0.0049));
#7514=CARTESIAN_POINT('',(0.0329872034413477,-0.00779782996309102,0.0049));
#7515=CARTESIAN_POINT('',(0.0329872038973093,-0.00779783016827295,0.0049));
#7516=CARTESIAN_POINT('',(0.032987203897309,-0.00779783016827296,0.0049));
#7517=CARTESIAN_POINT('',(0.0331308855172366,-0.00779013265054898,0.0049));
#7518=CARTESIAN_POINT('',(0.033262212523651,-0.00764045783302627,0.0049));
#7519=CARTESIAN_POINT('',(0.0332146462484919,-0.00737407221807926,0.0049));
#7520=CARTESIAN_POINT('',(0.0330760493035702,-0.00722671511729389,0.0049));
#7521=CARTESIAN_POINT('',(0.0329692430535541,-0.00718814449781463,0.0049));
#7522=CARTESIAN_POINT('',(0.0328909878127005,-0.0071810886974098,0.0049));
#7523=CARTESIAN_POINT('',(0.0328909878127005,-0.0071810886974098,0.0049));
#7524=CARTESIAN_POINT('',(0.0328909878127005,-0.0071810886974098,0.0049));
#7525=CARTESIAN_POINT('',(0.0331700128287364,-0.00684048574680044,0.0049));
#7526=CARTESIAN_POINT('',(0.0225175511888078,-0.00684048574680044,0.0049));
#7527=CARTESIAN_POINT('',(0.,0.,0.));
#7528=CARTESIAN_POINT('',(0.0221816456744522,-0.0025499997409124,0.002));
#7529=CARTESIAN_POINT('',(0.0235030234286022,-0.00191486869617837,0.002));
#7530=CARTESIAN_POINT('',(0.0237694565165505,-0.00168604989277202,0.002));
#7531=CARTESIAN_POINT('',(0.0242283663903227,-0.00108360164143956,0.002));
#7532=CARTESIAN_POINT('',(0.0244597413656858,2.59087691767993E-10,0.002));
#7533=CARTESIAN_POINT('',(0.0242283663903227,0.00108360215961491,0.002));
#7534=CARTESIAN_POINT('',(0.0237694565165505,0.00168605041094736,0.002));
#7535=CARTESIAN_POINT('',(0.0235030234286022,0.00191486921435371,0.002));
#7536=CARTESIAN_POINT('',(0.0235030234286022,0.00191486921435372,0.002));
#7537=CARTESIAN_POINT('',(0.0235030234286022,-0.00191486869617837,0.002));
#7538=CARTESIAN_POINT('',(0.0235030234286022,-0.0025499997409124,0.002));
#7539=MECHANICAL_DESIGN_GEOMETRIC_PRESENTATION_REPRESENTATION('',(#3889),
#7552);
#7540=MECHANICAL_DESIGN_GEOMETRIC_PRESENTATION_REPRESENTATION('',(#3890),
#7553);
#7541=MECHANICAL_DESIGN_GEOMETRIC_PRESENTATION_REPRESENTATION('',(#3891),
#7554);
#7542=MECHANICAL_DESIGN_GEOMETRIC_PRESENTATION_REPRESENTATION('',(#3892),
#7555);
#7543=MECHANICAL_DESIGN_GEOMETRIC_PRESENTATION_REPRESENTATION('',(#3893),
#7556);
#7544=MECHANICAL_DESIGN_GEOMETRIC_PRESENTATION_REPRESENTATION('',(#3894),
#7557);
#7545=MECHANICAL_DESIGN_GEOMETRIC_PRESENTATION_REPRESENTATION('',(#3895),
#7558);
#7546=MECHANICAL_DESIGN_GEOMETRIC_PRESENTATION_REPRESENTATION('',(#3896),
#7559);
#7547=MECHANICAL_DESIGN_GEOMETRIC_PRESENTATION_REPRESENTATION('',(#3897),
#7560);
#7548=MECHANICAL_DESIGN_GEOMETRIC_PRESENTATION_REPRESENTATION('',(#3898),
#7561);
#7549=MECHANICAL_DESIGN_GEOMETRIC_PRESENTATION_REPRESENTATION('',(#3899),
#7562);
#7550=MECHANICAL_DESIGN_GEOMETRIC_PRESENTATION_REPRESENTATION('',(#3900),
#7563);
#7551=MECHANICAL_DESIGN_GEOMETRIC_PRESENTATION_REPRESENTATION('',(#3901),
#7564);
#7552=(
GEOMETRIC_REPRESENTATION_CONTEXT(3)
GLOBAL_UNCERTAINTY_ASSIGNED_CONTEXT((#7565))
GLOBAL_UNIT_ASSIGNED_CONTEXT((#7604,#7591,#7578))
REPRESENTATION_CONTEXT('shell_2','TOP_LEVEL_ASSEMBLY_PART')
);
#7553=(
GEOMETRIC_REPRESENTATION_CONTEXT(3)
GLOBAL_UNCERTAINTY_ASSIGNED_CONTEXT((#7566))
GLOBAL_UNIT_ASSIGNED_CONTEXT((#7605,#7592,#7579))
REPRESENTATION_CONTEXT('brep_1','TOP_LEVEL_ASSEMBLY_PART')
);
#7554=(
GEOMETRIC_REPRESENTATION_CONTEXT(3)
GLOBAL_UNCERTAINTY_ASSIGNED_CONTEXT((#7567))
GLOBAL_UNIT_ASSIGNED_CONTEXT((#7606,#7593,#7580))
REPRESENTATION_CONTEXT('shell_3','TOP_LEVEL_ASSEMBLY_PART')
);
#7555=(
GEOMETRIC_REPRESENTATION_CONTEXT(3)
GLOBAL_UNCERTAINTY_ASSIGNED_CONTEXT((#7568))
GLOBAL_UNIT_ASSIGNED_CONTEXT((#7607,#7594,#7581))
REPRESENTATION_CONTEXT('brep_2','TOP_LEVEL_ASSEMBLY_PART')
);
#7556=(
GEOMETRIC_REPRESENTATION_CONTEXT(3)
GLOBAL_UNCERTAINTY_ASSIGNED_CONTEXT((#7569))
GLOBAL_UNIT_ASSIGNED_CONTEXT((#7608,#7595,#7582))
REPRESENTATION_CONTEXT('shell_4','TOP_LEVEL_ASSEMBLY_PART')
);
#7557=(
GEOMETRIC_REPRESENTATION_CONTEXT(3)
GLOBAL_UNCERTAINTY_ASSIGNED_CONTEXT((#7570))
GLOBAL_UNIT_ASSIGNED_CONTEXT((#7609,#7596,#7583))
REPRESENTATION_CONTEXT('brep_3','TOP_LEVEL_ASSEMBLY_PART')
);
#7558=(
GEOMETRIC_REPRESENTATION_CONTEXT(3)
GLOBAL_UNCERTAINTY_ASSIGNED_CONTEXT((#7571))
GLOBAL_UNIT_ASSIGNED_CONTEXT((#7610,#7597,#7584))
REPRESENTATION_CONTEXT('shell_5','TOP_LEVEL_ASSEMBLY_PART')
);
#7559=(
GEOMETRIC_REPRESENTATION_CONTEXT(3)
GLOBAL_UNCERTAINTY_ASSIGNED_CONTEXT((#7572))
GLOBAL_UNIT_ASSIGNED_CONTEXT((#7611,#7598,#7585))
REPRESENTATION_CONTEXT('brep_4','TOP_LEVEL_ASSEMBLY_PART')
);
#7560=(
GEOMETRIC_REPRESENTATION_CONTEXT(3)
GLOBAL_UNCERTAINTY_ASSIGNED_CONTEXT((#7573))
GLOBAL_UNIT_ASSIGNED_CONTEXT((#7612,#7599,#7586))
REPRESENTATION_CONTEXT('shell_9','TOP_LEVEL_ASSEMBLY_PART')
);
#7561=(
GEOMETRIC_REPRESENTATION_CONTEXT(3)
GLOBAL_UNCERTAINTY_ASSIGNED_CONTEXT((#7574))
GLOBAL_UNIT_ASSIGNED_CONTEXT((#7613,#7600,#7587))
REPRESENTATION_CONTEXT('shell_6','TOP_LEVEL_ASSEMBLY_PART')
);
#7562=(
GEOMETRIC_REPRESENTATION_CONTEXT(3)
GLOBAL_UNCERTAINTY_ASSIGNED_CONTEXT((#7575))
GLOBAL_UNIT_ASSIGNED_CONTEXT((#7614,#7601,#7588))
REPRESENTATION_CONTEXT('shell_7','TOP_LEVEL_ASSEMBLY_PART')
);
#7563=(
GEOMETRIC_REPRESENTATION_CONTEXT(3)
GLOBAL_UNCERTAINTY_ASSIGNED_CONTEXT((#7576))
GLOBAL_UNIT_ASSIGNED_CONTEXT((#7615,#7602,#7589))
REPRESENTATION_CONTEXT('shell_1','TOP_LEVEL_ASSEMBLY_PART')
);
#7564=(
GEOMETRIC_REPRESENTATION_CONTEXT(3)
GLOBAL_UNCERTAINTY_ASSIGNED_CONTEXT((#7577))
GLOBAL_UNIT_ASSIGNED_CONTEXT((#7616,#7603,#7590))
REPRESENTATION_CONTEXT('shell_8','TOP_LEVEL_ASSEMBLY_PART')
);
#7565=UNCERTAINTY_MEASURE_WITH_UNIT(LENGTH_MEASURE(2.E-5),#7604,
'DISTANCE_ACCURACY_VALUE','Maximum Tolerance applied to model');
#7566=UNCERTAINTY_MEASURE_WITH_UNIT(LENGTH_MEASURE(1.E-8),#7605,
'DISTANCE_ACCURACY_VALUE','Maximum Tolerance applied to model');
#7567=UNCERTAINTY_MEASURE_WITH_UNIT(LENGTH_MEASURE(2.E-5),#7606,
'DISTANCE_ACCURACY_VALUE','Maximum Tolerance applied to model');
#7568=UNCERTAINTY_MEASURE_WITH_UNIT(LENGTH_MEASURE(1.E-8),#7607,
'DISTANCE_ACCURACY_VALUE','Maximum Tolerance applied to model');
#7569=UNCERTAINTY_MEASURE_WITH_UNIT(LENGTH_MEASURE(2.E-5),#7608,
'DISTANCE_ACCURACY_VALUE','Maximum Tolerance applied to model');
#7570=UNCERTAINTY_MEASURE_WITH_UNIT(LENGTH_MEASURE(1.E-8),#7609,
'DISTANCE_ACCURACY_VALUE','Maximum Tolerance applied to model');
#7571=UNCERTAINTY_MEASURE_WITH_UNIT(LENGTH_MEASURE(2.E-5),#7610,
'DISTANCE_ACCURACY_VALUE','Maximum Tolerance applied to model');
#7572=UNCERTAINTY_MEASURE_WITH_UNIT(LENGTH_MEASURE(1.E-8),#7611,
'DISTANCE_ACCURACY_VALUE','Maximum Tolerance applied to model');
#7573=UNCERTAINTY_MEASURE_WITH_UNIT(LENGTH_MEASURE(2.E-5),#7612,
'DISTANCE_ACCURACY_VALUE','Maximum Tolerance applied to model');
#7574=UNCERTAINTY_MEASURE_WITH_UNIT(LENGTH_MEASURE(2.E-5),#7613,
'DISTANCE_ACCURACY_VALUE','Maximum Tolerance applied to model');
#7575=UNCERTAINTY_MEASURE_WITH_UNIT(LENGTH_MEASURE(2.E-5),#7614,
'DISTANCE_ACCURACY_VALUE','Maximum Tolerance applied to model');
#7576=UNCERTAINTY_MEASURE_WITH_UNIT(LENGTH_MEASURE(2.E-5),#7615,
'DISTANCE_ACCURACY_VALUE','Maximum Tolerance applied to model');
#7577=UNCERTAINTY_MEASURE_WITH_UNIT(LENGTH_MEASURE(2.E-5),#7616,
'DISTANCE_ACCURACY_VALUE','Maximum Tolerance applied to model');
#7578=(
NAMED_UNIT(*)
SI_UNIT($,.STERADIAN.)
SOLID_ANGLE_UNIT()
);
#7579=(
NAMED_UNIT(*)
SI_UNIT($,.STERADIAN.)
SOLID_ANGLE_UNIT()
);
#7580=(
NAMED_UNIT(*)
SI_UNIT($,.STERADIAN.)
SOLID_ANGLE_UNIT()
);
#7581=(
NAMED_UNIT(*)
SI_UNIT($,.STERADIAN.)
SOLID_ANGLE_UNIT()
);
#7582=(
NAMED_UNIT(*)
SI_UNIT($,.STERADIAN.)
SOLID_ANGLE_UNIT()
);
#7583=(
NAMED_UNIT(*)
SI_UNIT($,.STERADIAN.)
SOLID_ANGLE_UNIT()
);
#7584=(
NAMED_UNIT(*)
SI_UNIT($,.STERADIAN.)
SOLID_ANGLE_UNIT()
);
#7585=(
NAMED_UNIT(*)
SI_UNIT($,.STERADIAN.)
SOLID_ANGLE_UNIT()
);
#7586=(
NAMED_UNIT(*)
SI_UNIT($,.STERADIAN.)
SOLID_ANGLE_UNIT()
);
#7587=(
NAMED_UNIT(*)
SI_UNIT($,.STERADIAN.)
SOLID_ANGLE_UNIT()
);
#7588=(
NAMED_UNIT(*)
SI_UNIT($,.STERADIAN.)
SOLID_ANGLE_UNIT()
);
#7589=(
NAMED_UNIT(*)
SI_UNIT($,.STERADIAN.)
SOLID_ANGLE_UNIT()
);
#7590=(
NAMED_UNIT(*)
SI_UNIT($,.STERADIAN.)
SOLID_ANGLE_UNIT()
);
#7591=(
NAMED_UNIT(*)
PLANE_ANGLE_UNIT()
SI_UNIT($,.RADIAN.)
);
#7592=(
NAMED_UNIT(*)
PLANE_ANGLE_UNIT()
SI_UNIT($,.RADIAN.)
);
#7593=(
NAMED_UNIT(*)
PLANE_ANGLE_UNIT()
SI_UNIT($,.RADIAN.)
);
#7594=(
NAMED_UNIT(*)
PLANE_ANGLE_UNIT()
SI_UNIT($,.RADIAN.)
);
#7595=(
NAMED_UNIT(*)
PLANE_ANGLE_UNIT()
SI_UNIT($,.RADIAN.)
);
#7596=(
NAMED_UNIT(*)
PLANE_ANGLE_UNIT()
SI_UNIT($,.RADIAN.)
);
#7597=(
NAMED_UNIT(*)
PLANE_ANGLE_UNIT()
SI_UNIT($,.RADIAN.)
);
#7598=(
NAMED_UNIT(*)
PLANE_ANGLE_UNIT()
SI_UNIT($,.RADIAN.)
);
#7599=(
NAMED_UNIT(*)
PLANE_ANGLE_UNIT()
SI_UNIT($,.RADIAN.)
);
#7600=(
NAMED_UNIT(*)
PLANE_ANGLE_UNIT()
SI_UNIT($,.RADIAN.)
);
#7601=(
NAMED_UNIT(*)
PLANE_ANGLE_UNIT()
SI_UNIT($,.RADIAN.)
);
#7602=(
NAMED_UNIT(*)
PLANE_ANGLE_UNIT()
SI_UNIT($,.RADIAN.)
);
#7603=(
NAMED_UNIT(*)
PLANE_ANGLE_UNIT()
SI_UNIT($,.RADIAN.)
);
#7604=(
LENGTH_UNIT()
NAMED_UNIT(*)
SI_UNIT($,.METRE.)
);
#7605=(
LENGTH_UNIT()
NAMED_UNIT(*)
SI_UNIT($,.METRE.)
);
#7606=(
LENGTH_UNIT()
NAMED_UNIT(*)
SI_UNIT($,.METRE.)
);
#7607=(
LENGTH_UNIT()
NAMED_UNIT(*)
SI_UNIT($,.METRE.)
);
#7608=(
LENGTH_UNIT()
NAMED_UNIT(*)
SI_UNIT($,.METRE.)
);
#7609=(
LENGTH_UNIT()
NAMED_UNIT(*)
SI_UNIT($,.METRE.)
);
#7610=(
LENGTH_UNIT()
NAMED_UNIT(*)
SI_UNIT($,.METRE.)
);
#7611=(
LENGTH_UNIT()
NAMED_UNIT(*)
SI_UNIT($,.METRE.)
);
#7612=(
LENGTH_UNIT()
NAMED_UNIT(*)
SI_UNIT($,.METRE.)
);
#7613=(
LENGTH_UNIT()
NAMED_UNIT(*)
SI_UNIT($,.METRE.)
);
#7614=(
LENGTH_UNIT()
NAMED_UNIT(*)
SI_UNIT($,.METRE.)
);
#7615=(
LENGTH_UNIT()
NAMED_UNIT(*)
SI_UNIT($,.METRE.)
);
#7616=(
LENGTH_UNIT()
NAMED_UNIT(*)
SI_UNIT($,.METRE.)
);
#7617=PRODUCT_DEFINITION_SHAPE('','',#7630);
#7618=PRODUCT_DEFINITION_SHAPE('','',#7631);
#7619=PRODUCT_DEFINITION_SHAPE('','',#7632);
#7620=PRODUCT_DEFINITION_SHAPE('','',#7633);
#7621=PRODUCT_DEFINITION_SHAPE('','',#7634);
#7622=PRODUCT_DEFINITION_SHAPE('','',#7635);
#7623=PRODUCT_DEFINITION_SHAPE('','',#7636);
#7624=PRODUCT_DEFINITION_SHAPE('','',#7637);
#7625=PRODUCT_DEFINITION_SHAPE('','',#7638);
#7626=PRODUCT_DEFINITION_SHAPE('','',#7639);
#7627=PRODUCT_DEFINITION_SHAPE('','',#7640);
#7628=PRODUCT_DEFINITION_SHAPE('','',#7641);
#7629=PRODUCT_DEFINITION_SHAPE('','',#7642);
#7630=PRODUCT_DEFINITION('','',#7656,#7643);
#7631=PRODUCT_DEFINITION('','',#7657,#7644);
#7632=PRODUCT_DEFINITION('','',#7658,#7645);
#7633=PRODUCT_DEFINITION('','',#7659,#7646);
#7634=PRODUCT_DEFINITION('','',#7660,#7647);
#7635=PRODUCT_DEFINITION('','',#7661,#7648);
#7636=PRODUCT_DEFINITION('','',#7662,#7649);
#7637=PRODUCT_DEFINITION('','',#7663,#7650);
#7638=PRODUCT_DEFINITION('','',#7664,#7651);
#7639=PRODUCT_DEFINITION('','',#7665,#7652);
#7640=PRODUCT_DEFINITION('','',#7666,#7653);
#7641=PRODUCT_DEFINITION('','',#7667,#7654);
#7642=PRODUCT_DEFINITION('','',#7668,#7655);
#7643=PRODUCT_DEFINITION_CONTEXT('',#7734,'design');
#7644=PRODUCT_DEFINITION_CONTEXT('',#7735,'design');
#7645=PRODUCT_DEFINITION_CONTEXT('',#7736,'design');
#7646=PRODUCT_DEFINITION_CONTEXT('',#7737,'design');
#7647=PRODUCT_DEFINITION_CONTEXT('',#7738,'design');
#7648=PRODUCT_DEFINITION_CONTEXT('',#7739,'design');
#7649=PRODUCT_DEFINITION_CONTEXT('',#7740,'design');
#7650=PRODUCT_DEFINITION_CONTEXT('',#7741,'design');
#7651=PRODUCT_DEFINITION_CONTEXT('',#7742,'design');
#7652=PRODUCT_DEFINITION_CONTEXT('',#7743,'design');
#7653=PRODUCT_DEFINITION_CONTEXT('',#7744,'design');
#7654=PRODUCT_DEFINITION_CONTEXT('',#7745,'design');
#7655=PRODUCT_DEFINITION_CONTEXT('',#7746,'design');
#7656=PRODUCT_DEFINITION_FORMATION_WITH_SPECIFIED_SOURCE('','',#7682,
 .NOT_KNOWN.);
#7657=PRODUCT_DEFINITION_FORMATION_WITH_SPECIFIED_SOURCE('','',#7683,
 .NOT_KNOWN.);
#7658=PRODUCT_DEFINITION_FORMATION_WITH_SPECIFIED_SOURCE('','',#7684,
 .NOT_KNOWN.);
#7659=PRODUCT_DEFINITION_FORMATION_WITH_SPECIFIED_SOURCE('','',#7685,
 .NOT_KNOWN.);
#7660=PRODUCT_DEFINITION_FORMATION_WITH_SPECIFIED_SOURCE('','',#7686,
 .NOT_KNOWN.);
#7661=PRODUCT_DEFINITION_FORMATION_WITH_SPECIFIED_SOURCE('','',#7687,
 .NOT_KNOWN.);
#7662=PRODUCT_DEFINITION_FORMATION_WITH_SPECIFIED_SOURCE('','',#7688,
 .NOT_KNOWN.);
#7663=PRODUCT_DEFINITION_FORMATION_WITH_SPECIFIED_SOURCE('','',#7689,
 .NOT_KNOWN.);
#7664=PRODUCT_DEFINITION_FORMATION_WITH_SPECIFIED_SOURCE('','',#7690,
 .NOT_KNOWN.);
#7665=PRODUCT_DEFINITION_FORMATION_WITH_SPECIFIED_SOURCE('','',#7691,
 .NOT_KNOWN.);
#7666=PRODUCT_DEFINITION_FORMATION_WITH_SPECIFIED_SOURCE('','',#7692,
 .NOT_KNOWN.);
#7667=PRODUCT_DEFINITION_FORMATION_WITH_SPECIFIED_SOURCE('','',#7693,
 .NOT_KNOWN.);
#7668=PRODUCT_DEFINITION_FORMATION_WITH_SPECIFIED_SOURCE('','',#7694,
 .NOT_KNOWN.);
#7669=PRODUCT_RELATED_PRODUCT_CATEGORY('','',(#7682));
#7670=PRODUCT_RELATED_PRODUCT_CATEGORY('','',(#7683));
#7671=PRODUCT_RELATED_PRODUCT_CATEGORY('','',(#7684));
#7672=PRODUCT_RELATED_PRODUCT_CATEGORY('','',(#7685));
#7673=PRODUCT_RELATED_PRODUCT_CATEGORY('','',(#7686));
#7674=PRODUCT_RELATED_PRODUCT_CATEGORY('','',(#7687));
#7675=PRODUCT_RELATED_PRODUCT_CATEGORY('','',(#7688));
#7676=PRODUCT_RELATED_PRODUCT_CATEGORY('','',(#7689));
#7677=PRODUCT_RELATED_PRODUCT_CATEGORY('','',(#7690));
#7678=PRODUCT_RELATED_PRODUCT_CATEGORY('','',(#7691));
#7679=PRODUCT_RELATED_PRODUCT_CATEGORY('','',(#7692));
#7680=PRODUCT_RELATED_PRODUCT_CATEGORY('','',(#7693));
#7681=PRODUCT_RELATED_PRODUCT_CATEGORY('','',(#7694));
#7682=PRODUCT('shell_2','shell_2','shell_2',(#7708));
#7683=PRODUCT('brep_1','brep_1','brep_1',(#7709));
#7684=PRODUCT('shell_3','shell_3','shell_3',(#7710));
#7685=PRODUCT('brep_2','brep_2','brep_2',(#7711));
#7686=PRODUCT('shell_4','shell_4','shell_4',(#7712));
#7687=PRODUCT('brep_3','brep_3','brep_3',(#7713));
#7688=PRODUCT('shell_5','shell_5','shell_5',(#7714));
#7689=PRODUCT('brep_4','brep_4','brep_4',(#7715));
#7690=PRODUCT('shell_9','shell_9','shell_9',(#7716));
#7691=PRODUCT('shell_6','shell_6','shell_6',(#7717));
#7692=PRODUCT('shell_7','shell_7','shell_7',(#7718));
#7693=PRODUCT('shell_1','shell_1','shell_1',(#7719));
#7694=PRODUCT('shell_8','shell_8','shell_8',(#7720));
#7695=PRODUCT_CATEGORY('','');
#7696=PRODUCT_CATEGORY('','');
#7697=PRODUCT_CATEGORY('','');
#7698=PRODUCT_CATEGORY('','');
#7699=PRODUCT_CATEGORY('','');
#7700=PRODUCT_CATEGORY('','');
#7701=PRODUCT_CATEGORY('','');
#7702=PRODUCT_CATEGORY('','');
#7703=PRODUCT_CATEGORY('','');
#7704=PRODUCT_CATEGORY('','');
#7705=PRODUCT_CATEGORY('','');
#7706=PRODUCT_CATEGORY('','');
#7707=PRODUCT_CATEGORY('','');
#7708=PRODUCT_CONTEXT('',#7734,'mechanical');
#7709=PRODUCT_CONTEXT('',#7735,'mechanical');
#7710=PRODUCT_CONTEXT('',#7736,'mechanical');
#7711=PRODUCT_CONTEXT('',#7737,'mechanical');
#7712=PRODUCT_CONTEXT('',#7738,'mechanical');
#7713=PRODUCT_CONTEXT('',#7739,'mechanical');
#7714=PRODUCT_CONTEXT('',#7740,'mechanical');
#7715=PRODUCT_CONTEXT('',#7741,'mechanical');
#7716=PRODUCT_CONTEXT('',#7742,'mechanical');
#7717=PRODUCT_CONTEXT('',#7743,'mechanical');
#7718=PRODUCT_CONTEXT('',#7744,'mechanical');
#7719=PRODUCT_CONTEXT('',#7745,'mechanical');
#7720=PRODUCT_CONTEXT('',#7746,'mechanical');
#7721=APPLICATION_PROTOCOL_DEFINITION('international standard',
'ap242_managed_model_based_3d_engineering',2020,#7734);
#7722=APPLICATION_PROTOCOL_DEFINITION('international standard',
'ap242_managed_model_based_3d_engineering',2020,#7735);
#7723=APPLICATION_PROTOCOL_DEFINITION('international standard',
'ap242_managed_model_based_3d_engineering',2020,#7736);
#7724=APPLICATION_PROTOCOL_DEFINITION('international standard',
'ap242_managed_model_based_3d_engineering',2020,#7737);
#7725=APPLICATION_PROTOCOL_DEFINITION('international standard',
'ap242_managed_model_based_3d_engineering',2020,#7738);
#7726=APPLICATION_PROTOCOL_DEFINITION('international standard',
'ap242_managed_model_based_3d_engineering',2020,#7739);
#7727=APPLICATION_PROTOCOL_DEFINITION('international standard',
'ap242_managed_model_based_3d_engineering',2020,#7740);
#7728=APPLICATION_PROTOCOL_DEFINITION('international standard',
'ap242_managed_model_based_3d_engineering',2020,#7741);
#7729=APPLICATION_PROTOCOL_DEFINITION('international standard',
'ap242_managed_model_based_3d_engineering',2020,#7742);
#7730=APPLICATION_PROTOCOL_DEFINITION('international standard',
'ap242_managed_model_based_3d_engineering',2020,#7743);
#7731=APPLICATION_PROTOCOL_DEFINITION('international standard',
'ap242_managed_model_based_3d_engineering',2020,#7744);
#7732=APPLICATION_PROTOCOL_DEFINITION('international standard',
'ap242_managed_model_based_3d_engineering',2020,#7745);
#7733=APPLICATION_PROTOCOL_DEFINITION('international standard',
'ap242_managed_model_based_3d_engineering',2020,#7746);
#7734=APPLICATION_CONTEXT('managed model based 3d engineering');
#7735=APPLICATION_CONTEXT('managed model based 3d engineering');
#7736=APPLICATION_CONTEXT('managed model based 3d engineering');
#7737=APPLICATION_CONTEXT('managed model based 3d engineering');
#7738=APPLICATION_CONTEXT('managed model based 3d engineering');
#7739=APPLICATION_CONTEXT('managed model based 3d engineering');
#7740=APPLICATION_CONTEXT('managed model based 3d engineering');
#7741=APPLICATION_CONTEXT('managed model based 3d engineering');
#7742=APPLICATION_CONTEXT('managed model based 3d engineering');
#7743=APPLICATION_CONTEXT('managed model based 3d engineering');
#7744=APPLICATION_CONTEXT('managed model based 3d engineering');
#7745=APPLICATION_CONTEXT('managed model based 3d engineering');
#7746=APPLICATION_CONTEXT('managed model based 3d engineering');
ENDSEC;
END-ISO-10303-21;
