ISO-10303-21;
HEADER;
FILE_DESCRIPTION(('KiCad electronic assembly'),'2;1');
FILE_NAME('200_60 DPT Sensor Board.step','2026-07-21T19:48:54',('Pcbnew'
    ),('Kicad'),'Open CASCADE STEP processor 7.9',
  'KiCad to STEP converter','Unknown');
FILE_SCHEMA(('AUTOMOTIVE_DESIGN { 1 0 10303 214 1 1 1 1 }'));
ENDSEC;
DATA;
#1 = APPLICATION_PROTOCOL_DEFINITION('international standard',
  'automotive_design',2000,#2);
#2 = APPLICATION_CONTEXT(
  'core data for automotive mechanical design processes');
#3 = SHAPE_DEFINITION_REPRESENTATION(#4,#10);
#4 = PRODUCT_DEFINITION_SHAPE('','',#5);
#5 = PRODUCT_DEFINITION('design','',#6,#9);
#6 = PRODUCT_DEFINITION_FORMATION('','',#7);
#7 = PRODUCT('200_60 DPT Sensor Board 1','200_60 DPT Sensor Board 1','',
  (#8));
#8 = PRODUCT_CONTEXT('',#2,'mechanical');
#9 = PRODUCT_DEFINITION_CONTEXT('part definition',#2,'design');
#10 = SHAPE_REPRESENTATION('',(#11,#15,#19,#23),#27);
#11 = AXIS2_PLACEMENT_3D('',#12,#13,#14);
#12 = CARTESIAN_POINT('',(0.,0.,0.));
#13 = DIRECTION('',(0.,0.,1.));
#14 = DIRECTION('',(1.,0.,-0.));
#15 = AXIS2_PLACEMENT_3D('',#16,#17,#18);
#16 = CARTESIAN_POINT('',(150.4,-100.,1.595));
#17 = DIRECTION('',(0.,-1.,1.110223024625E-16));
#18 = DIRECTION('',(1.,0.,0.));
#19 = AXIS2_PLACEMENT_3D('',#20,#21,#22);
#20 = CARTESIAN_POINT('',(158.55,-94.610005,-8.5E-02));
#21 = DIRECTION('',(-1.224646799147E-16,-1.359631073447E-32,-1.));
#22 = DIRECTION('',(1.110223024625E-16,-1.,0.));
#23 = AXIS2_PLACEMENT_3D('',#24,#25,#26);
#24 = CARTESIAN_POINT('',(0.,0.,0.));
#25 = DIRECTION('',(0.,0.,1.));
#26 = DIRECTION('',(1.,0.,-0.));
#27 = ( GEOMETRIC_REPRESENTATION_CONTEXT(3) 
GLOBAL_UNCERTAINTY_ASSIGNED_CONTEXT((#31)) GLOBAL_UNIT_ASSIGNED_CONTEXT(
(#28,#29,#30)) REPRESENTATION_CONTEXT('Context #1',
  '3D Context with UNIT and UNCERTAINTY') );
#28 = ( LENGTH_UNIT() NAMED_UNIT(*) SI_UNIT(.MILLI.,.METRE.) );
#29 = ( NAMED_UNIT(*) PLANE_ANGLE_UNIT() SI_UNIT($,.RADIAN.) );
#30 = ( NAMED_UNIT(*) SI_UNIT($,.STERADIAN.) SOLID_ANGLE_UNIT() );
#31 = UNCERTAINTY_MEASURE_WITH_UNIT(LENGTH_MEASURE(1.E-07),#28,
  'distance_accuracy_value','confusion accuracy');
#32 = PRODUCT_RELATED_PRODUCT_CATEGORY('part',$,(#7));
#33 = SHAPE_DEFINITION_REPRESENTATION(#34,#40);
#34 = PRODUCT_DEFINITION_SHAPE('','',#35);
#35 = PRODUCT_DEFINITION('design','',#36,#39);
#36 = PRODUCT_DEFINITION_FORMATION('','',#37);
#37 = PRODUCT('200_60_1 DPT Sensor','200_60_1 DPT Sensor','',(#38));
#38 = PRODUCT_CONTEXT('',#2,'mechanical');
#39 = PRODUCT_DEFINITION_CONTEXT('part definition',#2,'design');
#40 = SHAPE_REPRESENTATION('',(#11,#41),#45);
#41 = AXIS2_PLACEMENT_3D('',#42,#43,#44);
#42 = CARTESIAN_POINT('',(0.,0.,0.));
#43 = DIRECTION('',(0.,0.,1.));
#44 = DIRECTION('',(1.,0.,-0.));
#45 = ( GEOMETRIC_REPRESENTATION_CONTEXT(3) 
GLOBAL_UNCERTAINTY_ASSIGNED_CONTEXT((#49)) GLOBAL_UNIT_ASSIGNED_CONTEXT(
(#46,#47,#48)) REPRESENTATION_CONTEXT('Context #1',
  '3D Context with UNIT and UNCERTAINTY') );
#46 = ( LENGTH_UNIT() NAMED_UNIT(*) SI_UNIT(.MILLI.,.METRE.) );
#47 = ( NAMED_UNIT(*) PLANE_ANGLE_UNIT() SI_UNIT($,.RADIAN.) );
#48 = ( NAMED_UNIT(*) SI_UNIT($,.STERADIAN.) SOLID_ANGLE_UNIT() );
#49 = UNCERTAINTY_MEASURE_WITH_UNIT(LENGTH_MEASURE(1.E-07),#46,
  'distance_accuracy_value','confusion accuracy');
#50 = CONTEXT_DEPENDENT_SHAPE_REPRESENTATION(#51,#53);
#51 = ( REPRESENTATION_RELATIONSHIP('','',#40,#10) 
REPRESENTATION_RELATIONSHIP_WITH_TRANSFORMATION(#52) 
SHAPE_REPRESENTATION_RELATIONSHIP() );
#52 = ITEM_DEFINED_TRANSFORMATION('','',#11,#15);
#53 = PRODUCT_DEFINITION_SHAPE('Placement','Placement of an item',#54);
#54 = NEXT_ASSEMBLY_USAGE_OCCURRENCE('2','U1','',#5,#35,$);
#55 = PRODUCT_RELATED_PRODUCT_CATEGORY('part',$,(#37));
#56 = SHAPE_DEFINITION_REPRESENTATION(#57,#63);
#57 = PRODUCT_DEFINITION_SHAPE('','',#58);
#58 = PRODUCT_DEFINITION('design','',#59,#62);
#59 = PRODUCT_DEFINITION_FORMATION('','',#60);
#60 = PRODUCT('200_60_1 DPT Sensor','200_60_1 DPT Sensor','',(#61));
#61 = PRODUCT_CONTEXT('',#2,'mechanical');
#62 = PRODUCT_DEFINITION_CONTEXT('part definition',#2,'design');
#63 = ADVANCED_BREP_SHAPE_REPRESENTATION('',(#11,#64),#294);
#64 = MANIFOLD_SOLID_BREP('',#65);
#65 = CLOSED_SHELL('',(#66,#108,#148,#179,#210,#232,#254,#266,#284));
#66 = ADVANCED_FACE('',(#67),#103,.T.);
#67 = FACE_BOUND('',#68,.T.);
#68 = EDGE_LOOP('',(#69,#80,#88,#97));
#69 = ORIENTED_EDGE('',*,*,#70,.F.);
#70 = EDGE_CURVE('',#71,#73,#75,.T.);
#71 = VERTEX_POINT('',#72);
#72 = CARTESIAN_POINT('',(3.2,2.88,-0.2));
#73 = VERTEX_POINT('',#74);
#74 = CARTESIAN_POINT('',(3.2,2.88,-6.));
#75 = CIRCLE('',#76,2.9);
#76 = AXIS2_PLACEMENT_3D('',#77,#78,#79);
#77 = CARTESIAN_POINT('',(3.2,2.88,-3.1));
#78 = DIRECTION('',(0.,1.,0.));
#79 = DIRECTION('',(0.,-0.,1.));
#80 = ORIENTED_EDGE('',*,*,#81,.T.);
#81 = EDGE_CURVE('',#71,#82,#84,.T.);
#82 = VERTEX_POINT('',#83);
#83 = CARTESIAN_POINT('',(3.2,0.635,-0.2));
#84 = LINE('',#85,#86);
#85 = CARTESIAN_POINT('',(3.2,2.88,-0.2));
#86 = VECTOR('',#87,1.);
#87 = DIRECTION('',(-0.,-1.,-0.));
#88 = ORIENTED_EDGE('',*,*,#89,.T.);
#89 = EDGE_CURVE('',#82,#90,#92,.T.);
#90 = VERTEX_POINT('',#91);
#91 = CARTESIAN_POINT('',(3.2,0.635,-6.));
#92 = CIRCLE('',#93,2.9);
#93 = AXIS2_PLACEMENT_3D('',#94,#95,#96);
#94 = CARTESIAN_POINT('',(3.2,0.635,-3.1));
#95 = DIRECTION('',(0.,1.,0.));
#96 = DIRECTION('',(0.,-0.,1.));
#97 = ORIENTED_EDGE('',*,*,#98,.F.);
#98 = EDGE_CURVE('',#73,#90,#99,.T.);
#99 = LINE('',#100,#101);
#100 = CARTESIAN_POINT('',(3.2,2.88,-6.));
#101 = VECTOR('',#102,1.);
#102 = DIRECTION('',(-0.,-1.,-0.));
#103 = CYLINDRICAL_SURFACE('',#104,2.9);
#104 = AXIS2_PLACEMENT_3D('',#105,#106,#107);
#105 = CARTESIAN_POINT('',(3.2,2.88,-3.1));
#106 = DIRECTION('',(-0.,-1.,-0.));
#107 = DIRECTION('',(0.,0.,-1.));
#108 = ADVANCED_FACE('',(#109),#143,.F.);
#109 = FACE_BOUND('',#110,.T.);
#110 = EDGE_LOOP('',(#111,#121,#129,#137));
#111 = ORIENTED_EDGE('',*,*,#112,.T.);
#112 = EDGE_CURVE('',#113,#115,#117,.T.);
#113 = VERTEX_POINT('',#114);
#114 = CARTESIAN_POINT('',(0.,0.,-6.2));
#115 = VERTEX_POINT('',#116);
#116 = CARTESIAN_POINT('',(0.,0.,0.));
#117 = LINE('',#118,#119);
#118 = CARTESIAN_POINT('',(0.,0.,0.));
#119 = VECTOR('',#120,1.);
#120 = DIRECTION('',(-0.,-0.,1.));
#121 = ORIENTED_EDGE('',*,*,#122,.F.);
#122 = EDGE_CURVE('',#123,#115,#125,.T.);
#123 = VERTEX_POINT('',#124);
#124 = CARTESIAN_POINT('',(0.,0.635,0.));
#125 = LINE('',#126,#127);
#126 = CARTESIAN_POINT('',(0.,0.635,0.));
#127 = VECTOR('',#128,1.);
#128 = DIRECTION('',(-0.,-1.,-0.));
#129 = ORIENTED_EDGE('',*,*,#130,.F.);
#130 = EDGE_CURVE('',#131,#123,#133,.T.);
#131 = VERTEX_POINT('',#132);
#132 = CARTESIAN_POINT('',(0.,0.635,-6.2));
#133 = LINE('',#134,#135);
#134 = CARTESIAN_POINT('',(0.,0.635,0.));
#135 = VECTOR('',#136,1.);
#136 = DIRECTION('',(-0.,-0.,1.));
#137 = ORIENTED_EDGE('',*,*,#138,.T.);
#138 = EDGE_CURVE('',#131,#113,#139,.T.);
#139 = LINE('',#140,#141);
#140 = CARTESIAN_POINT('',(0.,0.635,-6.2));
#141 = VECTOR('',#142,1.);
#142 = DIRECTION('',(-0.,-1.,-0.));
#143 = PLANE('',#144);
#144 = AXIS2_PLACEMENT_3D('',#145,#146,#147);
#145 = CARTESIAN_POINT('',(0.,0.635,0.));
#146 = DIRECTION('',(1.,-0.,0.));
#147 = DIRECTION('',(0.,0.,-1.));
#148 = ADVANCED_FACE('',(#149),#174,.F.);
#149 = FACE_BOUND('',#150,.T.);
#150 = EDGE_LOOP('',(#151,#159,#167,#173));
#151 = ORIENTED_EDGE('',*,*,#152,.T.);
#152 = EDGE_CURVE('',#115,#153,#155,.T.);
#153 = VERTEX_POINT('',#154);
#154 = CARTESIAN_POINT('',(6.4,0.,0.));
#155 = LINE('',#156,#157);
#156 = CARTESIAN_POINT('',(0.,0.,0.));
#157 = VECTOR('',#158,1.);
#158 = DIRECTION('',(1.,0.,0.));
#159 = ORIENTED_EDGE('',*,*,#160,.F.);
#160 = EDGE_CURVE('',#161,#153,#163,.T.);
#161 = VERTEX_POINT('',#162);
#162 = CARTESIAN_POINT('',(6.4,0.635,0.));
#163 = LINE('',#164,#165);
#164 = CARTESIAN_POINT('',(6.4,0.635,0.));
#165 = VECTOR('',#166,1.);
#166 = DIRECTION('',(-0.,-1.,-0.));
#167 = ORIENTED_EDGE('',*,*,#168,.F.);
#168 = EDGE_CURVE('',#123,#161,#169,.T.);
#169 = LINE('',#170,#171);
#170 = CARTESIAN_POINT('',(0.,0.635,0.));
#171 = VECTOR('',#172,1.);
#172 = DIRECTION('',(1.,0.,0.));
#173 = ORIENTED_EDGE('',*,*,#122,.T.);
#174 = PLANE('',#175);
#175 = AXIS2_PLACEMENT_3D('',#176,#177,#178);
#176 = CARTESIAN_POINT('',(0.,0.635,0.));
#177 = DIRECTION('',(0.,0.,-1.));
#178 = DIRECTION('',(-1.,0.,-0.));
#179 = ADVANCED_FACE('',(#180),#205,.F.);
#180 = FACE_BOUND('',#181,.T.);
#181 = EDGE_LOOP('',(#182,#190,#198,#204));
#182 = ORIENTED_EDGE('',*,*,#183,.T.);
#183 = EDGE_CURVE('',#153,#184,#186,.T.);
#184 = VERTEX_POINT('',#185);
#185 = CARTESIAN_POINT('',(6.4,0.,-6.2));
#186 = LINE('',#187,#188);
#187 = CARTESIAN_POINT('',(6.4,0.,0.));
#188 = VECTOR('',#189,1.);
#189 = DIRECTION('',(0.,0.,-1.));
#190 = ORIENTED_EDGE('',*,*,#191,.F.);
#191 = EDGE_CURVE('',#192,#184,#194,.T.);
#192 = VERTEX_POINT('',#193);
#193 = CARTESIAN_POINT('',(6.4,0.635,-6.2));
#194 = LINE('',#195,#196);
#195 = CARTESIAN_POINT('',(6.4,0.635,-6.2));
#196 = VECTOR('',#197,1.);
#197 = DIRECTION('',(-0.,-1.,-0.));
#198 = ORIENTED_EDGE('',*,*,#199,.F.);
#199 = EDGE_CURVE('',#161,#192,#200,.T.);
#200 = LINE('',#201,#202);
#201 = CARTESIAN_POINT('',(6.4,0.635,0.));
#202 = VECTOR('',#203,1.);
#203 = DIRECTION('',(0.,0.,-1.));
#204 = ORIENTED_EDGE('',*,*,#160,.T.);
#205 = PLANE('',#206);
#206 = AXIS2_PLACEMENT_3D('',#207,#208,#209);
#207 = CARTESIAN_POINT('',(6.4,0.635,0.));
#208 = DIRECTION('',(-1.,0.,0.));
#209 = DIRECTION('',(0.,0.,1.));
#210 = ADVANCED_FACE('',(#211),#227,.F.);
#211 = FACE_BOUND('',#212,.T.);
#212 = EDGE_LOOP('',(#213,#219,#220,#226));
#213 = ORIENTED_EDGE('',*,*,#214,.T.);
#214 = EDGE_CURVE('',#184,#113,#215,.T.);
#215 = LINE('',#216,#217);
#216 = CARTESIAN_POINT('',(0.,0.,-6.2));
#217 = VECTOR('',#218,1.);
#218 = DIRECTION('',(-1.,-0.,-0.));
#219 = ORIENTED_EDGE('',*,*,#138,.F.);
#220 = ORIENTED_EDGE('',*,*,#221,.F.);
#221 = EDGE_CURVE('',#192,#131,#222,.T.);
#222 = LINE('',#223,#224);
#223 = CARTESIAN_POINT('',(0.,0.635,-6.2));
#224 = VECTOR('',#225,1.);
#225 = DIRECTION('',(-1.,-0.,-0.));
#226 = ORIENTED_EDGE('',*,*,#191,.T.);
#227 = PLANE('',#228);
#228 = AXIS2_PLACEMENT_3D('',#229,#230,#231);
#229 = CARTESIAN_POINT('',(0.,0.635,-6.2));
#230 = DIRECTION('',(0.,0.,1.));
#231 = DIRECTION('',(1.,0.,-0.));
#232 = ADVANCED_FACE('',(#233,#243),#249,.F.);
#233 = FACE_BOUND('',#234,.T.);
#234 = EDGE_LOOP('',(#235,#242));
#235 = ORIENTED_EDGE('',*,*,#236,.F.);
#236 = EDGE_CURVE('',#90,#82,#237,.T.);
#237 = CIRCLE('',#238,2.9);
#238 = AXIS2_PLACEMENT_3D('',#239,#240,#241);
#239 = CARTESIAN_POINT('',(3.2,0.635,-3.1));
#240 = DIRECTION('',(0.,1.,0.));
#241 = DIRECTION('',(0.,-0.,1.));
#242 = ORIENTED_EDGE('',*,*,#89,.F.);
#243 = FACE_BOUND('',#244,.T.);
#244 = EDGE_LOOP('',(#245,#246,#247,#248));
#245 = ORIENTED_EDGE('',*,*,#130,.T.);
#246 = ORIENTED_EDGE('',*,*,#168,.T.);
#247 = ORIENTED_EDGE('',*,*,#199,.T.);
#248 = ORIENTED_EDGE('',*,*,#221,.T.);
#249 = PLANE('',#250);
#250 = AXIS2_PLACEMENT_3D('',#251,#252,#253);
#251 = CARTESIAN_POINT('',(0.,0.635,0.));
#252 = DIRECTION('',(0.,-1.,0.));
#253 = DIRECTION('',(0.,-0.,-1.));
#254 = ADVANCED_FACE('',(#255),#261,.T.);
#255 = FACE_BOUND('',#256,.T.);
#256 = EDGE_LOOP('',(#257,#258,#259,#260));
#257 = ORIENTED_EDGE('',*,*,#112,.F.);
#258 = ORIENTED_EDGE('',*,*,#214,.F.);
#259 = ORIENTED_EDGE('',*,*,#183,.F.);
#260 = ORIENTED_EDGE('',*,*,#152,.F.);
#261 = PLANE('',#262);
#262 = AXIS2_PLACEMENT_3D('',#263,#264,#265);
#263 = CARTESIAN_POINT('',(0.,0.,0.));
#264 = DIRECTION('',(0.,-1.,0.));
#265 = DIRECTION('',(0.,-0.,-1.));
#266 = ADVANCED_FACE('',(#267),#279,.T.);
#267 = FACE_BOUND('',#268,.T.);
#268 = EDGE_LOOP('',(#269,#270,#277,#278));
#269 = ORIENTED_EDGE('',*,*,#81,.F.);
#270 = ORIENTED_EDGE('',*,*,#271,.F.);
#271 = EDGE_CURVE('',#73,#71,#272,.T.);
#272 = CIRCLE('',#273,2.9);
#273 = AXIS2_PLACEMENT_3D('',#274,#275,#276);
#274 = CARTESIAN_POINT('',(3.2,2.88,-3.1));
#275 = DIRECTION('',(0.,1.,0.));
#276 = DIRECTION('',(0.,-0.,1.));
#277 = ORIENTED_EDGE('',*,*,#98,.T.);
#278 = ORIENTED_EDGE('',*,*,#236,.T.);
#279 = CYLINDRICAL_SURFACE('',#280,2.9);
#280 = AXIS2_PLACEMENT_3D('',#281,#282,#283);
#281 = CARTESIAN_POINT('',(3.2,2.88,-3.1));
#282 = DIRECTION('',(-0.,-1.,-0.));
#283 = DIRECTION('',(0.,0.,-1.));
#284 = ADVANCED_FACE('',(#285),#289,.T.);
#285 = FACE_BOUND('',#286,.T.);
#286 = EDGE_LOOP('',(#287,#288));
#287 = ORIENTED_EDGE('',*,*,#271,.T.);
#288 = ORIENTED_EDGE('',*,*,#70,.T.);
#289 = PLANE('',#290);
#290 = AXIS2_PLACEMENT_3D('',#291,#292,#293);
#291 = CARTESIAN_POINT('',(3.2,2.88,-3.1));
#292 = DIRECTION('',(0.,1.,0.));
#293 = DIRECTION('',(0.,-0.,1.));
#294 = ( GEOMETRIC_REPRESENTATION_CONTEXT(3) 
GLOBAL_UNCERTAINTY_ASSIGNED_CONTEXT((#298)) GLOBAL_UNIT_ASSIGNED_CONTEXT
((#295,#296,#297)) REPRESENTATION_CONTEXT('Context #1',
  '3D Context with UNIT and UNCERTAINTY') );
#295 = ( LENGTH_UNIT() NAMED_UNIT(*) SI_UNIT(.MILLI.,.METRE.) );
#296 = ( NAMED_UNIT(*) PLANE_ANGLE_UNIT() SI_UNIT($,.RADIAN.) );
#297 = ( NAMED_UNIT(*) SI_UNIT($,.STERADIAN.) SOLID_ANGLE_UNIT() );
#298 = UNCERTAINTY_MEASURE_WITH_UNIT(LENGTH_MEASURE(1.E-07),#295,
  'distance_accuracy_value','confusion accuracy');
#299 = CONTEXT_DEPENDENT_SHAPE_REPRESENTATION(#300,#302);
#300 = ( REPRESENTATION_RELATIONSHIP('','',#63,#40) 
REPRESENTATION_RELATIONSHIP_WITH_TRANSFORMATION(#301) 
SHAPE_REPRESENTATION_RELATIONSHIP() );
#301 = ITEM_DEFINED_TRANSFORMATION('','',#11,#41);
#302 = PRODUCT_DEFINITION_SHAPE('Placement','Placement of an item',#303
  );
#303 = NEXT_ASSEMBLY_USAGE_OCCURRENCE('1','=>[0:1:1:3]','',#35,#58,$);
#304 = PRODUCT_RELATED_PRODUCT_CATEGORY('part',$,(#60));
#305 = SHAPE_DEFINITION_REPRESENTATION(#306,#312);
#306 = PRODUCT_DEFINITION_SHAPE('','',#307);
#307 = PRODUCT_DEFINITION('design','',#308,#311);
#308 = PRODUCT_DEFINITION_FORMATION('','',#309);
#309 = PRODUCT('5034800640','5034800640','',(#310));
#310 = PRODUCT_CONTEXT('',#2,'mechanical');
#311 = PRODUCT_DEFINITION_CONTEXT('part definition',#2,'design');
#312 = SHAPE_REPRESENTATION('',(#11,#313),#317);
#313 = AXIS2_PLACEMENT_3D('',#314,#315,#316);
#314 = CARTESIAN_POINT('',(0.,0.,0.));
#315 = DIRECTION('',(0.,0.,1.));
#316 = DIRECTION('',(1.,0.,-0.));
#317 = ( GEOMETRIC_REPRESENTATION_CONTEXT(3) 
GLOBAL_UNCERTAINTY_ASSIGNED_CONTEXT((#321)) GLOBAL_UNIT_ASSIGNED_CONTEXT
((#318,#319,#320)) REPRESENTATION_CONTEXT('Context #1',
  '3D Context with UNIT and UNCERTAINTY') );
#318 = ( LENGTH_UNIT() NAMED_UNIT(*) SI_UNIT(.MILLI.,.METRE.) );
#319 = ( NAMED_UNIT(*) PLANE_ANGLE_UNIT() SI_UNIT($,.RADIAN.) );
#320 = ( NAMED_UNIT(*) SI_UNIT($,.STERADIAN.) SOLID_ANGLE_UNIT() );
#321 = UNCERTAINTY_MEASURE_WITH_UNIT(LENGTH_MEASURE(1.E-07),#318,
  'distance_accuracy_value','confusion accuracy');
#322 = CONTEXT_DEPENDENT_SHAPE_REPRESENTATION(#323,#325);
#323 = ( REPRESENTATION_RELATIONSHIP('','',#312,#10) 
REPRESENTATION_RELATIONSHIP_WITH_TRANSFORMATION(#324) 
SHAPE_REPRESENTATION_RELATIONSHIP() );
#324 = ITEM_DEFINED_TRANSFORMATION('','',#11,#19);
#325 = PRODUCT_DEFINITION_SHAPE('Placement','Placement of an item',#326
  );
#326 = NEXT_ASSEMBLY_USAGE_OCCURRENCE('6','J1','',#5,#307,$);
#327 = PRODUCT_RELATED_PRODUCT_CATEGORY('part',$,(#309));
#328 = SHAPE_DEFINITION_REPRESENTATION(#329,#335);
#329 = PRODUCT_DEFINITION_SHAPE('','',#330);
#330 = PRODUCT_DEFINITION('design','',#331,#334);
#331 = PRODUCT_DEFINITION_FORMATION('','',#332);
#332 = PRODUCT('5034800640wbm000_01','5034800640wbm000_01','',(#333));
#333 = PRODUCT_CONTEXT('',#2,'mechanical');
#334 = PRODUCT_DEFINITION_CONTEXT('part definition',#2,'design');
#335 = SHAPE_REPRESENTATION('',(#11,#336,#340),#344);
#336 = AXIS2_PLACEMENT_3D('',#337,#338,#339);
#337 = CARTESIAN_POINT('',(0.,0.,0.));
#338 = DIRECTION('',(0.,0.,1.));
#339 = DIRECTION('',(1.,0.,-0.));
#340 = AXIS2_PLACEMENT_3D('',#341,#342,#343);
#341 = CARTESIAN_POINT('',(0.,0.,0.));
#342 = DIRECTION('',(0.,0.,1.));
#343 = DIRECTION('',(1.,0.,-0.));
#344 = ( GEOMETRIC_REPRESENTATION_CONTEXT(3) 
GLOBAL_UNCERTAINTY_ASSIGNED_CONTEXT((#348)) GLOBAL_UNIT_ASSIGNED_CONTEXT
((#345,#346,#347)) REPRESENTATION_CONTEXT('Context #1',
  '3D Context with UNIT and UNCERTAINTY') );
#345 = ( LENGTH_UNIT() NAMED_UNIT(*) SI_UNIT(.MILLI.,.METRE.) );
#346 = ( NAMED_UNIT(*) PLANE_ANGLE_UNIT() SI_UNIT($,.RADIAN.) );
#347 = ( NAMED_UNIT(*) SI_UNIT($,.STERADIAN.) SOLID_ANGLE_UNIT() );
#348 = UNCERTAINTY_MEASURE_WITH_UNIT(LENGTH_MEASURE(1.E-07),#345,
  'distance_accuracy_value','confusion accuracy');
#349 = CONTEXT_DEPENDENT_SHAPE_REPRESENTATION(#350,#352);
#350 = ( REPRESENTATION_RELATIONSHIP('','',#335,#312) 
REPRESENTATION_RELATIONSHIP_WITH_TRANSFORMATION(#351) 
SHAPE_REPRESENTATION_RELATIONSHIP() );
#351 = ITEM_DEFINED_TRANSFORMATION('','',#11,#313);
#352 = PRODUCT_DEFINITION_SHAPE('Placement','Placement of an item',#353
  );
#353 = NEXT_ASSEMBLY_USAGE_OCCURRENCE('5','=>[0:1:1:5]','',#307,#330,$);
#354 = PRODUCT_RELATED_PRODUCT_CATEGORY('part',$,(#332));
#355 = SHAPE_DEFINITION_REPRESENTATION(#356,#362);
#356 = PRODUCT_DEFINITION_SHAPE('','',#357);
#357 = PRODUCT_DEFINITION('design','',#358,#361);
#358 = PRODUCT_DEFINITION_FORMATION('','',#359);
#359 = PRODUCT('SOLID','SOLID','',(#360));
#360 = PRODUCT_CONTEXT('',#2,'mechanical');
#361 = PRODUCT_DEFINITION_CONTEXT('part definition',#2,'design');
#362 = ADVANCED_BREP_SHAPE_REPRESENTATION('',(#11,#363),#11016);
#363 = MANIFOLD_SOLID_BREP('',#364);
#364 = CLOSED_SHELL('',(#365,#405,#436,#467,#498,#529,#569,#609,#640,
    #671,#702,#733,#764,#804,#835,#875,#906,#946,#977,#1017,#1057,#1088,
    #1128,#1161,#1201,#1234,#1265,#1298,#1338,#1371,#1402,#1435,#1467,
    #1498,#1529,#1567,#1607,#1646,#1669,#1691,#1717,#1742,#1814,#1854,
    #1885,#1916,#1947,#1978,#2009,#2040,#2084,#2149,#2180,#2220,#2260,
    #2307,#2347,#2380,#2411,#2451,#2491,#2531,#2562,#2593,#2624,#2664,
    #2697,#2728,#2768,#2801,#2832,#2865,#2905,#2936,#2967,#2998,#3029,
    #3052,#3069,#3086,#3104,#3155,#3179,#3202,#3219,#3236,#3254,#3298,
    #3338,#3378,#3418,#3449,#3480,#3511,#3551,#3584,#3615,#3655,#3688,
    #3719,#3752,#3792,#3823,#3854,#3885,#3916,#3939,#3956,#3973,#3991,
    #4042,#4066,#4089,#4106,#4123,#4141,#4185,#4225,#4265,#4305,#4336,
    #4367,#4398,#4438,#4471,#4502,#4542,#4575,#4606,#4639,#4679,#4710,
    #4741,#4772,#4803,#4826,#4843,#4860,#4878,#4929,#4953,#4976,#4993,
    #5010,#5028,#5072,#5112,#5152,#5192,#5223,#5254,#5285,#5325,#5358,
    #5389,#5429,#5462,#5493,#5526,#5566,#5597,#5628,#5659,#5690,#5713,
    #5730,#5747,#5765,#5816,#5840,#5863,#5880,#5897,#5915,#5959,#5999,
    #6032,#6063,#6159,#6190,#6230,#6252,#6292,#6332,#6405,#6424,#6456,
    #6505,#6545,#6585,#6632,#6679,#6721,#6761,#6794,#6834,#6874,#6915,
    #6955,#6988,#7040,#7078,#7109,#7140,#7171,#7202,#7233,#7327,#7358,
    #7382,#7406,#7430,#7454,#7487,#7508,#7536,#7602,#7633,#7675,#7699,
    #7734,#7766,#7801,#7841,#7888,#7928,#7959,#8007,#8029,#8069,#8086,
    #8117,#8149,#8166,#8190,#8299,#8325,#8349,#8401,#8441,#8511,#8542,
    #8566,#8590,#8614,#8640,#8659,#8699,#8730,#8754,#8778,#8795,#8837,
    #8854,#8885,#8925,#8965,#8989,#9013,#9030,#9115,#9128,#9140,#9163,
    #9207,#9224,#9241,#9258,#9271,#9283,#9301,#9345,#9357,#9388,#9426,
    #9448,#9470,#9492,#9514,#9543,#9567,#9591,#9608,#9625,#9642,#9659,
    #9676,#9694,#9706,#9718,#9731,#9766,#9790,#9808,#9820,#9832,#9845,
    #9873,#9929,#9971,#10011,#10042,#10073,#10104,#10135,#10166,#10197,
    #10239,#10263,#10287,#10311,#10335,#10370,#10410,#10441,#10472,
    #10505,#10527,#10558,#10578,#10605,#10629,#10649,#10669,#10776,
    #10793,#10817,#10842,#10866,#10890,#10914,#10931,#10956,#10971,
    #10988,#11000));
#365 = ADVANCED_FACE('',(#366),#400,.T.);
#366 = FACE_BOUND('',#367,.T.);
#367 = EDGE_LOOP('',(#368,#378,#386,#394));
#368 = ORIENTED_EDGE('',*,*,#369,.T.);
#369 = EDGE_CURVE('',#370,#372,#374,.T.);
#370 = VERTEX_POINT('',#371);
#371 = CARTESIAN_POINT('',(1.025,-5.E-02,-6.E-02));
#372 = VERTEX_POINT('',#373);
#373 = CARTESIAN_POINT('',(1.175,-5.E-02,-6.E-02));
#374 = LINE('',#375,#376);
#375 = CARTESIAN_POINT('',(1.025,-5.E-02,-6.E-02));
#376 = VECTOR('',#377,1.);
#377 = DIRECTION('',(1.,0.,0.));
#378 = ORIENTED_EDGE('',*,*,#379,.F.);
#379 = EDGE_CURVE('',#380,#372,#382,.T.);
#380 = VERTEX_POINT('',#381);
#381 = CARTESIAN_POINT('',(1.175,-0.55,-6.E-02));
#382 = LINE('',#383,#384);
#383 = CARTESIAN_POINT('',(1.175,-0.55,-6.E-02));
#384 = VECTOR('',#385,1.);
#385 = DIRECTION('',(0.,1.,0.));
#386 = ORIENTED_EDGE('',*,*,#387,.F.);
#387 = EDGE_CURVE('',#388,#380,#390,.T.);
#388 = VERTEX_POINT('',#389);
#389 = CARTESIAN_POINT('',(1.025,-0.55,-6.E-02));
#390 = LINE('',#391,#392);
#391 = CARTESIAN_POINT('',(1.025,-0.55,-6.E-02));
#392 = VECTOR('',#393,1.);
#393 = DIRECTION('',(1.,0.,0.));
#394 = ORIENTED_EDGE('',*,*,#395,.T.);
#395 = EDGE_CURVE('',#388,#370,#396,.T.);
#396 = LINE('',#397,#398);
#397 = CARTESIAN_POINT('',(1.025,-0.55,-6.E-02));
#398 = VECTOR('',#399,1.);
#399 = DIRECTION('',(0.,1.,0.));
#400 = PLANE('',#401);
#401 = AXIS2_PLACEMENT_3D('',#402,#403,#404);
#402 = CARTESIAN_POINT('',(1.025,-0.55,-6.E-02));
#403 = DIRECTION('',(0.,0.,-1.));
#404 = DIRECTION('',(0.,1.,0.));
#405 = ADVANCED_FACE('',(#406),#431,.T.);
#406 = FACE_BOUND('',#407,.T.);
#407 = EDGE_LOOP('',(#408,#418,#424,#425));
#408 = ORIENTED_EDGE('',*,*,#409,.T.);
#409 = EDGE_CURVE('',#410,#412,#414,.T.);
#410 = VERTEX_POINT('',#411);
#411 = CARTESIAN_POINT('',(1.025,-5.E-02,0.13));
#412 = VERTEX_POINT('',#413);
#413 = CARTESIAN_POINT('',(1.175,-5.E-02,0.13));
#414 = LINE('',#415,#416);
#415 = CARTESIAN_POINT('',(1.025,-5.E-02,0.13));
#416 = VECTOR('',#417,1.);
#417 = DIRECTION('',(1.,0.,0.));
#418 = ORIENTED_EDGE('',*,*,#419,.F.);
#419 = EDGE_CURVE('',#372,#412,#420,.T.);
#420 = LINE('',#421,#422);
#421 = CARTESIAN_POINT('',(1.175,-5.E-02,-6.E-02));
#422 = VECTOR('',#423,1.);
#423 = DIRECTION('',(0.,0.,1.));
#424 = ORIENTED_EDGE('',*,*,#369,.F.);
#425 = ORIENTED_EDGE('',*,*,#426,.T.);
#426 = EDGE_CURVE('',#370,#410,#427,.T.);
#427 = LINE('',#428,#429);
#428 = CARTESIAN_POINT('',(1.025,-5.E-02,-6.E-02));
#429 = VECTOR('',#430,1.);
#430 = DIRECTION('',(0.,0.,1.));
#431 = PLANE('',#432);
#432 = AXIS2_PLACEMENT_3D('',#433,#434,#435);
#433 = CARTESIAN_POINT('',(1.025,-5.E-02,-6.E-02));
#434 = DIRECTION('',(0.,1.,0.));
#435 = DIRECTION('',(0.,-0.,1.));
#436 = ADVANCED_FACE('',(#437),#462,.T.);
#437 = FACE_BOUND('',#438,.T.);
#438 = EDGE_LOOP('',(#439,#449,#455,#456));
#439 = ORIENTED_EDGE('',*,*,#440,.T.);
#440 = EDGE_CURVE('',#441,#443,#445,.T.);
#441 = VERTEX_POINT('',#442);
#442 = CARTESIAN_POINT('',(1.025,-0.25,0.13));
#443 = VERTEX_POINT('',#444);
#444 = CARTESIAN_POINT('',(1.175,-0.25,0.13));
#445 = LINE('',#446,#447);
#446 = CARTESIAN_POINT('',(1.025,-0.25,0.13));
#447 = VECTOR('',#448,1.);
#448 = DIRECTION('',(1.,0.,0.));
#449 = ORIENTED_EDGE('',*,*,#450,.F.);
#450 = EDGE_CURVE('',#412,#443,#451,.T.);
#451 = LINE('',#452,#453);
#452 = CARTESIAN_POINT('',(1.175,-5.E-02,0.13));
#453 = VECTOR('',#454,1.);
#454 = DIRECTION('',(0.,-1.,0.));
#455 = ORIENTED_EDGE('',*,*,#409,.F.);
#456 = ORIENTED_EDGE('',*,*,#457,.T.);
#457 = EDGE_CURVE('',#410,#441,#458,.T.);
#458 = LINE('',#459,#460);
#459 = CARTESIAN_POINT('',(1.025,-5.E-02,0.13));
#460 = VECTOR('',#461,1.);
#461 = DIRECTION('',(0.,-1.,0.));
#462 = PLANE('',#463);
#463 = AXIS2_PLACEMENT_3D('',#464,#465,#466);
#464 = CARTESIAN_POINT('',(1.025,-5.E-02,0.13));
#465 = DIRECTION('',(0.,0.,1.));
#466 = DIRECTION('',(0.,-1.,0.));
#467 = ADVANCED_FACE('',(#468),#493,.T.);
#468 = FACE_BOUND('',#469,.T.);
#469 = EDGE_LOOP('',(#470,#480,#486,#487));
#470 = ORIENTED_EDGE('',*,*,#471,.T.);
#471 = EDGE_CURVE('',#472,#474,#476,.T.);
#472 = VERTEX_POINT('',#473);
#473 = CARTESIAN_POINT('',(1.025,-0.25,0.23));
#474 = VERTEX_POINT('',#475);
#475 = CARTESIAN_POINT('',(1.175,-0.25,0.23));
#476 = LINE('',#477,#478);
#477 = CARTESIAN_POINT('',(1.025,-0.25,0.23));
#478 = VECTOR('',#479,1.);
#479 = DIRECTION('',(1.,0.,0.));
#480 = ORIENTED_EDGE('',*,*,#481,.F.);
#481 = EDGE_CURVE('',#443,#474,#482,.T.);
#482 = LINE('',#483,#484);
#483 = CARTESIAN_POINT('',(1.175,-0.25,0.13));
#484 = VECTOR('',#485,1.);
#485 = DIRECTION('',(0.,0.,1.));
#486 = ORIENTED_EDGE('',*,*,#440,.F.);
#487 = ORIENTED_EDGE('',*,*,#488,.T.);
#488 = EDGE_CURVE('',#441,#472,#489,.T.);
#489 = LINE('',#490,#491);
#490 = CARTESIAN_POINT('',(1.025,-0.25,0.13));
#491 = VECTOR('',#492,1.);
#492 = DIRECTION('',(0.,0.,1.));
#493 = PLANE('',#494);
#494 = AXIS2_PLACEMENT_3D('',#495,#496,#497);
#495 = CARTESIAN_POINT('',(1.025,-0.25,0.13));
#496 = DIRECTION('',(0.,1.,0.));
#497 = DIRECTION('',(0.,-0.,1.));
#498 = ADVANCED_FACE('',(#499),#524,.T.);
#499 = FACE_BOUND('',#500,.T.);
#500 = EDGE_LOOP('',(#501,#509,#510,#518));
#501 = ORIENTED_EDGE('',*,*,#502,.F.);
#502 = EDGE_CURVE('',#474,#503,#505,.T.);
#503 = VERTEX_POINT('',#504);
#504 = CARTESIAN_POINT('',(1.175,-1.7,0.23));
#505 = LINE('',#506,#507);
#506 = CARTESIAN_POINT('',(1.175,-0.25,0.23));
#507 = VECTOR('',#508,1.);
#508 = DIRECTION('',(0.,-1.,0.));
#509 = ORIENTED_EDGE('',*,*,#471,.F.);
#510 = ORIENTED_EDGE('',*,*,#511,.T.);
#511 = EDGE_CURVE('',#472,#512,#514,.T.);
#512 = VERTEX_POINT('',#513);
#513 = CARTESIAN_POINT('',(1.025,-1.7,0.23));
#514 = LINE('',#515,#516);
#515 = CARTESIAN_POINT('',(1.025,-0.25,0.23));
#516 = VECTOR('',#517,1.);
#517 = DIRECTION('',(0.,-1.,0.));
#518 = ORIENTED_EDGE('',*,*,#519,.T.);
#519 = EDGE_CURVE('',#512,#503,#520,.T.);
#520 = LINE('',#521,#522);
#521 = CARTESIAN_POINT('',(1.025,-1.7,0.23));
#522 = VECTOR('',#523,1.);
#523 = DIRECTION('',(1.,0.,0.));
#524 = PLANE('',#525);
#525 = AXIS2_PLACEMENT_3D('',#526,#527,#528);
#526 = CARTESIAN_POINT('',(1.025,-0.25,0.23));
#527 = DIRECTION('',(0.,0.,1.));
#528 = DIRECTION('',(0.,-1.,0.));
#529 = ADVANCED_FACE('',(#530),#564,.T.);
#530 = FACE_BOUND('',#531,.T.);
#531 = EDGE_LOOP('',(#532,#542,#550,#558));
#532 = ORIENTED_EDGE('',*,*,#533,.T.);
#533 = EDGE_CURVE('',#534,#536,#538,.T.);
#534 = VERTEX_POINT('',#535);
#535 = CARTESIAN_POINT('',(3.525,-1.7,0.84));
#536 = VERTEX_POINT('',#537);
#537 = CARTESIAN_POINT('',(3.675,-1.7,0.84));
#538 = LINE('',#539,#540);
#539 = CARTESIAN_POINT('',(3.525,-1.7,0.84));
#540 = VECTOR('',#541,1.);
#541 = DIRECTION('',(1.,0.,0.));
#542 = ORIENTED_EDGE('',*,*,#543,.F.);
#543 = EDGE_CURVE('',#544,#536,#546,.T.);
#544 = VERTEX_POINT('',#545);
#545 = CARTESIAN_POINT('',(3.675,-1.5,0.84));
#546 = LINE('',#547,#548);
#547 = CARTESIAN_POINT('',(3.675,-1.5,0.84));
#548 = VECTOR('',#549,1.);
#549 = DIRECTION('',(0.,-1.,0.));
#550 = ORIENTED_EDGE('',*,*,#551,.F.);
#551 = EDGE_CURVE('',#552,#544,#554,.T.);
#552 = VERTEX_POINT('',#553);
#553 = CARTESIAN_POINT('',(3.525,-1.5,0.84));
#554 = LINE('',#555,#556);
#555 = CARTESIAN_POINT('',(3.525,-1.5,0.84));
#556 = VECTOR('',#557,1.);
#557 = DIRECTION('',(1.,0.,0.));
#558 = ORIENTED_EDGE('',*,*,#559,.T.);
#559 = EDGE_CURVE('',#552,#534,#560,.T.);
#560 = LINE('',#561,#562);
#561 = CARTESIAN_POINT('',(3.525,-1.5,0.84));
#562 = VECTOR('',#563,1.);
#563 = DIRECTION('',(0.,-1.,0.));
#564 = PLANE('',#565);
#565 = AXIS2_PLACEMENT_3D('',#566,#567,#568);
#566 = CARTESIAN_POINT('',(3.525,-1.5,0.84));
#567 = DIRECTION('',(0.,0.,1.));
#568 = DIRECTION('',(0.,-1.,0.));
#569 = ADVANCED_FACE('',(#570),#604,.T.);
#570 = FACE_BOUND('',#571,.T.);
#571 = EDGE_LOOP('',(#572,#582,#590,#598));
#572 = ORIENTED_EDGE('',*,*,#573,.F.);
#573 = EDGE_CURVE('',#574,#576,#578,.T.);
#574 = VERTEX_POINT('',#575);
#575 = CARTESIAN_POINT('',(3.675,-0.25,0.23));
#576 = VERTEX_POINT('',#577);
#577 = CARTESIAN_POINT('',(3.675,-1.7,0.23));
#578 = LINE('',#579,#580);
#579 = CARTESIAN_POINT('',(3.675,-0.25,0.23));
#580 = VECTOR('',#581,1.);
#581 = DIRECTION('',(0.,-1.,0.));
#582 = ORIENTED_EDGE('',*,*,#583,.F.);
#583 = EDGE_CURVE('',#584,#574,#586,.T.);
#584 = VERTEX_POINT('',#585);
#585 = CARTESIAN_POINT('',(3.525,-0.25,0.23));
#586 = LINE('',#587,#588);
#587 = CARTESIAN_POINT('',(3.525,-0.25,0.23));
#588 = VECTOR('',#589,1.);
#589 = DIRECTION('',(1.,0.,0.));
#590 = ORIENTED_EDGE('',*,*,#591,.T.);
#591 = EDGE_CURVE('',#584,#592,#594,.T.);
#592 = VERTEX_POINT('',#593);
#593 = CARTESIAN_POINT('',(3.525,-1.7,0.23));
#594 = LINE('',#595,#596);
#595 = CARTESIAN_POINT('',(3.525,-0.25,0.23));
#596 = VECTOR('',#597,1.);
#597 = DIRECTION('',(0.,-1.,0.));
#598 = ORIENTED_EDGE('',*,*,#599,.T.);
#599 = EDGE_CURVE('',#592,#576,#600,.T.);
#600 = LINE('',#601,#602);
#601 = CARTESIAN_POINT('',(3.525,-1.7,0.23));
#602 = VECTOR('',#603,1.);
#603 = DIRECTION('',(1.,0.,0.));
#604 = PLANE('',#605);
#605 = AXIS2_PLACEMENT_3D('',#606,#607,#608);
#606 = CARTESIAN_POINT('',(3.525,-0.25,0.23));
#607 = DIRECTION('',(0.,0.,1.));
#608 = DIRECTION('',(0.,-1.,0.));
#609 = ADVANCED_FACE('',(#610),#635,.T.);
#610 = FACE_BOUND('',#611,.T.);
#611 = EDGE_LOOP('',(#612,#613,#621,#629));
#612 = ORIENTED_EDGE('',*,*,#583,.T.);
#613 = ORIENTED_EDGE('',*,*,#614,.F.);
#614 = EDGE_CURVE('',#615,#574,#617,.T.);
#615 = VERTEX_POINT('',#616);
#616 = CARTESIAN_POINT('',(3.675,-0.25,0.13));
#617 = LINE('',#618,#619);
#618 = CARTESIAN_POINT('',(3.675,-0.25,0.13));
#619 = VECTOR('',#620,1.);
#620 = DIRECTION('',(0.,0.,1.));
#621 = ORIENTED_EDGE('',*,*,#622,.F.);
#622 = EDGE_CURVE('',#623,#615,#625,.T.);
#623 = VERTEX_POINT('',#624);
#624 = CARTESIAN_POINT('',(3.525,-0.25,0.13));
#625 = LINE('',#626,#627);
#626 = CARTESIAN_POINT('',(3.525,-0.25,0.13));
#627 = VECTOR('',#628,1.);
#628 = DIRECTION('',(1.,0.,0.));
#629 = ORIENTED_EDGE('',*,*,#630,.T.);
#630 = EDGE_CURVE('',#623,#584,#631,.T.);
#631 = LINE('',#632,#633);
#632 = CARTESIAN_POINT('',(3.525,-0.25,0.13));
#633 = VECTOR('',#634,1.);
#634 = DIRECTION('',(0.,0.,1.));
#635 = PLANE('',#636);
#636 = AXIS2_PLACEMENT_3D('',#637,#638,#639);
#637 = CARTESIAN_POINT('',(3.525,-0.25,0.13));
#638 = DIRECTION('',(0.,1.,0.));
#639 = DIRECTION('',(0.,-0.,1.));
#640 = ADVANCED_FACE('',(#641),#666,.T.);
#641 = FACE_BOUND('',#642,.T.);
#642 = EDGE_LOOP('',(#643,#644,#652,#660));
#643 = ORIENTED_EDGE('',*,*,#622,.T.);
#644 = ORIENTED_EDGE('',*,*,#645,.F.);
#645 = EDGE_CURVE('',#646,#615,#648,.T.);
#646 = VERTEX_POINT('',#647);
#647 = CARTESIAN_POINT('',(3.675,-5.E-02,0.13));
#648 = LINE('',#649,#650);
#649 = CARTESIAN_POINT('',(3.675,-5.E-02,0.13));
#650 = VECTOR('',#651,1.);
#651 = DIRECTION('',(0.,-1.,0.));
#652 = ORIENTED_EDGE('',*,*,#653,.F.);
#653 = EDGE_CURVE('',#654,#646,#656,.T.);
#654 = VERTEX_POINT('',#655);
#655 = CARTESIAN_POINT('',(3.525,-5.E-02,0.13));
#656 = LINE('',#657,#658);
#657 = CARTESIAN_POINT('',(3.525,-5.E-02,0.13));
#658 = VECTOR('',#659,1.);
#659 = DIRECTION('',(1.,0.,0.));
#660 = ORIENTED_EDGE('',*,*,#661,.T.);
#661 = EDGE_CURVE('',#654,#623,#662,.T.);
#662 = LINE('',#663,#664);
#663 = CARTESIAN_POINT('',(3.525,-5.E-02,0.13));
#664 = VECTOR('',#665,1.);
#665 = DIRECTION('',(0.,-1.,0.));
#666 = PLANE('',#667);
#667 = AXIS2_PLACEMENT_3D('',#668,#669,#670);
#668 = CARTESIAN_POINT('',(3.525,-5.E-02,0.13));
#669 = DIRECTION('',(0.,0.,1.));
#670 = DIRECTION('',(0.,-1.,0.));
#671 = ADVANCED_FACE('',(#672),#697,.T.);
#672 = FACE_BOUND('',#673,.T.);
#673 = EDGE_LOOP('',(#674,#675,#683,#691));
#674 = ORIENTED_EDGE('',*,*,#653,.T.);
#675 = ORIENTED_EDGE('',*,*,#676,.F.);
#676 = EDGE_CURVE('',#677,#646,#679,.T.);
#677 = VERTEX_POINT('',#678);
#678 = CARTESIAN_POINT('',(3.675,-5.E-02,-6.E-02));
#679 = LINE('',#680,#681);
#680 = CARTESIAN_POINT('',(3.675,-5.E-02,-6.E-02));
#681 = VECTOR('',#682,1.);
#682 = DIRECTION('',(0.,0.,1.));
#683 = ORIENTED_EDGE('',*,*,#684,.F.);
#684 = EDGE_CURVE('',#685,#677,#687,.T.);
#685 = VERTEX_POINT('',#686);
#686 = CARTESIAN_POINT('',(3.525,-5.E-02,-6.E-02));
#687 = LINE('',#688,#689);
#688 = CARTESIAN_POINT('',(3.525,-5.E-02,-6.E-02));
#689 = VECTOR('',#690,1.);
#690 = DIRECTION('',(1.,0.,0.));
#691 = ORIENTED_EDGE('',*,*,#692,.T.);
#692 = EDGE_CURVE('',#685,#654,#693,.T.);
#693 = LINE('',#694,#695);
#694 = CARTESIAN_POINT('',(3.525,-5.E-02,-6.E-02));
#695 = VECTOR('',#696,1.);
#696 = DIRECTION('',(0.,0.,1.));
#697 = PLANE('',#698);
#698 = AXIS2_PLACEMENT_3D('',#699,#700,#701);
#699 = CARTESIAN_POINT('',(3.525,-5.E-02,-6.E-02));
#700 = DIRECTION('',(0.,1.,0.));
#701 = DIRECTION('',(0.,-0.,1.));
#702 = ADVANCED_FACE('',(#703),#728,.T.);
#703 = FACE_BOUND('',#704,.T.);
#704 = EDGE_LOOP('',(#705,#706,#714,#722));
#705 = ORIENTED_EDGE('',*,*,#684,.T.);
#706 = ORIENTED_EDGE('',*,*,#707,.F.);
#707 = EDGE_CURVE('',#708,#677,#710,.T.);
#708 = VERTEX_POINT('',#709);
#709 = CARTESIAN_POINT('',(3.675,-0.55,-6.E-02));
#710 = LINE('',#711,#712);
#711 = CARTESIAN_POINT('',(3.675,-0.55,-6.E-02));
#712 = VECTOR('',#713,1.);
#713 = DIRECTION('',(0.,1.,0.));
#714 = ORIENTED_EDGE('',*,*,#715,.F.);
#715 = EDGE_CURVE('',#716,#708,#718,.T.);
#716 = VERTEX_POINT('',#717);
#717 = CARTESIAN_POINT('',(3.525,-0.55,-6.E-02));
#718 = LINE('',#719,#720);
#719 = CARTESIAN_POINT('',(3.525,-0.55,-6.E-02));
#720 = VECTOR('',#721,1.);
#721 = DIRECTION('',(1.,0.,0.));
#722 = ORIENTED_EDGE('',*,*,#723,.T.);
#723 = EDGE_CURVE('',#716,#685,#724,.T.);
#724 = LINE('',#725,#726);
#725 = CARTESIAN_POINT('',(3.525,-0.55,-6.E-02));
#726 = VECTOR('',#727,1.);
#727 = DIRECTION('',(0.,1.,0.));
#728 = PLANE('',#729);
#729 = AXIS2_PLACEMENT_3D('',#730,#731,#732);
#730 = CARTESIAN_POINT('',(3.525,-0.55,-6.E-02));
#731 = DIRECTION('',(0.,0.,-1.));
#732 = DIRECTION('',(0.,1.,0.));
#733 = ADVANCED_FACE('',(#734),#759,.T.);
#734 = FACE_BOUND('',#735,.T.);
#735 = EDGE_LOOP('',(#736,#737,#745,#753));
#736 = ORIENTED_EDGE('',*,*,#715,.T.);
#737 = ORIENTED_EDGE('',*,*,#738,.F.);
#738 = EDGE_CURVE('',#739,#708,#741,.T.);
#739 = VERTEX_POINT('',#740);
#740 = CARTESIAN_POINT('',(3.675,-0.55,4.336808689942E-16));
#741 = LINE('',#742,#743);
#742 = CARTESIAN_POINT('',(3.675,-0.55,4.336808689942E-16));
#743 = VECTOR('',#744,1.);
#744 = DIRECTION('',(0.,0.,-1.));
#745 = ORIENTED_EDGE('',*,*,#746,.F.);
#746 = EDGE_CURVE('',#747,#739,#749,.T.);
#747 = VERTEX_POINT('',#748);
#748 = CARTESIAN_POINT('',(3.525,-0.55,4.336808689942E-16));
#749 = LINE('',#750,#751);
#750 = CARTESIAN_POINT('',(3.525,-0.55,4.336808689942E-16));
#751 = VECTOR('',#752,1.);
#752 = DIRECTION('',(1.,0.,0.));
#753 = ORIENTED_EDGE('',*,*,#754,.T.);
#754 = EDGE_CURVE('',#747,#716,#755,.T.);
#755 = LINE('',#756,#757);
#756 = CARTESIAN_POINT('',(3.525,-0.55,4.336808689942E-16));
#757 = VECTOR('',#758,1.);
#758 = DIRECTION('',(0.,0.,-1.));
#759 = PLANE('',#760);
#760 = AXIS2_PLACEMENT_3D('',#761,#762,#763);
#761 = CARTESIAN_POINT('',(3.525,-0.55,9.E-02));
#762 = DIRECTION('',(0.,-1.,0.));
#763 = DIRECTION('',(0.,0.,-1.));
#764 = ADVANCED_FACE('',(#765),#799,.T.);
#765 = FACE_BOUND('',#766,.T.);
#766 = EDGE_LOOP('',(#767,#777,#785,#793));
#767 = ORIENTED_EDGE('',*,*,#768,.T.);
#768 = EDGE_CURVE('',#769,#771,#773,.T.);
#769 = VERTEX_POINT('',#770);
#770 = CARTESIAN_POINT('',(1.025,-1.7,0.84));
#771 = VERTEX_POINT('',#772);
#772 = CARTESIAN_POINT('',(1.175,-1.7,0.84));
#773 = LINE('',#774,#775);
#774 = CARTESIAN_POINT('',(1.025,-1.7,0.84));
#775 = VECTOR('',#776,1.);
#776 = DIRECTION('',(1.,0.,0.));
#777 = ORIENTED_EDGE('',*,*,#778,.F.);
#778 = EDGE_CURVE('',#779,#771,#781,.T.);
#779 = VERTEX_POINT('',#780);
#780 = CARTESIAN_POINT('',(1.175,-1.5,0.84));
#781 = LINE('',#782,#783);
#782 = CARTESIAN_POINT('',(1.175,-1.5,0.84));
#783 = VECTOR('',#784,1.);
#784 = DIRECTION('',(0.,-1.,0.));
#785 = ORIENTED_EDGE('',*,*,#786,.F.);
#786 = EDGE_CURVE('',#787,#779,#789,.T.);
#787 = VERTEX_POINT('',#788);
#788 = CARTESIAN_POINT('',(1.025,-1.5,0.84));
#789 = LINE('',#790,#791);
#790 = CARTESIAN_POINT('',(1.025,-1.5,0.84));
#791 = VECTOR('',#792,1.);
#792 = DIRECTION('',(1.,0.,0.));
#793 = ORIENTED_EDGE('',*,*,#794,.T.);
#794 = EDGE_CURVE('',#787,#769,#795,.T.);
#795 = LINE('',#796,#797);
#796 = CARTESIAN_POINT('',(1.025,-1.5,0.84));
#797 = VECTOR('',#798,1.);
#798 = DIRECTION('',(0.,-1.,0.));
#799 = PLANE('',#800);
#800 = AXIS2_PLACEMENT_3D('',#801,#802,#803);
#801 = CARTESIAN_POINT('',(1.025,-1.5,0.84));
#802 = DIRECTION('',(0.,0.,1.));
#803 = DIRECTION('',(0.,-1.,0.));
#804 = ADVANCED_FACE('',(#805),#830,.T.);
#805 = FACE_BOUND('',#806,.T.);
#806 = EDGE_LOOP('',(#807,#815,#816,#824));
#807 = ORIENTED_EDGE('',*,*,#808,.T.);
#808 = EDGE_CURVE('',#809,#787,#811,.T.);
#809 = VERTEX_POINT('',#810);
#810 = CARTESIAN_POINT('',(1.025,-1.370570715645,0.828579769027));
#811 = LINE('',#812,#813);
#812 = CARTESIAN_POINT('',(1.025,-1.370570715645,0.828579769027));
#813 = VECTOR('',#814,1.);
#814 = DIRECTION('',(0.,-0.996129850025,8.789381029636E-02));
#815 = ORIENTED_EDGE('',*,*,#786,.T.);
#816 = ORIENTED_EDGE('',*,*,#817,.F.);
#817 = EDGE_CURVE('',#818,#779,#820,.T.);
#818 = VERTEX_POINT('',#819);
#819 = CARTESIAN_POINT('',(1.175,-1.370570715645,0.828579769027));
#820 = LINE('',#821,#822);
#821 = CARTESIAN_POINT('',(1.175,-1.370570715645,0.828579769027));
#822 = VECTOR('',#823,1.);
#823 = DIRECTION('',(0.,-0.996129850025,8.789381029636E-02));
#824 = ORIENTED_EDGE('',*,*,#825,.F.);
#825 = EDGE_CURVE('',#809,#818,#826,.T.);
#826 = LINE('',#827,#828);
#827 = CARTESIAN_POINT('',(1.025,-1.370570715645,0.828579769027));
#828 = VECTOR('',#829,1.);
#829 = DIRECTION('',(1.,0.,0.));
#830 = PLANE('',#831);
#831 = AXIS2_PLACEMENT_3D('',#832,#833,#834);
#832 = CARTESIAN_POINT('',(1.025,-0.82,0.78));
#833 = DIRECTION('',(0.,8.789381029636E-02,0.996129850025));
#834 = DIRECTION('',(0.,-0.996129850025,8.789381029636E-02));
#835 = ADVANCED_FACE('',(#836),#870,.T.);
#836 = FACE_BOUND('',#837,.T.);
#837 = EDGE_LOOP('',(#838,#848,#856,#864));
#838 = ORIENTED_EDGE('',*,*,#839,.F.);
#839 = EDGE_CURVE('',#840,#842,#844,.T.);
#840 = VERTEX_POINT('',#841);
#841 = CARTESIAN_POINT('',(1.175,-0.82,0.78));
#842 = VERTEX_POINT('',#843);
#843 = CARTESIAN_POINT('',(1.175,-0.872505653926,0.784632851817));
#844 = LINE('',#845,#846);
#845 = CARTESIAN_POINT('',(1.175,-0.82,0.78));
#846 = VECTOR('',#847,1.);
#847 = DIRECTION('',(0.,-0.996129850025,8.789381029636E-02));
#848 = ORIENTED_EDGE('',*,*,#849,.F.);
#849 = EDGE_CURVE('',#850,#840,#852,.T.);
#850 = VERTEX_POINT('',#851);
#851 = CARTESIAN_POINT('',(1.025,-0.82,0.78));
#852 = LINE('',#853,#854);
#853 = CARTESIAN_POINT('',(1.025,-0.82,0.78));
#854 = VECTOR('',#855,1.);
#855 = DIRECTION('',(1.,0.,0.));
#856 = ORIENTED_EDGE('',*,*,#857,.T.);
#857 = EDGE_CURVE('',#850,#858,#860,.T.);
#858 = VERTEX_POINT('',#859);
#859 = CARTESIAN_POINT('',(1.025,-0.872505653926,0.784632851817));
#860 = LINE('',#861,#862);
#861 = CARTESIAN_POINT('',(1.025,-0.82,0.78));
#862 = VECTOR('',#863,1.);
#863 = DIRECTION('',(0.,-0.996129850025,8.789381029636E-02));
#864 = ORIENTED_EDGE('',*,*,#865,.T.);
#865 = EDGE_CURVE('',#858,#842,#866,.T.);
#866 = LINE('',#867,#868);
#867 = CARTESIAN_POINT('',(1.025,-0.872505653926,0.784632851817));
#868 = VECTOR('',#869,1.);
#869 = DIRECTION('',(1.,0.,0.));
#870 = PLANE('',#871);
#871 = AXIS2_PLACEMENT_3D('',#872,#873,#874);
#872 = CARTESIAN_POINT('',(1.025,-0.82,0.78));
#873 = DIRECTION('',(0.,8.789381029636E-02,0.996129850025));
#874 = DIRECTION('',(0.,-0.996129850025,8.789381029636E-02));
#875 = ADVANCED_FACE('',(#876),#901,.T.);
#876 = FACE_BOUND('',#877,.T.);
#877 = EDGE_LOOP('',(#878,#879,#887,#895));
#878 = ORIENTED_EDGE('',*,*,#849,.T.);
#879 = ORIENTED_EDGE('',*,*,#880,.F.);
#880 = EDGE_CURVE('',#881,#840,#883,.T.);
#881 = VERTEX_POINT('',#882);
#882 = CARTESIAN_POINT('',(1.175,-0.82,0.66));
#883 = LINE('',#884,#885);
#884 = CARTESIAN_POINT('',(1.175,-0.82,0.66));
#885 = VECTOR('',#886,1.);
#886 = DIRECTION('',(0.,0.,1.));
#887 = ORIENTED_EDGE('',*,*,#888,.F.);
#888 = EDGE_CURVE('',#889,#881,#891,.T.);
#889 = VERTEX_POINT('',#890);
#890 = CARTESIAN_POINT('',(1.025,-0.82,0.66));
#891 = LINE('',#892,#893);
#892 = CARTESIAN_POINT('',(1.025,-0.82,0.66));
#893 = VECTOR('',#894,1.);
#894 = DIRECTION('',(1.,0.,0.));
#895 = ORIENTED_EDGE('',*,*,#896,.T.);
#896 = EDGE_CURVE('',#889,#850,#897,.T.);
#897 = LINE('',#898,#899);
#898 = CARTESIAN_POINT('',(1.025,-0.82,0.66));
#899 = VECTOR('',#900,1.);
#900 = DIRECTION('',(0.,0.,1.));
#901 = PLANE('',#902);
#902 = AXIS2_PLACEMENT_3D('',#903,#904,#905);
#903 = CARTESIAN_POINT('',(1.025,-0.82,0.66));
#904 = DIRECTION('',(0.,1.,0.));
#905 = DIRECTION('',(0.,-0.,1.));
#906 = ADVANCED_FACE('',(#907),#941,.T.);
#907 = FACE_BOUND('',#908,.T.);
#908 = EDGE_LOOP('',(#909,#919,#927,#935));
#909 = ORIENTED_EDGE('',*,*,#910,.F.);
#910 = EDGE_CURVE('',#911,#913,#915,.T.);
#911 = VERTEX_POINT('',#912);
#912 = CARTESIAN_POINT('',(1.175,-1.7,0.66));
#913 = VERTEX_POINT('',#914);
#914 = CARTESIAN_POINT('',(1.175,-1.385319534335,0.66));
#915 = LINE('',#916,#917);
#916 = CARTESIAN_POINT('',(1.175,-1.7,0.66));
#917 = VECTOR('',#918,1.);
#918 = DIRECTION('',(0.,1.,0.));
#919 = ORIENTED_EDGE('',*,*,#920,.F.);
#920 = EDGE_CURVE('',#921,#911,#923,.T.);
#921 = VERTEX_POINT('',#922);
#922 = CARTESIAN_POINT('',(1.025,-1.7,0.66));
#923 = LINE('',#924,#925);
#924 = CARTESIAN_POINT('',(1.025,-1.7,0.66));
#925 = VECTOR('',#926,1.);
#926 = DIRECTION('',(1.,0.,0.));
#927 = ORIENTED_EDGE('',*,*,#928,.T.);
#928 = EDGE_CURVE('',#921,#929,#931,.T.);
#929 = VERTEX_POINT('',#930);
#930 = CARTESIAN_POINT('',(1.025,-1.385319534335,0.66));
#931 = LINE('',#932,#933);
#932 = CARTESIAN_POINT('',(1.025,-1.7,0.66));
#933 = VECTOR('',#934,1.);
#934 = DIRECTION('',(0.,1.,0.));
#935 = ORIENTED_EDGE('',*,*,#936,.T.);
#936 = EDGE_CURVE('',#929,#913,#937,.T.);
#937 = LINE('',#938,#939);
#938 = CARTESIAN_POINT('',(1.025,-1.385319534335,0.66));
#939 = VECTOR('',#940,1.);
#940 = DIRECTION('',(1.,0.,0.));
#941 = PLANE('',#942);
#942 = AXIS2_PLACEMENT_3D('',#943,#944,#945);
#943 = CARTESIAN_POINT('',(1.025,-2.936544907633,0.66));
#944 = DIRECTION('',(0.,0.,-1.));
#945 = DIRECTION('',(0.,1.,0.));
#946 = ADVANCED_FACE('',(#947),#972,.T.);
#947 = FACE_BOUND('',#948,.T.);
#948 = EDGE_LOOP('',(#949,#957,#958,#966));
#949 = ORIENTED_EDGE('',*,*,#950,.T.);
#950 = EDGE_CURVE('',#951,#889,#953,.T.);
#951 = VERTEX_POINT('',#952);
#952 = CARTESIAN_POINT('',(1.025,-0.883409615563,0.66));
#953 = LINE('',#954,#955);
#954 = CARTESIAN_POINT('',(1.025,-0.883409615563,0.66));
#955 = VECTOR('',#956,1.);
#956 = DIRECTION('',(0.,1.,0.));
#957 = ORIENTED_EDGE('',*,*,#888,.T.);
#958 = ORIENTED_EDGE('',*,*,#959,.F.);
#959 = EDGE_CURVE('',#960,#881,#962,.T.);
#960 = VERTEX_POINT('',#961);
#961 = CARTESIAN_POINT('',(1.175,-0.883409615563,0.66));
#962 = LINE('',#963,#964);
#963 = CARTESIAN_POINT('',(1.175,-0.883409615563,0.66));
#964 = VECTOR('',#965,1.);
#965 = DIRECTION('',(0.,1.,0.));
#966 = ORIENTED_EDGE('',*,*,#967,.F.);
#967 = EDGE_CURVE('',#951,#960,#968,.T.);
#968 = LINE('',#969,#970);
#969 = CARTESIAN_POINT('',(1.025,-0.883409615563,0.66));
#970 = VECTOR('',#971,1.);
#971 = DIRECTION('',(1.,0.,0.));
#972 = PLANE('',#973);
#973 = AXIS2_PLACEMENT_3D('',#974,#975,#976);
#974 = CARTESIAN_POINT('',(1.025,-2.936544907633,0.66));
#975 = DIRECTION('',(0.,0.,-1.));
#976 = DIRECTION('',(0.,1.,0.));
#977 = ADVANCED_FACE('',(#978),#1012,.T.);
#978 = FACE_BOUND('',#979,.T.);
#979 = EDGE_LOOP('',(#980,#990,#998,#1006));
#980 = ORIENTED_EDGE('',*,*,#981,.T.);
#981 = EDGE_CURVE('',#982,#984,#986,.T.);
#982 = VERTEX_POINT('',#983);
#983 = CARTESIAN_POINT('',(3.525,-0.82,0.78));
#984 = VERTEX_POINT('',#985);
#985 = CARTESIAN_POINT('',(3.675,-0.82,0.78));
#986 = LINE('',#987,#988);
#987 = CARTESIAN_POINT('',(3.525,-0.82,0.78));
#988 = VECTOR('',#989,1.);
#989 = DIRECTION('',(1.,0.,0.));
#990 = ORIENTED_EDGE('',*,*,#991,.F.);
#991 = EDGE_CURVE('',#992,#984,#994,.T.);
#992 = VERTEX_POINT('',#993);
#993 = CARTESIAN_POINT('',(3.675,-0.82,0.66));
#994 = LINE('',#995,#996);
#995 = CARTESIAN_POINT('',(3.675,-0.82,0.66));
#996 = VECTOR('',#997,1.);
#997 = DIRECTION('',(0.,0.,1.));
#998 = ORIENTED_EDGE('',*,*,#999,.F.);
#999 = EDGE_CURVE('',#1000,#992,#1002,.T.);
#1000 = VERTEX_POINT('',#1001);
#1001 = CARTESIAN_POINT('',(3.525,-0.82,0.66));
#1002 = LINE('',#1003,#1004);
#1003 = CARTESIAN_POINT('',(3.525,-0.82,0.66));
#1004 = VECTOR('',#1005,1.);
#1005 = DIRECTION('',(1.,0.,0.));
#1006 = ORIENTED_EDGE('',*,*,#1007,.T.);
#1007 = EDGE_CURVE('',#1000,#982,#1008,.T.);
#1008 = LINE('',#1009,#1010);
#1009 = CARTESIAN_POINT('',(3.525,-0.82,0.66));
#1010 = VECTOR('',#1011,1.);
#1011 = DIRECTION('',(0.,0.,1.));
#1012 = PLANE('',#1013);
#1013 = AXIS2_PLACEMENT_3D('',#1014,#1015,#1016);
#1014 = CARTESIAN_POINT('',(3.525,-0.82,0.66));
#1015 = DIRECTION('',(0.,1.,0.));
#1016 = DIRECTION('',(0.,-0.,1.));
#1017 = ADVANCED_FACE('',(#1018),#1052,.T.);
#1018 = FACE_BOUND('',#1019,.T.);
#1019 = EDGE_LOOP('',(#1020,#1030,#1038,#1046));
#1020 = ORIENTED_EDGE('',*,*,#1021,.T.);
#1021 = EDGE_CURVE('',#1022,#1024,#1026,.T.);
#1022 = VERTEX_POINT('',#1023);
#1023 = CARTESIAN_POINT('',(3.525,-1.385319534335,0.66));
#1024 = VERTEX_POINT('',#1025);
#1025 = CARTESIAN_POINT('',(3.675,-1.385319534335,0.66));
#1026 = LINE('',#1027,#1028);
#1027 = CARTESIAN_POINT('',(3.525,-1.385319534335,0.66));
#1028 = VECTOR('',#1029,1.);
#1029 = DIRECTION('',(1.,0.,0.));
#1030 = ORIENTED_EDGE('',*,*,#1031,.F.);
#1031 = EDGE_CURVE('',#1032,#1024,#1034,.T.);
#1032 = VERTEX_POINT('',#1033);
#1033 = CARTESIAN_POINT('',(3.675,-1.7,0.66));
#1034 = LINE('',#1035,#1036);
#1035 = CARTESIAN_POINT('',(3.675,-1.7,0.66));
#1036 = VECTOR('',#1037,1.);
#1037 = DIRECTION('',(0.,1.,0.));
#1038 = ORIENTED_EDGE('',*,*,#1039,.F.);
#1039 = EDGE_CURVE('',#1040,#1032,#1042,.T.);
#1040 = VERTEX_POINT('',#1041);
#1041 = CARTESIAN_POINT('',(3.525,-1.7,0.66));
#1042 = LINE('',#1043,#1044);
#1043 = CARTESIAN_POINT('',(3.525,-1.7,0.66));
#1044 = VECTOR('',#1045,1.);
#1045 = DIRECTION('',(1.,0.,0.));
#1046 = ORIENTED_EDGE('',*,*,#1047,.T.);
#1047 = EDGE_CURVE('',#1040,#1022,#1048,.T.);
#1048 = LINE('',#1049,#1050);
#1049 = CARTESIAN_POINT('',(3.525,-1.7,0.66));
#1050 = VECTOR('',#1051,1.);
#1051 = DIRECTION('',(0.,1.,0.));
#1052 = PLANE('',#1053);
#1053 = AXIS2_PLACEMENT_3D('',#1054,#1055,#1056);
#1054 = CARTESIAN_POINT('',(3.525,-2.936544907633,0.66));
#1055 = DIRECTION('',(0.,0.,-1.));
#1056 = DIRECTION('',(0.,1.,0.));
#1057 = ADVANCED_FACE('',(#1058),#1083,.T.);
#1058 = FACE_BOUND('',#1059,.T.);
#1059 = EDGE_LOOP('',(#1060,#1068,#1069,#1077));
#1060 = ORIENTED_EDGE('',*,*,#1061,.T.);
#1061 = EDGE_CURVE('',#1062,#1000,#1064,.T.);
#1062 = VERTEX_POINT('',#1063);
#1063 = CARTESIAN_POINT('',(3.525,-0.883409615563,0.66));
#1064 = LINE('',#1065,#1066);
#1065 = CARTESIAN_POINT('',(3.525,-0.883409615563,0.66));
#1066 = VECTOR('',#1067,1.);
#1067 = DIRECTION('',(0.,1.,0.));
#1068 = ORIENTED_EDGE('',*,*,#999,.T.);
#1069 = ORIENTED_EDGE('',*,*,#1070,.F.);
#1070 = EDGE_CURVE('',#1071,#992,#1073,.T.);
#1071 = VERTEX_POINT('',#1072);
#1072 = CARTESIAN_POINT('',(3.675,-0.883409615563,0.66));
#1073 = LINE('',#1074,#1075);
#1074 = CARTESIAN_POINT('',(3.675,-0.883409615563,0.66));
#1075 = VECTOR('',#1076,1.);
#1076 = DIRECTION('',(0.,1.,0.));
#1077 = ORIENTED_EDGE('',*,*,#1078,.F.);
#1078 = EDGE_CURVE('',#1062,#1071,#1079,.T.);
#1079 = LINE('',#1080,#1081);
#1080 = CARTESIAN_POINT('',(3.525,-0.883409615563,0.66));
#1081 = VECTOR('',#1082,1.);
#1082 = DIRECTION('',(1.,0.,0.));
#1083 = PLANE('',#1084);
#1084 = AXIS2_PLACEMENT_3D('',#1085,#1086,#1087);
#1085 = CARTESIAN_POINT('',(3.525,-2.936544907633,0.66));
#1086 = DIRECTION('',(0.,0.,-1.));
#1087 = DIRECTION('',(0.,1.,0.));
#1088 = ADVANCED_FACE('',(#1089),#1123,.F.);
#1089 = FACE_BOUND('',#1090,.T.);
#1090 = EDGE_LOOP('',(#1091,#1101,#1109,#1117));
#1091 = ORIENTED_EDGE('',*,*,#1092,.F.);
#1092 = EDGE_CURVE('',#1093,#1095,#1097,.T.);
#1093 = VERTEX_POINT('',#1094);
#1094 = CARTESIAN_POINT('',(0.55,-0.840456073852,0.2330641687));
#1095 = VERTEX_POINT('',#1096);
#1096 = CARTESIAN_POINT('',(0.55,-0.830646901324,0.345183523733));
#1097 = LINE('',#1098,#1099);
#1098 = CARTESIAN_POINT('',(0.55,-0.840456073852,0.2330641687));
#1099 = VECTOR('',#1100,1.);
#1100 = DIRECTION('',(0.,8.715574274766E-02,0.996194698092));
#1101 = ORIENTED_EDGE('',*,*,#1102,.T.);
#1102 = EDGE_CURVE('',#1093,#1103,#1105,.T.);
#1103 = VERTEX_POINT('',#1104);
#1104 = CARTESIAN_POINT('',(0.21,-0.840456073852,0.2330641687));
#1105 = LINE('',#1106,#1107);
#1106 = CARTESIAN_POINT('',(0.55,-0.840456073852,0.2330641687));
#1107 = VECTOR('',#1108,1.);
#1108 = DIRECTION('',(-1.,0.,0.));
#1109 = ORIENTED_EDGE('',*,*,#1110,.T.);
#1110 = EDGE_CURVE('',#1103,#1111,#1113,.T.);
#1111 = VERTEX_POINT('',#1112);
#1112 = CARTESIAN_POINT('',(0.21,-0.830646901324,0.345183523733));
#1113 = LINE('',#1114,#1115);
#1114 = CARTESIAN_POINT('',(0.21,-0.840456073852,0.2330641687));
#1115 = VECTOR('',#1116,1.);
#1116 = DIRECTION('',(0.,8.715574274766E-02,0.996194698092));
#1117 = ORIENTED_EDGE('',*,*,#1118,.F.);
#1118 = EDGE_CURVE('',#1095,#1111,#1119,.T.);
#1119 = LINE('',#1120,#1121);
#1120 = CARTESIAN_POINT('',(0.55,-0.830646901324,0.345183523733));
#1121 = VECTOR('',#1122,1.);
#1122 = DIRECTION('',(-1.,0.,0.));
#1123 = PLANE('',#1124);
#1124 = AXIS2_PLACEMENT_3D('',#1125,#1126,#1127);
#1125 = CARTESIAN_POINT('',(0.55,-0.840456073852,0.2330641687));
#1126 = DIRECTION('',(0.,-0.996194698092,8.715574274766E-02));
#1127 = DIRECTION('',(0.,8.715574274766E-02,0.996194698092));
#1128 = ADVANCED_FACE('',(#1129),#1156,.T.);
#1129 = FACE_BOUND('',#1130,.T.);
#1130 = EDGE_LOOP('',(#1131,#1141,#1148,#1149));
#1131 = ORIENTED_EDGE('',*,*,#1132,.F.);
#1132 = EDGE_CURVE('',#1133,#1135,#1137,.T.);
#1133 = VERTEX_POINT('',#1134);
#1134 = CARTESIAN_POINT('',(0.21,-0.848456284266,0.21));
#1135 = VERTEX_POINT('',#1136);
#1136 = CARTESIAN_POINT('',(0.55,-0.848456284266,0.21));
#1137 = LINE('',#1138,#1139);
#1138 = CARTESIAN_POINT('',(0.21,-0.848456284266,0.21));
#1139 = VECTOR('',#1140,1.);
#1140 = DIRECTION('',(1.,0.,0.));
#1141 = ORIENTED_EDGE('',*,*,#1142,.T.);
#1142 = EDGE_CURVE('',#1133,#1103,#1143,.T.);
#1143 = CIRCLE('',#1144,5.E-02);
#1144 = AXIS2_PLACEMENT_3D('',#1145,#1146,#1147);
#1145 = CARTESIAN_POINT('',(0.21,-0.890265808756,0.237421955837));
#1146 = DIRECTION('',(1.,0.,0.));
#1147 = DIRECTION('',(0.,0.836190489795,-0.548439116745));
#1148 = ORIENTED_EDGE('',*,*,#1102,.F.);
#1149 = ORIENTED_EDGE('',*,*,#1150,.F.);
#1150 = EDGE_CURVE('',#1135,#1093,#1151,.T.);
#1151 = CIRCLE('',#1152,5.E-02);
#1152 = AXIS2_PLACEMENT_3D('',#1153,#1154,#1155);
#1153 = CARTESIAN_POINT('',(0.55,-0.890265808756,0.237421955837));
#1154 = DIRECTION('',(1.,0.,0.));
#1155 = DIRECTION('',(0.,0.836190489795,-0.548439116745));
#1156 = CYLINDRICAL_SURFACE('',#1157,5.E-02);
#1157 = AXIS2_PLACEMENT_3D('',#1158,#1159,#1160);
#1158 = CARTESIAN_POINT('',(0.55,-0.890265808756,0.237421955837));
#1159 = DIRECTION('',(1.,0.,0.));
#1160 = DIRECTION('',(-0.,1.,0.));
#1161 = ADVANCED_FACE('',(#1162),#1196,.T.);
#1162 = FACE_BOUND('',#1163,.T.);
#1163 = EDGE_LOOP('',(#1164,#1174,#1182,#1190));
#1164 = ORIENTED_EDGE('',*,*,#1165,.T.);
#1165 = EDGE_CURVE('',#1166,#1168,#1170,.T.);
#1166 = VERTEX_POINT('',#1167);
#1167 = CARTESIAN_POINT('',(1.025,-3.172705922612,0.66));
#1168 = VERTEX_POINT('',#1169);
#1169 = CARTESIAN_POINT('',(1.025,-3.034152621563,0.607587391124));
#1170 = LINE('',#1171,#1172);
#1171 = CARTESIAN_POINT('',(1.025,-3.172705922612,0.66));
#1172 = VECTOR('',#1173,1.);
#1173 = DIRECTION('',(0.,0.935315221896,-0.353815539072));
#1174 = ORIENTED_EDGE('',*,*,#1175,.T.);
#1175 = EDGE_CURVE('',#1168,#1176,#1178,.T.);
#1176 = VERTEX_POINT('',#1177);
#1177 = CARTESIAN_POINT('',(1.175,-3.034152621563,0.607587391124));
#1178 = LINE('',#1179,#1180);
#1179 = CARTESIAN_POINT('',(1.025,-3.034152621563,0.607587391124));
#1180 = VECTOR('',#1181,1.);
#1181 = DIRECTION('',(1.,0.,0.));
#1182 = ORIENTED_EDGE('',*,*,#1183,.F.);
#1183 = EDGE_CURVE('',#1184,#1176,#1186,.T.);
#1184 = VERTEX_POINT('',#1185);
#1185 = CARTESIAN_POINT('',(1.175,-3.172705922612,0.66));
#1186 = LINE('',#1187,#1188);
#1187 = CARTESIAN_POINT('',(1.175,-3.172705922612,0.66));
#1188 = VECTOR('',#1189,1.);
#1189 = DIRECTION('',(0.,0.935315221896,-0.353815539072));
#1190 = ORIENTED_EDGE('',*,*,#1191,.F.);
#1191 = EDGE_CURVE('',#1166,#1184,#1192,.T.);
#1192 = LINE('',#1193,#1194);
#1193 = CARTESIAN_POINT('',(1.025,-3.172705922612,0.66));
#1194 = VECTOR('',#1195,1.);
#1195 = DIRECTION('',(1.,0.,0.));
#1196 = PLANE('',#1197);
#1197 = AXIS2_PLACEMENT_3D('',#1198,#1199,#1200);
#1198 = CARTESIAN_POINT('',(1.025,-3.207690776954,0.673234238905));
#1199 = DIRECTION('',(0.,-0.353815539072,-0.935315221896));
#1200 = DIRECTION('',(0.,0.935315221896,-0.353815539072));
#1201 = ADVANCED_FACE('',(#1202),#1229,.T.);
#1202 = FACE_BOUND('',#1203,.T.);
#1203 = EDGE_LOOP('',(#1204,#1214,#1221,#1222));
#1204 = ORIENTED_EDGE('',*,*,#1205,.T.);
#1205 = EDGE_CURVE('',#1206,#1208,#1210,.T.);
#1206 = VERTEX_POINT('',#1207);
#1207 = CARTESIAN_POINT('',(1.025,-2.989358222275,0.619288495612));
#1208 = VERTEX_POINT('',#1209);
#1209 = CARTESIAN_POINT('',(1.175,-2.989358222275,0.619288495612));
#1210 = LINE('',#1211,#1212);
#1211 = CARTESIAN_POINT('',(1.025,-2.989358222275,0.619288495612));
#1212 = VECTOR('',#1213,1.);
#1213 = DIRECTION('',(1.,0.,0.));
#1214 = ORIENTED_EDGE('',*,*,#1215,.F.);
#1215 = EDGE_CURVE('',#1176,#1208,#1216,.T.);
#1216 = CIRCLE('',#1217,4.E-02);
#1217 = AXIS2_PLACEMENT_3D('',#1218,#1219,#1220);
#1218 = CARTESIAN_POINT('',(1.175,-3.02,0.645));
#1219 = DIRECTION('',(1.,0.,0.));
#1220 = DIRECTION('',(0.,-0.353815539072,-0.935315221896));
#1221 = ORIENTED_EDGE('',*,*,#1175,.F.);
#1222 = ORIENTED_EDGE('',*,*,#1223,.T.);
#1223 = EDGE_CURVE('',#1168,#1206,#1224,.T.);
#1224 = CIRCLE('',#1225,4.E-02);
#1225 = AXIS2_PLACEMENT_3D('',#1226,#1227,#1228);
#1226 = CARTESIAN_POINT('',(1.025,-3.02,0.645));
#1227 = DIRECTION('',(1.,0.,0.));
#1228 = DIRECTION('',(0.,-0.353815539072,-0.935315221896));
#1229 = CYLINDRICAL_SURFACE('',#1230,4.E-02);
#1230 = AXIS2_PLACEMENT_3D('',#1231,#1232,#1233);
#1231 = CARTESIAN_POINT('',(1.025,-3.02,0.645));
#1232 = DIRECTION('',(1.,0.,0.));
#1233 = DIRECTION('',(-0.,1.,0.));
#1234 = ADVANCED_FACE('',(#1235),#1260,.T.);
#1235 = FACE_BOUND('',#1236,.T.);
#1236 = EDGE_LOOP('',(#1237,#1247,#1253,#1254));
#1237 = ORIENTED_EDGE('',*,*,#1238,.T.);
#1238 = EDGE_CURVE('',#1239,#1241,#1243,.T.);
#1239 = VERTEX_POINT('',#1240);
#1240 = CARTESIAN_POINT('',(1.025,-2.967186685358,0.645711504388));
#1241 = VERTEX_POINT('',#1242);
#1242 = CARTESIAN_POINT('',(1.175,-2.967186685358,0.645711504388));
#1243 = LINE('',#1244,#1245);
#1244 = CARTESIAN_POINT('',(1.025,-2.967186685358,0.645711504388));
#1245 = VECTOR('',#1246,1.);
#1246 = DIRECTION('',(1.,0.,0.));
#1247 = ORIENTED_EDGE('',*,*,#1248,.F.);
#1248 = EDGE_CURVE('',#1208,#1241,#1249,.T.);
#1249 = LINE('',#1250,#1251);
#1250 = CARTESIAN_POINT('',(1.175,-2.989358222275,0.619288495612));
#1251 = VECTOR('',#1252,1.);
#1252 = DIRECTION('',(0.,0.642787609687,0.766044443119));
#1253 = ORIENTED_EDGE('',*,*,#1205,.F.);
#1254 = ORIENTED_EDGE('',*,*,#1255,.T.);
#1255 = EDGE_CURVE('',#1206,#1239,#1256,.T.);
#1256 = LINE('',#1257,#1258);
#1257 = CARTESIAN_POINT('',(1.025,-2.989358222275,0.619288495612));
#1258 = VECTOR('',#1259,1.);
#1259 = DIRECTION('',(0.,0.642787609687,0.766044443119));
#1260 = PLANE('',#1261);
#1261 = AXIS2_PLACEMENT_3D('',#1262,#1263,#1264);
#1262 = CARTESIAN_POINT('',(1.025,-2.989358222275,0.619288495612));
#1263 = DIRECTION('',(0.,0.766044443119,-0.642787609687));
#1264 = DIRECTION('',(0.,0.642787609687,0.766044443119));
#1265 = ADVANCED_FACE('',(#1266),#1293,.F.);
#1266 = FACE_BOUND('',#1267,.F.);
#1267 = EDGE_LOOP('',(#1268,#1278,#1285,#1286));
#1268 = ORIENTED_EDGE('',*,*,#1269,.F.);
#1269 = EDGE_CURVE('',#1270,#1272,#1274,.T.);
#1270 = VERTEX_POINT('',#1271);
#1271 = CARTESIAN_POINT('',(1.025,-2.936544907633,0.66));
#1272 = VERTEX_POINT('',#1273);
#1273 = CARTESIAN_POINT('',(1.175,-2.936544907633,0.66));
#1274 = LINE('',#1275,#1276);
#1275 = CARTESIAN_POINT('',(1.025,-2.936544907633,0.66));
#1276 = VECTOR('',#1277,1.);
#1277 = DIRECTION('',(1.,0.,0.));
#1278 = ORIENTED_EDGE('',*,*,#1279,.F.);
#1279 = EDGE_CURVE('',#1239,#1270,#1280,.T.);
#1280 = CIRCLE('',#1281,4.E-02);
#1281 = AXIS2_PLACEMENT_3D('',#1282,#1283,#1284);
#1282 = CARTESIAN_POINT('',(1.025,-2.936544907633,0.62));
#1283 = DIRECTION('',(-1.,0.,0.));
#1284 = DIRECTION('',(0.,-0.766044443119,0.642787609687));
#1285 = ORIENTED_EDGE('',*,*,#1238,.T.);
#1286 = ORIENTED_EDGE('',*,*,#1287,.T.);
#1287 = EDGE_CURVE('',#1241,#1272,#1288,.T.);
#1288 = CIRCLE('',#1289,4.E-02);
#1289 = AXIS2_PLACEMENT_3D('',#1290,#1291,#1292);
#1290 = CARTESIAN_POINT('',(1.175,-2.936544907633,0.62));
#1291 = DIRECTION('',(-1.,0.,0.));
#1292 = DIRECTION('',(0.,-0.766044443119,0.642787609687));
#1293 = CYLINDRICAL_SURFACE('',#1294,4.E-02);
#1294 = AXIS2_PLACEMENT_3D('',#1295,#1296,#1297);
#1295 = CARTESIAN_POINT('',(1.025,-2.936544907633,0.62));
#1296 = DIRECTION('',(1.,0.,0.));
#1297 = DIRECTION('',(-0.,1.,0.));
#1298 = ADVANCED_FACE('',(#1299),#1333,.T.);
#1299 = FACE_BOUND('',#1300,.T.);
#1300 = EDGE_LOOP('',(#1301,#1311,#1319,#1327));
#1301 = ORIENTED_EDGE('',*,*,#1302,.T.);
#1302 = EDGE_CURVE('',#1303,#1305,#1307,.T.);
#1303 = VERTEX_POINT('',#1304);
#1304 = CARTESIAN_POINT('',(3.525,-3.172705922612,0.66));
#1305 = VERTEX_POINT('',#1306);
#1306 = CARTESIAN_POINT('',(3.525,-3.034152621563,0.607587391124));
#1307 = LINE('',#1308,#1309);
#1308 = CARTESIAN_POINT('',(3.525,-3.172705922612,0.66));
#1309 = VECTOR('',#1310,1.);
#1310 = DIRECTION('',(0.,0.935315221896,-0.353815539072));
#1311 = ORIENTED_EDGE('',*,*,#1312,.T.);
#1312 = EDGE_CURVE('',#1305,#1313,#1315,.T.);
#1313 = VERTEX_POINT('',#1314);
#1314 = CARTESIAN_POINT('',(3.675,-3.034152621563,0.607587391124));
#1315 = LINE('',#1316,#1317);
#1316 = CARTESIAN_POINT('',(3.525,-3.034152621563,0.607587391124));
#1317 = VECTOR('',#1318,1.);
#1318 = DIRECTION('',(1.,0.,0.));
#1319 = ORIENTED_EDGE('',*,*,#1320,.F.);
#1320 = EDGE_CURVE('',#1321,#1313,#1323,.T.);
#1321 = VERTEX_POINT('',#1322);
#1322 = CARTESIAN_POINT('',(3.675,-3.172705922612,0.66));
#1323 = LINE('',#1324,#1325);
#1324 = CARTESIAN_POINT('',(3.675,-3.172705922612,0.66));
#1325 = VECTOR('',#1326,1.);
#1326 = DIRECTION('',(0.,0.935315221896,-0.353815539072));
#1327 = ORIENTED_EDGE('',*,*,#1328,.F.);
#1328 = EDGE_CURVE('',#1303,#1321,#1329,.T.);
#1329 = LINE('',#1330,#1331);
#1330 = CARTESIAN_POINT('',(3.525,-3.172705922612,0.66));
#1331 = VECTOR('',#1332,1.);
#1332 = DIRECTION('',(1.,0.,0.));
#1333 = PLANE('',#1334);
#1334 = AXIS2_PLACEMENT_3D('',#1335,#1336,#1337);
#1335 = CARTESIAN_POINT('',(3.525,-3.207690776954,0.673234238905));
#1336 = DIRECTION('',(0.,-0.353815539072,-0.935315221896));
#1337 = DIRECTION('',(0.,0.935315221896,-0.353815539072));
#1338 = ADVANCED_FACE('',(#1339),#1366,.T.);
#1339 = FACE_BOUND('',#1340,.T.);
#1340 = EDGE_LOOP('',(#1341,#1351,#1358,#1359));
#1341 = ORIENTED_EDGE('',*,*,#1342,.T.);
#1342 = EDGE_CURVE('',#1343,#1345,#1347,.T.);
#1343 = VERTEX_POINT('',#1344);
#1344 = CARTESIAN_POINT('',(3.525,-2.989358222275,0.619288495612));
#1345 = VERTEX_POINT('',#1346);
#1346 = CARTESIAN_POINT('',(3.675,-2.989358222275,0.619288495612));
#1347 = LINE('',#1348,#1349);
#1348 = CARTESIAN_POINT('',(3.525,-2.989358222275,0.619288495612));
#1349 = VECTOR('',#1350,1.);
#1350 = DIRECTION('',(1.,0.,0.));
#1351 = ORIENTED_EDGE('',*,*,#1352,.F.);
#1352 = EDGE_CURVE('',#1313,#1345,#1353,.T.);
#1353 = CIRCLE('',#1354,4.E-02);
#1354 = AXIS2_PLACEMENT_3D('',#1355,#1356,#1357);
#1355 = CARTESIAN_POINT('',(3.675,-3.02,0.645));
#1356 = DIRECTION('',(1.,0.,0.));
#1357 = DIRECTION('',(0.,-0.353815539072,-0.935315221896));
#1358 = ORIENTED_EDGE('',*,*,#1312,.F.);
#1359 = ORIENTED_EDGE('',*,*,#1360,.T.);
#1360 = EDGE_CURVE('',#1305,#1343,#1361,.T.);
#1361 = CIRCLE('',#1362,4.E-02);
#1362 = AXIS2_PLACEMENT_3D('',#1363,#1364,#1365);
#1363 = CARTESIAN_POINT('',(3.525,-3.02,0.645));
#1364 = DIRECTION('',(1.,0.,0.));
#1365 = DIRECTION('',(0.,-0.353815539072,-0.935315221896));
#1366 = CYLINDRICAL_SURFACE('',#1367,4.E-02);
#1367 = AXIS2_PLACEMENT_3D('',#1368,#1369,#1370);
#1368 = CARTESIAN_POINT('',(3.525,-3.02,0.645));
#1369 = DIRECTION('',(1.,0.,0.));
#1370 = DIRECTION('',(-0.,1.,0.));
#1371 = ADVANCED_FACE('',(#1372),#1397,.T.);
#1372 = FACE_BOUND('',#1373,.T.);
#1373 = EDGE_LOOP('',(#1374,#1384,#1390,#1391));
#1374 = ORIENTED_EDGE('',*,*,#1375,.T.);
#1375 = EDGE_CURVE('',#1376,#1378,#1380,.T.);
#1376 = VERTEX_POINT('',#1377);
#1377 = CARTESIAN_POINT('',(3.525,-2.967186685358,0.645711504388));
#1378 = VERTEX_POINT('',#1379);
#1379 = CARTESIAN_POINT('',(3.675,-2.967186685358,0.645711504388));
#1380 = LINE('',#1381,#1382);
#1381 = CARTESIAN_POINT('',(3.525,-2.967186685358,0.645711504388));
#1382 = VECTOR('',#1383,1.);
#1383 = DIRECTION('',(1.,0.,0.));
#1384 = ORIENTED_EDGE('',*,*,#1385,.F.);
#1385 = EDGE_CURVE('',#1345,#1378,#1386,.T.);
#1386 = LINE('',#1387,#1388);
#1387 = CARTESIAN_POINT('',(3.675,-2.989358222275,0.619288495612));
#1388 = VECTOR('',#1389,1.);
#1389 = DIRECTION('',(0.,0.642787609687,0.766044443119));
#1390 = ORIENTED_EDGE('',*,*,#1342,.F.);
#1391 = ORIENTED_EDGE('',*,*,#1392,.T.);
#1392 = EDGE_CURVE('',#1343,#1376,#1393,.T.);
#1393 = LINE('',#1394,#1395);
#1394 = CARTESIAN_POINT('',(3.525,-2.989358222275,0.619288495612));
#1395 = VECTOR('',#1396,1.);
#1396 = DIRECTION('',(0.,0.642787609687,0.766044443119));
#1397 = PLANE('',#1398);
#1398 = AXIS2_PLACEMENT_3D('',#1399,#1400,#1401);
#1399 = CARTESIAN_POINT('',(3.525,-2.989358222275,0.619288495612));
#1400 = DIRECTION('',(0.,0.766044443119,-0.642787609687));
#1401 = DIRECTION('',(0.,0.642787609687,0.766044443119));
#1402 = ADVANCED_FACE('',(#1403),#1430,.F.);
#1403 = FACE_BOUND('',#1404,.F.);
#1404 = EDGE_LOOP('',(#1405,#1415,#1422,#1423));
#1405 = ORIENTED_EDGE('',*,*,#1406,.F.);
#1406 = EDGE_CURVE('',#1407,#1409,#1411,.T.);
#1407 = VERTEX_POINT('',#1408);
#1408 = CARTESIAN_POINT('',(3.525,-2.936544907633,0.66));
#1409 = VERTEX_POINT('',#1410);
#1410 = CARTESIAN_POINT('',(3.675,-2.936544907633,0.66));
#1411 = LINE('',#1412,#1413);
#1412 = CARTESIAN_POINT('',(3.525,-2.936544907633,0.66));
#1413 = VECTOR('',#1414,1.);
#1414 = DIRECTION('',(1.,0.,0.));
#1415 = ORIENTED_EDGE('',*,*,#1416,.F.);
#1416 = EDGE_CURVE('',#1376,#1407,#1417,.T.);
#1417 = CIRCLE('',#1418,4.E-02);
#1418 = AXIS2_PLACEMENT_3D('',#1419,#1420,#1421);
#1419 = CARTESIAN_POINT('',(3.525,-2.936544907633,0.62));
#1420 = DIRECTION('',(-1.,0.,0.));
#1421 = DIRECTION('',(0.,-0.766044443119,0.642787609687));
#1422 = ORIENTED_EDGE('',*,*,#1375,.T.);
#1423 = ORIENTED_EDGE('',*,*,#1424,.T.);
#1424 = EDGE_CURVE('',#1378,#1409,#1425,.T.);
#1425 = CIRCLE('',#1426,4.E-02);
#1426 = AXIS2_PLACEMENT_3D('',#1427,#1428,#1429);
#1427 = CARTESIAN_POINT('',(3.675,-2.936544907633,0.62));
#1428 = DIRECTION('',(-1.,0.,0.));
#1429 = DIRECTION('',(0.,-0.766044443119,0.642787609687));
#1430 = CYLINDRICAL_SURFACE('',#1431,4.E-02);
#1431 = AXIS2_PLACEMENT_3D('',#1432,#1433,#1434);
#1432 = CARTESIAN_POINT('',(3.525,-2.936544907633,0.62));
#1433 = DIRECTION('',(1.,0.,0.));
#1434 = DIRECTION('',(-0.,1.,0.));
#1435 = ADVANCED_FACE('',(#1436),#1462,.F.);
#1436 = FACE_BOUND('',#1437,.T.);
#1437 = EDGE_LOOP('',(#1438,#1448,#1456));
#1438 = ORIENTED_EDGE('',*,*,#1439,.F.);
#1439 = EDGE_CURVE('',#1440,#1442,#1444,.T.);
#1440 = VERTEX_POINT('',#1441);
#1441 = CARTESIAN_POINT('',(0.59,-2.2,4.336808689942E-16));
#1442 = VERTEX_POINT('',#1443);
#1443 = CARTESIAN_POINT('',(0.55,-2.2,4.336808689942E-16));
#1444 = LINE('',#1445,#1446);
#1445 = CARTESIAN_POINT('',(0.59,-2.2,4.336808689942E-16));
#1446 = VECTOR('',#1447,1.);
#1447 = DIRECTION('',(-1.,0.,0.));
#1448 = ORIENTED_EDGE('',*,*,#1449,.F.);
#1449 = EDGE_CURVE('',#1450,#1440,#1452,.T.);
#1450 = VERTEX_POINT('',#1451);
#1451 = CARTESIAN_POINT('',(0.59,-2.2,-4.E-02));
#1452 = LINE('',#1453,#1454);
#1453 = CARTESIAN_POINT('',(0.59,-2.2,-4.E-02));
#1454 = VECTOR('',#1455,1.);
#1455 = DIRECTION('',(0.,0.,1.));
#1456 = ORIENTED_EDGE('',*,*,#1457,.T.);
#1457 = EDGE_CURVE('',#1450,#1442,#1458,.T.);
#1458 = LINE('',#1459,#1460);
#1459 = CARTESIAN_POINT('',(0.59,-2.2,-4.E-02));
#1460 = VECTOR('',#1461,1.);
#1461 = DIRECTION('',(-0.707106781187,0.,0.707106781187));
#1462 = PLANE('',#1463);
#1463 = AXIS2_PLACEMENT_3D('',#1464,#1465,#1466);
#1464 = CARTESIAN_POINT('',(0.59,-2.2,-4.E-02));
#1465 = DIRECTION('',(0.,-1.,0.));
#1466 = DIRECTION('',(-1.,0.,0.));
#1467 = ADVANCED_FACE('',(#1468),#1493,.F.);
#1468 = FACE_BOUND('',#1469,.T.);
#1469 = EDGE_LOOP('',(#1470,#1471,#1479,#1487));
#1470 = ORIENTED_EDGE('',*,*,#1449,.T.);
#1471 = ORIENTED_EDGE('',*,*,#1472,.F.);
#1472 = EDGE_CURVE('',#1473,#1440,#1475,.T.);
#1473 = VERTEX_POINT('',#1474);
#1474 = CARTESIAN_POINT('',(0.59,-0.68,4.336808689942E-16));
#1475 = LINE('',#1476,#1477);
#1476 = CARTESIAN_POINT('',(0.59,-0.68,4.336808689942E-16));
#1477 = VECTOR('',#1478,1.);
#1478 = DIRECTION('',(0.,-1.,0.));
#1479 = ORIENTED_EDGE('',*,*,#1480,.F.);
#1480 = EDGE_CURVE('',#1481,#1473,#1483,.T.);
#1481 = VERTEX_POINT('',#1482);
#1482 = CARTESIAN_POINT('',(0.59,-0.68,-4.E-02));
#1483 = LINE('',#1484,#1485);
#1484 = CARTESIAN_POINT('',(0.59,-0.68,-4.E-02));
#1485 = VECTOR('',#1486,1.);
#1486 = DIRECTION('',(0.,0.,1.));
#1487 = ORIENTED_EDGE('',*,*,#1488,.T.);
#1488 = EDGE_CURVE('',#1481,#1450,#1489,.T.);
#1489 = LINE('',#1490,#1491);
#1490 = CARTESIAN_POINT('',(0.59,-0.68,-4.E-02));
#1491 = VECTOR('',#1492,1.);
#1492 = DIRECTION('',(0.,-1.,0.));
#1493 = PLANE('',#1494);
#1494 = AXIS2_PLACEMENT_3D('',#1495,#1496,#1497);
#1495 = CARTESIAN_POINT('',(0.59,-0.68,-4.E-02));
#1496 = DIRECTION('',(1.,0.,0.));
#1497 = DIRECTION('',(0.,-1.,0.));
#1498 = ADVANCED_FACE('',(#1499),#1524,.F.);
#1499 = FACE_BOUND('',#1500,.T.);
#1500 = EDGE_LOOP('',(#1501,#1502,#1510,#1518));
#1501 = ORIENTED_EDGE('',*,*,#1480,.T.);
#1502 = ORIENTED_EDGE('',*,*,#1503,.F.);
#1503 = EDGE_CURVE('',#1504,#1473,#1506,.T.);
#1504 = VERTEX_POINT('',#1505);
#1505 = CARTESIAN_POINT('',(4.11,-0.68,4.336808689942E-16));
#1506 = LINE('',#1507,#1508);
#1507 = CARTESIAN_POINT('',(4.11,-0.68,4.336808689942E-16));
#1508 = VECTOR('',#1509,1.);
#1509 = DIRECTION('',(-1.,0.,0.));
#1510 = ORIENTED_EDGE('',*,*,#1511,.F.);
#1511 = EDGE_CURVE('',#1512,#1504,#1514,.T.);
#1512 = VERTEX_POINT('',#1513);
#1513 = CARTESIAN_POINT('',(4.11,-0.68,-4.E-02));
#1514 = LINE('',#1515,#1516);
#1515 = CARTESIAN_POINT('',(4.11,-0.68,-4.E-02));
#1516 = VECTOR('',#1517,1.);
#1517 = DIRECTION('',(0.,0.,1.));
#1518 = ORIENTED_EDGE('',*,*,#1519,.T.);
#1519 = EDGE_CURVE('',#1512,#1481,#1520,.T.);
#1520 = LINE('',#1521,#1522);
#1521 = CARTESIAN_POINT('',(4.11,-0.68,-4.E-02));
#1522 = VECTOR('',#1523,1.);
#1523 = DIRECTION('',(-1.,0.,0.));
#1524 = PLANE('',#1525);
#1525 = AXIS2_PLACEMENT_3D('',#1526,#1527,#1528);
#1526 = CARTESIAN_POINT('',(4.11,-0.68,-4.E-02));
#1527 = DIRECTION('',(0.,-1.,0.));
#1528 = DIRECTION('',(-1.,0.,0.));
#1529 = ADVANCED_FACE('',(#1530),#1562,.F.);
#1530 = FACE_BOUND('',#1531,.T.);
#1531 = EDGE_LOOP('',(#1532,#1542,#1550,#1556));
#1532 = ORIENTED_EDGE('',*,*,#1533,.F.);
#1533 = EDGE_CURVE('',#1534,#1536,#1538,.T.);
#1534 = VERTEX_POINT('',#1535);
#1535 = CARTESIAN_POINT('',(0.,-2.27,7.E-02));
#1536 = VERTEX_POINT('',#1537);
#1537 = CARTESIAN_POINT('',(0.48,-2.27,7.E-02));
#1538 = LINE('',#1539,#1540);
#1539 = CARTESIAN_POINT('',(0.,-2.27,7.E-02));
#1540 = VECTOR('',#1541,1.);
#1541 = DIRECTION('',(1.,0.,0.));
#1542 = ORIENTED_EDGE('',*,*,#1543,.T.);
#1543 = EDGE_CURVE('',#1534,#1544,#1546,.T.);
#1544 = VERTEX_POINT('',#1545);
#1545 = CARTESIAN_POINT('',(0.,-2.2,4.336808689942E-16));
#1546 = LINE('',#1547,#1548);
#1547 = CARTESIAN_POINT('',(0.,-2.27,7.E-02));
#1548 = VECTOR('',#1549,1.);
#1549 = DIRECTION('',(0.,0.707106781187,-0.707106781187));
#1550 = ORIENTED_EDGE('',*,*,#1551,.T.);
#1551 = EDGE_CURVE('',#1544,#1442,#1552,.T.);
#1552 = LINE('',#1553,#1554);
#1553 = CARTESIAN_POINT('',(0.,-2.2,4.336808689942E-16));
#1554 = VECTOR('',#1555,1.);
#1555 = DIRECTION('',(1.,0.,0.));
#1556 = ORIENTED_EDGE('',*,*,#1557,.T.);
#1557 = EDGE_CURVE('',#1442,#1536,#1558,.T.);
#1558 = LINE('',#1559,#1560);
#1559 = CARTESIAN_POINT('',(0.55,-2.2,4.336808689942E-16));
#1560 = VECTOR('',#1561,1.);
#1561 = DIRECTION('',(-0.57735026919,-0.57735026919,0.57735026919));
#1562 = PLANE('',#1563);
#1563 = AXIS2_PLACEMENT_3D('',#1564,#1565,#1566);
#1564 = CARTESIAN_POINT('',(4.7,-2.2,4.336808689942E-16));
#1565 = DIRECTION('',(0.,0.707106781187,0.707106781187));
#1566 = DIRECTION('',(0.,-0.707106781187,0.707106781187));
#1567 = ADVANCED_FACE('',(#1568),#1602,.F.);
#1568 = FACE_BOUND('',#1569,.T.);
#1569 = EDGE_LOOP('',(#1570,#1580,#1588,#1596));
#1570 = ORIENTED_EDGE('',*,*,#1571,.T.);
#1571 = EDGE_CURVE('',#1572,#1574,#1576,.T.);
#1572 = VERTEX_POINT('',#1573);
#1573 = CARTESIAN_POINT('',(4.15,-2.2,4.336808689942E-16));
#1574 = VERTEX_POINT('',#1575);
#1575 = CARTESIAN_POINT('',(4.7,-2.2,4.336808689942E-16));
#1576 = LINE('',#1577,#1578);
#1577 = CARTESIAN_POINT('',(4.15,-2.2,4.336808689942E-16));
#1578 = VECTOR('',#1579,1.);
#1579 = DIRECTION('',(1.,0.,0.));
#1580 = ORIENTED_EDGE('',*,*,#1581,.T.);
#1581 = EDGE_CURVE('',#1574,#1582,#1584,.T.);
#1582 = VERTEX_POINT('',#1583);
#1583 = CARTESIAN_POINT('',(4.7,-2.27,7.E-02));
#1584 = LINE('',#1585,#1586);
#1585 = CARTESIAN_POINT('',(4.7,-2.2,4.336808689942E-16));
#1586 = VECTOR('',#1587,1.);
#1587 = DIRECTION('',(0.,-0.707106781187,0.707106781187));
#1588 = ORIENTED_EDGE('',*,*,#1589,.F.);
#1589 = EDGE_CURVE('',#1590,#1582,#1592,.T.);
#1590 = VERTEX_POINT('',#1591);
#1591 = CARTESIAN_POINT('',(4.22,-2.27,7.E-02));
#1592 = LINE('',#1593,#1594);
#1593 = CARTESIAN_POINT('',(4.22,-2.27,7.E-02));
#1594 = VECTOR('',#1595,1.);
#1595 = DIRECTION('',(1.,0.,0.));
#1596 = ORIENTED_EDGE('',*,*,#1597,.T.);
#1597 = EDGE_CURVE('',#1590,#1572,#1598,.T.);
#1598 = LINE('',#1599,#1600);
#1599 = CARTESIAN_POINT('',(4.22,-2.27,7.E-02));
#1600 = VECTOR('',#1601,1.);
#1601 = DIRECTION('',(-0.57735026919,0.57735026919,-0.57735026919));
#1602 = PLANE('',#1603);
#1603 = AXIS2_PLACEMENT_3D('',#1604,#1605,#1606);
#1604 = CARTESIAN_POINT('',(4.7,-2.2,4.336808689942E-16));
#1605 = DIRECTION('',(0.,0.707106781187,0.707106781187));
#1606 = DIRECTION('',(0.,-0.707106781187,0.707106781187));
#1607 = ADVANCED_FACE('',(#1608),#1641,.F.);
#1608 = FACE_BOUND('',#1609,.T.);
#1609 = EDGE_LOOP('',(#1610,#1618,#1619,#1627,#1635));
#1610 = ORIENTED_EDGE('',*,*,#1611,.T.);
#1611 = EDGE_CURVE('',#1612,#1572,#1614,.T.);
#1612 = VERTEX_POINT('',#1613);
#1613 = CARTESIAN_POINT('',(4.11,-2.2,-4.E-02));
#1614 = LINE('',#1615,#1616);
#1615 = CARTESIAN_POINT('',(4.11,-2.2,-4.E-02));
#1616 = VECTOR('',#1617,1.);
#1617 = DIRECTION('',(0.707106781186,0.,0.707106781187));
#1618 = ORIENTED_EDGE('',*,*,#1597,.F.);
#1619 = ORIENTED_EDGE('',*,*,#1620,.F.);
#1620 = EDGE_CURVE('',#1621,#1590,#1623,.T.);
#1621 = VERTEX_POINT('',#1622);
#1622 = CARTESIAN_POINT('',(4.22,-3.6,7.E-02));
#1623 = LINE('',#1624,#1625);
#1624 = CARTESIAN_POINT('',(4.22,-3.6,7.E-02));
#1625 = VECTOR('',#1626,1.);
#1626 = DIRECTION('',(0.,1.,0.));
#1627 = ORIENTED_EDGE('',*,*,#1628,.T.);
#1628 = EDGE_CURVE('',#1621,#1629,#1631,.T.);
#1629 = VERTEX_POINT('',#1630);
#1630 = CARTESIAN_POINT('',(4.11,-3.6,-4.E-02));
#1631 = LINE('',#1632,#1633);
#1632 = CARTESIAN_POINT('',(4.22,-3.6,7.E-02));
#1633 = VECTOR('',#1634,1.);
#1634 = DIRECTION('',(-0.707106781187,0.,-0.707106781187));
#1635 = ORIENTED_EDGE('',*,*,#1636,.T.);
#1636 = EDGE_CURVE('',#1629,#1612,#1637,.T.);
#1637 = LINE('',#1638,#1639);
#1638 = CARTESIAN_POINT('',(4.11,-3.6,-4.E-02));
#1639 = VECTOR('',#1640,1.);
#1640 = DIRECTION('',(0.,1.,0.));
#1641 = PLANE('',#1642);
#1642 = AXIS2_PLACEMENT_3D('',#1643,#1644,#1645);
#1643 = CARTESIAN_POINT('',(4.22,-3.6,7.E-02));
#1644 = DIRECTION('',(-0.707106781187,0.,0.707106781187));
#1645 = DIRECTION('',(-0.707106781187,0.,-0.707106781187));
#1646 = ADVANCED_FACE('',(#1647),#1664,.F.);
#1647 = FACE_BOUND('',#1648,.T.);
#1648 = EDGE_LOOP('',(#1649,#1657,#1663));
#1649 = ORIENTED_EDGE('',*,*,#1650,.T.);
#1650 = EDGE_CURVE('',#1612,#1651,#1653,.T.);
#1651 = VERTEX_POINT('',#1652);
#1652 = CARTESIAN_POINT('',(4.11,-2.2,4.336808689942E-16));
#1653 = LINE('',#1654,#1655);
#1654 = CARTESIAN_POINT('',(4.11,-2.2,-4.E-02));
#1655 = VECTOR('',#1656,1.);
#1656 = DIRECTION('',(0.,0.,1.));
#1657 = ORIENTED_EDGE('',*,*,#1658,.F.);
#1658 = EDGE_CURVE('',#1572,#1651,#1659,.T.);
#1659 = LINE('',#1660,#1661);
#1660 = CARTESIAN_POINT('',(4.15,-2.2,4.336808689942E-16));
#1661 = VECTOR('',#1662,1.);
#1662 = DIRECTION('',(-1.,0.,0.));
#1663 = ORIENTED_EDGE('',*,*,#1611,.F.);
#1664 = PLANE('',#1665);
#1665 = AXIS2_PLACEMENT_3D('',#1666,#1667,#1668);
#1666 = CARTESIAN_POINT('',(4.7,-2.2,-4.E-02));
#1667 = DIRECTION('',(0.,-1.,0.));
#1668 = DIRECTION('',(-1.,0.,0.));
#1669 = ADVANCED_FACE('',(#1670),#1686,.F.);
#1670 = FACE_BOUND('',#1671,.T.);
#1671 = EDGE_LOOP('',(#1672,#1673,#1679,#1680));
#1672 = ORIENTED_EDGE('',*,*,#1511,.T.);
#1673 = ORIENTED_EDGE('',*,*,#1674,.F.);
#1674 = EDGE_CURVE('',#1651,#1504,#1675,.T.);
#1675 = LINE('',#1676,#1677);
#1676 = CARTESIAN_POINT('',(4.11,-2.2,4.336808689942E-16));
#1677 = VECTOR('',#1678,1.);
#1678 = DIRECTION('',(0.,1.,0.));
#1679 = ORIENTED_EDGE('',*,*,#1650,.F.);
#1680 = ORIENTED_EDGE('',*,*,#1681,.F.);
#1681 = EDGE_CURVE('',#1512,#1612,#1682,.T.);
#1682 = LINE('',#1683,#1684);
#1683 = CARTESIAN_POINT('',(4.11,-0.68,-4.E-02));
#1684 = VECTOR('',#1685,1.);
#1685 = DIRECTION('',(0.,-1.,0.));
#1686 = PLANE('',#1687);
#1687 = AXIS2_PLACEMENT_3D('',#1688,#1689,#1690);
#1688 = CARTESIAN_POINT('',(4.11,-2.2,-4.E-02));
#1689 = DIRECTION('',(-1.,0.,0.));
#1690 = DIRECTION('',(0.,1.,0.));
#1691 = ADVANCED_FACE('',(#1692),#1712,.T.);
#1692 = FACE_BOUND('',#1693,.T.);
#1693 = EDGE_LOOP('',(#1694,#1695,#1703,#1709,#1710,#1711));
#1694 = ORIENTED_EDGE('',*,*,#1636,.F.);
#1695 = ORIENTED_EDGE('',*,*,#1696,.F.);
#1696 = EDGE_CURVE('',#1697,#1629,#1699,.T.);
#1697 = VERTEX_POINT('',#1698);
#1698 = CARTESIAN_POINT('',(0.59,-3.6,-4.E-02));
#1699 = LINE('',#1700,#1701);
#1700 = CARTESIAN_POINT('',(0.59,-3.6,-4.E-02));
#1701 = VECTOR('',#1702,1.);
#1702 = DIRECTION('',(1.,0.,0.));
#1703 = ORIENTED_EDGE('',*,*,#1704,.T.);
#1704 = EDGE_CURVE('',#1697,#1450,#1705,.T.);
#1705 = LINE('',#1706,#1707);
#1706 = CARTESIAN_POINT('',(0.59,-3.6,-4.E-02));
#1707 = VECTOR('',#1708,1.);
#1708 = DIRECTION('',(0.,1.,0.));
#1709 = ORIENTED_EDGE('',*,*,#1488,.F.);
#1710 = ORIENTED_EDGE('',*,*,#1519,.F.);
#1711 = ORIENTED_EDGE('',*,*,#1681,.T.);
#1712 = PLANE('',#1713);
#1713 = AXIS2_PLACEMENT_3D('',#1714,#1715,#1716);
#1714 = CARTESIAN_POINT('',(0.,-3.6,-4.E-02));
#1715 = DIRECTION('',(0.,0.,-1.));
#1716 = DIRECTION('',(0.,1.,0.));
#1717 = ADVANCED_FACE('',(#1718),#1737,.F.);
#1718 = FACE_BOUND('',#1719,.T.);
#1719 = EDGE_LOOP('',(#1720,#1728,#1734,#1735,#1736));
#1720 = ORIENTED_EDGE('',*,*,#1721,.T.);
#1721 = EDGE_CURVE('',#1697,#1722,#1724,.T.);
#1722 = VERTEX_POINT('',#1723);
#1723 = CARTESIAN_POINT('',(0.48,-3.6,7.E-02));
#1724 = LINE('',#1725,#1726);
#1725 = CARTESIAN_POINT('',(0.59,-3.6,-4.E-02));
#1726 = VECTOR('',#1727,1.);
#1727 = DIRECTION('',(-0.707106781187,0.,0.707106781187));
#1728 = ORIENTED_EDGE('',*,*,#1729,.T.);
#1729 = EDGE_CURVE('',#1722,#1536,#1730,.T.);
#1730 = LINE('',#1731,#1732);
#1731 = CARTESIAN_POINT('',(0.48,-3.6,7.E-02));
#1732 = VECTOR('',#1733,1.);
#1733 = DIRECTION('',(0.,1.,0.));
#1734 = ORIENTED_EDGE('',*,*,#1557,.F.);
#1735 = ORIENTED_EDGE('',*,*,#1457,.F.);
#1736 = ORIENTED_EDGE('',*,*,#1704,.F.);
#1737 = PLANE('',#1738);
#1738 = AXIS2_PLACEMENT_3D('',#1739,#1740,#1741);
#1739 = CARTESIAN_POINT('',(0.59,-3.6,-4.E-02));
#1740 = DIRECTION('',(0.707106781187,0.,0.707106781187));
#1741 = DIRECTION('',(-0.707106781187,0.,0.707106781187));
#1742 = ADVANCED_FACE('',(#1743),#1809,.F.);
#1743 = FACE_BOUND('',#1744,.T.);
#1744 = EDGE_LOOP('',(#1745,#1755,#1763,#1771,#1779,#1787,#1795,#1803));
#1745 = ORIENTED_EDGE('',*,*,#1746,.T.);
#1746 = EDGE_CURVE('',#1747,#1749,#1751,.T.);
#1747 = VERTEX_POINT('',#1748);
#1748 = CARTESIAN_POINT('',(0.385,-3.15,0.64));
#1749 = VERTEX_POINT('',#1750);
#1750 = CARTESIAN_POINT('',(0.4,-3.15,0.64));
#1751 = LINE('',#1752,#1753);
#1752 = CARTESIAN_POINT('',(0.385,-3.15,0.64));
#1753 = VECTOR('',#1754,1.);
#1754 = DIRECTION('',(1.,0.,0.));
#1755 = ORIENTED_EDGE('',*,*,#1756,.F.);
#1756 = EDGE_CURVE('',#1757,#1749,#1759,.T.);
#1757 = VERTEX_POINT('',#1758);
#1758 = CARTESIAN_POINT('',(0.4,-3.15,0.96));
#1759 = LINE('',#1760,#1761);
#1760 = CARTESIAN_POINT('',(0.4,-3.15,0.96));
#1761 = VECTOR('',#1762,1.);
#1762 = DIRECTION('',(0.,0.,-1.));
#1763 = ORIENTED_EDGE('',*,*,#1764,.F.);
#1764 = EDGE_CURVE('',#1765,#1757,#1767,.T.);
#1765 = VERTEX_POINT('',#1766);
#1766 = CARTESIAN_POINT('',(0.,-3.15,0.96));
#1767 = LINE('',#1768,#1769);
#1768 = CARTESIAN_POINT('',(0.,-3.15,0.96));
#1769 = VECTOR('',#1770,1.);
#1770 = DIRECTION('',(1.,0.,0.));
#1771 = ORIENTED_EDGE('',*,*,#1772,.T.);
#1772 = EDGE_CURVE('',#1765,#1773,#1775,.T.);
#1773 = VERTEX_POINT('',#1774);
#1774 = CARTESIAN_POINT('',(0.,-3.15,0.64));
#1775 = LINE('',#1776,#1777);
#1776 = CARTESIAN_POINT('',(0.,-3.15,0.96));
#1777 = VECTOR('',#1778,1.);
#1778 = DIRECTION('',(0.,0.,-1.));
#1779 = ORIENTED_EDGE('',*,*,#1780,.T.);
#1780 = EDGE_CURVE('',#1773,#1781,#1783,.T.);
#1781 = VERTEX_POINT('',#1782);
#1782 = CARTESIAN_POINT('',(0.235,-3.15,0.64));
#1783 = LINE('',#1784,#1785);
#1784 = CARTESIAN_POINT('',(0.,-3.15,0.64));
#1785 = VECTOR('',#1786,1.);
#1786 = DIRECTION('',(1.,0.,0.));
#1787 = ORIENTED_EDGE('',*,*,#1788,.T.);
#1788 = EDGE_CURVE('',#1781,#1789,#1791,.T.);
#1789 = VERTEX_POINT('',#1790);
#1790 = CARTESIAN_POINT('',(0.235,-3.15,0.78));
#1791 = LINE('',#1792,#1793);
#1792 = CARTESIAN_POINT('',(0.235,-3.15,0.64));
#1793 = VECTOR('',#1794,1.);
#1794 = DIRECTION('',(0.,0.,1.));
#1795 = ORIENTED_EDGE('',*,*,#1796,.F.);
#1796 = EDGE_CURVE('',#1797,#1789,#1799,.T.);
#1797 = VERTEX_POINT('',#1798);
#1798 = CARTESIAN_POINT('',(0.385,-3.15,0.78));
#1799 = LINE('',#1800,#1801);
#1800 = CARTESIAN_POINT('',(0.385,-3.15,0.78));
#1801 = VECTOR('',#1802,1.);
#1802 = DIRECTION('',(-1.,0.,0.));
#1803 = ORIENTED_EDGE('',*,*,#1804,.F.);
#1804 = EDGE_CURVE('',#1747,#1797,#1805,.T.);
#1805 = LINE('',#1806,#1807);
#1806 = CARTESIAN_POINT('',(0.385,-3.15,0.64));
#1807 = VECTOR('',#1808,1.);
#1808 = DIRECTION('',(0.,0.,1.));
#1809 = PLANE('',#1810);
#1810 = AXIS2_PLACEMENT_3D('',#1811,#1812,#1813);
#1811 = CARTESIAN_POINT('',(0.,-3.15,0.96));
#1812 = DIRECTION('',(0.,1.,0.));
#1813 = DIRECTION('',(0.,0.,-1.));
#1814 = ADVANCED_FACE('',(#1815),#1849,.F.);
#1815 = FACE_BOUND('',#1816,.T.);
#1816 = EDGE_LOOP('',(#1817,#1827,#1835,#1843));
#1817 = ORIENTED_EDGE('',*,*,#1818,.T.);
#1818 = EDGE_CURVE('',#1819,#1821,#1823,.T.);
#1819 = VERTEX_POINT('',#1820);
#1820 = CARTESIAN_POINT('',(0.385,-2.55,-6.E-02));
#1821 = VERTEX_POINT('',#1822);
#1822 = CARTESIAN_POINT('',(0.235,-2.55,-6.E-02));
#1823 = LINE('',#1824,#1825);
#1824 = CARTESIAN_POINT('',(0.385,-2.55,-6.E-02));
#1825 = VECTOR('',#1826,1.);
#1826 = DIRECTION('',(-1.,0.,0.));
#1827 = ORIENTED_EDGE('',*,*,#1828,.T.);
#1828 = EDGE_CURVE('',#1821,#1829,#1831,.T.);
#1829 = VERTEX_POINT('',#1830);
#1830 = CARTESIAN_POINT('',(0.235,-2.55,7.E-02));
#1831 = LINE('',#1832,#1833);
#1832 = CARTESIAN_POINT('',(0.235,-2.55,-6.E-02));
#1833 = VECTOR('',#1834,1.);
#1834 = DIRECTION('',(0.,0.,1.));
#1835 = ORIENTED_EDGE('',*,*,#1836,.F.);
#1836 = EDGE_CURVE('',#1837,#1829,#1839,.T.);
#1837 = VERTEX_POINT('',#1838);
#1838 = CARTESIAN_POINT('',(0.385,-2.55,7.E-02));
#1839 = LINE('',#1840,#1841);
#1840 = CARTESIAN_POINT('',(0.385,-2.55,7.E-02));
#1841 = VECTOR('',#1842,1.);
#1842 = DIRECTION('',(-1.,0.,0.));
#1843 = ORIENTED_EDGE('',*,*,#1844,.F.);
#1844 = EDGE_CURVE('',#1819,#1837,#1845,.T.);
#1845 = LINE('',#1846,#1847);
#1846 = CARTESIAN_POINT('',(0.385,-2.55,-6.E-02));
#1847 = VECTOR('',#1848,1.);
#1848 = DIRECTION('',(0.,0.,1.));
#1849 = PLANE('',#1850);
#1850 = AXIS2_PLACEMENT_3D('',#1851,#1852,#1853);
#1851 = CARTESIAN_POINT('',(0.385,-2.55,-6.E-02));
#1852 = DIRECTION('',(0.,-1.,0.));
#1853 = DIRECTION('',(0.,0.,1.));
#1854 = ADVANCED_FACE('',(#1855),#1880,.F.);
#1855 = FACE_BOUND('',#1856,.T.);
#1856 = EDGE_LOOP('',(#1857,#1867,#1873,#1874));
#1857 = ORIENTED_EDGE('',*,*,#1858,.T.);
#1858 = EDGE_CURVE('',#1859,#1861,#1863,.T.);
#1859 = VERTEX_POINT('',#1860);
#1860 = CARTESIAN_POINT('',(0.385,-3.35,-6.E-02));
#1861 = VERTEX_POINT('',#1862);
#1862 = CARTESIAN_POINT('',(0.235,-3.35,-6.E-02));
#1863 = LINE('',#1864,#1865);
#1864 = CARTESIAN_POINT('',(0.385,-3.35,-6.E-02));
#1865 = VECTOR('',#1866,1.);
#1866 = DIRECTION('',(-1.,0.,0.));
#1867 = ORIENTED_EDGE('',*,*,#1868,.T.);
#1868 = EDGE_CURVE('',#1861,#1821,#1869,.T.);
#1869 = LINE('',#1870,#1871);
#1870 = CARTESIAN_POINT('',(0.235,-3.35,-6.E-02));
#1871 = VECTOR('',#1872,1.);
#1872 = DIRECTION('',(0.,1.,0.));
#1873 = ORIENTED_EDGE('',*,*,#1818,.F.);
#1874 = ORIENTED_EDGE('',*,*,#1875,.F.);
#1875 = EDGE_CURVE('',#1859,#1819,#1876,.T.);
#1876 = LINE('',#1877,#1878);
#1877 = CARTESIAN_POINT('',(0.385,-3.35,-6.E-02));
#1878 = VECTOR('',#1879,1.);
#1879 = DIRECTION('',(0.,1.,0.));
#1880 = PLANE('',#1881);
#1881 = AXIS2_PLACEMENT_3D('',#1882,#1883,#1884);
#1882 = CARTESIAN_POINT('',(0.385,-3.35,-6.E-02));
#1883 = DIRECTION('',(0.,0.,1.));
#1884 = DIRECTION('',(0.,1.,0.));
#1885 = ADVANCED_FACE('',(#1886),#1911,.F.);
#1886 = FACE_BOUND('',#1887,.T.);
#1887 = EDGE_LOOP('',(#1888,#1898,#1904,#1905));
#1888 = ORIENTED_EDGE('',*,*,#1889,.T.);
#1889 = EDGE_CURVE('',#1890,#1892,#1894,.T.);
#1890 = VERTEX_POINT('',#1891);
#1891 = CARTESIAN_POINT('',(0.385,-3.35,0.23));
#1892 = VERTEX_POINT('',#1893);
#1893 = CARTESIAN_POINT('',(0.235,-3.35,0.23));
#1894 = LINE('',#1895,#1896);
#1895 = CARTESIAN_POINT('',(0.385,-3.35,0.23));
#1896 = VECTOR('',#1897,1.);
#1897 = DIRECTION('',(-1.,0.,0.));
#1898 = ORIENTED_EDGE('',*,*,#1899,.T.);
#1899 = EDGE_CURVE('',#1892,#1861,#1900,.T.);
#1900 = LINE('',#1901,#1902);
#1901 = CARTESIAN_POINT('',(0.235,-3.35,0.23));
#1902 = VECTOR('',#1903,1.);
#1903 = DIRECTION('',(0.,0.,-1.));
#1904 = ORIENTED_EDGE('',*,*,#1858,.F.);
#1905 = ORIENTED_EDGE('',*,*,#1906,.F.);
#1906 = EDGE_CURVE('',#1890,#1859,#1907,.T.);
#1907 = LINE('',#1908,#1909);
#1908 = CARTESIAN_POINT('',(0.385,-3.35,0.23));
#1909 = VECTOR('',#1910,1.);
#1910 = DIRECTION('',(0.,0.,-1.));
#1911 = PLANE('',#1912);
#1912 = AXIS2_PLACEMENT_3D('',#1913,#1914,#1915);
#1913 = CARTESIAN_POINT('',(0.385,-3.35,0.23));
#1914 = DIRECTION('',(0.,1.,0.));
#1915 = DIRECTION('',(0.,0.,-1.));
#1916 = ADVANCED_FACE('',(#1917),#1942,.F.);
#1917 = FACE_BOUND('',#1918,.T.);
#1918 = EDGE_LOOP('',(#1919,#1929,#1935,#1936));
#1919 = ORIENTED_EDGE('',*,*,#1920,.T.);
#1920 = EDGE_CURVE('',#1921,#1923,#1925,.T.);
#1921 = VERTEX_POINT('',#1922);
#1922 = CARTESIAN_POINT('',(0.385,-3.4,0.23));
#1923 = VERTEX_POINT('',#1924);
#1924 = CARTESIAN_POINT('',(0.235,-3.4,0.23));
#1925 = LINE('',#1926,#1927);
#1926 = CARTESIAN_POINT('',(0.385,-3.4,0.23));
#1927 = VECTOR('',#1928,1.);
#1928 = DIRECTION('',(-1.,0.,0.));
#1929 = ORIENTED_EDGE('',*,*,#1930,.T.);
#1930 = EDGE_CURVE('',#1923,#1892,#1931,.T.);
#1931 = LINE('',#1932,#1933);
#1932 = CARTESIAN_POINT('',(0.235,-3.4,0.23));
#1933 = VECTOR('',#1934,1.);
#1934 = DIRECTION('',(0.,1.,0.));
#1935 = ORIENTED_EDGE('',*,*,#1889,.F.);
#1936 = ORIENTED_EDGE('',*,*,#1937,.F.);
#1937 = EDGE_CURVE('',#1921,#1890,#1938,.T.);
#1938 = LINE('',#1939,#1940);
#1939 = CARTESIAN_POINT('',(0.385,-3.4,0.23));
#1940 = VECTOR('',#1941,1.);
#1941 = DIRECTION('',(0.,1.,0.));
#1942 = PLANE('',#1943);
#1943 = AXIS2_PLACEMENT_3D('',#1944,#1945,#1946);
#1944 = CARTESIAN_POINT('',(0.385,-3.4,0.23));
#1945 = DIRECTION('',(0.,0.,1.));
#1946 = DIRECTION('',(0.,1.,0.));
#1947 = ADVANCED_FACE('',(#1948),#1973,.F.);
#1948 = FACE_BOUND('',#1949,.T.);
#1949 = EDGE_LOOP('',(#1950,#1960,#1966,#1967));
#1950 = ORIENTED_EDGE('',*,*,#1951,.T.);
#1951 = EDGE_CURVE('',#1952,#1954,#1956,.T.);
#1952 = VERTEX_POINT('',#1953);
#1953 = CARTESIAN_POINT('',(0.385,-3.4,0.43));
#1954 = VERTEX_POINT('',#1955);
#1955 = CARTESIAN_POINT('',(0.235,-3.4,0.43));
#1956 = LINE('',#1957,#1958);
#1957 = CARTESIAN_POINT('',(0.385,-3.4,0.43));
#1958 = VECTOR('',#1959,1.);
#1959 = DIRECTION('',(-1.,0.,0.));
#1960 = ORIENTED_EDGE('',*,*,#1961,.T.);
#1961 = EDGE_CURVE('',#1954,#1923,#1962,.T.);
#1962 = LINE('',#1963,#1964);
#1963 = CARTESIAN_POINT('',(0.235,-3.4,0.43));
#1964 = VECTOR('',#1965,1.);
#1965 = DIRECTION('',(0.,0.,-1.));
#1966 = ORIENTED_EDGE('',*,*,#1920,.F.);
#1967 = ORIENTED_EDGE('',*,*,#1968,.F.);
#1968 = EDGE_CURVE('',#1952,#1921,#1969,.T.);
#1969 = LINE('',#1970,#1971);
#1970 = CARTESIAN_POINT('',(0.385,-3.4,0.43));
#1971 = VECTOR('',#1972,1.);
#1972 = DIRECTION('',(0.,0.,-1.));
#1973 = PLANE('',#1974);
#1974 = AXIS2_PLACEMENT_3D('',#1975,#1976,#1977);
#1975 = CARTESIAN_POINT('',(0.385,-3.4,0.43));
#1976 = DIRECTION('',(0.,1.,0.));
#1977 = DIRECTION('',(0.,0.,-1.));
#1978 = ADVANCED_FACE('',(#1979),#2004,.F.);
#1979 = FACE_BOUND('',#1980,.T.);
#1980 = EDGE_LOOP('',(#1981,#1991,#1997,#1998));
#1981 = ORIENTED_EDGE('',*,*,#1982,.T.);
#1982 = EDGE_CURVE('',#1983,#1985,#1987,.T.);
#1983 = VERTEX_POINT('',#1984);
#1984 = CARTESIAN_POINT('',(0.385,-3.35,0.43));
#1985 = VERTEX_POINT('',#1986);
#1986 = CARTESIAN_POINT('',(0.235,-3.35,0.43));
#1987 = LINE('',#1988,#1989);
#1988 = CARTESIAN_POINT('',(0.385,-3.35,0.43));
#1989 = VECTOR('',#1990,1.);
#1990 = DIRECTION('',(-1.,0.,0.));
#1991 = ORIENTED_EDGE('',*,*,#1992,.T.);
#1992 = EDGE_CURVE('',#1985,#1954,#1993,.T.);
#1993 = LINE('',#1994,#1995);
#1994 = CARTESIAN_POINT('',(0.235,-3.35,0.43));
#1995 = VECTOR('',#1996,1.);
#1996 = DIRECTION('',(0.,-1.,0.));
#1997 = ORIENTED_EDGE('',*,*,#1951,.F.);
#1998 = ORIENTED_EDGE('',*,*,#1999,.F.);
#1999 = EDGE_CURVE('',#1983,#1952,#2000,.T.);
#2000 = LINE('',#2001,#2002);
#2001 = CARTESIAN_POINT('',(0.385,-3.35,0.43));
#2002 = VECTOR('',#2003,1.);
#2003 = DIRECTION('',(0.,-1.,0.));
#2004 = PLANE('',#2005);
#2005 = AXIS2_PLACEMENT_3D('',#2006,#2007,#2008);
#2006 = CARTESIAN_POINT('',(0.385,-3.35,0.43));
#2007 = DIRECTION('',(0.,0.,-1.));
#2008 = DIRECTION('',(0.,-1.,0.));
#2009 = ADVANCED_FACE('',(#2010),#2035,.F.);
#2010 = FACE_BOUND('',#2011,.T.);
#2011 = EDGE_LOOP('',(#2012,#2022,#2028,#2029));
#2012 = ORIENTED_EDGE('',*,*,#2013,.T.);
#2013 = EDGE_CURVE('',#2014,#2016,#2018,.T.);
#2014 = VERTEX_POINT('',#2015);
#2015 = CARTESIAN_POINT('',(0.385,-3.35,0.78));
#2016 = VERTEX_POINT('',#2017);
#2017 = CARTESIAN_POINT('',(0.235,-3.35,0.78));
#2018 = LINE('',#2019,#2020);
#2019 = CARTESIAN_POINT('',(0.385,-3.35,0.78));
#2020 = VECTOR('',#2021,1.);
#2021 = DIRECTION('',(-1.,0.,0.));
#2022 = ORIENTED_EDGE('',*,*,#2023,.T.);
#2023 = EDGE_CURVE('',#2016,#1985,#2024,.T.);
#2024 = LINE('',#2025,#2026);
#2025 = CARTESIAN_POINT('',(0.235,-3.35,0.78));
#2026 = VECTOR('',#2027,1.);
#2027 = DIRECTION('',(0.,0.,-1.));
#2028 = ORIENTED_EDGE('',*,*,#1982,.F.);
#2029 = ORIENTED_EDGE('',*,*,#2030,.F.);
#2030 = EDGE_CURVE('',#2014,#1983,#2031,.T.);
#2031 = LINE('',#2032,#2033);
#2032 = CARTESIAN_POINT('',(0.385,-3.35,0.78));
#2033 = VECTOR('',#2034,1.);
#2034 = DIRECTION('',(0.,0.,-1.));
#2035 = PLANE('',#2036);
#2036 = AXIS2_PLACEMENT_3D('',#2037,#2038,#2039);
#2037 = CARTESIAN_POINT('',(0.385,-3.35,0.78));
#2038 = DIRECTION('',(0.,1.,0.));
#2039 = DIRECTION('',(0.,0.,-1.));
#2040 = ADVANCED_FACE('',(#2041),#2079,.F.);
#2041 = FACE_BOUND('',#2042,.T.);
#2042 = EDGE_LOOP('',(#2043,#2044,#2052,#2060,#2066,#2067,#2068,#2069,
    #2070,#2071,#2072,#2073));
#2043 = ORIENTED_EDGE('',*,*,#1788,.F.);
#2044 = ORIENTED_EDGE('',*,*,#2045,.T.);
#2045 = EDGE_CURVE('',#1781,#2046,#2048,.T.);
#2046 = VERTEX_POINT('',#2047);
#2047 = CARTESIAN_POINT('',(0.235,-2.621585237505,0.27));
#2048 = LINE('',#2049,#2050);
#2049 = CARTESIAN_POINT('',(0.235,-3.15,0.64));
#2050 = VECTOR('',#2051,1.);
#2051 = DIRECTION('',(0.,0.819152044289,-0.573576436351));
#2052 = ORIENTED_EDGE('',*,*,#2053,.T.);
#2053 = EDGE_CURVE('',#2046,#2054,#2056,.T.);
#2054 = VERTEX_POINT('',#2055);
#2055 = CARTESIAN_POINT('',(0.235,-2.621585237505,7.E-02));
#2056 = LINE('',#2057,#2058);
#2057 = CARTESIAN_POINT('',(0.235,-2.621585237505,0.27));
#2058 = VECTOR('',#2059,1.);
#2059 = DIRECTION('',(0.,0.,-1.));
#2060 = ORIENTED_EDGE('',*,*,#2061,.F.);
#2061 = EDGE_CURVE('',#1829,#2054,#2062,.T.);
#2062 = LINE('',#2063,#2064);
#2063 = CARTESIAN_POINT('',(0.235,-2.55,7.E-02));
#2064 = VECTOR('',#2065,1.);
#2065 = DIRECTION('',(0.,-1.,0.));
#2066 = ORIENTED_EDGE('',*,*,#1828,.F.);
#2067 = ORIENTED_EDGE('',*,*,#1868,.F.);
#2068 = ORIENTED_EDGE('',*,*,#1899,.F.);
#2069 = ORIENTED_EDGE('',*,*,#1930,.F.);
#2070 = ORIENTED_EDGE('',*,*,#1961,.F.);
#2071 = ORIENTED_EDGE('',*,*,#1992,.F.);
#2072 = ORIENTED_EDGE('',*,*,#2023,.F.);
#2073 = ORIENTED_EDGE('',*,*,#2074,.F.);
#2074 = EDGE_CURVE('',#1789,#2016,#2075,.T.);
#2075 = LINE('',#2076,#2077);
#2076 = CARTESIAN_POINT('',(0.235,-3.15,0.78));
#2077 = VECTOR('',#2078,1.);
#2078 = DIRECTION('',(0.,-1.,0.));
#2079 = PLANE('',#2080);
#2080 = AXIS2_PLACEMENT_3D('',#2081,#2082,#2083);
#2081 = CARTESIAN_POINT('',(0.235,-3.6,-4.E-02));
#2082 = DIRECTION('',(1.,0.,0.));
#2083 = DIRECTION('',(-0.,1.,0.));
#2084 = ADVANCED_FACE('',(#2085),#2144,.F.);
#2085 = FACE_BOUND('',#2086,.T.);
#2086 = EDGE_LOOP('',(#2087,#2097,#2105,#2114,#2122,#2130,#2138));
#2087 = ORIENTED_EDGE('',*,*,#2088,.T.);
#2088 = EDGE_CURVE('',#2089,#2091,#2093,.T.);
#2089 = VERTEX_POINT('',#2090);
#2090 = CARTESIAN_POINT('',(0.235,-1.7,0.22));
#2091 = VERTEX_POINT('',#2092);
#2092 = CARTESIAN_POINT('',(0.235,-1.7,0.78));
#2093 = LINE('',#2094,#2095);
#2094 = CARTESIAN_POINT('',(0.235,-1.7,0.22));
#2095 = VECTOR('',#2096,1.);
#2096 = DIRECTION('',(0.,0.,1.));
#2097 = ORIENTED_EDGE('',*,*,#2098,.F.);
#2098 = EDGE_CURVE('',#2099,#2091,#2101,.T.);
#2099 = VERTEX_POINT('',#2100);
#2100 = CARTESIAN_POINT('',(0.235,-0.38,0.78));
#2101 = LINE('',#2102,#2103);
#2102 = CARTESIAN_POINT('',(0.235,-0.38,0.78));
#2103 = VECTOR('',#2104,1.);
#2104 = DIRECTION('',(0.,-1.,0.));
#2105 = ORIENTED_EDGE('',*,*,#2106,.F.);
#2106 = EDGE_CURVE('',#2107,#2099,#2109,.T.);
#2107 = VERTEX_POINT('',#2108);
#2108 = CARTESIAN_POINT('',(0.235,-0.363783783784,0.682702702703));
#2109 = CIRCLE('',#2110,5.E-02);
#2110 = AXIS2_PLACEMENT_3D('',#2111,#2112,#2113);
#2111 = CARTESIAN_POINT('',(0.235,-0.38,0.73));
#2112 = DIRECTION('',(1.,0.,0.));
#2113 = DIRECTION('',(0.,0.324324324324,-0.945945945946));
#2114 = ORIENTED_EDGE('',*,*,#2115,.F.);
#2115 = EDGE_CURVE('',#2116,#2107,#2118,.T.);
#2116 = VERTEX_POINT('',#2117);
#2117 = CARTESIAN_POINT('',(0.235,-0.78,0.54));
#2118 = LINE('',#2119,#2120);
#2119 = CARTESIAN_POINT('',(0.235,-0.78,0.54));
#2120 = VECTOR('',#2121,1.);
#2121 = DIRECTION('',(0.,0.945945945946,0.324324324324));
#2122 = ORIENTED_EDGE('',*,*,#2123,.F.);
#2123 = EDGE_CURVE('',#2124,#2116,#2126,.T.);
#2124 = VERTEX_POINT('',#2125);
#2125 = CARTESIAN_POINT('',(0.235,-1.29,0.54));
#2126 = LINE('',#2127,#2128);
#2127 = CARTESIAN_POINT('',(0.235,-1.29,0.54));
#2128 = VECTOR('',#2129,1.);
#2129 = DIRECTION('',(0.,1.,0.));
#2130 = ORIENTED_EDGE('',*,*,#2131,.F.);
#2131 = EDGE_CURVE('',#2132,#2124,#2134,.T.);
#2132 = VERTEX_POINT('',#2133);
#2133 = CARTESIAN_POINT('',(0.235,-1.29,0.22));
#2134 = LINE('',#2135,#2136);
#2135 = CARTESIAN_POINT('',(0.235,-1.29,0.22));
#2136 = VECTOR('',#2137,1.);
#2137 = DIRECTION('',(0.,0.,1.));
#2138 = ORIENTED_EDGE('',*,*,#2139,.F.);
#2139 = EDGE_CURVE('',#2089,#2132,#2140,.T.);
#2140 = LINE('',#2141,#2142);
#2141 = CARTESIAN_POINT('',(0.235,-1.7,0.22));
#2142 = VECTOR('',#2143,1.);
#2143 = DIRECTION('',(0.,1.,0.));
#2144 = PLANE('',#2145);
#2145 = AXIS2_PLACEMENT_3D('',#2146,#2147,#2148);
#2146 = CARTESIAN_POINT('',(0.235,-3.6,-4.E-02));
#2147 = DIRECTION('',(1.,0.,0.));
#2148 = DIRECTION('',(-0.,1.,0.));
#2149 = ADVANCED_FACE('',(#2150),#2175,.F.);
#2150 = FACE_BOUND('',#2151,.T.);
#2151 = EDGE_LOOP('',(#2152,#2160,#2168,#2174));
#2152 = ORIENTED_EDGE('',*,*,#2153,.F.);
#2153 = EDGE_CURVE('',#2154,#2046,#2156,.T.);
#2154 = VERTEX_POINT('',#2155);
#2155 = CARTESIAN_POINT('',(0.,-2.621585237505,0.27));
#2156 = LINE('',#2157,#2158);
#2157 = CARTESIAN_POINT('',(0.,-2.621585237505,0.27));
#2158 = VECTOR('',#2159,1.);
#2159 = DIRECTION('',(1.,0.,0.));
#2160 = ORIENTED_EDGE('',*,*,#2161,.T.);
#2161 = EDGE_CURVE('',#2154,#2162,#2164,.T.);
#2162 = VERTEX_POINT('',#2163);
#2163 = CARTESIAN_POINT('',(0.,-2.621585237505,7.E-02));
#2164 = LINE('',#2165,#2166);
#2165 = CARTESIAN_POINT('',(0.,-2.621585237505,0.27));
#2166 = VECTOR('',#2167,1.);
#2167 = DIRECTION('',(0.,0.,-1.));
#2168 = ORIENTED_EDGE('',*,*,#2169,.T.);
#2169 = EDGE_CURVE('',#2162,#2054,#2170,.T.);
#2170 = LINE('',#2171,#2172);
#2171 = CARTESIAN_POINT('',(0.,-2.621585237505,7.E-02));
#2172 = VECTOR('',#2173,1.);
#2173 = DIRECTION('',(1.,0.,0.));
#2174 = ORIENTED_EDGE('',*,*,#2053,.F.);
#2175 = PLANE('',#2176);
#2176 = AXIS2_PLACEMENT_3D('',#2177,#2178,#2179);
#2177 = CARTESIAN_POINT('',(0.,-2.621585237505,0.27));
#2178 = DIRECTION('',(0.,1.,0.));
#2179 = DIRECTION('',(0.,0.,-1.));
#2180 = ADVANCED_FACE('',(#2181),#2215,.F.);
#2181 = FACE_BOUND('',#2182,.T.);
#2182 = EDGE_LOOP('',(#2183,#2193,#2201,#2209));
#2183 = ORIENTED_EDGE('',*,*,#2184,.T.);
#2184 = EDGE_CURVE('',#2185,#2187,#2189,.T.);
#2185 = VERTEX_POINT('',#2186);
#2186 = CARTESIAN_POINT('',(0.385,-2.621585237505,7.E-02));
#2187 = VERTEX_POINT('',#2188);
#2188 = CARTESIAN_POINT('',(0.4,-2.621585237505,7.E-02));
#2189 = LINE('',#2190,#2191);
#2190 = CARTESIAN_POINT('',(0.385,-2.621585237505,7.E-02));
#2191 = VECTOR('',#2192,1.);
#2192 = DIRECTION('',(1.,0.,0.));
#2193 = ORIENTED_EDGE('',*,*,#2194,.F.);
#2194 = EDGE_CURVE('',#2195,#2187,#2197,.T.);
#2195 = VERTEX_POINT('',#2196);
#2196 = CARTESIAN_POINT('',(0.4,-2.621585237505,0.27));
#2197 = LINE('',#2198,#2199);
#2198 = CARTESIAN_POINT('',(0.4,-2.621585237505,0.27));
#2199 = VECTOR('',#2200,1.);
#2200 = DIRECTION('',(0.,0.,-1.));
#2201 = ORIENTED_EDGE('',*,*,#2202,.F.);
#2202 = EDGE_CURVE('',#2203,#2195,#2205,.T.);
#2203 = VERTEX_POINT('',#2204);
#2204 = CARTESIAN_POINT('',(0.385,-2.621585237505,0.27));
#2205 = LINE('',#2206,#2207);
#2206 = CARTESIAN_POINT('',(0.385,-2.621585237505,0.27));
#2207 = VECTOR('',#2208,1.);
#2208 = DIRECTION('',(1.,0.,0.));
#2209 = ORIENTED_EDGE('',*,*,#2210,.T.);
#2210 = EDGE_CURVE('',#2203,#2185,#2211,.T.);
#2211 = LINE('',#2212,#2213);
#2212 = CARTESIAN_POINT('',(0.385,-2.621585237505,0.27));
#2213 = VECTOR('',#2214,1.);
#2214 = DIRECTION('',(0.,0.,-1.));
#2215 = PLANE('',#2216);
#2216 = AXIS2_PLACEMENT_3D('',#2217,#2218,#2219);
#2217 = CARTESIAN_POINT('',(0.,-2.621585237505,0.27));
#2218 = DIRECTION('',(0.,1.,0.));
#2219 = DIRECTION('',(0.,0.,-1.));
#2220 = ADVANCED_FACE('',(#2221),#2255,.F.);
#2221 = FACE_BOUND('',#2222,.T.);
#2222 = EDGE_LOOP('',(#2223,#2224,#2225,#2226,#2232,#2233,#2234,#2242,
    #2248,#2249));
#2223 = ORIENTED_EDGE('',*,*,#1836,.T.);
#2224 = ORIENTED_EDGE('',*,*,#2061,.T.);
#2225 = ORIENTED_EDGE('',*,*,#2169,.F.);
#2226 = ORIENTED_EDGE('',*,*,#2227,.T.);
#2227 = EDGE_CURVE('',#2162,#1534,#2228,.T.);
#2228 = LINE('',#2229,#2230);
#2229 = CARTESIAN_POINT('',(0.,-2.621585237505,7.E-02));
#2230 = VECTOR('',#2231,1.);
#2231 = DIRECTION('',(0.,1.,0.));
#2232 = ORIENTED_EDGE('',*,*,#1533,.T.);
#2233 = ORIENTED_EDGE('',*,*,#1729,.F.);
#2234 = ORIENTED_EDGE('',*,*,#2235,.F.);
#2235 = EDGE_CURVE('',#2236,#1722,#2238,.T.);
#2236 = VERTEX_POINT('',#2237);
#2237 = CARTESIAN_POINT('',(0.4,-3.6,7.E-02));
#2238 = LINE('',#2239,#2240);
#2239 = CARTESIAN_POINT('',(0.4,-3.6,7.E-02));
#2240 = VECTOR('',#2241,1.);
#2241 = DIRECTION('',(1.,0.,0.));
#2242 = ORIENTED_EDGE('',*,*,#2243,.T.);
#2243 = EDGE_CURVE('',#2236,#2187,#2244,.T.);
#2244 = LINE('',#2245,#2246);
#2245 = CARTESIAN_POINT('',(0.4,-3.6,7.E-02));
#2246 = VECTOR('',#2247,1.);
#2247 = DIRECTION('',(0.,1.,0.));
#2248 = ORIENTED_EDGE('',*,*,#2184,.F.);
#2249 = ORIENTED_EDGE('',*,*,#2250,.F.);
#2250 = EDGE_CURVE('',#1837,#2185,#2251,.T.);
#2251 = LINE('',#2252,#2253);
#2252 = CARTESIAN_POINT('',(0.385,-2.55,7.E-02));
#2253 = VECTOR('',#2254,1.);
#2254 = DIRECTION('',(0.,-1.,0.));
#2255 = PLANE('',#2256);
#2256 = AXIS2_PLACEMENT_3D('',#2257,#2258,#2259);
#2257 = CARTESIAN_POINT('',(0.,-2.621585237505,7.E-02));
#2258 = DIRECTION('',(0.,0.,1.));
#2259 = DIRECTION('',(0.,1.,0.));
#2260 = ADVANCED_FACE('',(#2261),#2302,.T.);
#2261 = FACE_BOUND('',#2262,.T.);
#2262 = EDGE_LOOP('',(#2263,#2271,#2279,#2287,#2293,#2294,#2300,#2301));
#2263 = ORIENTED_EDGE('',*,*,#2264,.F.);
#2264 = EDGE_CURVE('',#2265,#2236,#2267,.T.);
#2265 = VERTEX_POINT('',#2266);
#2266 = CARTESIAN_POINT('',(0.4,-3.6,0.86));
#2267 = LINE('',#2268,#2269);
#2268 = CARTESIAN_POINT('',(0.4,-3.6,0.86));
#2269 = VECTOR('',#2270,1.);
#2270 = DIRECTION('',(0.,0.,-1.));
#2271 = ORIENTED_EDGE('',*,*,#2272,.F.);
#2272 = EDGE_CURVE('',#2273,#2265,#2275,.T.);
#2273 = VERTEX_POINT('',#2274);
#2274 = CARTESIAN_POINT('',(0.4,-3.35,0.86));
#2275 = LINE('',#2276,#2277);
#2276 = CARTESIAN_POINT('',(0.4,-3.35,0.86));
#2277 = VECTOR('',#2278,1.);
#2278 = DIRECTION('',(0.,-1.,0.));
#2279 = ORIENTED_EDGE('',*,*,#2280,.F.);
#2280 = EDGE_CURVE('',#2281,#2273,#2283,.T.);
#2281 = VERTEX_POINT('',#2282);
#2282 = CARTESIAN_POINT('',(0.4,-3.35,0.96));
#2283 = LINE('',#2284,#2285);
#2284 = CARTESIAN_POINT('',(0.4,-3.35,0.96));
#2285 = VECTOR('',#2286,1.);
#2286 = DIRECTION('',(0.,0.,-1.));
#2287 = ORIENTED_EDGE('',*,*,#2288,.F.);
#2288 = EDGE_CURVE('',#1757,#2281,#2289,.T.);
#2289 = LINE('',#2290,#2291);
#2290 = CARTESIAN_POINT('',(0.4,-3.15,0.96));
#2291 = VECTOR('',#2292,1.);
#2292 = DIRECTION('',(0.,-1.,0.));
#2293 = ORIENTED_EDGE('',*,*,#1756,.T.);
#2294 = ORIENTED_EDGE('',*,*,#2295,.T.);
#2295 = EDGE_CURVE('',#1749,#2195,#2296,.T.);
#2296 = LINE('',#2297,#2298);
#2297 = CARTESIAN_POINT('',(0.4,-3.15,0.64));
#2298 = VECTOR('',#2299,1.);
#2299 = DIRECTION('',(0.,0.819152044289,-0.573576436351));
#2300 = ORIENTED_EDGE('',*,*,#2194,.T.);
#2301 = ORIENTED_EDGE('',*,*,#2243,.F.);
#2302 = PLANE('',#2303);
#2303 = AXIS2_PLACEMENT_3D('',#2304,#2305,#2306);
#2304 = CARTESIAN_POINT('',(0.4,-3.6,-4.E-02));
#2305 = DIRECTION('',(-1.,0.,0.));
#2306 = DIRECTION('',(0.,-1.,0.));
#2307 = ADVANCED_FACE('',(#2308),#2342,.T.);
#2308 = FACE_BOUND('',#2309,.T.);
#2309 = EDGE_LOOP('',(#2310,#2320,#2328,#2336));
#2310 = ORIENTED_EDGE('',*,*,#2311,.T.);
#2311 = EDGE_CURVE('',#2312,#2314,#2316,.T.);
#2312 = VERTEX_POINT('',#2313);
#2313 = CARTESIAN_POINT('',(1.025,-2.951001715803,0.25));
#2314 = VERTEX_POINT('',#2315);
#2315 = CARTESIAN_POINT('',(1.025,-2.989358222275,0.295711504387));
#2316 = LINE('',#2317,#2318);
#2317 = CARTESIAN_POINT('',(1.025,-2.951001715803,0.25));
#2318 = VECTOR('',#2319,1.);
#2319 = DIRECTION('',(0.,-0.642787609687,0.766044443119));
#2320 = ORIENTED_EDGE('',*,*,#2321,.T.);
#2321 = EDGE_CURVE('',#2314,#2322,#2324,.T.);
#2322 = VERTEX_POINT('',#2323);
#2323 = CARTESIAN_POINT('',(1.175,-2.989358222275,0.295711504387));
#2324 = LINE('',#2325,#2326);
#2325 = CARTESIAN_POINT('',(1.025,-2.989358222275,0.295711504387));
#2326 = VECTOR('',#2327,1.);
#2327 = DIRECTION('',(1.,0.,0.));
#2328 = ORIENTED_EDGE('',*,*,#2329,.F.);
#2329 = EDGE_CURVE('',#2330,#2322,#2332,.T.);
#2330 = VERTEX_POINT('',#2331);
#2331 = CARTESIAN_POINT('',(1.175,-2.951001715803,0.25));
#2332 = LINE('',#2333,#2334);
#2333 = CARTESIAN_POINT('',(1.175,-2.951001715803,0.25));
#2334 = VECTOR('',#2335,1.);
#2335 = DIRECTION('',(0.,-0.642787609687,0.766044443119));
#2336 = ORIENTED_EDGE('',*,*,#2337,.F.);
#2337 = EDGE_CURVE('',#2312,#2330,#2338,.T.);
#2338 = LINE('',#2339,#2340);
#2339 = CARTESIAN_POINT('',(1.025,-2.951001715803,0.25));
#2340 = VECTOR('',#2341,1.);
#2341 = DIRECTION('',(1.,0.,0.));
#2342 = PLANE('',#2343);
#2343 = AXIS2_PLACEMENT_3D('',#2344,#2345,#2346);
#2344 = CARTESIAN_POINT('',(1.025,-2.93421972318,0.23));
#2345 = DIRECTION('',(0.,0.766044443119,0.642787609687));
#2346 = DIRECTION('',(0.,-0.642787609687,0.766044443119));
#2347 = ADVANCED_FACE('',(#2348),#2375,.T.);
#2348 = FACE_BOUND('',#2349,.T.);
#2349 = EDGE_LOOP('',(#2350,#2360,#2367,#2368));
#2350 = ORIENTED_EDGE('',*,*,#2351,.T.);
#2351 = EDGE_CURVE('',#2352,#2354,#2356,.T.);
#2352 = VERTEX_POINT('',#2353);
#2353 = CARTESIAN_POINT('',(1.025,-3.039963609098,0.304662000978));
#2354 = VERTEX_POINT('',#2355);
#2355 = CARTESIAN_POINT('',(1.175,-3.039963609098,0.304662000978));
#2356 = LINE('',#2357,#2358);
#2357 = CARTESIAN_POINT('',(1.025,-3.039963609098,0.304662000978));
#2358 = VECTOR('',#2359,1.);
#2359 = DIRECTION('',(1.,0.,0.));
#2360 = ORIENTED_EDGE('',*,*,#2361,.F.);
#2361 = EDGE_CURVE('',#2322,#2354,#2362,.T.);
#2362 = CIRCLE('',#2363,4.E-02);
#2363 = AXIS2_PLACEMENT_3D('',#2364,#2365,#2366);
#2364 = CARTESIAN_POINT('',(1.175,-3.02,0.27));
#2365 = DIRECTION('',(1.,0.,0.));
#2366 = DIRECTION('',(-0.,0.766044443119,0.642787609687));
#2367 = ORIENTED_EDGE('',*,*,#2321,.F.);
#2368 = ORIENTED_EDGE('',*,*,#2369,.T.);
#2369 = EDGE_CURVE('',#2314,#2352,#2370,.T.);
#2370 = CIRCLE('',#2371,4.E-02);
#2371 = AXIS2_PLACEMENT_3D('',#2372,#2373,#2374);
#2372 = CARTESIAN_POINT('',(1.025,-3.02,0.27));
#2373 = DIRECTION('',(1.,0.,0.));
#2374 = DIRECTION('',(-0.,0.766044443119,0.642787609687));
#2375 = CYLINDRICAL_SURFACE('',#2376,4.E-02);
#2376 = AXIS2_PLACEMENT_3D('',#2377,#2378,#2379);
#2377 = CARTESIAN_POINT('',(1.025,-3.02,0.27));
#2378 = DIRECTION('',(1.,0.,0.));
#2379 = DIRECTION('',(-0.,1.,0.));
#2380 = ADVANCED_FACE('',(#2381),#2406,.T.);
#2381 = FACE_BOUND('',#2382,.T.);
#2382 = EDGE_LOOP('',(#2383,#2391,#2392,#2400));
#2383 = ORIENTED_EDGE('',*,*,#2384,.F.);
#2384 = EDGE_CURVE('',#2354,#2385,#2387,.T.);
#2385 = VERTEX_POINT('',#2386);
#2386 = CARTESIAN_POINT('',(1.175,-3.134871013966,0.25));
#2387 = LINE('',#2388,#2389);
#2388 = CARTESIAN_POINT('',(1.175,-3.039963609098,0.304662000978));
#2389 = VECTOR('',#2390,1.);
#2390 = DIRECTION('',(0.,-0.866550024439,-0.499090227459));
#2391 = ORIENTED_EDGE('',*,*,#2351,.F.);
#2392 = ORIENTED_EDGE('',*,*,#2393,.T.);
#2393 = EDGE_CURVE('',#2352,#2394,#2396,.T.);
#2394 = VERTEX_POINT('',#2395);
#2395 = CARTESIAN_POINT('',(1.025,-3.134871013966,0.25));
#2396 = LINE('',#2397,#2398);
#2397 = CARTESIAN_POINT('',(1.025,-3.039963609098,0.304662000978));
#2398 = VECTOR('',#2399,1.);
#2399 = DIRECTION('',(0.,-0.866550024439,-0.499090227459));
#2400 = ORIENTED_EDGE('',*,*,#2401,.T.);
#2401 = EDGE_CURVE('',#2394,#2385,#2402,.T.);
#2402 = LINE('',#2403,#2404);
#2403 = CARTESIAN_POINT('',(1.025,-3.134871013966,0.25));
#2404 = VECTOR('',#2405,1.);
#2405 = DIRECTION('',(1.,0.,0.));
#2406 = PLANE('',#2407);
#2407 = AXIS2_PLACEMENT_3D('',#2408,#2409,#2410);
#2408 = CARTESIAN_POINT('',(1.025,-3.039963609098,0.304662000978));
#2409 = DIRECTION('',(0.,-0.499090227459,0.866550024439));
#2410 = DIRECTION('',(0.,-0.866550024439,-0.499090227459));
#2411 = ADVANCED_FACE('',(#2412),#2446,.T.);
#2412 = FACE_BOUND('',#2413,.T.);
#2413 = EDGE_LOOP('',(#2414,#2424,#2432,#2440));
#2414 = ORIENTED_EDGE('',*,*,#2415,.T.);
#2415 = EDGE_CURVE('',#2416,#2418,#2420,.T.);
#2416 = VERTEX_POINT('',#2417);
#2417 = CARTESIAN_POINT('',(1.525,-1.7,0.84));
#2418 = VERTEX_POINT('',#2419);
#2419 = CARTESIAN_POINT('',(1.675,-1.7,0.84));
#2420 = LINE('',#2421,#2422);
#2421 = CARTESIAN_POINT('',(1.525,-1.7,0.84));
#2422 = VECTOR('',#2423,1.);
#2423 = DIRECTION('',(1.,0.,0.));
#2424 = ORIENTED_EDGE('',*,*,#2425,.F.);
#2425 = EDGE_CURVE('',#2426,#2418,#2428,.T.);
#2426 = VERTEX_POINT('',#2427);
#2427 = CARTESIAN_POINT('',(1.675,-1.5,0.84));
#2428 = LINE('',#2429,#2430);
#2429 = CARTESIAN_POINT('',(1.675,-1.5,0.84));
#2430 = VECTOR('',#2431,1.);
#2431 = DIRECTION('',(0.,-1.,0.));
#2432 = ORIENTED_EDGE('',*,*,#2433,.F.);
#2433 = EDGE_CURVE('',#2434,#2426,#2436,.T.);
#2434 = VERTEX_POINT('',#2435);
#2435 = CARTESIAN_POINT('',(1.525,-1.5,0.84));
#2436 = LINE('',#2437,#2438);
#2437 = CARTESIAN_POINT('',(1.525,-1.5,0.84));
#2438 = VECTOR('',#2439,1.);
#2439 = DIRECTION('',(1.,0.,0.));
#2440 = ORIENTED_EDGE('',*,*,#2441,.T.);
#2441 = EDGE_CURVE('',#2434,#2416,#2442,.T.);
#2442 = LINE('',#2443,#2444);
#2443 = CARTESIAN_POINT('',(1.525,-1.5,0.84));
#2444 = VECTOR('',#2445,1.);
#2445 = DIRECTION('',(0.,-1.,0.));
#2446 = PLANE('',#2447);
#2447 = AXIS2_PLACEMENT_3D('',#2448,#2449,#2450);
#2448 = CARTESIAN_POINT('',(1.525,-1.5,0.84));
#2449 = DIRECTION('',(0.,0.,1.));
#2450 = DIRECTION('',(0.,-1.,0.));
#2451 = ADVANCED_FACE('',(#2452),#2486,.T.);
#2452 = FACE_BOUND('',#2453,.T.);
#2453 = EDGE_LOOP('',(#2454,#2464,#2472,#2480));
#2454 = ORIENTED_EDGE('',*,*,#2455,.F.);
#2455 = EDGE_CURVE('',#2456,#2458,#2460,.T.);
#2456 = VERTEX_POINT('',#2457);
#2457 = CARTESIAN_POINT('',(1.675,-1.7,0.66));
#2458 = VERTEX_POINT('',#2459);
#2459 = CARTESIAN_POINT('',(1.675,-1.385319534335,0.66));
#2460 = LINE('',#2461,#2462);
#2461 = CARTESIAN_POINT('',(1.675,-1.7,0.66));
#2462 = VECTOR('',#2463,1.);
#2463 = DIRECTION('',(0.,1.,0.));
#2464 = ORIENTED_EDGE('',*,*,#2465,.F.);
#2465 = EDGE_CURVE('',#2466,#2456,#2468,.T.);
#2466 = VERTEX_POINT('',#2467);
#2467 = CARTESIAN_POINT('',(1.525,-1.7,0.66));
#2468 = LINE('',#2469,#2470);
#2469 = CARTESIAN_POINT('',(1.525,-1.7,0.66));
#2470 = VECTOR('',#2471,1.);
#2471 = DIRECTION('',(1.,0.,0.));
#2472 = ORIENTED_EDGE('',*,*,#2473,.T.);
#2473 = EDGE_CURVE('',#2466,#2474,#2476,.T.);
#2474 = VERTEX_POINT('',#2475);
#2475 = CARTESIAN_POINT('',(1.525,-1.385319534335,0.66));
#2476 = LINE('',#2477,#2478);
#2477 = CARTESIAN_POINT('',(1.525,-1.7,0.66));
#2478 = VECTOR('',#2479,1.);
#2479 = DIRECTION('',(0.,1.,0.));
#2480 = ORIENTED_EDGE('',*,*,#2481,.T.);
#2481 = EDGE_CURVE('',#2474,#2458,#2482,.T.);
#2482 = LINE('',#2483,#2484);
#2483 = CARTESIAN_POINT('',(1.525,-1.385319534335,0.66));
#2484 = VECTOR('',#2485,1.);
#2485 = DIRECTION('',(1.,0.,0.));
#2486 = PLANE('',#2487);
#2487 = AXIS2_PLACEMENT_3D('',#2488,#2489,#2490);
#2488 = CARTESIAN_POINT('',(1.525,-2.936544907633,0.66));
#2489 = DIRECTION('',(0.,0.,-1.));
#2490 = DIRECTION('',(0.,1.,0.));
#2491 = ADVANCED_FACE('',(#2492),#2526,.T.);
#2492 = FACE_BOUND('',#2493,.T.);
#2493 = EDGE_LOOP('',(#2494,#2504,#2512,#2520));
#2494 = ORIENTED_EDGE('',*,*,#2495,.T.);
#2495 = EDGE_CURVE('',#2496,#2498,#2500,.T.);
#2496 = VERTEX_POINT('',#2497);
#2497 = CARTESIAN_POINT('',(1.525,-0.883409615563,0.66));
#2498 = VERTEX_POINT('',#2499);
#2499 = CARTESIAN_POINT('',(1.525,-0.82,0.66));
#2500 = LINE('',#2501,#2502);
#2501 = CARTESIAN_POINT('',(1.525,-0.883409615563,0.66));
#2502 = VECTOR('',#2503,1.);
#2503 = DIRECTION('',(0.,1.,0.));
#2504 = ORIENTED_EDGE('',*,*,#2505,.T.);
#2505 = EDGE_CURVE('',#2498,#2506,#2508,.T.);
#2506 = VERTEX_POINT('',#2507);
#2507 = CARTESIAN_POINT('',(1.675,-0.82,0.66));
#2508 = LINE('',#2509,#2510);
#2509 = CARTESIAN_POINT('',(1.525,-0.82,0.66));
#2510 = VECTOR('',#2511,1.);
#2511 = DIRECTION('',(1.,0.,0.));
#2512 = ORIENTED_EDGE('',*,*,#2513,.F.);
#2513 = EDGE_CURVE('',#2514,#2506,#2516,.T.);
#2514 = VERTEX_POINT('',#2515);
#2515 = CARTESIAN_POINT('',(1.675,-0.883409615563,0.66));
#2516 = LINE('',#2517,#2518);
#2517 = CARTESIAN_POINT('',(1.675,-0.883409615563,0.66));
#2518 = VECTOR('',#2519,1.);
#2519 = DIRECTION('',(0.,1.,0.));
#2520 = ORIENTED_EDGE('',*,*,#2521,.F.);
#2521 = EDGE_CURVE('',#2496,#2514,#2522,.T.);
#2522 = LINE('',#2523,#2524);
#2523 = CARTESIAN_POINT('',(1.525,-0.883409615563,0.66));
#2524 = VECTOR('',#2525,1.);
#2525 = DIRECTION('',(1.,0.,0.));
#2526 = PLANE('',#2527);
#2527 = AXIS2_PLACEMENT_3D('',#2528,#2529,#2530);
#2528 = CARTESIAN_POINT('',(1.525,-2.936544907633,0.66));
#2529 = DIRECTION('',(0.,0.,-1.));
#2530 = DIRECTION('',(0.,1.,0.));
#2531 = ADVANCED_FACE('',(#2532),#2557,.T.);
#2532 = FACE_BOUND('',#2533,.T.);
#2533 = EDGE_LOOP('',(#2534,#2544,#2550,#2551));
#2534 = ORIENTED_EDGE('',*,*,#2535,.T.);
#2535 = EDGE_CURVE('',#2536,#2538,#2540,.T.);
#2536 = VERTEX_POINT('',#2537);
#2537 = CARTESIAN_POINT('',(1.525,-0.82,0.78));
#2538 = VERTEX_POINT('',#2539);
#2539 = CARTESIAN_POINT('',(1.675,-0.82,0.78));
#2540 = LINE('',#2541,#2542);
#2541 = CARTESIAN_POINT('',(1.525,-0.82,0.78));
#2542 = VECTOR('',#2543,1.);
#2543 = DIRECTION('',(1.,0.,0.));
#2544 = ORIENTED_EDGE('',*,*,#2545,.F.);
#2545 = EDGE_CURVE('',#2506,#2538,#2546,.T.);
#2546 = LINE('',#2547,#2548);
#2547 = CARTESIAN_POINT('',(1.675,-0.82,0.66));
#2548 = VECTOR('',#2549,1.);
#2549 = DIRECTION('',(0.,0.,1.));
#2550 = ORIENTED_EDGE('',*,*,#2505,.F.);
#2551 = ORIENTED_EDGE('',*,*,#2552,.T.);
#2552 = EDGE_CURVE('',#2498,#2536,#2553,.T.);
#2553 = LINE('',#2554,#2555);
#2554 = CARTESIAN_POINT('',(1.525,-0.82,0.66));
#2555 = VECTOR('',#2556,1.);
#2556 = DIRECTION('',(0.,0.,1.));
#2557 = PLANE('',#2558);
#2558 = AXIS2_PLACEMENT_3D('',#2559,#2560,#2561);
#2559 = CARTESIAN_POINT('',(1.525,-0.82,0.66));
#2560 = DIRECTION('',(0.,1.,0.));
#2561 = DIRECTION('',(0.,-0.,1.));
#2562 = ADVANCED_FACE('',(#2563),#2588,.T.);
#2563 = FACE_BOUND('',#2564,.T.);
#2564 = EDGE_LOOP('',(#2565,#2573,#2574,#2582));
#2565 = ORIENTED_EDGE('',*,*,#2566,.T.);
#2566 = EDGE_CURVE('',#2567,#2434,#2569,.T.);
#2567 = VERTEX_POINT('',#2568);
#2568 = CARTESIAN_POINT('',(1.525,-1.370570715645,0.828579769027));
#2569 = LINE('',#2570,#2571);
#2570 = CARTESIAN_POINT('',(1.525,-1.370570715645,0.828579769027));
#2571 = VECTOR('',#2572,1.);
#2572 = DIRECTION('',(0.,-0.996129850025,8.789381029636E-02));
#2573 = ORIENTED_EDGE('',*,*,#2433,.T.);
#2574 = ORIENTED_EDGE('',*,*,#2575,.F.);
#2575 = EDGE_CURVE('',#2576,#2426,#2578,.T.);
#2576 = VERTEX_POINT('',#2577);
#2577 = CARTESIAN_POINT('',(1.675,-1.370570715645,0.828579769027));
#2578 = LINE('',#2579,#2580);
#2579 = CARTESIAN_POINT('',(1.675,-1.370570715645,0.828579769027));
#2580 = VECTOR('',#2581,1.);
#2581 = DIRECTION('',(0.,-0.996129850025,8.789381029636E-02));
#2582 = ORIENTED_EDGE('',*,*,#2583,.F.);
#2583 = EDGE_CURVE('',#2567,#2576,#2584,.T.);
#2584 = LINE('',#2585,#2586);
#2585 = CARTESIAN_POINT('',(1.525,-1.370570715645,0.828579769027));
#2586 = VECTOR('',#2587,1.);
#2587 = DIRECTION('',(1.,0.,0.));
#2588 = PLANE('',#2589);
#2589 = AXIS2_PLACEMENT_3D('',#2590,#2591,#2592);
#2590 = CARTESIAN_POINT('',(1.525,-0.82,0.78));
#2591 = DIRECTION('',(0.,8.789381029636E-02,0.996129850025));
#2592 = DIRECTION('',(0.,-0.996129850025,8.789381029636E-02));
#2593 = ADVANCED_FACE('',(#2594),#2619,.T.);
#2594 = FACE_BOUND('',#2595,.T.);
#2595 = EDGE_LOOP('',(#2596,#2604,#2605,#2613));
#2596 = ORIENTED_EDGE('',*,*,#2597,.F.);
#2597 = EDGE_CURVE('',#2538,#2598,#2600,.T.);
#2598 = VERTEX_POINT('',#2599);
#2599 = CARTESIAN_POINT('',(1.675,-0.872505653926,0.784632851817));
#2600 = LINE('',#2601,#2602);
#2601 = CARTESIAN_POINT('',(1.675,-0.82,0.78));
#2602 = VECTOR('',#2603,1.);
#2603 = DIRECTION('',(0.,-0.996129850025,8.789381029636E-02));
#2604 = ORIENTED_EDGE('',*,*,#2535,.F.);
#2605 = ORIENTED_EDGE('',*,*,#2606,.T.);
#2606 = EDGE_CURVE('',#2536,#2607,#2609,.T.);
#2607 = VERTEX_POINT('',#2608);
#2608 = CARTESIAN_POINT('',(1.525,-0.872505653926,0.784632851817));
#2609 = LINE('',#2610,#2611);
#2610 = CARTESIAN_POINT('',(1.525,-0.82,0.78));
#2611 = VECTOR('',#2612,1.);
#2612 = DIRECTION('',(0.,-0.996129850025,8.789381029636E-02));
#2613 = ORIENTED_EDGE('',*,*,#2614,.T.);
#2614 = EDGE_CURVE('',#2607,#2598,#2615,.T.);
#2615 = LINE('',#2616,#2617);
#2616 = CARTESIAN_POINT('',(1.525,-0.872505653926,0.784632851817));
#2617 = VECTOR('',#2618,1.);
#2618 = DIRECTION('',(1.,0.,0.));
#2619 = PLANE('',#2620);
#2620 = AXIS2_PLACEMENT_3D('',#2621,#2622,#2623);
#2621 = CARTESIAN_POINT('',(1.525,-0.82,0.78));
#2622 = DIRECTION('',(0.,8.789381029636E-02,0.996129850025));
#2623 = DIRECTION('',(0.,-0.996129850025,8.789381029636E-02));
#2624 = ADVANCED_FACE('',(#2625),#2659,.T.);
#2625 = FACE_BOUND('',#2626,.T.);
#2626 = EDGE_LOOP('',(#2627,#2637,#2645,#2653));
#2627 = ORIENTED_EDGE('',*,*,#2628,.T.);
#2628 = EDGE_CURVE('',#2629,#2631,#2633,.T.);
#2629 = VERTEX_POINT('',#2630);
#2630 = CARTESIAN_POINT('',(1.525,-2.951001715803,0.25));
#2631 = VERTEX_POINT('',#2632);
#2632 = CARTESIAN_POINT('',(1.525,-2.989358222275,0.295711504387));
#2633 = LINE('',#2634,#2635);
#2634 = CARTESIAN_POINT('',(1.525,-2.951001715803,0.25));
#2635 = VECTOR('',#2636,1.);
#2636 = DIRECTION('',(0.,-0.642787609687,0.766044443119));
#2637 = ORIENTED_EDGE('',*,*,#2638,.T.);
#2638 = EDGE_CURVE('',#2631,#2639,#2641,.T.);
#2639 = VERTEX_POINT('',#2640);
#2640 = CARTESIAN_POINT('',(1.675,-2.989358222275,0.295711504387));
#2641 = LINE('',#2642,#2643);
#2642 = CARTESIAN_POINT('',(1.525,-2.989358222275,0.295711504387));
#2643 = VECTOR('',#2644,1.);
#2644 = DIRECTION('',(1.,0.,0.));
#2645 = ORIENTED_EDGE('',*,*,#2646,.F.);
#2646 = EDGE_CURVE('',#2647,#2639,#2649,.T.);
#2647 = VERTEX_POINT('',#2648);
#2648 = CARTESIAN_POINT('',(1.675,-2.951001715803,0.25));
#2649 = LINE('',#2650,#2651);
#2650 = CARTESIAN_POINT('',(1.675,-2.951001715803,0.25));
#2651 = VECTOR('',#2652,1.);
#2652 = DIRECTION('',(0.,-0.642787609687,0.766044443119));
#2653 = ORIENTED_EDGE('',*,*,#2654,.F.);
#2654 = EDGE_CURVE('',#2629,#2647,#2655,.T.);
#2655 = LINE('',#2656,#2657);
#2656 = CARTESIAN_POINT('',(1.525,-2.951001715803,0.25));
#2657 = VECTOR('',#2658,1.);
#2658 = DIRECTION('',(1.,0.,0.));
#2659 = PLANE('',#2660);
#2660 = AXIS2_PLACEMENT_3D('',#2661,#2662,#2663);
#2661 = CARTESIAN_POINT('',(1.525,-2.93421972318,0.23));
#2662 = DIRECTION('',(0.,0.766044443119,0.642787609687));
#2663 = DIRECTION('',(0.,-0.642787609687,0.766044443119));
#2664 = ADVANCED_FACE('',(#2665),#2692,.T.);
#2665 = FACE_BOUND('',#2666,.T.);
#2666 = EDGE_LOOP('',(#2667,#2677,#2684,#2685));
#2667 = ORIENTED_EDGE('',*,*,#2668,.T.);
#2668 = EDGE_CURVE('',#2669,#2671,#2673,.T.);
#2669 = VERTEX_POINT('',#2670);
#2670 = CARTESIAN_POINT('',(1.525,-3.039963609098,0.304662000978));
#2671 = VERTEX_POINT('',#2672);
#2672 = CARTESIAN_POINT('',(1.675,-3.039963609098,0.304662000978));
#2673 = LINE('',#2674,#2675);
#2674 = CARTESIAN_POINT('',(1.525,-3.039963609098,0.304662000978));
#2675 = VECTOR('',#2676,1.);
#2676 = DIRECTION('',(1.,0.,0.));
#2677 = ORIENTED_EDGE('',*,*,#2678,.F.);
#2678 = EDGE_CURVE('',#2639,#2671,#2679,.T.);
#2679 = CIRCLE('',#2680,4.E-02);
#2680 = AXIS2_PLACEMENT_3D('',#2681,#2682,#2683);
#2681 = CARTESIAN_POINT('',(1.675,-3.02,0.27));
#2682 = DIRECTION('',(1.,0.,0.));
#2683 = DIRECTION('',(-0.,0.766044443119,0.642787609687));
#2684 = ORIENTED_EDGE('',*,*,#2638,.F.);
#2685 = ORIENTED_EDGE('',*,*,#2686,.T.);
#2686 = EDGE_CURVE('',#2631,#2669,#2687,.T.);
#2687 = CIRCLE('',#2688,4.E-02);
#2688 = AXIS2_PLACEMENT_3D('',#2689,#2690,#2691);
#2689 = CARTESIAN_POINT('',(1.525,-3.02,0.27));
#2690 = DIRECTION('',(1.,0.,0.));
#2691 = DIRECTION('',(-0.,0.766044443119,0.642787609687));
#2692 = CYLINDRICAL_SURFACE('',#2693,4.E-02);
#2693 = AXIS2_PLACEMENT_3D('',#2694,#2695,#2696);
#2694 = CARTESIAN_POINT('',(1.525,-3.02,0.27));
#2695 = DIRECTION('',(1.,0.,0.));
#2696 = DIRECTION('',(-0.,1.,0.));
#2697 = ADVANCED_FACE('',(#2698),#2723,.T.);
#2698 = FACE_BOUND('',#2699,.T.);
#2699 = EDGE_LOOP('',(#2700,#2708,#2709,#2717));
#2700 = ORIENTED_EDGE('',*,*,#2701,.F.);
#2701 = EDGE_CURVE('',#2671,#2702,#2704,.T.);
#2702 = VERTEX_POINT('',#2703);
#2703 = CARTESIAN_POINT('',(1.675,-3.134871013966,0.25));
#2704 = LINE('',#2705,#2706);
#2705 = CARTESIAN_POINT('',(1.675,-3.039963609098,0.304662000978));
#2706 = VECTOR('',#2707,1.);
#2707 = DIRECTION('',(0.,-0.866550024439,-0.499090227459));
#2708 = ORIENTED_EDGE('',*,*,#2668,.F.);
#2709 = ORIENTED_EDGE('',*,*,#2710,.T.);
#2710 = EDGE_CURVE('',#2669,#2711,#2713,.T.);
#2711 = VERTEX_POINT('',#2712);
#2712 = CARTESIAN_POINT('',(1.525,-3.134871013966,0.25));
#2713 = LINE('',#2714,#2715);
#2714 = CARTESIAN_POINT('',(1.525,-3.039963609098,0.304662000978));
#2715 = VECTOR('',#2716,1.);
#2716 = DIRECTION('',(0.,-0.866550024439,-0.499090227459));
#2717 = ORIENTED_EDGE('',*,*,#2718,.T.);
#2718 = EDGE_CURVE('',#2711,#2702,#2719,.T.);
#2719 = LINE('',#2720,#2721);
#2720 = CARTESIAN_POINT('',(1.525,-3.134871013966,0.25));
#2721 = VECTOR('',#2722,1.);
#2722 = DIRECTION('',(1.,0.,0.));
#2723 = PLANE('',#2724);
#2724 = AXIS2_PLACEMENT_3D('',#2725,#2726,#2727);
#2725 = CARTESIAN_POINT('',(1.525,-3.039963609098,0.304662000978));
#2726 = DIRECTION('',(0.,-0.499090227459,0.866550024439));
#2727 = DIRECTION('',(0.,-0.866550024439,-0.499090227459));
#2728 = ADVANCED_FACE('',(#2729),#2763,.T.);
#2729 = FACE_BOUND('',#2730,.T.);
#2730 = EDGE_LOOP('',(#2731,#2741,#2749,#2757));
#2731 = ORIENTED_EDGE('',*,*,#2732,.T.);
#2732 = EDGE_CURVE('',#2733,#2735,#2737,.T.);
#2733 = VERTEX_POINT('',#2734);
#2734 = CARTESIAN_POINT('',(1.525,-3.172705922612,0.66));
#2735 = VERTEX_POINT('',#2736);
#2736 = CARTESIAN_POINT('',(1.525,-3.034152621563,0.607587391124));
#2737 = LINE('',#2738,#2739);
#2738 = CARTESIAN_POINT('',(1.525,-3.172705922612,0.66));
#2739 = VECTOR('',#2740,1.);
#2740 = DIRECTION('',(0.,0.935315221896,-0.353815539072));
#2741 = ORIENTED_EDGE('',*,*,#2742,.T.);
#2742 = EDGE_CURVE('',#2735,#2743,#2745,.T.);
#2743 = VERTEX_POINT('',#2744);
#2744 = CARTESIAN_POINT('',(1.675,-3.034152621563,0.607587391124));
#2745 = LINE('',#2746,#2747);
#2746 = CARTESIAN_POINT('',(1.525,-3.034152621563,0.607587391124));
#2747 = VECTOR('',#2748,1.);
#2748 = DIRECTION('',(1.,0.,0.));
#2749 = ORIENTED_EDGE('',*,*,#2750,.F.);
#2750 = EDGE_CURVE('',#2751,#2743,#2753,.T.);
#2751 = VERTEX_POINT('',#2752);
#2752 = CARTESIAN_POINT('',(1.675,-3.172705922612,0.66));
#2753 = LINE('',#2754,#2755);
#2754 = CARTESIAN_POINT('',(1.675,-3.172705922612,0.66));
#2755 = VECTOR('',#2756,1.);
#2756 = DIRECTION('',(0.,0.935315221896,-0.353815539072));
#2757 = ORIENTED_EDGE('',*,*,#2758,.F.);
#2758 = EDGE_CURVE('',#2733,#2751,#2759,.T.);
#2759 = LINE('',#2760,#2761);
#2760 = CARTESIAN_POINT('',(1.525,-3.172705922612,0.66));
#2761 = VECTOR('',#2762,1.);
#2762 = DIRECTION('',(1.,0.,0.));
#2763 = PLANE('',#2764);
#2764 = AXIS2_PLACEMENT_3D('',#2765,#2766,#2767);
#2765 = CARTESIAN_POINT('',(1.525,-3.207690776954,0.673234238905));
#2766 = DIRECTION('',(0.,-0.353815539072,-0.935315221896));
#2767 = DIRECTION('',(0.,0.935315221896,-0.353815539072));
#2768 = ADVANCED_FACE('',(#2769),#2796,.T.);
#2769 = FACE_BOUND('',#2770,.T.);
#2770 = EDGE_LOOP('',(#2771,#2781,#2788,#2789));
#2771 = ORIENTED_EDGE('',*,*,#2772,.T.);
#2772 = EDGE_CURVE('',#2773,#2775,#2777,.T.);
#2773 = VERTEX_POINT('',#2774);
#2774 = CARTESIAN_POINT('',(1.525,-2.989358222275,0.619288495612));
#2775 = VERTEX_POINT('',#2776);
#2776 = CARTESIAN_POINT('',(1.675,-2.989358222275,0.619288495612));
#2777 = LINE('',#2778,#2779);
#2778 = CARTESIAN_POINT('',(1.525,-2.989358222275,0.619288495612));
#2779 = VECTOR('',#2780,1.);
#2780 = DIRECTION('',(1.,0.,0.));
#2781 = ORIENTED_EDGE('',*,*,#2782,.F.);
#2782 = EDGE_CURVE('',#2743,#2775,#2783,.T.);
#2783 = CIRCLE('',#2784,4.E-02);
#2784 = AXIS2_PLACEMENT_3D('',#2785,#2786,#2787);
#2785 = CARTESIAN_POINT('',(1.675,-3.02,0.645));
#2786 = DIRECTION('',(1.,0.,0.));
#2787 = DIRECTION('',(0.,-0.353815539072,-0.935315221896));
#2788 = ORIENTED_EDGE('',*,*,#2742,.F.);
#2789 = ORIENTED_EDGE('',*,*,#2790,.T.);
#2790 = EDGE_CURVE('',#2735,#2773,#2791,.T.);
#2791 = CIRCLE('',#2792,4.E-02);
#2792 = AXIS2_PLACEMENT_3D('',#2793,#2794,#2795);
#2793 = CARTESIAN_POINT('',(1.525,-3.02,0.645));
#2794 = DIRECTION('',(1.,0.,0.));
#2795 = DIRECTION('',(0.,-0.353815539072,-0.935315221896));
#2796 = CYLINDRICAL_SURFACE('',#2797,4.E-02);
#2797 = AXIS2_PLACEMENT_3D('',#2798,#2799,#2800);
#2798 = CARTESIAN_POINT('',(1.525,-3.02,0.645));
#2799 = DIRECTION('',(1.,0.,0.));
#2800 = DIRECTION('',(-0.,1.,0.));
#2801 = ADVANCED_FACE('',(#2802),#2827,.T.);
#2802 = FACE_BOUND('',#2803,.T.);
#2803 = EDGE_LOOP('',(#2804,#2814,#2820,#2821));
#2804 = ORIENTED_EDGE('',*,*,#2805,.T.);
#2805 = EDGE_CURVE('',#2806,#2808,#2810,.T.);
#2806 = VERTEX_POINT('',#2807);
#2807 = CARTESIAN_POINT('',(1.525,-2.967186685358,0.645711504388));
#2808 = VERTEX_POINT('',#2809);
#2809 = CARTESIAN_POINT('',(1.675,-2.967186685358,0.645711504388));
#2810 = LINE('',#2811,#2812);
#2811 = CARTESIAN_POINT('',(1.525,-2.967186685358,0.645711504388));
#2812 = VECTOR('',#2813,1.);
#2813 = DIRECTION('',(1.,0.,0.));
#2814 = ORIENTED_EDGE('',*,*,#2815,.F.);
#2815 = EDGE_CURVE('',#2775,#2808,#2816,.T.);
#2816 = LINE('',#2817,#2818);
#2817 = CARTESIAN_POINT('',(1.675,-2.989358222275,0.619288495612));
#2818 = VECTOR('',#2819,1.);
#2819 = DIRECTION('',(0.,0.642787609687,0.766044443119));
#2820 = ORIENTED_EDGE('',*,*,#2772,.F.);
#2821 = ORIENTED_EDGE('',*,*,#2822,.T.);
#2822 = EDGE_CURVE('',#2773,#2806,#2823,.T.);
#2823 = LINE('',#2824,#2825);
#2824 = CARTESIAN_POINT('',(1.525,-2.989358222275,0.619288495612));
#2825 = VECTOR('',#2826,1.);
#2826 = DIRECTION('',(0.,0.642787609687,0.766044443119));
#2827 = PLANE('',#2828);
#2828 = AXIS2_PLACEMENT_3D('',#2829,#2830,#2831);
#2829 = CARTESIAN_POINT('',(1.525,-2.989358222275,0.619288495612));
#2830 = DIRECTION('',(0.,0.766044443119,-0.642787609687));
#2831 = DIRECTION('',(0.,0.642787609687,0.766044443119));
#2832 = ADVANCED_FACE('',(#2833),#2860,.F.);
#2833 = FACE_BOUND('',#2834,.F.);
#2834 = EDGE_LOOP('',(#2835,#2845,#2852,#2853));
#2835 = ORIENTED_EDGE('',*,*,#2836,.F.);
#2836 = EDGE_CURVE('',#2837,#2839,#2841,.T.);
#2837 = VERTEX_POINT('',#2838);
#2838 = CARTESIAN_POINT('',(1.525,-2.936544907633,0.66));
#2839 = VERTEX_POINT('',#2840);
#2840 = CARTESIAN_POINT('',(1.675,-2.936544907633,0.66));
#2841 = LINE('',#2842,#2843);
#2842 = CARTESIAN_POINT('',(1.525,-2.936544907633,0.66));
#2843 = VECTOR('',#2844,1.);
#2844 = DIRECTION('',(1.,0.,0.));
#2845 = ORIENTED_EDGE('',*,*,#2846,.F.);
#2846 = EDGE_CURVE('',#2806,#2837,#2847,.T.);
#2847 = CIRCLE('',#2848,4.E-02);
#2848 = AXIS2_PLACEMENT_3D('',#2849,#2850,#2851);
#2849 = CARTESIAN_POINT('',(1.525,-2.936544907633,0.62));
#2850 = DIRECTION('',(-1.,0.,0.));
#2851 = DIRECTION('',(0.,-0.766044443119,0.642787609687));
#2852 = ORIENTED_EDGE('',*,*,#2805,.T.);
#2853 = ORIENTED_EDGE('',*,*,#2854,.T.);
#2854 = EDGE_CURVE('',#2808,#2839,#2855,.T.);
#2855 = CIRCLE('',#2856,4.E-02);
#2856 = AXIS2_PLACEMENT_3D('',#2857,#2858,#2859);
#2857 = CARTESIAN_POINT('',(1.675,-2.936544907633,0.62));
#2858 = DIRECTION('',(-1.,0.,0.));
#2859 = DIRECTION('',(0.,-0.766044443119,0.642787609687));
#2860 = CYLINDRICAL_SURFACE('',#2861,4.E-02);
#2861 = AXIS2_PLACEMENT_3D('',#2862,#2863,#2864);
#2862 = CARTESIAN_POINT('',(1.525,-2.936544907633,0.62));
#2863 = DIRECTION('',(1.,0.,0.));
#2864 = DIRECTION('',(-0.,1.,0.));
#2865 = ADVANCED_FACE('',(#2866),#2900,.T.);
#2866 = FACE_BOUND('',#2867,.T.);
#2867 = EDGE_LOOP('',(#2868,#2878,#2886,#2894));
#2868 = ORIENTED_EDGE('',*,*,#2869,.T.);
#2869 = EDGE_CURVE('',#2870,#2872,#2874,.T.);
#2870 = VERTEX_POINT('',#2871);
#2871 = CARTESIAN_POINT('',(1.525,-5.E-02,-6.E-02));
#2872 = VERTEX_POINT('',#2873);
#2873 = CARTESIAN_POINT('',(1.675,-5.E-02,-6.E-02));
#2874 = LINE('',#2875,#2876);
#2875 = CARTESIAN_POINT('',(1.525,-5.E-02,-6.E-02));
#2876 = VECTOR('',#2877,1.);
#2877 = DIRECTION('',(1.,0.,0.));
#2878 = ORIENTED_EDGE('',*,*,#2879,.F.);
#2879 = EDGE_CURVE('',#2880,#2872,#2882,.T.);
#2880 = VERTEX_POINT('',#2881);
#2881 = CARTESIAN_POINT('',(1.675,-0.55,-6.E-02));
#2882 = LINE('',#2883,#2884);
#2883 = CARTESIAN_POINT('',(1.675,-0.55,-6.E-02));
#2884 = VECTOR('',#2885,1.);
#2885 = DIRECTION('',(0.,1.,0.));
#2886 = ORIENTED_EDGE('',*,*,#2887,.F.);
#2887 = EDGE_CURVE('',#2888,#2880,#2890,.T.);
#2888 = VERTEX_POINT('',#2889);
#2889 = CARTESIAN_POINT('',(1.525,-0.55,-6.E-02));
#2890 = LINE('',#2891,#2892);
#2891 = CARTESIAN_POINT('',(1.525,-0.55,-6.E-02));
#2892 = VECTOR('',#2893,1.);
#2893 = DIRECTION('',(1.,0.,0.));
#2894 = ORIENTED_EDGE('',*,*,#2895,.T.);
#2895 = EDGE_CURVE('',#2888,#2870,#2896,.T.);
#2896 = LINE('',#2897,#2898);
#2897 = CARTESIAN_POINT('',(1.525,-0.55,-6.E-02));
#2898 = VECTOR('',#2899,1.);
#2899 = DIRECTION('',(0.,1.,0.));
#2900 = PLANE('',#2901);
#2901 = AXIS2_PLACEMENT_3D('',#2902,#2903,#2904);
#2902 = CARTESIAN_POINT('',(1.525,-0.55,-6.E-02));
#2903 = DIRECTION('',(0.,0.,-1.));
#2904 = DIRECTION('',(0.,1.,0.));
#2905 = ADVANCED_FACE('',(#2906),#2931,.T.);
#2906 = FACE_BOUND('',#2907,.T.);
#2907 = EDGE_LOOP('',(#2908,#2918,#2924,#2925));
#2908 = ORIENTED_EDGE('',*,*,#2909,.T.);
#2909 = EDGE_CURVE('',#2910,#2912,#2914,.T.);
#2910 = VERTEX_POINT('',#2911);
#2911 = CARTESIAN_POINT('',(1.525,-5.E-02,0.13));
#2912 = VERTEX_POINT('',#2913);
#2913 = CARTESIAN_POINT('',(1.675,-5.E-02,0.13));
#2914 = LINE('',#2915,#2916);
#2915 = CARTESIAN_POINT('',(1.525,-5.E-02,0.13));
#2916 = VECTOR('',#2917,1.);
#2917 = DIRECTION('',(1.,0.,0.));
#2918 = ORIENTED_EDGE('',*,*,#2919,.F.);
#2919 = EDGE_CURVE('',#2872,#2912,#2920,.T.);
#2920 = LINE('',#2921,#2922);
#2921 = CARTESIAN_POINT('',(1.675,-5.E-02,-6.E-02));
#2922 = VECTOR('',#2923,1.);
#2923 = DIRECTION('',(0.,0.,1.));
#2924 = ORIENTED_EDGE('',*,*,#2869,.F.);
#2925 = ORIENTED_EDGE('',*,*,#2926,.T.);
#2926 = EDGE_CURVE('',#2870,#2910,#2927,.T.);
#2927 = LINE('',#2928,#2929);
#2928 = CARTESIAN_POINT('',(1.525,-5.E-02,-6.E-02));
#2929 = VECTOR('',#2930,1.);
#2930 = DIRECTION('',(0.,0.,1.));
#2931 = PLANE('',#2932);
#2932 = AXIS2_PLACEMENT_3D('',#2933,#2934,#2935);
#2933 = CARTESIAN_POINT('',(1.525,-5.E-02,-6.E-02));
#2934 = DIRECTION('',(0.,1.,0.));
#2935 = DIRECTION('',(0.,-0.,1.));
#2936 = ADVANCED_FACE('',(#2937),#2962,.T.);
#2937 = FACE_BOUND('',#2938,.T.);
#2938 = EDGE_LOOP('',(#2939,#2949,#2955,#2956));
#2939 = ORIENTED_EDGE('',*,*,#2940,.T.);
#2940 = EDGE_CURVE('',#2941,#2943,#2945,.T.);
#2941 = VERTEX_POINT('',#2942);
#2942 = CARTESIAN_POINT('',(1.525,-0.25,0.13));
#2943 = VERTEX_POINT('',#2944);
#2944 = CARTESIAN_POINT('',(1.675,-0.25,0.13));
#2945 = LINE('',#2946,#2947);
#2946 = CARTESIAN_POINT('',(1.525,-0.25,0.13));
#2947 = VECTOR('',#2948,1.);
#2948 = DIRECTION('',(1.,0.,0.));
#2949 = ORIENTED_EDGE('',*,*,#2950,.F.);
#2950 = EDGE_CURVE('',#2912,#2943,#2951,.T.);
#2951 = LINE('',#2952,#2953);
#2952 = CARTESIAN_POINT('',(1.675,-5.E-02,0.13));
#2953 = VECTOR('',#2954,1.);
#2954 = DIRECTION('',(0.,-1.,0.));
#2955 = ORIENTED_EDGE('',*,*,#2909,.F.);
#2956 = ORIENTED_EDGE('',*,*,#2957,.T.);
#2957 = EDGE_CURVE('',#2910,#2941,#2958,.T.);
#2958 = LINE('',#2959,#2960);
#2959 = CARTESIAN_POINT('',(1.525,-5.E-02,0.13));
#2960 = VECTOR('',#2961,1.);
#2961 = DIRECTION('',(0.,-1.,0.));
#2962 = PLANE('',#2963);
#2963 = AXIS2_PLACEMENT_3D('',#2964,#2965,#2966);
#2964 = CARTESIAN_POINT('',(1.525,-5.E-02,0.13));
#2965 = DIRECTION('',(0.,0.,1.));
#2966 = DIRECTION('',(0.,-1.,0.));
#2967 = ADVANCED_FACE('',(#2968),#2993,.T.);
#2968 = FACE_BOUND('',#2969,.T.);
#2969 = EDGE_LOOP('',(#2970,#2980,#2986,#2987));
#2970 = ORIENTED_EDGE('',*,*,#2971,.T.);
#2971 = EDGE_CURVE('',#2972,#2974,#2976,.T.);
#2972 = VERTEX_POINT('',#2973);
#2973 = CARTESIAN_POINT('',(1.525,-0.25,0.23));
#2974 = VERTEX_POINT('',#2975);
#2975 = CARTESIAN_POINT('',(1.675,-0.25,0.23));
#2976 = LINE('',#2977,#2978);
#2977 = CARTESIAN_POINT('',(1.525,-0.25,0.23));
#2978 = VECTOR('',#2979,1.);
#2979 = DIRECTION('',(1.,0.,0.));
#2980 = ORIENTED_EDGE('',*,*,#2981,.F.);
#2981 = EDGE_CURVE('',#2943,#2974,#2982,.T.);
#2982 = LINE('',#2983,#2984);
#2983 = CARTESIAN_POINT('',(1.675,-0.25,0.13));
#2984 = VECTOR('',#2985,1.);
#2985 = DIRECTION('',(0.,0.,1.));
#2986 = ORIENTED_EDGE('',*,*,#2940,.F.);
#2987 = ORIENTED_EDGE('',*,*,#2988,.T.);
#2988 = EDGE_CURVE('',#2941,#2972,#2989,.T.);
#2989 = LINE('',#2990,#2991);
#2990 = CARTESIAN_POINT('',(1.525,-0.25,0.13));
#2991 = VECTOR('',#2992,1.);
#2992 = DIRECTION('',(0.,0.,1.));
#2993 = PLANE('',#2994);
#2994 = AXIS2_PLACEMENT_3D('',#2995,#2996,#2997);
#2995 = CARTESIAN_POINT('',(1.525,-0.25,0.13));
#2996 = DIRECTION('',(0.,1.,0.));
#2997 = DIRECTION('',(0.,-0.,1.));
#2998 = ADVANCED_FACE('',(#2999),#3024,.T.);
#2999 = FACE_BOUND('',#3000,.T.);
#3000 = EDGE_LOOP('',(#3001,#3009,#3010,#3018));
#3001 = ORIENTED_EDGE('',*,*,#3002,.F.);
#3002 = EDGE_CURVE('',#2974,#3003,#3005,.T.);
#3003 = VERTEX_POINT('',#3004);
#3004 = CARTESIAN_POINT('',(1.675,-1.7,0.23));
#3005 = LINE('',#3006,#3007);
#3006 = CARTESIAN_POINT('',(1.675,-0.25,0.23));
#3007 = VECTOR('',#3008,1.);
#3008 = DIRECTION('',(0.,-1.,0.));
#3009 = ORIENTED_EDGE('',*,*,#2971,.F.);
#3010 = ORIENTED_EDGE('',*,*,#3011,.T.);
#3011 = EDGE_CURVE('',#2972,#3012,#3014,.T.);
#3012 = VERTEX_POINT('',#3013);
#3013 = CARTESIAN_POINT('',(1.525,-1.7,0.23));
#3014 = LINE('',#3015,#3016);
#3015 = CARTESIAN_POINT('',(1.525,-0.25,0.23));
#3016 = VECTOR('',#3017,1.);
#3017 = DIRECTION('',(0.,-1.,0.));
#3018 = ORIENTED_EDGE('',*,*,#3019,.T.);
#3019 = EDGE_CURVE('',#3012,#3003,#3020,.T.);
#3020 = LINE('',#3021,#3022);
#3021 = CARTESIAN_POINT('',(1.525,-1.7,0.23));
#3022 = VECTOR('',#3023,1.);
#3023 = DIRECTION('',(1.,0.,0.));
#3024 = PLANE('',#3025);
#3025 = AXIS2_PLACEMENT_3D('',#3026,#3027,#3028);
#3026 = CARTESIAN_POINT('',(1.525,-0.25,0.23));
#3027 = DIRECTION('',(0.,0.,1.));
#3028 = DIRECTION('',(0.,-1.,0.));
#3029 = ADVANCED_FACE('',(#3030),#3047,.T.);
#3030 = FACE_BOUND('',#3031,.T.);
#3031 = EDGE_LOOP('',(#3032,#3033,#3034,#3040,#3041));
#3032 = ORIENTED_EDGE('',*,*,#2575,.T.);
#3033 = ORIENTED_EDGE('',*,*,#2425,.T.);
#3034 = ORIENTED_EDGE('',*,*,#3035,.F.);
#3035 = EDGE_CURVE('',#2456,#2418,#3036,.T.);
#3036 = LINE('',#3037,#3038);
#3037 = CARTESIAN_POINT('',(1.675,-1.7,0.66));
#3038 = VECTOR('',#3039,1.);
#3039 = DIRECTION('',(0.,0.,1.));
#3040 = ORIENTED_EDGE('',*,*,#2455,.T.);
#3041 = ORIENTED_EDGE('',*,*,#3042,.T.);
#3042 = EDGE_CURVE('',#2458,#2576,#3043,.T.);
#3043 = LINE('',#3044,#3045);
#3044 = CARTESIAN_POINT('',(1.675,-1.385319534335,0.66));
#3045 = VECTOR('',#3046,1.);
#3046 = DIRECTION('',(0.,8.715574274766E-02,0.996194698092));
#3047 = PLANE('',#3048);
#3048 = AXIS2_PLACEMENT_3D('',#3049,#3050,#3051);
#3049 = CARTESIAN_POINT('',(1.675,-3.6,-4.E-02));
#3050 = DIRECTION('',(1.,0.,0.));
#3051 = DIRECTION('',(-0.,1.,0.));
#3052 = ADVANCED_FACE('',(#3053),#3064,.T.);
#3053 = FACE_BOUND('',#3054,.T.);
#3054 = EDGE_LOOP('',(#3055,#3056,#3057,#3058));
#3055 = ORIENTED_EDGE('',*,*,#2513,.T.);
#3056 = ORIENTED_EDGE('',*,*,#2545,.T.);
#3057 = ORIENTED_EDGE('',*,*,#2597,.T.);
#3058 = ORIENTED_EDGE('',*,*,#3059,.F.);
#3059 = EDGE_CURVE('',#2514,#2598,#3060,.T.);
#3060 = LINE('',#3061,#3062);
#3061 = CARTESIAN_POINT('',(1.675,-0.883409615563,0.66));
#3062 = VECTOR('',#3063,1.);
#3063 = DIRECTION('',(0.,8.715574274766E-02,0.996194698092));
#3064 = PLANE('',#3065);
#3065 = AXIS2_PLACEMENT_3D('',#3066,#3067,#3068);
#3066 = CARTESIAN_POINT('',(1.675,-3.6,-4.E-02));
#3067 = DIRECTION('',(1.,0.,0.));
#3068 = DIRECTION('',(-0.,1.,0.));
#3069 = ADVANCED_FACE('',(#3070),#3081,.T.);
#3070 = FACE_BOUND('',#3071,.T.);
#3071 = EDGE_LOOP('',(#3072,#3073,#3074,#3075));
#3072 = ORIENTED_EDGE('',*,*,#2646,.T.);
#3073 = ORIENTED_EDGE('',*,*,#2678,.T.);
#3074 = ORIENTED_EDGE('',*,*,#2701,.T.);
#3075 = ORIENTED_EDGE('',*,*,#3076,.F.);
#3076 = EDGE_CURVE('',#2647,#2702,#3077,.T.);
#3077 = LINE('',#3078,#3079);
#3078 = CARTESIAN_POINT('',(1.675,-2.951001715803,0.25));
#3079 = VECTOR('',#3080,1.);
#3080 = DIRECTION('',(0.,-1.,0.));
#3081 = PLANE('',#3082);
#3082 = AXIS2_PLACEMENT_3D('',#3083,#3084,#3085);
#3083 = CARTESIAN_POINT('',(1.675,-3.6,-4.E-02));
#3084 = DIRECTION('',(1.,0.,0.));
#3085 = DIRECTION('',(-0.,1.,0.));
#3086 = ADVANCED_FACE('',(#3087),#3099,.T.);
#3087 = FACE_BOUND('',#3088,.T.);
#3088 = EDGE_LOOP('',(#3089,#3090,#3091,#3092,#3093));
#3089 = ORIENTED_EDGE('',*,*,#2750,.T.);
#3090 = ORIENTED_EDGE('',*,*,#2782,.T.);
#3091 = ORIENTED_EDGE('',*,*,#2815,.T.);
#3092 = ORIENTED_EDGE('',*,*,#2854,.T.);
#3093 = ORIENTED_EDGE('',*,*,#3094,.T.);
#3094 = EDGE_CURVE('',#2839,#2751,#3095,.T.);
#3095 = LINE('',#3096,#3097);
#3096 = CARTESIAN_POINT('',(1.675,-2.936544907633,0.66));
#3097 = VECTOR('',#3098,1.);
#3098 = DIRECTION('',(0.,-1.,0.));
#3099 = PLANE('',#3100);
#3100 = AXIS2_PLACEMENT_3D('',#3101,#3102,#3103);
#3101 = CARTESIAN_POINT('',(1.675,-3.6,-4.E-02));
#3102 = DIRECTION('',(1.,0.,0.));
#3103 = DIRECTION('',(-0.,1.,0.));
#3104 = ADVANCED_FACE('',(#3105),#3150,.T.);
#3105 = FACE_BOUND('',#3106,.T.);
#3106 = EDGE_LOOP('',(#3107,#3115,#3116,#3117,#3118,#3119,#3120,#3128,
    #3136,#3144));
#3107 = ORIENTED_EDGE('',*,*,#3108,.T.);
#3108 = EDGE_CURVE('',#3109,#2880,#3111,.T.);
#3109 = VERTEX_POINT('',#3110);
#3110 = CARTESIAN_POINT('',(1.675,-0.55,4.336808689942E-16));
#3111 = LINE('',#3112,#3113);
#3112 = CARTESIAN_POINT('',(1.675,-0.55,4.336808689942E-16));
#3113 = VECTOR('',#3114,1.);
#3114 = DIRECTION('',(0.,0.,-1.));
#3115 = ORIENTED_EDGE('',*,*,#2879,.T.);
#3116 = ORIENTED_EDGE('',*,*,#2919,.T.);
#3117 = ORIENTED_EDGE('',*,*,#2950,.T.);
#3118 = ORIENTED_EDGE('',*,*,#2981,.T.);
#3119 = ORIENTED_EDGE('',*,*,#3002,.T.);
#3120 = ORIENTED_EDGE('',*,*,#3121,.F.);
#3121 = EDGE_CURVE('',#3122,#3003,#3124,.T.);
#3122 = VERTEX_POINT('',#3123);
#3123 = CARTESIAN_POINT('',(1.675,-1.7,0.21));
#3124 = LINE('',#3125,#3126);
#3125 = CARTESIAN_POINT('',(1.675,-1.7,0.21));
#3126 = VECTOR('',#3127,1.);
#3127 = DIRECTION('',(0.,0.,1.));
#3128 = ORIENTED_EDGE('',*,*,#3129,.T.);
#3129 = EDGE_CURVE('',#3122,#3130,#3132,.T.);
#3130 = VERTEX_POINT('',#3131);
#3131 = CARTESIAN_POINT('',(1.675,-0.51,0.21));
#3132 = LINE('',#3133,#3134);
#3133 = CARTESIAN_POINT('',(1.675,-1.7,0.21));
#3134 = VECTOR('',#3135,1.);
#3135 = DIRECTION('',(0.,1.,0.));
#3136 = ORIENTED_EDGE('',*,*,#3137,.F.);
#3137 = EDGE_CURVE('',#3138,#3130,#3140,.T.);
#3138 = VERTEX_POINT('',#3139);
#3139 = CARTESIAN_POINT('',(1.675,-0.51,4.336808689942E-16));
#3140 = LINE('',#3141,#3142);
#3141 = CARTESIAN_POINT('',(1.675,-0.51,4.336808689942E-16));
#3142 = VECTOR('',#3143,1.);
#3143 = DIRECTION('',(0.,0.,1.));
#3144 = ORIENTED_EDGE('',*,*,#3145,.F.);
#3145 = EDGE_CURVE('',#3109,#3138,#3146,.T.);
#3146 = LINE('',#3147,#3148);
#3147 = CARTESIAN_POINT('',(1.675,-0.55,4.336808689942E-16));
#3148 = VECTOR('',#3149,1.);
#3149 = DIRECTION('',(0.,1.,0.));
#3150 = PLANE('',#3151);
#3151 = AXIS2_PLACEMENT_3D('',#3152,#3153,#3154);
#3152 = CARTESIAN_POINT('',(1.675,-3.6,-4.E-02));
#3153 = DIRECTION('',(1.,0.,0.));
#3154 = DIRECTION('',(-0.,1.,0.));
#3155 = ADVANCED_FACE('',(#3156),#3174,.T.);
#3156 = FACE_BOUND('',#3157,.T.);
#3157 = EDGE_LOOP('',(#3158,#3166,#3167,#3168));
#3158 = ORIENTED_EDGE('',*,*,#3159,.T.);
#3159 = EDGE_CURVE('',#3160,#2888,#3162,.T.);
#3160 = VERTEX_POINT('',#3161);
#3161 = CARTESIAN_POINT('',(1.525,-0.55,4.336808689942E-16));
#3162 = LINE('',#3163,#3164);
#3163 = CARTESIAN_POINT('',(1.525,-0.55,4.336808689942E-16));
#3164 = VECTOR('',#3165,1.);
#3165 = DIRECTION('',(0.,0.,-1.));
#3166 = ORIENTED_EDGE('',*,*,#2887,.T.);
#3167 = ORIENTED_EDGE('',*,*,#3108,.F.);
#3168 = ORIENTED_EDGE('',*,*,#3169,.F.);
#3169 = EDGE_CURVE('',#3160,#3109,#3170,.T.);
#3170 = LINE('',#3171,#3172);
#3171 = CARTESIAN_POINT('',(1.525,-0.55,4.336808689942E-16));
#3172 = VECTOR('',#3173,1.);
#3173 = DIRECTION('',(1.,0.,0.));
#3174 = PLANE('',#3175);
#3175 = AXIS2_PLACEMENT_3D('',#3176,#3177,#3178);
#3176 = CARTESIAN_POINT('',(1.525,-0.55,9.E-02));
#3177 = DIRECTION('',(0.,-1.,0.));
#3178 = DIRECTION('',(0.,0.,-1.));
#3179 = ADVANCED_FACE('',(#3180),#3197,.F.);
#3180 = FACE_BOUND('',#3181,.T.);
#3181 = EDGE_LOOP('',(#3182,#3183,#3189,#3190,#3191));
#3182 = ORIENTED_EDGE('',*,*,#2473,.F.);
#3183 = ORIENTED_EDGE('',*,*,#3184,.T.);
#3184 = EDGE_CURVE('',#2466,#2416,#3185,.T.);
#3185 = LINE('',#3186,#3187);
#3186 = CARTESIAN_POINT('',(1.525,-1.7,0.66));
#3187 = VECTOR('',#3188,1.);
#3188 = DIRECTION('',(0.,0.,1.));
#3189 = ORIENTED_EDGE('',*,*,#2441,.F.);
#3190 = ORIENTED_EDGE('',*,*,#2566,.F.);
#3191 = ORIENTED_EDGE('',*,*,#3192,.F.);
#3192 = EDGE_CURVE('',#2474,#2567,#3193,.T.);
#3193 = LINE('',#3194,#3195);
#3194 = CARTESIAN_POINT('',(1.525,-1.385319534335,0.66));
#3195 = VECTOR('',#3196,1.);
#3196 = DIRECTION('',(0.,8.715574274766E-02,0.996194698092));
#3197 = PLANE('',#3198);
#3198 = AXIS2_PLACEMENT_3D('',#3199,#3200,#3201);
#3199 = CARTESIAN_POINT('',(1.525,-3.6,-4.E-02));
#3200 = DIRECTION('',(1.,0.,0.));
#3201 = DIRECTION('',(-0.,1.,0.));
#3202 = ADVANCED_FACE('',(#3203),#3214,.F.);
#3203 = FACE_BOUND('',#3204,.T.);
#3204 = EDGE_LOOP('',(#3205,#3206,#3207,#3208));
#3205 = ORIENTED_EDGE('',*,*,#2606,.F.);
#3206 = ORIENTED_EDGE('',*,*,#2552,.F.);
#3207 = ORIENTED_EDGE('',*,*,#2495,.F.);
#3208 = ORIENTED_EDGE('',*,*,#3209,.T.);
#3209 = EDGE_CURVE('',#2496,#2607,#3210,.T.);
#3210 = LINE('',#3211,#3212);
#3211 = CARTESIAN_POINT('',(1.525,-0.883409615563,0.66));
#3212 = VECTOR('',#3213,1.);
#3213 = DIRECTION('',(0.,8.715574274766E-02,0.996194698092));
#3214 = PLANE('',#3215);
#3215 = AXIS2_PLACEMENT_3D('',#3216,#3217,#3218);
#3216 = CARTESIAN_POINT('',(1.525,-3.6,-4.E-02));
#3217 = DIRECTION('',(1.,0.,0.));
#3218 = DIRECTION('',(-0.,1.,0.));
#3219 = ADVANCED_FACE('',(#3220),#3231,.F.);
#3220 = FACE_BOUND('',#3221,.T.);
#3221 = EDGE_LOOP('',(#3222,#3223,#3224,#3225));
#3222 = ORIENTED_EDGE('',*,*,#2710,.F.);
#3223 = ORIENTED_EDGE('',*,*,#2686,.F.);
#3224 = ORIENTED_EDGE('',*,*,#2628,.F.);
#3225 = ORIENTED_EDGE('',*,*,#3226,.T.);
#3226 = EDGE_CURVE('',#2629,#2711,#3227,.T.);
#3227 = LINE('',#3228,#3229);
#3228 = CARTESIAN_POINT('',(1.525,-2.951001715803,0.25));
#3229 = VECTOR('',#3230,1.);
#3230 = DIRECTION('',(0.,-1.,0.));
#3231 = PLANE('',#3232);
#3232 = AXIS2_PLACEMENT_3D('',#3233,#3234,#3235);
#3233 = CARTESIAN_POINT('',(1.525,-3.6,-4.E-02));
#3234 = DIRECTION('',(1.,0.,0.));
#3235 = DIRECTION('',(-0.,1.,0.));
#3236 = ADVANCED_FACE('',(#3237),#3249,.F.);
#3237 = FACE_BOUND('',#3238,.T.);
#3238 = EDGE_LOOP('',(#3239,#3240,#3241,#3242,#3243));
#3239 = ORIENTED_EDGE('',*,*,#2846,.F.);
#3240 = ORIENTED_EDGE('',*,*,#2822,.F.);
#3241 = ORIENTED_EDGE('',*,*,#2790,.F.);
#3242 = ORIENTED_EDGE('',*,*,#2732,.F.);
#3243 = ORIENTED_EDGE('',*,*,#3244,.F.);
#3244 = EDGE_CURVE('',#2837,#2733,#3245,.T.);
#3245 = LINE('',#3246,#3247);
#3246 = CARTESIAN_POINT('',(1.525,-2.936544907633,0.66));
#3247 = VECTOR('',#3248,1.);
#3248 = DIRECTION('',(0.,-1.,0.));
#3249 = PLANE('',#3250);
#3250 = AXIS2_PLACEMENT_3D('',#3251,#3252,#3253);
#3251 = CARTESIAN_POINT('',(1.525,-3.6,-4.E-02));
#3252 = DIRECTION('',(1.,0.,0.));
#3253 = DIRECTION('',(-0.,1.,0.));
#3254 = ADVANCED_FACE('',(#3255),#3293,.F.);
#3255 = FACE_BOUND('',#3256,.T.);
#3256 = EDGE_LOOP('',(#3257,#3267,#3275,#3281,#3282,#3283,#3284,#3285,
    #3286,#3287));
#3257 = ORIENTED_EDGE('',*,*,#3258,.T.);
#3258 = EDGE_CURVE('',#3259,#3261,#3263,.T.);
#3259 = VERTEX_POINT('',#3260);
#3260 = CARTESIAN_POINT('',(1.525,-0.51,4.336808689942E-16));
#3261 = VERTEX_POINT('',#3262);
#3262 = CARTESIAN_POINT('',(1.525,-0.51,0.21));
#3263 = LINE('',#3264,#3265);
#3264 = CARTESIAN_POINT('',(1.525,-0.51,4.336808689942E-16));
#3265 = VECTOR('',#3266,1.);
#3266 = DIRECTION('',(0.,0.,1.));
#3267 = ORIENTED_EDGE('',*,*,#3268,.F.);
#3268 = EDGE_CURVE('',#3269,#3261,#3271,.T.);
#3269 = VERTEX_POINT('',#3270);
#3270 = CARTESIAN_POINT('',(1.525,-1.7,0.21));
#3271 = LINE('',#3272,#3273);
#3272 = CARTESIAN_POINT('',(1.525,-1.7,0.21));
#3273 = VECTOR('',#3274,1.);
#3274 = DIRECTION('',(0.,1.,0.));
#3275 = ORIENTED_EDGE('',*,*,#3276,.T.);
#3276 = EDGE_CURVE('',#3269,#3012,#3277,.T.);
#3277 = LINE('',#3278,#3279);
#3278 = CARTESIAN_POINT('',(1.525,-1.7,0.21));
#3279 = VECTOR('',#3280,1.);
#3280 = DIRECTION('',(0.,0.,1.));
#3281 = ORIENTED_EDGE('',*,*,#3011,.F.);
#3282 = ORIENTED_EDGE('',*,*,#2988,.F.);
#3283 = ORIENTED_EDGE('',*,*,#2957,.F.);
#3284 = ORIENTED_EDGE('',*,*,#2926,.F.);
#3285 = ORIENTED_EDGE('',*,*,#2895,.F.);
#3286 = ORIENTED_EDGE('',*,*,#3159,.F.);
#3287 = ORIENTED_EDGE('',*,*,#3288,.T.);
#3288 = EDGE_CURVE('',#3160,#3259,#3289,.T.);
#3289 = LINE('',#3290,#3291);
#3290 = CARTESIAN_POINT('',(1.525,-0.55,4.336808689942E-16));
#3291 = VECTOR('',#3292,1.);
#3292 = DIRECTION('',(0.,1.,0.));
#3293 = PLANE('',#3294);
#3294 = AXIS2_PLACEMENT_3D('',#3295,#3296,#3297);
#3295 = CARTESIAN_POINT('',(1.525,-3.6,-4.E-02));
#3296 = DIRECTION('',(1.,0.,0.));
#3297 = DIRECTION('',(-0.,1.,0.));
#3298 = ADVANCED_FACE('',(#3299),#3333,.T.);
#3299 = FACE_BOUND('',#3300,.T.);
#3300 = EDGE_LOOP('',(#3301,#3311,#3319,#3327));
#3301 = ORIENTED_EDGE('',*,*,#3302,.T.);
#3302 = EDGE_CURVE('',#3303,#3305,#3307,.T.);
#3303 = VERTEX_POINT('',#3304);
#3304 = CARTESIAN_POINT('',(2.025,-1.7,0.84));
#3305 = VERTEX_POINT('',#3306);
#3306 = CARTESIAN_POINT('',(2.175,-1.7,0.84));
#3307 = LINE('',#3308,#3309);
#3308 = CARTESIAN_POINT('',(2.025,-1.7,0.84));
#3309 = VECTOR('',#3310,1.);
#3310 = DIRECTION('',(1.,0.,0.));
#3311 = ORIENTED_EDGE('',*,*,#3312,.F.);
#3312 = EDGE_CURVE('',#3313,#3305,#3315,.T.);
#3313 = VERTEX_POINT('',#3314);
#3314 = CARTESIAN_POINT('',(2.175,-1.5,0.84));
#3315 = LINE('',#3316,#3317);
#3316 = CARTESIAN_POINT('',(2.175,-1.5,0.84));
#3317 = VECTOR('',#3318,1.);
#3318 = DIRECTION('',(0.,-1.,0.));
#3319 = ORIENTED_EDGE('',*,*,#3320,.F.);
#3320 = EDGE_CURVE('',#3321,#3313,#3323,.T.);
#3321 = VERTEX_POINT('',#3322);
#3322 = CARTESIAN_POINT('',(2.025,-1.5,0.84));
#3323 = LINE('',#3324,#3325);
#3324 = CARTESIAN_POINT('',(2.025,-1.5,0.84));
#3325 = VECTOR('',#3326,1.);
#3326 = DIRECTION('',(1.,0.,0.));
#3327 = ORIENTED_EDGE('',*,*,#3328,.T.);
#3328 = EDGE_CURVE('',#3321,#3303,#3329,.T.);
#3329 = LINE('',#3330,#3331);
#3330 = CARTESIAN_POINT('',(2.025,-1.5,0.84));
#3331 = VECTOR('',#3332,1.);
#3332 = DIRECTION('',(0.,-1.,0.));
#3333 = PLANE('',#3334);
#3334 = AXIS2_PLACEMENT_3D('',#3335,#3336,#3337);
#3335 = CARTESIAN_POINT('',(2.025,-1.5,0.84));
#3336 = DIRECTION('',(0.,0.,1.));
#3337 = DIRECTION('',(0.,-1.,0.));
#3338 = ADVANCED_FACE('',(#3339),#3373,.T.);
#3339 = FACE_BOUND('',#3340,.T.);
#3340 = EDGE_LOOP('',(#3341,#3351,#3359,#3367));
#3341 = ORIENTED_EDGE('',*,*,#3342,.F.);
#3342 = EDGE_CURVE('',#3343,#3345,#3347,.T.);
#3343 = VERTEX_POINT('',#3344);
#3344 = CARTESIAN_POINT('',(2.175,-1.7,0.66));
#3345 = VERTEX_POINT('',#3346);
#3346 = CARTESIAN_POINT('',(2.175,-1.385319534335,0.66));
#3347 = LINE('',#3348,#3349);
#3348 = CARTESIAN_POINT('',(2.175,-1.7,0.66));
#3349 = VECTOR('',#3350,1.);
#3350 = DIRECTION('',(0.,1.,0.));
#3351 = ORIENTED_EDGE('',*,*,#3352,.F.);
#3352 = EDGE_CURVE('',#3353,#3343,#3355,.T.);
#3353 = VERTEX_POINT('',#3354);
#3354 = CARTESIAN_POINT('',(2.025,-1.7,0.66));
#3355 = LINE('',#3356,#3357);
#3356 = CARTESIAN_POINT('',(2.025,-1.7,0.66));
#3357 = VECTOR('',#3358,1.);
#3358 = DIRECTION('',(1.,0.,0.));
#3359 = ORIENTED_EDGE('',*,*,#3360,.T.);
#3360 = EDGE_CURVE('',#3353,#3361,#3363,.T.);
#3361 = VERTEX_POINT('',#3362);
#3362 = CARTESIAN_POINT('',(2.025,-1.385319534335,0.66));
#3363 = LINE('',#3364,#3365);
#3364 = CARTESIAN_POINT('',(2.025,-1.7,0.66));
#3365 = VECTOR('',#3366,1.);
#3366 = DIRECTION('',(0.,1.,0.));
#3367 = ORIENTED_EDGE('',*,*,#3368,.T.);
#3368 = EDGE_CURVE('',#3361,#3345,#3369,.T.);
#3369 = LINE('',#3370,#3371);
#3370 = CARTESIAN_POINT('',(2.025,-1.385319534335,0.66));
#3371 = VECTOR('',#3372,1.);
#3372 = DIRECTION('',(1.,0.,0.));
#3373 = PLANE('',#3374);
#3374 = AXIS2_PLACEMENT_3D('',#3375,#3376,#3377);
#3375 = CARTESIAN_POINT('',(2.025,-2.936544907633,0.66));
#3376 = DIRECTION('',(0.,0.,-1.));
#3377 = DIRECTION('',(0.,1.,0.));
#3378 = ADVANCED_FACE('',(#3379),#3413,.T.);
#3379 = FACE_BOUND('',#3380,.T.);
#3380 = EDGE_LOOP('',(#3381,#3391,#3399,#3407));
#3381 = ORIENTED_EDGE('',*,*,#3382,.T.);
#3382 = EDGE_CURVE('',#3383,#3385,#3387,.T.);
#3383 = VERTEX_POINT('',#3384);
#3384 = CARTESIAN_POINT('',(2.025,-0.883409615563,0.66));
#3385 = VERTEX_POINT('',#3386);
#3386 = CARTESIAN_POINT('',(2.025,-0.82,0.66));
#3387 = LINE('',#3388,#3389);
#3388 = CARTESIAN_POINT('',(2.025,-0.883409615563,0.66));
#3389 = VECTOR('',#3390,1.);
#3390 = DIRECTION('',(0.,1.,0.));
#3391 = ORIENTED_EDGE('',*,*,#3392,.T.);
#3392 = EDGE_CURVE('',#3385,#3393,#3395,.T.);
#3393 = VERTEX_POINT('',#3394);
#3394 = CARTESIAN_POINT('',(2.175,-0.82,0.66));
#3395 = LINE('',#3396,#3397);
#3396 = CARTESIAN_POINT('',(2.025,-0.82,0.66));
#3397 = VECTOR('',#3398,1.);
#3398 = DIRECTION('',(1.,0.,0.));
#3399 = ORIENTED_EDGE('',*,*,#3400,.F.);
#3400 = EDGE_CURVE('',#3401,#3393,#3403,.T.);
#3401 = VERTEX_POINT('',#3402);
#3402 = CARTESIAN_POINT('',(2.175,-0.883409615563,0.66));
#3403 = LINE('',#3404,#3405);
#3404 = CARTESIAN_POINT('',(2.175,-0.883409615563,0.66));
#3405 = VECTOR('',#3406,1.);
#3406 = DIRECTION('',(0.,1.,0.));
#3407 = ORIENTED_EDGE('',*,*,#3408,.F.);
#3408 = EDGE_CURVE('',#3383,#3401,#3409,.T.);
#3409 = LINE('',#3410,#3411);
#3410 = CARTESIAN_POINT('',(2.025,-0.883409615563,0.66));
#3411 = VECTOR('',#3412,1.);
#3412 = DIRECTION('',(1.,0.,0.));
#3413 = PLANE('',#3414);
#3414 = AXIS2_PLACEMENT_3D('',#3415,#3416,#3417);
#3415 = CARTESIAN_POINT('',(2.025,-2.936544907633,0.66));
#3416 = DIRECTION('',(0.,0.,-1.));
#3417 = DIRECTION('',(0.,1.,0.));
#3418 = ADVANCED_FACE('',(#3419),#3444,.T.);
#3419 = FACE_BOUND('',#3420,.T.);
#3420 = EDGE_LOOP('',(#3421,#3431,#3437,#3438));
#3421 = ORIENTED_EDGE('',*,*,#3422,.T.);
#3422 = EDGE_CURVE('',#3423,#3425,#3427,.T.);
#3423 = VERTEX_POINT('',#3424);
#3424 = CARTESIAN_POINT('',(2.025,-0.82,0.78));
#3425 = VERTEX_POINT('',#3426);
#3426 = CARTESIAN_POINT('',(2.175,-0.82,0.78));
#3427 = LINE('',#3428,#3429);
#3428 = CARTESIAN_POINT('',(2.025,-0.82,0.78));
#3429 = VECTOR('',#3430,1.);
#3430 = DIRECTION('',(1.,0.,0.));
#3431 = ORIENTED_EDGE('',*,*,#3432,.F.);
#3432 = EDGE_CURVE('',#3393,#3425,#3433,.T.);
#3433 = LINE('',#3434,#3435);
#3434 = CARTESIAN_POINT('',(2.175,-0.82,0.66));
#3435 = VECTOR('',#3436,1.);
#3436 = DIRECTION('',(0.,0.,1.));
#3437 = ORIENTED_EDGE('',*,*,#3392,.F.);
#3438 = ORIENTED_EDGE('',*,*,#3439,.T.);
#3439 = EDGE_CURVE('',#3385,#3423,#3440,.T.);
#3440 = LINE('',#3441,#3442);
#3441 = CARTESIAN_POINT('',(2.025,-0.82,0.66));
#3442 = VECTOR('',#3443,1.);
#3443 = DIRECTION('',(0.,0.,1.));
#3444 = PLANE('',#3445);
#3445 = AXIS2_PLACEMENT_3D('',#3446,#3447,#3448);
#3446 = CARTESIAN_POINT('',(2.025,-0.82,0.66));
#3447 = DIRECTION('',(0.,1.,0.));
#3448 = DIRECTION('',(0.,-0.,1.));
#3449 = ADVANCED_FACE('',(#3450),#3475,.T.);
#3450 = FACE_BOUND('',#3451,.T.);
#3451 = EDGE_LOOP('',(#3452,#3460,#3461,#3469));
#3452 = ORIENTED_EDGE('',*,*,#3453,.T.);
#3453 = EDGE_CURVE('',#3454,#3321,#3456,.T.);
#3454 = VERTEX_POINT('',#3455);
#3455 = CARTESIAN_POINT('',(2.025,-1.370570715645,0.828579769027));
#3456 = LINE('',#3457,#3458);
#3457 = CARTESIAN_POINT('',(2.025,-1.370570715645,0.828579769027));
#3458 = VECTOR('',#3459,1.);
#3459 = DIRECTION('',(0.,-0.996129850025,8.789381029636E-02));
#3460 = ORIENTED_EDGE('',*,*,#3320,.T.);
#3461 = ORIENTED_EDGE('',*,*,#3462,.F.);
#3462 = EDGE_CURVE('',#3463,#3313,#3465,.T.);
#3463 = VERTEX_POINT('',#3464);
#3464 = CARTESIAN_POINT('',(2.175,-1.370570715645,0.828579769027));
#3465 = LINE('',#3466,#3467);
#3466 = CARTESIAN_POINT('',(2.175,-1.370570715645,0.828579769027));
#3467 = VECTOR('',#3468,1.);
#3468 = DIRECTION('',(0.,-0.996129850025,8.789381029636E-02));
#3469 = ORIENTED_EDGE('',*,*,#3470,.F.);
#3470 = EDGE_CURVE('',#3454,#3463,#3471,.T.);
#3471 = LINE('',#3472,#3473);
#3472 = CARTESIAN_POINT('',(2.025,-1.370570715645,0.828579769027));
#3473 = VECTOR('',#3474,1.);
#3474 = DIRECTION('',(1.,0.,0.));
#3475 = PLANE('',#3476);
#3476 = AXIS2_PLACEMENT_3D('',#3477,#3478,#3479);
#3477 = CARTESIAN_POINT('',(2.025,-0.82,0.78));
#3478 = DIRECTION('',(0.,8.789381029636E-02,0.996129850025));
#3479 = DIRECTION('',(0.,-0.996129850025,8.789381029636E-02));
#3480 = ADVANCED_FACE('',(#3481),#3506,.T.);
#3481 = FACE_BOUND('',#3482,.T.);
#3482 = EDGE_LOOP('',(#3483,#3491,#3492,#3500));
#3483 = ORIENTED_EDGE('',*,*,#3484,.F.);
#3484 = EDGE_CURVE('',#3425,#3485,#3487,.T.);
#3485 = VERTEX_POINT('',#3486);
#3486 = CARTESIAN_POINT('',(2.175,-0.872505653926,0.784632851817));
#3487 = LINE('',#3488,#3489);
#3488 = CARTESIAN_POINT('',(2.175,-0.82,0.78));
#3489 = VECTOR('',#3490,1.);
#3490 = DIRECTION('',(0.,-0.996129850025,8.789381029636E-02));
#3491 = ORIENTED_EDGE('',*,*,#3422,.F.);
#3492 = ORIENTED_EDGE('',*,*,#3493,.T.);
#3493 = EDGE_CURVE('',#3423,#3494,#3496,.T.);
#3494 = VERTEX_POINT('',#3495);
#3495 = CARTESIAN_POINT('',(2.025,-0.872505653926,0.784632851817));
#3496 = LINE('',#3497,#3498);
#3497 = CARTESIAN_POINT('',(2.025,-0.82,0.78));
#3498 = VECTOR('',#3499,1.);
#3499 = DIRECTION('',(0.,-0.996129850025,8.789381029636E-02));
#3500 = ORIENTED_EDGE('',*,*,#3501,.T.);
#3501 = EDGE_CURVE('',#3494,#3485,#3502,.T.);
#3502 = LINE('',#3503,#3504);
#3503 = CARTESIAN_POINT('',(2.025,-0.872505653926,0.784632851817));
#3504 = VECTOR('',#3505,1.);
#3505 = DIRECTION('',(1.,0.,0.));
#3506 = PLANE('',#3507);
#3507 = AXIS2_PLACEMENT_3D('',#3508,#3509,#3510);
#3508 = CARTESIAN_POINT('',(2.025,-0.82,0.78));
#3509 = DIRECTION('',(0.,8.789381029636E-02,0.996129850025));
#3510 = DIRECTION('',(0.,-0.996129850025,8.789381029636E-02));
#3511 = ADVANCED_FACE('',(#3512),#3546,.T.);
#3512 = FACE_BOUND('',#3513,.T.);
#3513 = EDGE_LOOP('',(#3514,#3524,#3532,#3540));
#3514 = ORIENTED_EDGE('',*,*,#3515,.T.);
#3515 = EDGE_CURVE('',#3516,#3518,#3520,.T.);
#3516 = VERTEX_POINT('',#3517);
#3517 = CARTESIAN_POINT('',(2.025,-2.951001715803,0.25));
#3518 = VERTEX_POINT('',#3519);
#3519 = CARTESIAN_POINT('',(2.025,-2.989358222275,0.295711504387));
#3520 = LINE('',#3521,#3522);
#3521 = CARTESIAN_POINT('',(2.025,-2.951001715803,0.25));
#3522 = VECTOR('',#3523,1.);
#3523 = DIRECTION('',(0.,-0.642787609687,0.766044443119));
#3524 = ORIENTED_EDGE('',*,*,#3525,.T.);
#3525 = EDGE_CURVE('',#3518,#3526,#3528,.T.);
#3526 = VERTEX_POINT('',#3527);
#3527 = CARTESIAN_POINT('',(2.175,-2.989358222275,0.295711504387));
#3528 = LINE('',#3529,#3530);
#3529 = CARTESIAN_POINT('',(2.025,-2.989358222275,0.295711504387));
#3530 = VECTOR('',#3531,1.);
#3531 = DIRECTION('',(1.,0.,0.));
#3532 = ORIENTED_EDGE('',*,*,#3533,.F.);
#3533 = EDGE_CURVE('',#3534,#3526,#3536,.T.);
#3534 = VERTEX_POINT('',#3535);
#3535 = CARTESIAN_POINT('',(2.175,-2.951001715803,0.25));
#3536 = LINE('',#3537,#3538);
#3537 = CARTESIAN_POINT('',(2.175,-2.951001715803,0.25));
#3538 = VECTOR('',#3539,1.);
#3539 = DIRECTION('',(0.,-0.642787609687,0.766044443119));
#3540 = ORIENTED_EDGE('',*,*,#3541,.F.);
#3541 = EDGE_CURVE('',#3516,#3534,#3542,.T.);
#3542 = LINE('',#3543,#3544);
#3543 = CARTESIAN_POINT('',(2.025,-2.951001715803,0.25));
#3544 = VECTOR('',#3545,1.);
#3545 = DIRECTION('',(1.,0.,0.));
#3546 = PLANE('',#3547);
#3547 = AXIS2_PLACEMENT_3D('',#3548,#3549,#3550);
#3548 = CARTESIAN_POINT('',(2.025,-2.93421972318,0.23));
#3549 = DIRECTION('',(0.,0.766044443119,0.642787609687));
#3550 = DIRECTION('',(0.,-0.642787609687,0.766044443119));
#3551 = ADVANCED_FACE('',(#3552),#3579,.T.);
#3552 = FACE_BOUND('',#3553,.T.);
#3553 = EDGE_LOOP('',(#3554,#3564,#3571,#3572));
#3554 = ORIENTED_EDGE('',*,*,#3555,.T.);
#3555 = EDGE_CURVE('',#3556,#3558,#3560,.T.);
#3556 = VERTEX_POINT('',#3557);
#3557 = CARTESIAN_POINT('',(2.025,-3.039963609098,0.304662000978));
#3558 = VERTEX_POINT('',#3559);
#3559 = CARTESIAN_POINT('',(2.175,-3.039963609098,0.304662000978));
#3560 = LINE('',#3561,#3562);
#3561 = CARTESIAN_POINT('',(2.025,-3.039963609098,0.304662000978));
#3562 = VECTOR('',#3563,1.);
#3563 = DIRECTION('',(1.,0.,0.));
#3564 = ORIENTED_EDGE('',*,*,#3565,.F.);
#3565 = EDGE_CURVE('',#3526,#3558,#3566,.T.);
#3566 = CIRCLE('',#3567,4.E-02);
#3567 = AXIS2_PLACEMENT_3D('',#3568,#3569,#3570);
#3568 = CARTESIAN_POINT('',(2.175,-3.02,0.27));
#3569 = DIRECTION('',(1.,0.,0.));
#3570 = DIRECTION('',(-0.,0.766044443119,0.642787609687));
#3571 = ORIENTED_EDGE('',*,*,#3525,.F.);
#3572 = ORIENTED_EDGE('',*,*,#3573,.T.);
#3573 = EDGE_CURVE('',#3518,#3556,#3574,.T.);
#3574 = CIRCLE('',#3575,4.E-02);
#3575 = AXIS2_PLACEMENT_3D('',#3576,#3577,#3578);
#3576 = CARTESIAN_POINT('',(2.025,-3.02,0.27));
#3577 = DIRECTION('',(1.,0.,0.));
#3578 = DIRECTION('',(-0.,0.766044443119,0.642787609687));
#3579 = CYLINDRICAL_SURFACE('',#3580,4.E-02);
#3580 = AXIS2_PLACEMENT_3D('',#3581,#3582,#3583);
#3581 = CARTESIAN_POINT('',(2.025,-3.02,0.27));
#3582 = DIRECTION('',(1.,0.,0.));
#3583 = DIRECTION('',(-0.,1.,0.));
#3584 = ADVANCED_FACE('',(#3585),#3610,.T.);
#3585 = FACE_BOUND('',#3586,.T.);
#3586 = EDGE_LOOP('',(#3587,#3595,#3596,#3604));
#3587 = ORIENTED_EDGE('',*,*,#3588,.F.);
#3588 = EDGE_CURVE('',#3558,#3589,#3591,.T.);
#3589 = VERTEX_POINT('',#3590);
#3590 = CARTESIAN_POINT('',(2.175,-3.134871013966,0.25));
#3591 = LINE('',#3592,#3593);
#3592 = CARTESIAN_POINT('',(2.175,-3.039963609098,0.304662000978));
#3593 = VECTOR('',#3594,1.);
#3594 = DIRECTION('',(0.,-0.866550024439,-0.499090227459));
#3595 = ORIENTED_EDGE('',*,*,#3555,.F.);
#3596 = ORIENTED_EDGE('',*,*,#3597,.T.);
#3597 = EDGE_CURVE('',#3556,#3598,#3600,.T.);
#3598 = VERTEX_POINT('',#3599);
#3599 = CARTESIAN_POINT('',(2.025,-3.134871013966,0.25));
#3600 = LINE('',#3601,#3602);
#3601 = CARTESIAN_POINT('',(2.025,-3.039963609098,0.304662000978));
#3602 = VECTOR('',#3603,1.);
#3603 = DIRECTION('',(0.,-0.866550024439,-0.499090227459));
#3604 = ORIENTED_EDGE('',*,*,#3605,.T.);
#3605 = EDGE_CURVE('',#3598,#3589,#3606,.T.);
#3606 = LINE('',#3607,#3608);
#3607 = CARTESIAN_POINT('',(2.025,-3.134871013966,0.25));
#3608 = VECTOR('',#3609,1.);
#3609 = DIRECTION('',(1.,0.,0.));
#3610 = PLANE('',#3611);
#3611 = AXIS2_PLACEMENT_3D('',#3612,#3613,#3614);
#3612 = CARTESIAN_POINT('',(2.025,-3.039963609098,0.304662000978));
#3613 = DIRECTION('',(0.,-0.499090227459,0.866550024439));
#3614 = DIRECTION('',(0.,-0.866550024439,-0.499090227459));
#3615 = ADVANCED_FACE('',(#3616),#3650,.T.);
#3616 = FACE_BOUND('',#3617,.T.);
#3617 = EDGE_LOOP('',(#3618,#3628,#3636,#3644));
#3618 = ORIENTED_EDGE('',*,*,#3619,.T.);
#3619 = EDGE_CURVE('',#3620,#3622,#3624,.T.);
#3620 = VERTEX_POINT('',#3621);
#3621 = CARTESIAN_POINT('',(2.025,-3.172705922612,0.66));
#3622 = VERTEX_POINT('',#3623);
#3623 = CARTESIAN_POINT('',(2.025,-3.034152621563,0.607587391124));
#3624 = LINE('',#3625,#3626);
#3625 = CARTESIAN_POINT('',(2.025,-3.172705922612,0.66));
#3626 = VECTOR('',#3627,1.);
#3627 = DIRECTION('',(0.,0.935315221896,-0.353815539072));
#3628 = ORIENTED_EDGE('',*,*,#3629,.T.);
#3629 = EDGE_CURVE('',#3622,#3630,#3632,.T.);
#3630 = VERTEX_POINT('',#3631);
#3631 = CARTESIAN_POINT('',(2.175,-3.034152621563,0.607587391124));
#3632 = LINE('',#3633,#3634);
#3633 = CARTESIAN_POINT('',(2.025,-3.034152621563,0.607587391124));
#3634 = VECTOR('',#3635,1.);
#3635 = DIRECTION('',(1.,0.,0.));
#3636 = ORIENTED_EDGE('',*,*,#3637,.F.);
#3637 = EDGE_CURVE('',#3638,#3630,#3640,.T.);
#3638 = VERTEX_POINT('',#3639);
#3639 = CARTESIAN_POINT('',(2.175,-3.172705922612,0.66));
#3640 = LINE('',#3641,#3642);
#3641 = CARTESIAN_POINT('',(2.175,-3.172705922612,0.66));
#3642 = VECTOR('',#3643,1.);
#3643 = DIRECTION('',(0.,0.935315221896,-0.353815539072));
#3644 = ORIENTED_EDGE('',*,*,#3645,.F.);
#3645 = EDGE_CURVE('',#3620,#3638,#3646,.T.);
#3646 = LINE('',#3647,#3648);
#3647 = CARTESIAN_POINT('',(2.025,-3.172705922612,0.66));
#3648 = VECTOR('',#3649,1.);
#3649 = DIRECTION('',(1.,0.,0.));
#3650 = PLANE('',#3651);
#3651 = AXIS2_PLACEMENT_3D('',#3652,#3653,#3654);
#3652 = CARTESIAN_POINT('',(2.025,-3.207690776954,0.673234238905));
#3653 = DIRECTION('',(0.,-0.353815539072,-0.935315221896));
#3654 = DIRECTION('',(0.,0.935315221896,-0.353815539072));
#3655 = ADVANCED_FACE('',(#3656),#3683,.T.);
#3656 = FACE_BOUND('',#3657,.T.);
#3657 = EDGE_LOOP('',(#3658,#3668,#3675,#3676));
#3658 = ORIENTED_EDGE('',*,*,#3659,.T.);
#3659 = EDGE_CURVE('',#3660,#3662,#3664,.T.);
#3660 = VERTEX_POINT('',#3661);
#3661 = CARTESIAN_POINT('',(2.025,-2.989358222275,0.619288495612));
#3662 = VERTEX_POINT('',#3663);
#3663 = CARTESIAN_POINT('',(2.175,-2.989358222275,0.619288495612));
#3664 = LINE('',#3665,#3666);
#3665 = CARTESIAN_POINT('',(2.025,-2.989358222275,0.619288495612));
#3666 = VECTOR('',#3667,1.);
#3667 = DIRECTION('',(1.,0.,0.));
#3668 = ORIENTED_EDGE('',*,*,#3669,.F.);
#3669 = EDGE_CURVE('',#3630,#3662,#3670,.T.);
#3670 = CIRCLE('',#3671,4.E-02);
#3671 = AXIS2_PLACEMENT_3D('',#3672,#3673,#3674);
#3672 = CARTESIAN_POINT('',(2.175,-3.02,0.645));
#3673 = DIRECTION('',(1.,0.,0.));
#3674 = DIRECTION('',(0.,-0.353815539072,-0.935315221896));
#3675 = ORIENTED_EDGE('',*,*,#3629,.F.);
#3676 = ORIENTED_EDGE('',*,*,#3677,.T.);
#3677 = EDGE_CURVE('',#3622,#3660,#3678,.T.);
#3678 = CIRCLE('',#3679,4.E-02);
#3679 = AXIS2_PLACEMENT_3D('',#3680,#3681,#3682);
#3680 = CARTESIAN_POINT('',(2.025,-3.02,0.645));
#3681 = DIRECTION('',(1.,0.,0.));
#3682 = DIRECTION('',(0.,-0.353815539072,-0.935315221896));
#3683 = CYLINDRICAL_SURFACE('',#3684,4.E-02);
#3684 = AXIS2_PLACEMENT_3D('',#3685,#3686,#3687);
#3685 = CARTESIAN_POINT('',(2.025,-3.02,0.645));
#3686 = DIRECTION('',(1.,0.,0.));
#3687 = DIRECTION('',(-0.,1.,0.));
#3688 = ADVANCED_FACE('',(#3689),#3714,.T.);
#3689 = FACE_BOUND('',#3690,.T.);
#3690 = EDGE_LOOP('',(#3691,#3701,#3707,#3708));
#3691 = ORIENTED_EDGE('',*,*,#3692,.T.);
#3692 = EDGE_CURVE('',#3693,#3695,#3697,.T.);
#3693 = VERTEX_POINT('',#3694);
#3694 = CARTESIAN_POINT('',(2.025,-2.967186685358,0.645711504388));
#3695 = VERTEX_POINT('',#3696);
#3696 = CARTESIAN_POINT('',(2.175,-2.967186685358,0.645711504388));
#3697 = LINE('',#3698,#3699);
#3698 = CARTESIAN_POINT('',(2.025,-2.967186685358,0.645711504388));
#3699 = VECTOR('',#3700,1.);
#3700 = DIRECTION('',(1.,0.,0.));
#3701 = ORIENTED_EDGE('',*,*,#3702,.F.);
#3702 = EDGE_CURVE('',#3662,#3695,#3703,.T.);
#3703 = LINE('',#3704,#3705);
#3704 = CARTESIAN_POINT('',(2.175,-2.989358222275,0.619288495612));
#3705 = VECTOR('',#3706,1.);
#3706 = DIRECTION('',(0.,0.642787609687,0.766044443119));
#3707 = ORIENTED_EDGE('',*,*,#3659,.F.);
#3708 = ORIENTED_EDGE('',*,*,#3709,.T.);
#3709 = EDGE_CURVE('',#3660,#3693,#3710,.T.);
#3710 = LINE('',#3711,#3712);
#3711 = CARTESIAN_POINT('',(2.025,-2.989358222275,0.619288495612));
#3712 = VECTOR('',#3713,1.);
#3713 = DIRECTION('',(0.,0.642787609687,0.766044443119));
#3714 = PLANE('',#3715);
#3715 = AXIS2_PLACEMENT_3D('',#3716,#3717,#3718);
#3716 = CARTESIAN_POINT('',(2.025,-2.989358222275,0.619288495612));
#3717 = DIRECTION('',(0.,0.766044443119,-0.642787609687));
#3718 = DIRECTION('',(0.,0.642787609687,0.766044443119));
#3719 = ADVANCED_FACE('',(#3720),#3747,.F.);
#3720 = FACE_BOUND('',#3721,.F.);
#3721 = EDGE_LOOP('',(#3722,#3732,#3739,#3740));
#3722 = ORIENTED_EDGE('',*,*,#3723,.F.);
#3723 = EDGE_CURVE('',#3724,#3726,#3728,.T.);
#3724 = VERTEX_POINT('',#3725);
#3725 = CARTESIAN_POINT('',(2.025,-2.936544907633,0.66));
#3726 = VERTEX_POINT('',#3727);
#3727 = CARTESIAN_POINT('',(2.175,-2.936544907633,0.66));
#3728 = LINE('',#3729,#3730);
#3729 = CARTESIAN_POINT('',(2.025,-2.936544907633,0.66));
#3730 = VECTOR('',#3731,1.);
#3731 = DIRECTION('',(1.,0.,0.));
#3732 = ORIENTED_EDGE('',*,*,#3733,.F.);
#3733 = EDGE_CURVE('',#3693,#3724,#3734,.T.);
#3734 = CIRCLE('',#3735,4.E-02);
#3735 = AXIS2_PLACEMENT_3D('',#3736,#3737,#3738);
#3736 = CARTESIAN_POINT('',(2.025,-2.936544907633,0.62));
#3737 = DIRECTION('',(-1.,0.,0.));
#3738 = DIRECTION('',(0.,-0.766044443119,0.642787609687));
#3739 = ORIENTED_EDGE('',*,*,#3692,.T.);
#3740 = ORIENTED_EDGE('',*,*,#3741,.T.);
#3741 = EDGE_CURVE('',#3695,#3726,#3742,.T.);
#3742 = CIRCLE('',#3743,4.E-02);
#3743 = AXIS2_PLACEMENT_3D('',#3744,#3745,#3746);
#3744 = CARTESIAN_POINT('',(2.175,-2.936544907633,0.62));
#3745 = DIRECTION('',(-1.,0.,0.));
#3746 = DIRECTION('',(0.,-0.766044443119,0.642787609687));
#3747 = CYLINDRICAL_SURFACE('',#3748,4.E-02);
#3748 = AXIS2_PLACEMENT_3D('',#3749,#3750,#3751);
#3749 = CARTESIAN_POINT('',(2.025,-2.936544907633,0.62));
#3750 = DIRECTION('',(1.,0.,0.));
#3751 = DIRECTION('',(-0.,1.,0.));
#3752 = ADVANCED_FACE('',(#3753),#3787,.T.);
#3753 = FACE_BOUND('',#3754,.T.);
#3754 = EDGE_LOOP('',(#3755,#3765,#3773,#3781));
#3755 = ORIENTED_EDGE('',*,*,#3756,.T.);
#3756 = EDGE_CURVE('',#3757,#3759,#3761,.T.);
#3757 = VERTEX_POINT('',#3758);
#3758 = CARTESIAN_POINT('',(2.025,-5.E-02,-6.E-02));
#3759 = VERTEX_POINT('',#3760);
#3760 = CARTESIAN_POINT('',(2.175,-5.E-02,-6.E-02));
#3761 = LINE('',#3762,#3763);
#3762 = CARTESIAN_POINT('',(2.025,-5.E-02,-6.E-02));
#3763 = VECTOR('',#3764,1.);
#3764 = DIRECTION('',(1.,0.,0.));
#3765 = ORIENTED_EDGE('',*,*,#3766,.F.);
#3766 = EDGE_CURVE('',#3767,#3759,#3769,.T.);
#3767 = VERTEX_POINT('',#3768);
#3768 = CARTESIAN_POINT('',(2.175,-0.55,-6.E-02));
#3769 = LINE('',#3770,#3771);
#3770 = CARTESIAN_POINT('',(2.175,-0.55,-6.E-02));
#3771 = VECTOR('',#3772,1.);
#3772 = DIRECTION('',(0.,1.,0.));
#3773 = ORIENTED_EDGE('',*,*,#3774,.F.);
#3774 = EDGE_CURVE('',#3775,#3767,#3777,.T.);
#3775 = VERTEX_POINT('',#3776);
#3776 = CARTESIAN_POINT('',(2.025,-0.55,-6.E-02));
#3777 = LINE('',#3778,#3779);
#3778 = CARTESIAN_POINT('',(2.025,-0.55,-6.E-02));
#3779 = VECTOR('',#3780,1.);
#3780 = DIRECTION('',(1.,0.,0.));
#3781 = ORIENTED_EDGE('',*,*,#3782,.T.);
#3782 = EDGE_CURVE('',#3775,#3757,#3783,.T.);
#3783 = LINE('',#3784,#3785);
#3784 = CARTESIAN_POINT('',(2.025,-0.55,-6.E-02));
#3785 = VECTOR('',#3786,1.);
#3786 = DIRECTION('',(0.,1.,0.));
#3787 = PLANE('',#3788);
#3788 = AXIS2_PLACEMENT_3D('',#3789,#3790,#3791);
#3789 = CARTESIAN_POINT('',(2.025,-0.55,-6.E-02));
#3790 = DIRECTION('',(0.,0.,-1.));
#3791 = DIRECTION('',(0.,1.,0.));
#3792 = ADVANCED_FACE('',(#3793),#3818,.T.);
#3793 = FACE_BOUND('',#3794,.T.);
#3794 = EDGE_LOOP('',(#3795,#3805,#3811,#3812));
#3795 = ORIENTED_EDGE('',*,*,#3796,.T.);
#3796 = EDGE_CURVE('',#3797,#3799,#3801,.T.);
#3797 = VERTEX_POINT('',#3798);
#3798 = CARTESIAN_POINT('',(2.025,-5.E-02,0.13));
#3799 = VERTEX_POINT('',#3800);
#3800 = CARTESIAN_POINT('',(2.175,-5.E-02,0.13));
#3801 = LINE('',#3802,#3803);
#3802 = CARTESIAN_POINT('',(2.025,-5.E-02,0.13));
#3803 = VECTOR('',#3804,1.);
#3804 = DIRECTION('',(1.,0.,0.));
#3805 = ORIENTED_EDGE('',*,*,#3806,.F.);
#3806 = EDGE_CURVE('',#3759,#3799,#3807,.T.);
#3807 = LINE('',#3808,#3809);
#3808 = CARTESIAN_POINT('',(2.175,-5.E-02,-6.E-02));
#3809 = VECTOR('',#3810,1.);
#3810 = DIRECTION('',(0.,0.,1.));
#3811 = ORIENTED_EDGE('',*,*,#3756,.F.);
#3812 = ORIENTED_EDGE('',*,*,#3813,.T.);
#3813 = EDGE_CURVE('',#3757,#3797,#3814,.T.);
#3814 = LINE('',#3815,#3816);
#3815 = CARTESIAN_POINT('',(2.025,-5.E-02,-6.E-02));
#3816 = VECTOR('',#3817,1.);
#3817 = DIRECTION('',(0.,0.,1.));
#3818 = PLANE('',#3819);
#3819 = AXIS2_PLACEMENT_3D('',#3820,#3821,#3822);
#3820 = CARTESIAN_POINT('',(2.025,-5.E-02,-6.E-02));
#3821 = DIRECTION('',(0.,1.,0.));
#3822 = DIRECTION('',(0.,-0.,1.));
#3823 = ADVANCED_FACE('',(#3824),#3849,.T.);
#3824 = FACE_BOUND('',#3825,.T.);
#3825 = EDGE_LOOP('',(#3826,#3836,#3842,#3843));
#3826 = ORIENTED_EDGE('',*,*,#3827,.T.);
#3827 = EDGE_CURVE('',#3828,#3830,#3832,.T.);
#3828 = VERTEX_POINT('',#3829);
#3829 = CARTESIAN_POINT('',(2.025,-0.25,0.13));
#3830 = VERTEX_POINT('',#3831);
#3831 = CARTESIAN_POINT('',(2.175,-0.25,0.13));
#3832 = LINE('',#3833,#3834);
#3833 = CARTESIAN_POINT('',(2.025,-0.25,0.13));
#3834 = VECTOR('',#3835,1.);
#3835 = DIRECTION('',(1.,0.,0.));
#3836 = ORIENTED_EDGE('',*,*,#3837,.F.);
#3837 = EDGE_CURVE('',#3799,#3830,#3838,.T.);
#3838 = LINE('',#3839,#3840);
#3839 = CARTESIAN_POINT('',(2.175,-5.E-02,0.13));
#3840 = VECTOR('',#3841,1.);
#3841 = DIRECTION('',(0.,-1.,0.));
#3842 = ORIENTED_EDGE('',*,*,#3796,.F.);
#3843 = ORIENTED_EDGE('',*,*,#3844,.T.);
#3844 = EDGE_CURVE('',#3797,#3828,#3845,.T.);
#3845 = LINE('',#3846,#3847);
#3846 = CARTESIAN_POINT('',(2.025,-5.E-02,0.13));
#3847 = VECTOR('',#3848,1.);
#3848 = DIRECTION('',(0.,-1.,0.));
#3849 = PLANE('',#3850);
#3850 = AXIS2_PLACEMENT_3D('',#3851,#3852,#3853);
#3851 = CARTESIAN_POINT('',(2.025,-5.E-02,0.13));
#3852 = DIRECTION('',(0.,0.,1.));
#3853 = DIRECTION('',(0.,-1.,0.));
#3854 = ADVANCED_FACE('',(#3855),#3880,.T.);
#3855 = FACE_BOUND('',#3856,.T.);
#3856 = EDGE_LOOP('',(#3857,#3867,#3873,#3874));
#3857 = ORIENTED_EDGE('',*,*,#3858,.T.);
#3858 = EDGE_CURVE('',#3859,#3861,#3863,.T.);
#3859 = VERTEX_POINT('',#3860);
#3860 = CARTESIAN_POINT('',(2.025,-0.25,0.23));
#3861 = VERTEX_POINT('',#3862);
#3862 = CARTESIAN_POINT('',(2.175,-0.25,0.23));
#3863 = LINE('',#3864,#3865);
#3864 = CARTESIAN_POINT('',(2.025,-0.25,0.23));
#3865 = VECTOR('',#3866,1.);
#3866 = DIRECTION('',(1.,0.,0.));
#3867 = ORIENTED_EDGE('',*,*,#3868,.F.);
#3868 = EDGE_CURVE('',#3830,#3861,#3869,.T.);
#3869 = LINE('',#3870,#3871);
#3870 = CARTESIAN_POINT('',(2.175,-0.25,0.13));
#3871 = VECTOR('',#3872,1.);
#3872 = DIRECTION('',(0.,0.,1.));
#3873 = ORIENTED_EDGE('',*,*,#3827,.F.);
#3874 = ORIENTED_EDGE('',*,*,#3875,.T.);
#3875 = EDGE_CURVE('',#3828,#3859,#3876,.T.);
#3876 = LINE('',#3877,#3878);
#3877 = CARTESIAN_POINT('',(2.025,-0.25,0.13));
#3878 = VECTOR('',#3879,1.);
#3879 = DIRECTION('',(0.,0.,1.));
#3880 = PLANE('',#3881);
#3881 = AXIS2_PLACEMENT_3D('',#3882,#3883,#3884);
#3882 = CARTESIAN_POINT('',(2.025,-0.25,0.13));
#3883 = DIRECTION('',(0.,1.,0.));
#3884 = DIRECTION('',(0.,-0.,1.));
#3885 = ADVANCED_FACE('',(#3886),#3911,.T.);
#3886 = FACE_BOUND('',#3887,.T.);
#3887 = EDGE_LOOP('',(#3888,#3896,#3897,#3905));
#3888 = ORIENTED_EDGE('',*,*,#3889,.F.);
#3889 = EDGE_CURVE('',#3861,#3890,#3892,.T.);
#3890 = VERTEX_POINT('',#3891);
#3891 = CARTESIAN_POINT('',(2.175,-1.7,0.23));
#3892 = LINE('',#3893,#3894);
#3893 = CARTESIAN_POINT('',(2.175,-0.25,0.23));
#3894 = VECTOR('',#3895,1.);
#3895 = DIRECTION('',(0.,-1.,0.));
#3896 = ORIENTED_EDGE('',*,*,#3858,.F.);
#3897 = ORIENTED_EDGE('',*,*,#3898,.T.);
#3898 = EDGE_CURVE('',#3859,#3899,#3901,.T.);
#3899 = VERTEX_POINT('',#3900);
#3900 = CARTESIAN_POINT('',(2.025,-1.7,0.23));
#3901 = LINE('',#3902,#3903);
#3902 = CARTESIAN_POINT('',(2.025,-0.25,0.23));
#3903 = VECTOR('',#3904,1.);
#3904 = DIRECTION('',(0.,-1.,0.));
#3905 = ORIENTED_EDGE('',*,*,#3906,.T.);
#3906 = EDGE_CURVE('',#3899,#3890,#3907,.T.);
#3907 = LINE('',#3908,#3909);
#3908 = CARTESIAN_POINT('',(2.025,-1.7,0.23));
#3909 = VECTOR('',#3910,1.);
#3910 = DIRECTION('',(1.,0.,0.));
#3911 = PLANE('',#3912);
#3912 = AXIS2_PLACEMENT_3D('',#3913,#3914,#3915);
#3913 = CARTESIAN_POINT('',(2.025,-0.25,0.23));
#3914 = DIRECTION('',(0.,0.,1.));
#3915 = DIRECTION('',(0.,-1.,0.));
#3916 = ADVANCED_FACE('',(#3917),#3934,.T.);
#3917 = FACE_BOUND('',#3918,.T.);
#3918 = EDGE_LOOP('',(#3919,#3920,#3921,#3927,#3928));
#3919 = ORIENTED_EDGE('',*,*,#3462,.T.);
#3920 = ORIENTED_EDGE('',*,*,#3312,.T.);
#3921 = ORIENTED_EDGE('',*,*,#3922,.F.);
#3922 = EDGE_CURVE('',#3343,#3305,#3923,.T.);
#3923 = LINE('',#3924,#3925);
#3924 = CARTESIAN_POINT('',(2.175,-1.7,0.66));
#3925 = VECTOR('',#3926,1.);
#3926 = DIRECTION('',(0.,0.,1.));
#3927 = ORIENTED_EDGE('',*,*,#3342,.T.);
#3928 = ORIENTED_EDGE('',*,*,#3929,.T.);
#3929 = EDGE_CURVE('',#3345,#3463,#3930,.T.);
#3930 = LINE('',#3931,#3932);
#3931 = CARTESIAN_POINT('',(2.175,-1.385319534335,0.66));
#3932 = VECTOR('',#3933,1.);
#3933 = DIRECTION('',(0.,8.715574274766E-02,0.996194698092));
#3934 = PLANE('',#3935);
#3935 = AXIS2_PLACEMENT_3D('',#3936,#3937,#3938);
#3936 = CARTESIAN_POINT('',(2.175,-3.6,-4.E-02));
#3937 = DIRECTION('',(1.,0.,0.));
#3938 = DIRECTION('',(-0.,1.,0.));
#3939 = ADVANCED_FACE('',(#3940),#3951,.T.);
#3940 = FACE_BOUND('',#3941,.T.);
#3941 = EDGE_LOOP('',(#3942,#3943,#3944,#3945));
#3942 = ORIENTED_EDGE('',*,*,#3400,.T.);
#3943 = ORIENTED_EDGE('',*,*,#3432,.T.);
#3944 = ORIENTED_EDGE('',*,*,#3484,.T.);
#3945 = ORIENTED_EDGE('',*,*,#3946,.F.);
#3946 = EDGE_CURVE('',#3401,#3485,#3947,.T.);
#3947 = LINE('',#3948,#3949);
#3948 = CARTESIAN_POINT('',(2.175,-0.883409615563,0.66));
#3949 = VECTOR('',#3950,1.);
#3950 = DIRECTION('',(0.,8.715574274766E-02,0.996194698092));
#3951 = PLANE('',#3952);
#3952 = AXIS2_PLACEMENT_3D('',#3953,#3954,#3955);
#3953 = CARTESIAN_POINT('',(2.175,-3.6,-4.E-02));
#3954 = DIRECTION('',(1.,0.,0.));
#3955 = DIRECTION('',(-0.,1.,0.));
#3956 = ADVANCED_FACE('',(#3957),#3968,.T.);
#3957 = FACE_BOUND('',#3958,.T.);
#3958 = EDGE_LOOP('',(#3959,#3960,#3961,#3962));
#3959 = ORIENTED_EDGE('',*,*,#3533,.T.);
#3960 = ORIENTED_EDGE('',*,*,#3565,.T.);
#3961 = ORIENTED_EDGE('',*,*,#3588,.T.);
#3962 = ORIENTED_EDGE('',*,*,#3963,.F.);
#3963 = EDGE_CURVE('',#3534,#3589,#3964,.T.);
#3964 = LINE('',#3965,#3966);
#3965 = CARTESIAN_POINT('',(2.175,-2.951001715803,0.25));
#3966 = VECTOR('',#3967,1.);
#3967 = DIRECTION('',(0.,-1.,0.));
#3968 = PLANE('',#3969);
#3969 = AXIS2_PLACEMENT_3D('',#3970,#3971,#3972);
#3970 = CARTESIAN_POINT('',(2.175,-3.6,-4.E-02));
#3971 = DIRECTION('',(1.,0.,0.));
#3972 = DIRECTION('',(-0.,1.,0.));
#3973 = ADVANCED_FACE('',(#3974),#3986,.T.);
#3974 = FACE_BOUND('',#3975,.T.);
#3975 = EDGE_LOOP('',(#3976,#3977,#3978,#3979,#3980));
#3976 = ORIENTED_EDGE('',*,*,#3637,.T.);
#3977 = ORIENTED_EDGE('',*,*,#3669,.T.);
#3978 = ORIENTED_EDGE('',*,*,#3702,.T.);
#3979 = ORIENTED_EDGE('',*,*,#3741,.T.);
#3980 = ORIENTED_EDGE('',*,*,#3981,.T.);
#3981 = EDGE_CURVE('',#3726,#3638,#3982,.T.);
#3982 = LINE('',#3983,#3984);
#3983 = CARTESIAN_POINT('',(2.175,-2.936544907633,0.66));
#3984 = VECTOR('',#3985,1.);
#3985 = DIRECTION('',(0.,-1.,0.));
#3986 = PLANE('',#3987);
#3987 = AXIS2_PLACEMENT_3D('',#3988,#3989,#3990);
#3988 = CARTESIAN_POINT('',(2.175,-3.6,-4.E-02));
#3989 = DIRECTION('',(1.,0.,0.));
#3990 = DIRECTION('',(-0.,1.,0.));
#3991 = ADVANCED_FACE('',(#3992),#4037,.T.);
#3992 = FACE_BOUND('',#3993,.T.);
#3993 = EDGE_LOOP('',(#3994,#4002,#4003,#4004,#4005,#4006,#4007,#4015,
    #4023,#4031));
#3994 = ORIENTED_EDGE('',*,*,#3995,.T.);
#3995 = EDGE_CURVE('',#3996,#3767,#3998,.T.);
#3996 = VERTEX_POINT('',#3997);
#3997 = CARTESIAN_POINT('',(2.175,-0.55,4.336808689942E-16));
#3998 = LINE('',#3999,#4000);
#3999 = CARTESIAN_POINT('',(2.175,-0.55,4.336808689942E-16));
#4000 = VECTOR('',#4001,1.);
#4001 = DIRECTION('',(0.,0.,-1.));
#4002 = ORIENTED_EDGE('',*,*,#3766,.T.);
#4003 = ORIENTED_EDGE('',*,*,#3806,.T.);
#4004 = ORIENTED_EDGE('',*,*,#3837,.T.);
#4005 = ORIENTED_EDGE('',*,*,#3868,.T.);
#4006 = ORIENTED_EDGE('',*,*,#3889,.T.);
#4007 = ORIENTED_EDGE('',*,*,#4008,.F.);
#4008 = EDGE_CURVE('',#4009,#3890,#4011,.T.);
#4009 = VERTEX_POINT('',#4010);
#4010 = CARTESIAN_POINT('',(2.175,-1.7,0.21));
#4011 = LINE('',#4012,#4013);
#4012 = CARTESIAN_POINT('',(2.175,-1.7,0.21));
#4013 = VECTOR('',#4014,1.);
#4014 = DIRECTION('',(0.,0.,1.));
#4015 = ORIENTED_EDGE('',*,*,#4016,.T.);
#4016 = EDGE_CURVE('',#4009,#4017,#4019,.T.);
#4017 = VERTEX_POINT('',#4018);
#4018 = CARTESIAN_POINT('',(2.175,-0.51,0.21));
#4019 = LINE('',#4020,#4021);
#4020 = CARTESIAN_POINT('',(2.175,-1.7,0.21));
#4021 = VECTOR('',#4022,1.);
#4022 = DIRECTION('',(0.,1.,0.));
#4023 = ORIENTED_EDGE('',*,*,#4024,.F.);
#4024 = EDGE_CURVE('',#4025,#4017,#4027,.T.);
#4025 = VERTEX_POINT('',#4026);
#4026 = CARTESIAN_POINT('',(2.175,-0.51,4.336808689942E-16));
#4027 = LINE('',#4028,#4029);
#4028 = CARTESIAN_POINT('',(2.175,-0.51,4.336808689942E-16));
#4029 = VECTOR('',#4030,1.);
#4030 = DIRECTION('',(0.,0.,1.));
#4031 = ORIENTED_EDGE('',*,*,#4032,.F.);
#4032 = EDGE_CURVE('',#3996,#4025,#4033,.T.);
#4033 = LINE('',#4034,#4035);
#4034 = CARTESIAN_POINT('',(2.175,-0.55,4.336808689942E-16));
#4035 = VECTOR('',#4036,1.);
#4036 = DIRECTION('',(0.,1.,0.));
#4037 = PLANE('',#4038);
#4038 = AXIS2_PLACEMENT_3D('',#4039,#4040,#4041);
#4039 = CARTESIAN_POINT('',(2.175,-3.6,-4.E-02));
#4040 = DIRECTION('',(1.,0.,0.));
#4041 = DIRECTION('',(-0.,1.,0.));
#4042 = ADVANCED_FACE('',(#4043),#4061,.T.);
#4043 = FACE_BOUND('',#4044,.T.);
#4044 = EDGE_LOOP('',(#4045,#4053,#4054,#4055));
#4045 = ORIENTED_EDGE('',*,*,#4046,.T.);
#4046 = EDGE_CURVE('',#4047,#3775,#4049,.T.);
#4047 = VERTEX_POINT('',#4048);
#4048 = CARTESIAN_POINT('',(2.025,-0.55,4.336808689942E-16));
#4049 = LINE('',#4050,#4051);
#4050 = CARTESIAN_POINT('',(2.025,-0.55,4.336808689942E-16));
#4051 = VECTOR('',#4052,1.);
#4052 = DIRECTION('',(0.,0.,-1.));
#4053 = ORIENTED_EDGE('',*,*,#3774,.T.);
#4054 = ORIENTED_EDGE('',*,*,#3995,.F.);
#4055 = ORIENTED_EDGE('',*,*,#4056,.F.);
#4056 = EDGE_CURVE('',#4047,#3996,#4057,.T.);
#4057 = LINE('',#4058,#4059);
#4058 = CARTESIAN_POINT('',(2.025,-0.55,4.336808689942E-16));
#4059 = VECTOR('',#4060,1.);
#4060 = DIRECTION('',(1.,0.,0.));
#4061 = PLANE('',#4062);
#4062 = AXIS2_PLACEMENT_3D('',#4063,#4064,#4065);
#4063 = CARTESIAN_POINT('',(2.025,-0.55,9.E-02));
#4064 = DIRECTION('',(0.,-1.,0.));
#4065 = DIRECTION('',(0.,0.,-1.));
#4066 = ADVANCED_FACE('',(#4067),#4084,.F.);
#4067 = FACE_BOUND('',#4068,.T.);
#4068 = EDGE_LOOP('',(#4069,#4070,#4076,#4077,#4078));
#4069 = ORIENTED_EDGE('',*,*,#3360,.F.);
#4070 = ORIENTED_EDGE('',*,*,#4071,.T.);
#4071 = EDGE_CURVE('',#3353,#3303,#4072,.T.);
#4072 = LINE('',#4073,#4074);
#4073 = CARTESIAN_POINT('',(2.025,-1.7,0.66));
#4074 = VECTOR('',#4075,1.);
#4075 = DIRECTION('',(0.,0.,1.));
#4076 = ORIENTED_EDGE('',*,*,#3328,.F.);
#4077 = ORIENTED_EDGE('',*,*,#3453,.F.);
#4078 = ORIENTED_EDGE('',*,*,#4079,.F.);
#4079 = EDGE_CURVE('',#3361,#3454,#4080,.T.);
#4080 = LINE('',#4081,#4082);
#4081 = CARTESIAN_POINT('',(2.025,-1.385319534335,0.66));
#4082 = VECTOR('',#4083,1.);
#4083 = DIRECTION('',(0.,8.715574274766E-02,0.996194698092));
#4084 = PLANE('',#4085);
#4085 = AXIS2_PLACEMENT_3D('',#4086,#4087,#4088);
#4086 = CARTESIAN_POINT('',(2.025,-3.6,-4.E-02));
#4087 = DIRECTION('',(1.,0.,0.));
#4088 = DIRECTION('',(-0.,1.,0.));
#4089 = ADVANCED_FACE('',(#4090),#4101,.F.);
#4090 = FACE_BOUND('',#4091,.T.);
#4091 = EDGE_LOOP('',(#4092,#4093,#4094,#4095));
#4092 = ORIENTED_EDGE('',*,*,#3493,.F.);
#4093 = ORIENTED_EDGE('',*,*,#3439,.F.);
#4094 = ORIENTED_EDGE('',*,*,#3382,.F.);
#4095 = ORIENTED_EDGE('',*,*,#4096,.T.);
#4096 = EDGE_CURVE('',#3383,#3494,#4097,.T.);
#4097 = LINE('',#4098,#4099);
#4098 = CARTESIAN_POINT('',(2.025,-0.883409615563,0.66));
#4099 = VECTOR('',#4100,1.);
#4100 = DIRECTION('',(0.,8.715574274766E-02,0.996194698092));
#4101 = PLANE('',#4102);
#4102 = AXIS2_PLACEMENT_3D('',#4103,#4104,#4105);
#4103 = CARTESIAN_POINT('',(2.025,-3.6,-4.E-02));
#4104 = DIRECTION('',(1.,0.,0.));
#4105 = DIRECTION('',(-0.,1.,0.));
#4106 = ADVANCED_FACE('',(#4107),#4118,.F.);
#4107 = FACE_BOUND('',#4108,.T.);
#4108 = EDGE_LOOP('',(#4109,#4110,#4111,#4112));
#4109 = ORIENTED_EDGE('',*,*,#3597,.F.);
#4110 = ORIENTED_EDGE('',*,*,#3573,.F.);
#4111 = ORIENTED_EDGE('',*,*,#3515,.F.);
#4112 = ORIENTED_EDGE('',*,*,#4113,.T.);
#4113 = EDGE_CURVE('',#3516,#3598,#4114,.T.);
#4114 = LINE('',#4115,#4116);
#4115 = CARTESIAN_POINT('',(2.025,-2.951001715803,0.25));
#4116 = VECTOR('',#4117,1.);
#4117 = DIRECTION('',(0.,-1.,0.));
#4118 = PLANE('',#4119);
#4119 = AXIS2_PLACEMENT_3D('',#4120,#4121,#4122);
#4120 = CARTESIAN_POINT('',(2.025,-3.6,-4.E-02));
#4121 = DIRECTION('',(1.,0.,0.));
#4122 = DIRECTION('',(-0.,1.,0.));
#4123 = ADVANCED_FACE('',(#4124),#4136,.F.);
#4124 = FACE_BOUND('',#4125,.T.);
#4125 = EDGE_LOOP('',(#4126,#4127,#4128,#4129,#4130));
#4126 = ORIENTED_EDGE('',*,*,#3733,.F.);
#4127 = ORIENTED_EDGE('',*,*,#3709,.F.);
#4128 = ORIENTED_EDGE('',*,*,#3677,.F.);
#4129 = ORIENTED_EDGE('',*,*,#3619,.F.);
#4130 = ORIENTED_EDGE('',*,*,#4131,.F.);
#4131 = EDGE_CURVE('',#3724,#3620,#4132,.T.);
#4132 = LINE('',#4133,#4134);
#4133 = CARTESIAN_POINT('',(2.025,-2.936544907633,0.66));
#4134 = VECTOR('',#4135,1.);
#4135 = DIRECTION('',(0.,-1.,0.));
#4136 = PLANE('',#4137);
#4137 = AXIS2_PLACEMENT_3D('',#4138,#4139,#4140);
#4138 = CARTESIAN_POINT('',(2.025,-3.6,-4.E-02));
#4139 = DIRECTION('',(1.,0.,0.));
#4140 = DIRECTION('',(-0.,1.,0.));
#4141 = ADVANCED_FACE('',(#4142),#4180,.F.);
#4142 = FACE_BOUND('',#4143,.T.);
#4143 = EDGE_LOOP('',(#4144,#4154,#4162,#4168,#4169,#4170,#4171,#4172,
    #4173,#4174));
#4144 = ORIENTED_EDGE('',*,*,#4145,.T.);
#4145 = EDGE_CURVE('',#4146,#4148,#4150,.T.);
#4146 = VERTEX_POINT('',#4147);
#4147 = CARTESIAN_POINT('',(2.025,-0.51,4.336808689942E-16));
#4148 = VERTEX_POINT('',#4149);
#4149 = CARTESIAN_POINT('',(2.025,-0.51,0.21));
#4150 = LINE('',#4151,#4152);
#4151 = CARTESIAN_POINT('',(2.025,-0.51,4.336808689942E-16));
#4152 = VECTOR('',#4153,1.);
#4153 = DIRECTION('',(0.,0.,1.));
#4154 = ORIENTED_EDGE('',*,*,#4155,.F.);
#4155 = EDGE_CURVE('',#4156,#4148,#4158,.T.);
#4156 = VERTEX_POINT('',#4157);
#4157 = CARTESIAN_POINT('',(2.025,-1.7,0.21));
#4158 = LINE('',#4159,#4160);
#4159 = CARTESIAN_POINT('',(2.025,-1.7,0.21));
#4160 = VECTOR('',#4161,1.);
#4161 = DIRECTION('',(0.,1.,0.));
#4162 = ORIENTED_EDGE('',*,*,#4163,.T.);
#4163 = EDGE_CURVE('',#4156,#3899,#4164,.T.);
#4164 = LINE('',#4165,#4166);
#4165 = CARTESIAN_POINT('',(2.025,-1.7,0.21));
#4166 = VECTOR('',#4167,1.);
#4167 = DIRECTION('',(0.,0.,1.));
#4168 = ORIENTED_EDGE('',*,*,#3898,.F.);
#4169 = ORIENTED_EDGE('',*,*,#3875,.F.);
#4170 = ORIENTED_EDGE('',*,*,#3844,.F.);
#4171 = ORIENTED_EDGE('',*,*,#3813,.F.);
#4172 = ORIENTED_EDGE('',*,*,#3782,.F.);
#4173 = ORIENTED_EDGE('',*,*,#4046,.F.);
#4174 = ORIENTED_EDGE('',*,*,#4175,.T.);
#4175 = EDGE_CURVE('',#4047,#4146,#4176,.T.);
#4176 = LINE('',#4177,#4178);
#4177 = CARTESIAN_POINT('',(2.025,-0.55,4.336808689942E-16));
#4178 = VECTOR('',#4179,1.);
#4179 = DIRECTION('',(0.,1.,0.));
#4180 = PLANE('',#4181);
#4181 = AXIS2_PLACEMENT_3D('',#4182,#4183,#4184);
#4182 = CARTESIAN_POINT('',(2.025,-3.6,-4.E-02));
#4183 = DIRECTION('',(1.,0.,0.));
#4184 = DIRECTION('',(-0.,1.,0.));
#4185 = ADVANCED_FACE('',(#4186),#4220,.T.);
#4186 = FACE_BOUND('',#4187,.T.);
#4187 = EDGE_LOOP('',(#4188,#4198,#4206,#4214));
#4188 = ORIENTED_EDGE('',*,*,#4189,.T.);
#4189 = EDGE_CURVE('',#4190,#4192,#4194,.T.);
#4190 = VERTEX_POINT('',#4191);
#4191 = CARTESIAN_POINT('',(2.525,-1.7,0.84));
#4192 = VERTEX_POINT('',#4193);
#4193 = CARTESIAN_POINT('',(2.675,-1.7,0.84));
#4194 = LINE('',#4195,#4196);
#4195 = CARTESIAN_POINT('',(2.525,-1.7,0.84));
#4196 = VECTOR('',#4197,1.);
#4197 = DIRECTION('',(1.,0.,0.));
#4198 = ORIENTED_EDGE('',*,*,#4199,.F.);
#4199 = EDGE_CURVE('',#4200,#4192,#4202,.T.);
#4200 = VERTEX_POINT('',#4201);
#4201 = CARTESIAN_POINT('',(2.675,-1.5,0.84));
#4202 = LINE('',#4203,#4204);
#4203 = CARTESIAN_POINT('',(2.675,-1.5,0.84));
#4204 = VECTOR('',#4205,1.);
#4205 = DIRECTION('',(0.,-1.,0.));
#4206 = ORIENTED_EDGE('',*,*,#4207,.F.);
#4207 = EDGE_CURVE('',#4208,#4200,#4210,.T.);
#4208 = VERTEX_POINT('',#4209);
#4209 = CARTESIAN_POINT('',(2.525,-1.5,0.84));
#4210 = LINE('',#4211,#4212);
#4211 = CARTESIAN_POINT('',(2.525,-1.5,0.84));
#4212 = VECTOR('',#4213,1.);
#4213 = DIRECTION('',(1.,0.,0.));
#4214 = ORIENTED_EDGE('',*,*,#4215,.T.);
#4215 = EDGE_CURVE('',#4208,#4190,#4216,.T.);
#4216 = LINE('',#4217,#4218);
#4217 = CARTESIAN_POINT('',(2.525,-1.5,0.84));
#4218 = VECTOR('',#4219,1.);
#4219 = DIRECTION('',(0.,-1.,0.));
#4220 = PLANE('',#4221);
#4221 = AXIS2_PLACEMENT_3D('',#4222,#4223,#4224);
#4222 = CARTESIAN_POINT('',(2.525,-1.5,0.84));
#4223 = DIRECTION('',(0.,0.,1.));
#4224 = DIRECTION('',(0.,-1.,0.));
#4225 = ADVANCED_FACE('',(#4226),#4260,.T.);
#4226 = FACE_BOUND('',#4227,.T.);
#4227 = EDGE_LOOP('',(#4228,#4238,#4246,#4254));
#4228 = ORIENTED_EDGE('',*,*,#4229,.F.);
#4229 = EDGE_CURVE('',#4230,#4232,#4234,.T.);
#4230 = VERTEX_POINT('',#4231);
#4231 = CARTESIAN_POINT('',(2.675,-1.7,0.66));
#4232 = VERTEX_POINT('',#4233);
#4233 = CARTESIAN_POINT('',(2.675,-1.385319534335,0.66));
#4234 = LINE('',#4235,#4236);
#4235 = CARTESIAN_POINT('',(2.675,-1.7,0.66));
#4236 = VECTOR('',#4237,1.);
#4237 = DIRECTION('',(0.,1.,0.));
#4238 = ORIENTED_EDGE('',*,*,#4239,.F.);
#4239 = EDGE_CURVE('',#4240,#4230,#4242,.T.);
#4240 = VERTEX_POINT('',#4241);
#4241 = CARTESIAN_POINT('',(2.525,-1.7,0.66));
#4242 = LINE('',#4243,#4244);
#4243 = CARTESIAN_POINT('',(2.525,-1.7,0.66));
#4244 = VECTOR('',#4245,1.);
#4245 = DIRECTION('',(1.,0.,0.));
#4246 = ORIENTED_EDGE('',*,*,#4247,.T.);
#4247 = EDGE_CURVE('',#4240,#4248,#4250,.T.);
#4248 = VERTEX_POINT('',#4249);
#4249 = CARTESIAN_POINT('',(2.525,-1.385319534335,0.66));
#4250 = LINE('',#4251,#4252);
#4251 = CARTESIAN_POINT('',(2.525,-1.7,0.66));
#4252 = VECTOR('',#4253,1.);
#4253 = DIRECTION('',(0.,1.,0.));
#4254 = ORIENTED_EDGE('',*,*,#4255,.T.);
#4255 = EDGE_CURVE('',#4248,#4232,#4256,.T.);
#4256 = LINE('',#4257,#4258);
#4257 = CARTESIAN_POINT('',(2.525,-1.385319534335,0.66));
#4258 = VECTOR('',#4259,1.);
#4259 = DIRECTION('',(1.,0.,0.));
#4260 = PLANE('',#4261);
#4261 = AXIS2_PLACEMENT_3D('',#4262,#4263,#4264);
#4262 = CARTESIAN_POINT('',(2.525,-2.936544907633,0.66));
#4263 = DIRECTION('',(0.,0.,-1.));
#4264 = DIRECTION('',(0.,1.,0.));
#4265 = ADVANCED_FACE('',(#4266),#4300,.T.);
#4266 = FACE_BOUND('',#4267,.T.);
#4267 = EDGE_LOOP('',(#4268,#4278,#4286,#4294));
#4268 = ORIENTED_EDGE('',*,*,#4269,.T.);
#4269 = EDGE_CURVE('',#4270,#4272,#4274,.T.);
#4270 = VERTEX_POINT('',#4271);
#4271 = CARTESIAN_POINT('',(2.525,-0.883409615563,0.66));
#4272 = VERTEX_POINT('',#4273);
#4273 = CARTESIAN_POINT('',(2.525,-0.82,0.66));
#4274 = LINE('',#4275,#4276);
#4275 = CARTESIAN_POINT('',(2.525,-0.883409615563,0.66));
#4276 = VECTOR('',#4277,1.);
#4277 = DIRECTION('',(0.,1.,0.));
#4278 = ORIENTED_EDGE('',*,*,#4279,.T.);
#4279 = EDGE_CURVE('',#4272,#4280,#4282,.T.);
#4280 = VERTEX_POINT('',#4281);
#4281 = CARTESIAN_POINT('',(2.675,-0.82,0.66));
#4282 = LINE('',#4283,#4284);
#4283 = CARTESIAN_POINT('',(2.525,-0.82,0.66));
#4284 = VECTOR('',#4285,1.);
#4285 = DIRECTION('',(1.,0.,0.));
#4286 = ORIENTED_EDGE('',*,*,#4287,.F.);
#4287 = EDGE_CURVE('',#4288,#4280,#4290,.T.);
#4288 = VERTEX_POINT('',#4289);
#4289 = CARTESIAN_POINT('',(2.675,-0.883409615563,0.66));
#4290 = LINE('',#4291,#4292);
#4291 = CARTESIAN_POINT('',(2.675,-0.883409615563,0.66));
#4292 = VECTOR('',#4293,1.);
#4293 = DIRECTION('',(0.,1.,0.));
#4294 = ORIENTED_EDGE('',*,*,#4295,.F.);
#4295 = EDGE_CURVE('',#4270,#4288,#4296,.T.);
#4296 = LINE('',#4297,#4298);
#4297 = CARTESIAN_POINT('',(2.525,-0.883409615563,0.66));
#4298 = VECTOR('',#4299,1.);
#4299 = DIRECTION('',(1.,0.,0.));
#4300 = PLANE('',#4301);
#4301 = AXIS2_PLACEMENT_3D('',#4302,#4303,#4304);
#4302 = CARTESIAN_POINT('',(2.525,-2.936544907633,0.66));
#4303 = DIRECTION('',(0.,0.,-1.));
#4304 = DIRECTION('',(0.,1.,0.));
#4305 = ADVANCED_FACE('',(#4306),#4331,.T.);
#4306 = FACE_BOUND('',#4307,.T.);
#4307 = EDGE_LOOP('',(#4308,#4318,#4324,#4325));
#4308 = ORIENTED_EDGE('',*,*,#4309,.T.);
#4309 = EDGE_CURVE('',#4310,#4312,#4314,.T.);
#4310 = VERTEX_POINT('',#4311);
#4311 = CARTESIAN_POINT('',(2.525,-0.82,0.78));
#4312 = VERTEX_POINT('',#4313);
#4313 = CARTESIAN_POINT('',(2.675,-0.82,0.78));
#4314 = LINE('',#4315,#4316);
#4315 = CARTESIAN_POINT('',(2.525,-0.82,0.78));
#4316 = VECTOR('',#4317,1.);
#4317 = DIRECTION('',(1.,0.,0.));
#4318 = ORIENTED_EDGE('',*,*,#4319,.F.);
#4319 = EDGE_CURVE('',#4280,#4312,#4320,.T.);
#4320 = LINE('',#4321,#4322);
#4321 = CARTESIAN_POINT('',(2.675,-0.82,0.66));
#4322 = VECTOR('',#4323,1.);
#4323 = DIRECTION('',(0.,0.,1.));
#4324 = ORIENTED_EDGE('',*,*,#4279,.F.);
#4325 = ORIENTED_EDGE('',*,*,#4326,.T.);
#4326 = EDGE_CURVE('',#4272,#4310,#4327,.T.);
#4327 = LINE('',#4328,#4329);
#4328 = CARTESIAN_POINT('',(2.525,-0.82,0.66));
#4329 = VECTOR('',#4330,1.);
#4330 = DIRECTION('',(0.,0.,1.));
#4331 = PLANE('',#4332);
#4332 = AXIS2_PLACEMENT_3D('',#4333,#4334,#4335);
#4333 = CARTESIAN_POINT('',(2.525,-0.82,0.66));
#4334 = DIRECTION('',(0.,1.,0.));
#4335 = DIRECTION('',(0.,-0.,1.));
#4336 = ADVANCED_FACE('',(#4337),#4362,.T.);
#4337 = FACE_BOUND('',#4338,.T.);
#4338 = EDGE_LOOP('',(#4339,#4347,#4348,#4356));
#4339 = ORIENTED_EDGE('',*,*,#4340,.T.);
#4340 = EDGE_CURVE('',#4341,#4208,#4343,.T.);
#4341 = VERTEX_POINT('',#4342);
#4342 = CARTESIAN_POINT('',(2.525,-1.370570715645,0.828579769027));
#4343 = LINE('',#4344,#4345);
#4344 = CARTESIAN_POINT('',(2.525,-1.370570715645,0.828579769027));
#4345 = VECTOR('',#4346,1.);
#4346 = DIRECTION('',(0.,-0.996129850025,8.789381029636E-02));
#4347 = ORIENTED_EDGE('',*,*,#4207,.T.);
#4348 = ORIENTED_EDGE('',*,*,#4349,.F.);
#4349 = EDGE_CURVE('',#4350,#4200,#4352,.T.);
#4350 = VERTEX_POINT('',#4351);
#4351 = CARTESIAN_POINT('',(2.675,-1.370570715645,0.828579769027));
#4352 = LINE('',#4353,#4354);
#4353 = CARTESIAN_POINT('',(2.675,-1.370570715645,0.828579769027));
#4354 = VECTOR('',#4355,1.);
#4355 = DIRECTION('',(0.,-0.996129850025,8.789381029636E-02));
#4356 = ORIENTED_EDGE('',*,*,#4357,.F.);
#4357 = EDGE_CURVE('',#4341,#4350,#4358,.T.);
#4358 = LINE('',#4359,#4360);
#4359 = CARTESIAN_POINT('',(2.525,-1.370570715645,0.828579769027));
#4360 = VECTOR('',#4361,1.);
#4361 = DIRECTION('',(1.,0.,0.));
#4362 = PLANE('',#4363);
#4363 = AXIS2_PLACEMENT_3D('',#4364,#4365,#4366);
#4364 = CARTESIAN_POINT('',(2.525,-0.82,0.78));
#4365 = DIRECTION('',(0.,8.789381029636E-02,0.996129850025));
#4366 = DIRECTION('',(0.,-0.996129850025,8.789381029636E-02));
#4367 = ADVANCED_FACE('',(#4368),#4393,.T.);
#4368 = FACE_BOUND('',#4369,.T.);
#4369 = EDGE_LOOP('',(#4370,#4378,#4379,#4387));
#4370 = ORIENTED_EDGE('',*,*,#4371,.F.);
#4371 = EDGE_CURVE('',#4312,#4372,#4374,.T.);
#4372 = VERTEX_POINT('',#4373);
#4373 = CARTESIAN_POINT('',(2.675,-0.872505653926,0.784632851817));
#4374 = LINE('',#4375,#4376);
#4375 = CARTESIAN_POINT('',(2.675,-0.82,0.78));
#4376 = VECTOR('',#4377,1.);
#4377 = DIRECTION('',(0.,-0.996129850025,8.789381029636E-02));
#4378 = ORIENTED_EDGE('',*,*,#4309,.F.);
#4379 = ORIENTED_EDGE('',*,*,#4380,.T.);
#4380 = EDGE_CURVE('',#4310,#4381,#4383,.T.);
#4381 = VERTEX_POINT('',#4382);
#4382 = CARTESIAN_POINT('',(2.525,-0.872505653926,0.784632851817));
#4383 = LINE('',#4384,#4385);
#4384 = CARTESIAN_POINT('',(2.525,-0.82,0.78));
#4385 = VECTOR('',#4386,1.);
#4386 = DIRECTION('',(0.,-0.996129850025,8.789381029636E-02));
#4387 = ORIENTED_EDGE('',*,*,#4388,.T.);
#4388 = EDGE_CURVE('',#4381,#4372,#4389,.T.);
#4389 = LINE('',#4390,#4391);
#4390 = CARTESIAN_POINT('',(2.525,-0.872505653926,0.784632851817));
#4391 = VECTOR('',#4392,1.);
#4392 = DIRECTION('',(1.,0.,0.));
#4393 = PLANE('',#4394);
#4394 = AXIS2_PLACEMENT_3D('',#4395,#4396,#4397);
#4395 = CARTESIAN_POINT('',(2.525,-0.82,0.78));
#4396 = DIRECTION('',(0.,8.789381029636E-02,0.996129850025));
#4397 = DIRECTION('',(0.,-0.996129850025,8.789381029636E-02));
#4398 = ADVANCED_FACE('',(#4399),#4433,.T.);
#4399 = FACE_BOUND('',#4400,.T.);
#4400 = EDGE_LOOP('',(#4401,#4411,#4419,#4427));
#4401 = ORIENTED_EDGE('',*,*,#4402,.T.);
#4402 = EDGE_CURVE('',#4403,#4405,#4407,.T.);
#4403 = VERTEX_POINT('',#4404);
#4404 = CARTESIAN_POINT('',(2.525,-2.951001715803,0.25));
#4405 = VERTEX_POINT('',#4406);
#4406 = CARTESIAN_POINT('',(2.525,-2.989358222275,0.295711504387));
#4407 = LINE('',#4408,#4409);
#4408 = CARTESIAN_POINT('',(2.525,-2.951001715803,0.25));
#4409 = VECTOR('',#4410,1.);
#4410 = DIRECTION('',(0.,-0.642787609687,0.766044443119));
#4411 = ORIENTED_EDGE('',*,*,#4412,.T.);
#4412 = EDGE_CURVE('',#4405,#4413,#4415,.T.);
#4413 = VERTEX_POINT('',#4414);
#4414 = CARTESIAN_POINT('',(2.675,-2.989358222275,0.295711504387));
#4415 = LINE('',#4416,#4417);
#4416 = CARTESIAN_POINT('',(2.525,-2.989358222275,0.295711504387));
#4417 = VECTOR('',#4418,1.);
#4418 = DIRECTION('',(1.,0.,0.));
#4419 = ORIENTED_EDGE('',*,*,#4420,.F.);
#4420 = EDGE_CURVE('',#4421,#4413,#4423,.T.);
#4421 = VERTEX_POINT('',#4422);
#4422 = CARTESIAN_POINT('',(2.675,-2.951001715803,0.25));
#4423 = LINE('',#4424,#4425);
#4424 = CARTESIAN_POINT('',(2.675,-2.951001715803,0.25));
#4425 = VECTOR('',#4426,1.);
#4426 = DIRECTION('',(0.,-0.642787609687,0.766044443119));
#4427 = ORIENTED_EDGE('',*,*,#4428,.F.);
#4428 = EDGE_CURVE('',#4403,#4421,#4429,.T.);
#4429 = LINE('',#4430,#4431);
#4430 = CARTESIAN_POINT('',(2.525,-2.951001715803,0.25));
#4431 = VECTOR('',#4432,1.);
#4432 = DIRECTION('',(1.,0.,0.));
#4433 = PLANE('',#4434);
#4434 = AXIS2_PLACEMENT_3D('',#4435,#4436,#4437);
#4435 = CARTESIAN_POINT('',(2.525,-2.93421972318,0.23));
#4436 = DIRECTION('',(0.,0.766044443119,0.642787609687));
#4437 = DIRECTION('',(0.,-0.642787609687,0.766044443119));
#4438 = ADVANCED_FACE('',(#4439),#4466,.T.);
#4439 = FACE_BOUND('',#4440,.T.);
#4440 = EDGE_LOOP('',(#4441,#4451,#4458,#4459));
#4441 = ORIENTED_EDGE('',*,*,#4442,.T.);
#4442 = EDGE_CURVE('',#4443,#4445,#4447,.T.);
#4443 = VERTEX_POINT('',#4444);
#4444 = CARTESIAN_POINT('',(2.525,-3.039963609098,0.304662000978));
#4445 = VERTEX_POINT('',#4446);
#4446 = CARTESIAN_POINT('',(2.675,-3.039963609098,0.304662000978));
#4447 = LINE('',#4448,#4449);
#4448 = CARTESIAN_POINT('',(2.525,-3.039963609098,0.304662000978));
#4449 = VECTOR('',#4450,1.);
#4450 = DIRECTION('',(1.,0.,0.));
#4451 = ORIENTED_EDGE('',*,*,#4452,.F.);
#4452 = EDGE_CURVE('',#4413,#4445,#4453,.T.);
#4453 = CIRCLE('',#4454,4.E-02);
#4454 = AXIS2_PLACEMENT_3D('',#4455,#4456,#4457);
#4455 = CARTESIAN_POINT('',(2.675,-3.02,0.27));
#4456 = DIRECTION('',(1.,0.,0.));
#4457 = DIRECTION('',(-0.,0.766044443119,0.642787609687));
#4458 = ORIENTED_EDGE('',*,*,#4412,.F.);
#4459 = ORIENTED_EDGE('',*,*,#4460,.T.);
#4460 = EDGE_CURVE('',#4405,#4443,#4461,.T.);
#4461 = CIRCLE('',#4462,4.E-02);
#4462 = AXIS2_PLACEMENT_3D('',#4463,#4464,#4465);
#4463 = CARTESIAN_POINT('',(2.525,-3.02,0.27));
#4464 = DIRECTION('',(1.,0.,0.));
#4465 = DIRECTION('',(-0.,0.766044443119,0.642787609687));
#4466 = CYLINDRICAL_SURFACE('',#4467,4.E-02);
#4467 = AXIS2_PLACEMENT_3D('',#4468,#4469,#4470);
#4468 = CARTESIAN_POINT('',(2.525,-3.02,0.27));
#4469 = DIRECTION('',(1.,0.,0.));
#4470 = DIRECTION('',(-0.,1.,0.));
#4471 = ADVANCED_FACE('',(#4472),#4497,.T.);
#4472 = FACE_BOUND('',#4473,.T.);
#4473 = EDGE_LOOP('',(#4474,#4482,#4483,#4491));
#4474 = ORIENTED_EDGE('',*,*,#4475,.F.);
#4475 = EDGE_CURVE('',#4445,#4476,#4478,.T.);
#4476 = VERTEX_POINT('',#4477);
#4477 = CARTESIAN_POINT('',(2.675,-3.134871013966,0.25));
#4478 = LINE('',#4479,#4480);
#4479 = CARTESIAN_POINT('',(2.675,-3.039963609098,0.304662000978));
#4480 = VECTOR('',#4481,1.);
#4481 = DIRECTION('',(0.,-0.866550024439,-0.499090227459));
#4482 = ORIENTED_EDGE('',*,*,#4442,.F.);
#4483 = ORIENTED_EDGE('',*,*,#4484,.T.);
#4484 = EDGE_CURVE('',#4443,#4485,#4487,.T.);
#4485 = VERTEX_POINT('',#4486);
#4486 = CARTESIAN_POINT('',(2.525,-3.134871013966,0.25));
#4487 = LINE('',#4488,#4489);
#4488 = CARTESIAN_POINT('',(2.525,-3.039963609098,0.304662000978));
#4489 = VECTOR('',#4490,1.);
#4490 = DIRECTION('',(0.,-0.866550024439,-0.499090227459));
#4491 = ORIENTED_EDGE('',*,*,#4492,.T.);
#4492 = EDGE_CURVE('',#4485,#4476,#4493,.T.);
#4493 = LINE('',#4494,#4495);
#4494 = CARTESIAN_POINT('',(2.525,-3.134871013966,0.25));
#4495 = VECTOR('',#4496,1.);
#4496 = DIRECTION('',(1.,0.,0.));
#4497 = PLANE('',#4498);
#4498 = AXIS2_PLACEMENT_3D('',#4499,#4500,#4501);
#4499 = CARTESIAN_POINT('',(2.525,-3.039963609098,0.304662000978));
#4500 = DIRECTION('',(0.,-0.499090227459,0.866550024439));
#4501 = DIRECTION('',(0.,-0.866550024439,-0.499090227459));
#4502 = ADVANCED_FACE('',(#4503),#4537,.T.);
#4503 = FACE_BOUND('',#4504,.T.);
#4504 = EDGE_LOOP('',(#4505,#4515,#4523,#4531));
#4505 = ORIENTED_EDGE('',*,*,#4506,.T.);
#4506 = EDGE_CURVE('',#4507,#4509,#4511,.T.);
#4507 = VERTEX_POINT('',#4508);
#4508 = CARTESIAN_POINT('',(2.525,-3.172705922612,0.66));
#4509 = VERTEX_POINT('',#4510);
#4510 = CARTESIAN_POINT('',(2.525,-3.034152621563,0.607587391124));
#4511 = LINE('',#4512,#4513);
#4512 = CARTESIAN_POINT('',(2.525,-3.172705922612,0.66));
#4513 = VECTOR('',#4514,1.);
#4514 = DIRECTION('',(0.,0.935315221896,-0.353815539072));
#4515 = ORIENTED_EDGE('',*,*,#4516,.T.);
#4516 = EDGE_CURVE('',#4509,#4517,#4519,.T.);
#4517 = VERTEX_POINT('',#4518);
#4518 = CARTESIAN_POINT('',(2.675,-3.034152621563,0.607587391124));
#4519 = LINE('',#4520,#4521);
#4520 = CARTESIAN_POINT('',(2.525,-3.034152621563,0.607587391124));
#4521 = VECTOR('',#4522,1.);
#4522 = DIRECTION('',(1.,0.,0.));
#4523 = ORIENTED_EDGE('',*,*,#4524,.F.);
#4524 = EDGE_CURVE('',#4525,#4517,#4527,.T.);
#4525 = VERTEX_POINT('',#4526);
#4526 = CARTESIAN_POINT('',(2.675,-3.172705922612,0.66));
#4527 = LINE('',#4528,#4529);
#4528 = CARTESIAN_POINT('',(2.675,-3.172705922612,0.66));
#4529 = VECTOR('',#4530,1.);
#4530 = DIRECTION('',(0.,0.935315221896,-0.353815539072));
#4531 = ORIENTED_EDGE('',*,*,#4532,.F.);
#4532 = EDGE_CURVE('',#4507,#4525,#4533,.T.);
#4533 = LINE('',#4534,#4535);
#4534 = CARTESIAN_POINT('',(2.525,-3.172705922612,0.66));
#4535 = VECTOR('',#4536,1.);
#4536 = DIRECTION('',(1.,0.,0.));
#4537 = PLANE('',#4538);
#4538 = AXIS2_PLACEMENT_3D('',#4539,#4540,#4541);
#4539 = CARTESIAN_POINT('',(2.525,-3.207690776954,0.673234238905));
#4540 = DIRECTION('',(0.,-0.353815539072,-0.935315221896));
#4541 = DIRECTION('',(0.,0.935315221896,-0.353815539072));
#4542 = ADVANCED_FACE('',(#4543),#4570,.T.);
#4543 = FACE_BOUND('',#4544,.T.);
#4544 = EDGE_LOOP('',(#4545,#4555,#4562,#4563));
#4545 = ORIENTED_EDGE('',*,*,#4546,.T.);
#4546 = EDGE_CURVE('',#4547,#4549,#4551,.T.);
#4547 = VERTEX_POINT('',#4548);
#4548 = CARTESIAN_POINT('',(2.525,-2.989358222275,0.619288495612));
#4549 = VERTEX_POINT('',#4550);
#4550 = CARTESIAN_POINT('',(2.675,-2.989358222275,0.619288495612));
#4551 = LINE('',#4552,#4553);
#4552 = CARTESIAN_POINT('',(2.525,-2.989358222275,0.619288495612));
#4553 = VECTOR('',#4554,1.);
#4554 = DIRECTION('',(1.,0.,0.));
#4555 = ORIENTED_EDGE('',*,*,#4556,.F.);
#4556 = EDGE_CURVE('',#4517,#4549,#4557,.T.);
#4557 = CIRCLE('',#4558,4.E-02);
#4558 = AXIS2_PLACEMENT_3D('',#4559,#4560,#4561);
#4559 = CARTESIAN_POINT('',(2.675,-3.02,0.645));
#4560 = DIRECTION('',(1.,0.,0.));
#4561 = DIRECTION('',(0.,-0.353815539072,-0.935315221896));
#4562 = ORIENTED_EDGE('',*,*,#4516,.F.);
#4563 = ORIENTED_EDGE('',*,*,#4564,.T.);
#4564 = EDGE_CURVE('',#4509,#4547,#4565,.T.);
#4565 = CIRCLE('',#4566,4.E-02);
#4566 = AXIS2_PLACEMENT_3D('',#4567,#4568,#4569);
#4567 = CARTESIAN_POINT('',(2.525,-3.02,0.645));
#4568 = DIRECTION('',(1.,0.,0.));
#4569 = DIRECTION('',(0.,-0.353815539072,-0.935315221896));
#4570 = CYLINDRICAL_SURFACE('',#4571,4.E-02);
#4571 = AXIS2_PLACEMENT_3D('',#4572,#4573,#4574);
#4572 = CARTESIAN_POINT('',(2.525,-3.02,0.645));
#4573 = DIRECTION('',(1.,0.,0.));
#4574 = DIRECTION('',(-0.,1.,0.));
#4575 = ADVANCED_FACE('',(#4576),#4601,.T.);
#4576 = FACE_BOUND('',#4577,.T.);
#4577 = EDGE_LOOP('',(#4578,#4588,#4594,#4595));
#4578 = ORIENTED_EDGE('',*,*,#4579,.T.);
#4579 = EDGE_CURVE('',#4580,#4582,#4584,.T.);
#4580 = VERTEX_POINT('',#4581);
#4581 = CARTESIAN_POINT('',(2.525,-2.967186685358,0.645711504388));
#4582 = VERTEX_POINT('',#4583);
#4583 = CARTESIAN_POINT('',(2.675,-2.967186685358,0.645711504388));
#4584 = LINE('',#4585,#4586);
#4585 = CARTESIAN_POINT('',(2.525,-2.967186685358,0.645711504388));
#4586 = VECTOR('',#4587,1.);
#4587 = DIRECTION('',(1.,0.,0.));
#4588 = ORIENTED_EDGE('',*,*,#4589,.F.);
#4589 = EDGE_CURVE('',#4549,#4582,#4590,.T.);
#4590 = LINE('',#4591,#4592);
#4591 = CARTESIAN_POINT('',(2.675,-2.989358222275,0.619288495612));
#4592 = VECTOR('',#4593,1.);
#4593 = DIRECTION('',(0.,0.642787609687,0.766044443119));
#4594 = ORIENTED_EDGE('',*,*,#4546,.F.);
#4595 = ORIENTED_EDGE('',*,*,#4596,.T.);
#4596 = EDGE_CURVE('',#4547,#4580,#4597,.T.);
#4597 = LINE('',#4598,#4599);
#4598 = CARTESIAN_POINT('',(2.525,-2.989358222275,0.619288495612));
#4599 = VECTOR('',#4600,1.);
#4600 = DIRECTION('',(0.,0.642787609687,0.766044443119));
#4601 = PLANE('',#4602);
#4602 = AXIS2_PLACEMENT_3D('',#4603,#4604,#4605);
#4603 = CARTESIAN_POINT('',(2.525,-2.989358222275,0.619288495612));
#4604 = DIRECTION('',(0.,0.766044443119,-0.642787609687));
#4605 = DIRECTION('',(0.,0.642787609687,0.766044443119));
#4606 = ADVANCED_FACE('',(#4607),#4634,.F.);
#4607 = FACE_BOUND('',#4608,.F.);
#4608 = EDGE_LOOP('',(#4609,#4619,#4626,#4627));
#4609 = ORIENTED_EDGE('',*,*,#4610,.F.);
#4610 = EDGE_CURVE('',#4611,#4613,#4615,.T.);
#4611 = VERTEX_POINT('',#4612);
#4612 = CARTESIAN_POINT('',(2.525,-2.936544907633,0.66));
#4613 = VERTEX_POINT('',#4614);
#4614 = CARTESIAN_POINT('',(2.675,-2.936544907633,0.66));
#4615 = LINE('',#4616,#4617);
#4616 = CARTESIAN_POINT('',(2.525,-2.936544907633,0.66));
#4617 = VECTOR('',#4618,1.);
#4618 = DIRECTION('',(1.,0.,0.));
#4619 = ORIENTED_EDGE('',*,*,#4620,.F.);
#4620 = EDGE_CURVE('',#4580,#4611,#4621,.T.);
#4621 = CIRCLE('',#4622,4.E-02);
#4622 = AXIS2_PLACEMENT_3D('',#4623,#4624,#4625);
#4623 = CARTESIAN_POINT('',(2.525,-2.936544907633,0.62));
#4624 = DIRECTION('',(-1.,0.,0.));
#4625 = DIRECTION('',(0.,-0.766044443119,0.642787609687));
#4626 = ORIENTED_EDGE('',*,*,#4579,.T.);
#4627 = ORIENTED_EDGE('',*,*,#4628,.T.);
#4628 = EDGE_CURVE('',#4582,#4613,#4629,.T.);
#4629 = CIRCLE('',#4630,4.E-02);
#4630 = AXIS2_PLACEMENT_3D('',#4631,#4632,#4633);
#4631 = CARTESIAN_POINT('',(2.675,-2.936544907633,0.62));
#4632 = DIRECTION('',(-1.,0.,0.));
#4633 = DIRECTION('',(0.,-0.766044443119,0.642787609687));
#4634 = CYLINDRICAL_SURFACE('',#4635,4.E-02);
#4635 = AXIS2_PLACEMENT_3D('',#4636,#4637,#4638);
#4636 = CARTESIAN_POINT('',(2.525,-2.936544907633,0.62));
#4637 = DIRECTION('',(1.,0.,0.));
#4638 = DIRECTION('',(-0.,1.,0.));
#4639 = ADVANCED_FACE('',(#4640),#4674,.T.);
#4640 = FACE_BOUND('',#4641,.T.);
#4641 = EDGE_LOOP('',(#4642,#4652,#4660,#4668));
#4642 = ORIENTED_EDGE('',*,*,#4643,.T.);
#4643 = EDGE_CURVE('',#4644,#4646,#4648,.T.);
#4644 = VERTEX_POINT('',#4645);
#4645 = CARTESIAN_POINT('',(2.525,-5.E-02,-6.E-02));
#4646 = VERTEX_POINT('',#4647);
#4647 = CARTESIAN_POINT('',(2.675,-5.E-02,-6.E-02));
#4648 = LINE('',#4649,#4650);
#4649 = CARTESIAN_POINT('',(2.525,-5.E-02,-6.E-02));
#4650 = VECTOR('',#4651,1.);
#4651 = DIRECTION('',(1.,0.,0.));
#4652 = ORIENTED_EDGE('',*,*,#4653,.F.);
#4653 = EDGE_CURVE('',#4654,#4646,#4656,.T.);
#4654 = VERTEX_POINT('',#4655);
#4655 = CARTESIAN_POINT('',(2.675,-0.55,-6.E-02));
#4656 = LINE('',#4657,#4658);
#4657 = CARTESIAN_POINT('',(2.675,-0.55,-6.E-02));
#4658 = VECTOR('',#4659,1.);
#4659 = DIRECTION('',(0.,1.,0.));
#4660 = ORIENTED_EDGE('',*,*,#4661,.F.);
#4661 = EDGE_CURVE('',#4662,#4654,#4664,.T.);
#4662 = VERTEX_POINT('',#4663);
#4663 = CARTESIAN_POINT('',(2.525,-0.55,-6.E-02));
#4664 = LINE('',#4665,#4666);
#4665 = CARTESIAN_POINT('',(2.525,-0.55,-6.E-02));
#4666 = VECTOR('',#4667,1.);
#4667 = DIRECTION('',(1.,0.,0.));
#4668 = ORIENTED_EDGE('',*,*,#4669,.T.);
#4669 = EDGE_CURVE('',#4662,#4644,#4670,.T.);
#4670 = LINE('',#4671,#4672);
#4671 = CARTESIAN_POINT('',(2.525,-0.55,-6.E-02));
#4672 = VECTOR('',#4673,1.);
#4673 = DIRECTION('',(0.,1.,0.));
#4674 = PLANE('',#4675);
#4675 = AXIS2_PLACEMENT_3D('',#4676,#4677,#4678);
#4676 = CARTESIAN_POINT('',(2.525,-0.55,-6.E-02));
#4677 = DIRECTION('',(0.,0.,-1.));
#4678 = DIRECTION('',(0.,1.,0.));
#4679 = ADVANCED_FACE('',(#4680),#4705,.T.);
#4680 = FACE_BOUND('',#4681,.T.);
#4681 = EDGE_LOOP('',(#4682,#4692,#4698,#4699));
#4682 = ORIENTED_EDGE('',*,*,#4683,.T.);
#4683 = EDGE_CURVE('',#4684,#4686,#4688,.T.);
#4684 = VERTEX_POINT('',#4685);
#4685 = CARTESIAN_POINT('',(2.525,-5.E-02,0.13));
#4686 = VERTEX_POINT('',#4687);
#4687 = CARTESIAN_POINT('',(2.675,-5.E-02,0.13));
#4688 = LINE('',#4689,#4690);
#4689 = CARTESIAN_POINT('',(2.525,-5.E-02,0.13));
#4690 = VECTOR('',#4691,1.);
#4691 = DIRECTION('',(1.,0.,0.));
#4692 = ORIENTED_EDGE('',*,*,#4693,.F.);
#4693 = EDGE_CURVE('',#4646,#4686,#4694,.T.);
#4694 = LINE('',#4695,#4696);
#4695 = CARTESIAN_POINT('',(2.675,-5.E-02,-6.E-02));
#4696 = VECTOR('',#4697,1.);
#4697 = DIRECTION('',(0.,0.,1.));
#4698 = ORIENTED_EDGE('',*,*,#4643,.F.);
#4699 = ORIENTED_EDGE('',*,*,#4700,.T.);
#4700 = EDGE_CURVE('',#4644,#4684,#4701,.T.);
#4701 = LINE('',#4702,#4703);
#4702 = CARTESIAN_POINT('',(2.525,-5.E-02,-6.E-02));
#4703 = VECTOR('',#4704,1.);
#4704 = DIRECTION('',(0.,0.,1.));
#4705 = PLANE('',#4706);
#4706 = AXIS2_PLACEMENT_3D('',#4707,#4708,#4709);
#4707 = CARTESIAN_POINT('',(2.525,-5.E-02,-6.E-02));
#4708 = DIRECTION('',(0.,1.,0.));
#4709 = DIRECTION('',(0.,-0.,1.));
#4710 = ADVANCED_FACE('',(#4711),#4736,.T.);
#4711 = FACE_BOUND('',#4712,.T.);
#4712 = EDGE_LOOP('',(#4713,#4723,#4729,#4730));
#4713 = ORIENTED_EDGE('',*,*,#4714,.T.);
#4714 = EDGE_CURVE('',#4715,#4717,#4719,.T.);
#4715 = VERTEX_POINT('',#4716);
#4716 = CARTESIAN_POINT('',(2.525,-0.25,0.13));
#4717 = VERTEX_POINT('',#4718);
#4718 = CARTESIAN_POINT('',(2.675,-0.25,0.13));
#4719 = LINE('',#4720,#4721);
#4720 = CARTESIAN_POINT('',(2.525,-0.25,0.13));
#4721 = VECTOR('',#4722,1.);
#4722 = DIRECTION('',(1.,0.,0.));
#4723 = ORIENTED_EDGE('',*,*,#4724,.F.);
#4724 = EDGE_CURVE('',#4686,#4717,#4725,.T.);
#4725 = LINE('',#4726,#4727);
#4726 = CARTESIAN_POINT('',(2.675,-5.E-02,0.13));
#4727 = VECTOR('',#4728,1.);
#4728 = DIRECTION('',(0.,-1.,0.));
#4729 = ORIENTED_EDGE('',*,*,#4683,.F.);
#4730 = ORIENTED_EDGE('',*,*,#4731,.T.);
#4731 = EDGE_CURVE('',#4684,#4715,#4732,.T.);
#4732 = LINE('',#4733,#4734);
#4733 = CARTESIAN_POINT('',(2.525,-5.E-02,0.13));
#4734 = VECTOR('',#4735,1.);
#4735 = DIRECTION('',(0.,-1.,0.));
#4736 = PLANE('',#4737);
#4737 = AXIS2_PLACEMENT_3D('',#4738,#4739,#4740);
#4738 = CARTESIAN_POINT('',(2.525,-5.E-02,0.13));
#4739 = DIRECTION('',(0.,0.,1.));
#4740 = DIRECTION('',(0.,-1.,0.));
#4741 = ADVANCED_FACE('',(#4742),#4767,.T.);
#4742 = FACE_BOUND('',#4743,.T.);
#4743 = EDGE_LOOP('',(#4744,#4754,#4760,#4761));
#4744 = ORIENTED_EDGE('',*,*,#4745,.T.);
#4745 = EDGE_CURVE('',#4746,#4748,#4750,.T.);
#4746 = VERTEX_POINT('',#4747);
#4747 = CARTESIAN_POINT('',(2.525,-0.25,0.23));
#4748 = VERTEX_POINT('',#4749);
#4749 = CARTESIAN_POINT('',(2.675,-0.25,0.23));
#4750 = LINE('',#4751,#4752);
#4751 = CARTESIAN_POINT('',(2.525,-0.25,0.23));
#4752 = VECTOR('',#4753,1.);
#4753 = DIRECTION('',(1.,0.,0.));
#4754 = ORIENTED_EDGE('',*,*,#4755,.F.);
#4755 = EDGE_CURVE('',#4717,#4748,#4756,.T.);
#4756 = LINE('',#4757,#4758);
#4757 = CARTESIAN_POINT('',(2.675,-0.25,0.13));
#4758 = VECTOR('',#4759,1.);
#4759 = DIRECTION('',(0.,0.,1.));
#4760 = ORIENTED_EDGE('',*,*,#4714,.F.);
#4761 = ORIENTED_EDGE('',*,*,#4762,.T.);
#4762 = EDGE_CURVE('',#4715,#4746,#4763,.T.);
#4763 = LINE('',#4764,#4765);
#4764 = CARTESIAN_POINT('',(2.525,-0.25,0.13));
#4765 = VECTOR('',#4766,1.);
#4766 = DIRECTION('',(0.,0.,1.));
#4767 = PLANE('',#4768);
#4768 = AXIS2_PLACEMENT_3D('',#4769,#4770,#4771);
#4769 = CARTESIAN_POINT('',(2.525,-0.25,0.13));
#4770 = DIRECTION('',(0.,1.,0.));
#4771 = DIRECTION('',(0.,-0.,1.));
#4772 = ADVANCED_FACE('',(#4773),#4798,.T.);
#4773 = FACE_BOUND('',#4774,.T.);
#4774 = EDGE_LOOP('',(#4775,#4783,#4784,#4792));
#4775 = ORIENTED_EDGE('',*,*,#4776,.F.);
#4776 = EDGE_CURVE('',#4748,#4777,#4779,.T.);
#4777 = VERTEX_POINT('',#4778);
#4778 = CARTESIAN_POINT('',(2.675,-1.7,0.23));
#4779 = LINE('',#4780,#4781);
#4780 = CARTESIAN_POINT('',(2.675,-0.25,0.23));
#4781 = VECTOR('',#4782,1.);
#4782 = DIRECTION('',(0.,-1.,0.));
#4783 = ORIENTED_EDGE('',*,*,#4745,.F.);
#4784 = ORIENTED_EDGE('',*,*,#4785,.T.);
#4785 = EDGE_CURVE('',#4746,#4786,#4788,.T.);
#4786 = VERTEX_POINT('',#4787);
#4787 = CARTESIAN_POINT('',(2.525,-1.7,0.23));
#4788 = LINE('',#4789,#4790);
#4789 = CARTESIAN_POINT('',(2.525,-0.25,0.23));
#4790 = VECTOR('',#4791,1.);
#4791 = DIRECTION('',(0.,-1.,0.));
#4792 = ORIENTED_EDGE('',*,*,#4793,.T.);
#4793 = EDGE_CURVE('',#4786,#4777,#4794,.T.);
#4794 = LINE('',#4795,#4796);
#4795 = CARTESIAN_POINT('',(2.525,-1.7,0.23));
#4796 = VECTOR('',#4797,1.);
#4797 = DIRECTION('',(1.,0.,0.));
#4798 = PLANE('',#4799);
#4799 = AXIS2_PLACEMENT_3D('',#4800,#4801,#4802);
#4800 = CARTESIAN_POINT('',(2.525,-0.25,0.23));
#4801 = DIRECTION('',(0.,0.,1.));
#4802 = DIRECTION('',(0.,-1.,0.));
#4803 = ADVANCED_FACE('',(#4804),#4821,.T.);
#4804 = FACE_BOUND('',#4805,.T.);
#4805 = EDGE_LOOP('',(#4806,#4807,#4808,#4814,#4815));
#4806 = ORIENTED_EDGE('',*,*,#4349,.T.);
#4807 = ORIENTED_EDGE('',*,*,#4199,.T.);
#4808 = ORIENTED_EDGE('',*,*,#4809,.F.);
#4809 = EDGE_CURVE('',#4230,#4192,#4810,.T.);
#4810 = LINE('',#4811,#4812);
#4811 = CARTESIAN_POINT('',(2.675,-1.7,0.66));
#4812 = VECTOR('',#4813,1.);
#4813 = DIRECTION('',(0.,0.,1.));
#4814 = ORIENTED_EDGE('',*,*,#4229,.T.);
#4815 = ORIENTED_EDGE('',*,*,#4816,.T.);
#4816 = EDGE_CURVE('',#4232,#4350,#4817,.T.);
#4817 = LINE('',#4818,#4819);
#4818 = CARTESIAN_POINT('',(2.675,-1.385319534335,0.66));
#4819 = VECTOR('',#4820,1.);
#4820 = DIRECTION('',(0.,8.715574274766E-02,0.996194698092));
#4821 = PLANE('',#4822);
#4822 = AXIS2_PLACEMENT_3D('',#4823,#4824,#4825);
#4823 = CARTESIAN_POINT('',(2.675,-3.6,-4.E-02));
#4824 = DIRECTION('',(1.,0.,0.));
#4825 = DIRECTION('',(-0.,1.,0.));
#4826 = ADVANCED_FACE('',(#4827),#4838,.T.);
#4827 = FACE_BOUND('',#4828,.T.);
#4828 = EDGE_LOOP('',(#4829,#4830,#4831,#4832));
#4829 = ORIENTED_EDGE('',*,*,#4287,.T.);
#4830 = ORIENTED_EDGE('',*,*,#4319,.T.);
#4831 = ORIENTED_EDGE('',*,*,#4371,.T.);
#4832 = ORIENTED_EDGE('',*,*,#4833,.F.);
#4833 = EDGE_CURVE('',#4288,#4372,#4834,.T.);
#4834 = LINE('',#4835,#4836);
#4835 = CARTESIAN_POINT('',(2.675,-0.883409615563,0.66));
#4836 = VECTOR('',#4837,1.);
#4837 = DIRECTION('',(0.,8.715574274766E-02,0.996194698092));
#4838 = PLANE('',#4839);
#4839 = AXIS2_PLACEMENT_3D('',#4840,#4841,#4842);
#4840 = CARTESIAN_POINT('',(2.675,-3.6,-4.E-02));
#4841 = DIRECTION('',(1.,0.,0.));
#4842 = DIRECTION('',(-0.,1.,0.));
#4843 = ADVANCED_FACE('',(#4844),#4855,.T.);
#4844 = FACE_BOUND('',#4845,.T.);
#4845 = EDGE_LOOP('',(#4846,#4847,#4848,#4849));
#4846 = ORIENTED_EDGE('',*,*,#4420,.T.);
#4847 = ORIENTED_EDGE('',*,*,#4452,.T.);
#4848 = ORIENTED_EDGE('',*,*,#4475,.T.);
#4849 = ORIENTED_EDGE('',*,*,#4850,.F.);
#4850 = EDGE_CURVE('',#4421,#4476,#4851,.T.);
#4851 = LINE('',#4852,#4853);
#4852 = CARTESIAN_POINT('',(2.675,-2.951001715803,0.25));
#4853 = VECTOR('',#4854,1.);
#4854 = DIRECTION('',(0.,-1.,0.));
#4855 = PLANE('',#4856);
#4856 = AXIS2_PLACEMENT_3D('',#4857,#4858,#4859);
#4857 = CARTESIAN_POINT('',(2.675,-3.6,-4.E-02));
#4858 = DIRECTION('',(1.,0.,0.));
#4859 = DIRECTION('',(-0.,1.,0.));
#4860 = ADVANCED_FACE('',(#4861),#4873,.T.);
#4861 = FACE_BOUND('',#4862,.T.);
#4862 = EDGE_LOOP('',(#4863,#4864,#4865,#4866,#4867));
#4863 = ORIENTED_EDGE('',*,*,#4524,.T.);
#4864 = ORIENTED_EDGE('',*,*,#4556,.T.);
#4865 = ORIENTED_EDGE('',*,*,#4589,.T.);
#4866 = ORIENTED_EDGE('',*,*,#4628,.T.);
#4867 = ORIENTED_EDGE('',*,*,#4868,.T.);
#4868 = EDGE_CURVE('',#4613,#4525,#4869,.T.);
#4869 = LINE('',#4870,#4871);
#4870 = CARTESIAN_POINT('',(2.675,-2.936544907633,0.66));
#4871 = VECTOR('',#4872,1.);
#4872 = DIRECTION('',(0.,-1.,0.));
#4873 = PLANE('',#4874);
#4874 = AXIS2_PLACEMENT_3D('',#4875,#4876,#4877);
#4875 = CARTESIAN_POINT('',(2.675,-3.6,-4.E-02));
#4876 = DIRECTION('',(1.,0.,0.));
#4877 = DIRECTION('',(-0.,1.,0.));
#4878 = ADVANCED_FACE('',(#4879),#4924,.T.);
#4879 = FACE_BOUND('',#4880,.T.);
#4880 = EDGE_LOOP('',(#4881,#4889,#4890,#4891,#4892,#4893,#4894,#4902,
    #4910,#4918));
#4881 = ORIENTED_EDGE('',*,*,#4882,.T.);
#4882 = EDGE_CURVE('',#4883,#4654,#4885,.T.);
#4883 = VERTEX_POINT('',#4884);
#4884 = CARTESIAN_POINT('',(2.675,-0.55,4.336808689942E-16));
#4885 = LINE('',#4886,#4887);
#4886 = CARTESIAN_POINT('',(2.675,-0.55,4.336808689942E-16));
#4887 = VECTOR('',#4888,1.);
#4888 = DIRECTION('',(0.,0.,-1.));
#4889 = ORIENTED_EDGE('',*,*,#4653,.T.);
#4890 = ORIENTED_EDGE('',*,*,#4693,.T.);
#4891 = ORIENTED_EDGE('',*,*,#4724,.T.);
#4892 = ORIENTED_EDGE('',*,*,#4755,.T.);
#4893 = ORIENTED_EDGE('',*,*,#4776,.T.);
#4894 = ORIENTED_EDGE('',*,*,#4895,.F.);
#4895 = EDGE_CURVE('',#4896,#4777,#4898,.T.);
#4896 = VERTEX_POINT('',#4897);
#4897 = CARTESIAN_POINT('',(2.675,-1.7,0.21));
#4898 = LINE('',#4899,#4900);
#4899 = CARTESIAN_POINT('',(2.675,-1.7,0.21));
#4900 = VECTOR('',#4901,1.);
#4901 = DIRECTION('',(0.,0.,1.));
#4902 = ORIENTED_EDGE('',*,*,#4903,.T.);
#4903 = EDGE_CURVE('',#4896,#4904,#4906,.T.);
#4904 = VERTEX_POINT('',#4905);
#4905 = CARTESIAN_POINT('',(2.675,-0.51,0.21));
#4906 = LINE('',#4907,#4908);
#4907 = CARTESIAN_POINT('',(2.675,-1.7,0.21));
#4908 = VECTOR('',#4909,1.);
#4909 = DIRECTION('',(0.,1.,0.));
#4910 = ORIENTED_EDGE('',*,*,#4911,.F.);
#4911 = EDGE_CURVE('',#4912,#4904,#4914,.T.);
#4912 = VERTEX_POINT('',#4913);
#4913 = CARTESIAN_POINT('',(2.675,-0.51,4.336808689942E-16));
#4914 = LINE('',#4915,#4916);
#4915 = CARTESIAN_POINT('',(2.675,-0.51,4.336808689942E-16));
#4916 = VECTOR('',#4917,1.);
#4917 = DIRECTION('',(0.,0.,1.));
#4918 = ORIENTED_EDGE('',*,*,#4919,.F.);
#4919 = EDGE_CURVE('',#4883,#4912,#4920,.T.);
#4920 = LINE('',#4921,#4922);
#4921 = CARTESIAN_POINT('',(2.675,-0.55,4.336808689942E-16));
#4922 = VECTOR('',#4923,1.);
#4923 = DIRECTION('',(0.,1.,0.));
#4924 = PLANE('',#4925);
#4925 = AXIS2_PLACEMENT_3D('',#4926,#4927,#4928);
#4926 = CARTESIAN_POINT('',(2.675,-3.6,-4.E-02));
#4927 = DIRECTION('',(1.,0.,0.));
#4928 = DIRECTION('',(-0.,1.,0.));
#4929 = ADVANCED_FACE('',(#4930),#4948,.T.);
#4930 = FACE_BOUND('',#4931,.T.);
#4931 = EDGE_LOOP('',(#4932,#4940,#4941,#4942));
#4932 = ORIENTED_EDGE('',*,*,#4933,.T.);
#4933 = EDGE_CURVE('',#4934,#4662,#4936,.T.);
#4934 = VERTEX_POINT('',#4935);
#4935 = CARTESIAN_POINT('',(2.525,-0.55,4.336808689942E-16));
#4936 = LINE('',#4937,#4938);
#4937 = CARTESIAN_POINT('',(2.525,-0.55,4.336808689942E-16));
#4938 = VECTOR('',#4939,1.);
#4939 = DIRECTION('',(0.,0.,-1.));
#4940 = ORIENTED_EDGE('',*,*,#4661,.T.);
#4941 = ORIENTED_EDGE('',*,*,#4882,.F.);
#4942 = ORIENTED_EDGE('',*,*,#4943,.F.);
#4943 = EDGE_CURVE('',#4934,#4883,#4944,.T.);
#4944 = LINE('',#4945,#4946);
#4945 = CARTESIAN_POINT('',(2.525,-0.55,4.336808689942E-16));
#4946 = VECTOR('',#4947,1.);
#4947 = DIRECTION('',(1.,0.,0.));
#4948 = PLANE('',#4949);
#4949 = AXIS2_PLACEMENT_3D('',#4950,#4951,#4952);
#4950 = CARTESIAN_POINT('',(2.525,-0.55,9.E-02));
#4951 = DIRECTION('',(0.,-1.,0.));
#4952 = DIRECTION('',(0.,0.,-1.));
#4953 = ADVANCED_FACE('',(#4954),#4971,.F.);
#4954 = FACE_BOUND('',#4955,.T.);
#4955 = EDGE_LOOP('',(#4956,#4957,#4963,#4964,#4965));
#4956 = ORIENTED_EDGE('',*,*,#4247,.F.);
#4957 = ORIENTED_EDGE('',*,*,#4958,.T.);
#4958 = EDGE_CURVE('',#4240,#4190,#4959,.T.);
#4959 = LINE('',#4960,#4961);
#4960 = CARTESIAN_POINT('',(2.525,-1.7,0.66));
#4961 = VECTOR('',#4962,1.);
#4962 = DIRECTION('',(0.,0.,1.));
#4963 = ORIENTED_EDGE('',*,*,#4215,.F.);
#4964 = ORIENTED_EDGE('',*,*,#4340,.F.);
#4965 = ORIENTED_EDGE('',*,*,#4966,.F.);
#4966 = EDGE_CURVE('',#4248,#4341,#4967,.T.);
#4967 = LINE('',#4968,#4969);
#4968 = CARTESIAN_POINT('',(2.525,-1.385319534335,0.66));
#4969 = VECTOR('',#4970,1.);
#4970 = DIRECTION('',(0.,8.715574274766E-02,0.996194698092));
#4971 = PLANE('',#4972);
#4972 = AXIS2_PLACEMENT_3D('',#4973,#4974,#4975);
#4973 = CARTESIAN_POINT('',(2.525,-3.6,-4.E-02));
#4974 = DIRECTION('',(1.,0.,0.));
#4975 = DIRECTION('',(-0.,1.,0.));
#4976 = ADVANCED_FACE('',(#4977),#4988,.F.);
#4977 = FACE_BOUND('',#4978,.T.);
#4978 = EDGE_LOOP('',(#4979,#4980,#4981,#4982));
#4979 = ORIENTED_EDGE('',*,*,#4380,.F.);
#4980 = ORIENTED_EDGE('',*,*,#4326,.F.);
#4981 = ORIENTED_EDGE('',*,*,#4269,.F.);
#4982 = ORIENTED_EDGE('',*,*,#4983,.T.);
#4983 = EDGE_CURVE('',#4270,#4381,#4984,.T.);
#4984 = LINE('',#4985,#4986);
#4985 = CARTESIAN_POINT('',(2.525,-0.883409615563,0.66));
#4986 = VECTOR('',#4987,1.);
#4987 = DIRECTION('',(0.,8.715574274766E-02,0.996194698092));
#4988 = PLANE('',#4989);
#4989 = AXIS2_PLACEMENT_3D('',#4990,#4991,#4992);
#4990 = CARTESIAN_POINT('',(2.525,-3.6,-4.E-02));
#4991 = DIRECTION('',(1.,0.,0.));
#4992 = DIRECTION('',(-0.,1.,0.));
#4993 = ADVANCED_FACE('',(#4994),#5005,.F.);
#4994 = FACE_BOUND('',#4995,.T.);
#4995 = EDGE_LOOP('',(#4996,#4997,#4998,#4999));
#4996 = ORIENTED_EDGE('',*,*,#4484,.F.);
#4997 = ORIENTED_EDGE('',*,*,#4460,.F.);
#4998 = ORIENTED_EDGE('',*,*,#4402,.F.);
#4999 = ORIENTED_EDGE('',*,*,#5000,.T.);
#5000 = EDGE_CURVE('',#4403,#4485,#5001,.T.);
#5001 = LINE('',#5002,#5003);
#5002 = CARTESIAN_POINT('',(2.525,-2.951001715803,0.25));
#5003 = VECTOR('',#5004,1.);
#5004 = DIRECTION('',(0.,-1.,0.));
#5005 = PLANE('',#5006);
#5006 = AXIS2_PLACEMENT_3D('',#5007,#5008,#5009);
#5007 = CARTESIAN_POINT('',(2.525,-3.6,-4.E-02));
#5008 = DIRECTION('',(1.,0.,0.));
#5009 = DIRECTION('',(-0.,1.,0.));
#5010 = ADVANCED_FACE('',(#5011),#5023,.F.);
#5011 = FACE_BOUND('',#5012,.T.);
#5012 = EDGE_LOOP('',(#5013,#5014,#5015,#5016,#5017));
#5013 = ORIENTED_EDGE('',*,*,#4620,.F.);
#5014 = ORIENTED_EDGE('',*,*,#4596,.F.);
#5015 = ORIENTED_EDGE('',*,*,#4564,.F.);
#5016 = ORIENTED_EDGE('',*,*,#4506,.F.);
#5017 = ORIENTED_EDGE('',*,*,#5018,.F.);
#5018 = EDGE_CURVE('',#4611,#4507,#5019,.T.);
#5019 = LINE('',#5020,#5021);
#5020 = CARTESIAN_POINT('',(2.525,-2.936544907633,0.66));
#5021 = VECTOR('',#5022,1.);
#5022 = DIRECTION('',(0.,-1.,0.));
#5023 = PLANE('',#5024);
#5024 = AXIS2_PLACEMENT_3D('',#5025,#5026,#5027);
#5025 = CARTESIAN_POINT('',(2.525,-3.6,-4.E-02));
#5026 = DIRECTION('',(1.,0.,0.));
#5027 = DIRECTION('',(-0.,1.,0.));
#5028 = ADVANCED_FACE('',(#5029),#5067,.F.);
#5029 = FACE_BOUND('',#5030,.T.);
#5030 = EDGE_LOOP('',(#5031,#5041,#5049,#5055,#5056,#5057,#5058,#5059,
    #5060,#5061));
#5031 = ORIENTED_EDGE('',*,*,#5032,.T.);
#5032 = EDGE_CURVE('',#5033,#5035,#5037,.T.);
#5033 = VERTEX_POINT('',#5034);
#5034 = CARTESIAN_POINT('',(2.525,-0.51,4.336808689942E-16));
#5035 = VERTEX_POINT('',#5036);
#5036 = CARTESIAN_POINT('',(2.525,-0.51,0.21));
#5037 = LINE('',#5038,#5039);
#5038 = CARTESIAN_POINT('',(2.525,-0.51,4.336808689942E-16));
#5039 = VECTOR('',#5040,1.);
#5040 = DIRECTION('',(0.,0.,1.));
#5041 = ORIENTED_EDGE('',*,*,#5042,.F.);
#5042 = EDGE_CURVE('',#5043,#5035,#5045,.T.);
#5043 = VERTEX_POINT('',#5044);
#5044 = CARTESIAN_POINT('',(2.525,-1.7,0.21));
#5045 = LINE('',#5046,#5047);
#5046 = CARTESIAN_POINT('',(2.525,-1.7,0.21));
#5047 = VECTOR('',#5048,1.);
#5048 = DIRECTION('',(0.,1.,0.));
#5049 = ORIENTED_EDGE('',*,*,#5050,.T.);
#5050 = EDGE_CURVE('',#5043,#4786,#5051,.T.);
#5051 = LINE('',#5052,#5053);
#5052 = CARTESIAN_POINT('',(2.525,-1.7,0.21));
#5053 = VECTOR('',#5054,1.);
#5054 = DIRECTION('',(0.,0.,1.));
#5055 = ORIENTED_EDGE('',*,*,#4785,.F.);
#5056 = ORIENTED_EDGE('',*,*,#4762,.F.);
#5057 = ORIENTED_EDGE('',*,*,#4731,.F.);
#5058 = ORIENTED_EDGE('',*,*,#4700,.F.);
#5059 = ORIENTED_EDGE('',*,*,#4669,.F.);
#5060 = ORIENTED_EDGE('',*,*,#4933,.F.);
#5061 = ORIENTED_EDGE('',*,*,#5062,.T.);
#5062 = EDGE_CURVE('',#4934,#5033,#5063,.T.);
#5063 = LINE('',#5064,#5065);
#5064 = CARTESIAN_POINT('',(2.525,-0.55,4.336808689942E-16));
#5065 = VECTOR('',#5066,1.);
#5066 = DIRECTION('',(0.,1.,0.));
#5067 = PLANE('',#5068);
#5068 = AXIS2_PLACEMENT_3D('',#5069,#5070,#5071);
#5069 = CARTESIAN_POINT('',(2.525,-3.6,-4.E-02));
#5070 = DIRECTION('',(1.,0.,0.));
#5071 = DIRECTION('',(-0.,1.,0.));
#5072 = ADVANCED_FACE('',(#5073),#5107,.T.);
#5073 = FACE_BOUND('',#5074,.T.);
#5074 = EDGE_LOOP('',(#5075,#5085,#5093,#5101));
#5075 = ORIENTED_EDGE('',*,*,#5076,.T.);
#5076 = EDGE_CURVE('',#5077,#5079,#5081,.T.);
#5077 = VERTEX_POINT('',#5078);
#5078 = CARTESIAN_POINT('',(3.025,-1.7,0.84));
#5079 = VERTEX_POINT('',#5080);
#5080 = CARTESIAN_POINT('',(3.175,-1.7,0.84));
#5081 = LINE('',#5082,#5083);
#5082 = CARTESIAN_POINT('',(3.025,-1.7,0.84));
#5083 = VECTOR('',#5084,1.);
#5084 = DIRECTION('',(1.,0.,0.));
#5085 = ORIENTED_EDGE('',*,*,#5086,.F.);
#5086 = EDGE_CURVE('',#5087,#5079,#5089,.T.);
#5087 = VERTEX_POINT('',#5088);
#5088 = CARTESIAN_POINT('',(3.175,-1.5,0.84));
#5089 = LINE('',#5090,#5091);
#5090 = CARTESIAN_POINT('',(3.175,-1.5,0.84));
#5091 = VECTOR('',#5092,1.);
#5092 = DIRECTION('',(0.,-1.,0.));
#5093 = ORIENTED_EDGE('',*,*,#5094,.F.);
#5094 = EDGE_CURVE('',#5095,#5087,#5097,.T.);
#5095 = VERTEX_POINT('',#5096);
#5096 = CARTESIAN_POINT('',(3.025,-1.5,0.84));
#5097 = LINE('',#5098,#5099);
#5098 = CARTESIAN_POINT('',(3.025,-1.5,0.84));
#5099 = VECTOR('',#5100,1.);
#5100 = DIRECTION('',(1.,0.,0.));
#5101 = ORIENTED_EDGE('',*,*,#5102,.T.);
#5102 = EDGE_CURVE('',#5095,#5077,#5103,.T.);
#5103 = LINE('',#5104,#5105);
#5104 = CARTESIAN_POINT('',(3.025,-1.5,0.84));
#5105 = VECTOR('',#5106,1.);
#5106 = DIRECTION('',(0.,-1.,0.));
#5107 = PLANE('',#5108);
#5108 = AXIS2_PLACEMENT_3D('',#5109,#5110,#5111);
#5109 = CARTESIAN_POINT('',(3.025,-1.5,0.84));
#5110 = DIRECTION('',(0.,0.,1.));
#5111 = DIRECTION('',(0.,-1.,0.));
#5112 = ADVANCED_FACE('',(#5113),#5147,.T.);
#5113 = FACE_BOUND('',#5114,.T.);
#5114 = EDGE_LOOP('',(#5115,#5125,#5133,#5141));
#5115 = ORIENTED_EDGE('',*,*,#5116,.F.);
#5116 = EDGE_CURVE('',#5117,#5119,#5121,.T.);
#5117 = VERTEX_POINT('',#5118);
#5118 = CARTESIAN_POINT('',(3.175,-1.7,0.66));
#5119 = VERTEX_POINT('',#5120);
#5120 = CARTESIAN_POINT('',(3.175,-1.385319534335,0.66));
#5121 = LINE('',#5122,#5123);
#5122 = CARTESIAN_POINT('',(3.175,-1.7,0.66));
#5123 = VECTOR('',#5124,1.);
#5124 = DIRECTION('',(0.,1.,0.));
#5125 = ORIENTED_EDGE('',*,*,#5126,.F.);
#5126 = EDGE_CURVE('',#5127,#5117,#5129,.T.);
#5127 = VERTEX_POINT('',#5128);
#5128 = CARTESIAN_POINT('',(3.025,-1.7,0.66));
#5129 = LINE('',#5130,#5131);
#5130 = CARTESIAN_POINT('',(3.025,-1.7,0.66));
#5131 = VECTOR('',#5132,1.);
#5132 = DIRECTION('',(1.,0.,0.));
#5133 = ORIENTED_EDGE('',*,*,#5134,.T.);
#5134 = EDGE_CURVE('',#5127,#5135,#5137,.T.);
#5135 = VERTEX_POINT('',#5136);
#5136 = CARTESIAN_POINT('',(3.025,-1.385319534335,0.66));
#5137 = LINE('',#5138,#5139);
#5138 = CARTESIAN_POINT('',(3.025,-1.7,0.66));
#5139 = VECTOR('',#5140,1.);
#5140 = DIRECTION('',(0.,1.,0.));
#5141 = ORIENTED_EDGE('',*,*,#5142,.T.);
#5142 = EDGE_CURVE('',#5135,#5119,#5143,.T.);
#5143 = LINE('',#5144,#5145);
#5144 = CARTESIAN_POINT('',(3.025,-1.385319534335,0.66));
#5145 = VECTOR('',#5146,1.);
#5146 = DIRECTION('',(1.,0.,0.));
#5147 = PLANE('',#5148);
#5148 = AXIS2_PLACEMENT_3D('',#5149,#5150,#5151);
#5149 = CARTESIAN_POINT('',(3.025,-2.936544907633,0.66));
#5150 = DIRECTION('',(0.,0.,-1.));
#5151 = DIRECTION('',(0.,1.,0.));
#5152 = ADVANCED_FACE('',(#5153),#5187,.T.);
#5153 = FACE_BOUND('',#5154,.T.);
#5154 = EDGE_LOOP('',(#5155,#5165,#5173,#5181));
#5155 = ORIENTED_EDGE('',*,*,#5156,.T.);
#5156 = EDGE_CURVE('',#5157,#5159,#5161,.T.);
#5157 = VERTEX_POINT('',#5158);
#5158 = CARTESIAN_POINT('',(3.025,-0.883409615563,0.66));
#5159 = VERTEX_POINT('',#5160);
#5160 = CARTESIAN_POINT('',(3.025,-0.82,0.66));
#5161 = LINE('',#5162,#5163);
#5162 = CARTESIAN_POINT('',(3.025,-0.883409615563,0.66));
#5163 = VECTOR('',#5164,1.);
#5164 = DIRECTION('',(0.,1.,0.));
#5165 = ORIENTED_EDGE('',*,*,#5166,.T.);
#5166 = EDGE_CURVE('',#5159,#5167,#5169,.T.);
#5167 = VERTEX_POINT('',#5168);
#5168 = CARTESIAN_POINT('',(3.175,-0.82,0.66));
#5169 = LINE('',#5170,#5171);
#5170 = CARTESIAN_POINT('',(3.025,-0.82,0.66));
#5171 = VECTOR('',#5172,1.);
#5172 = DIRECTION('',(1.,0.,0.));
#5173 = ORIENTED_EDGE('',*,*,#5174,.F.);
#5174 = EDGE_CURVE('',#5175,#5167,#5177,.T.);
#5175 = VERTEX_POINT('',#5176);
#5176 = CARTESIAN_POINT('',(3.175,-0.883409615563,0.66));
#5177 = LINE('',#5178,#5179);
#5178 = CARTESIAN_POINT('',(3.175,-0.883409615563,0.66));
#5179 = VECTOR('',#5180,1.);
#5180 = DIRECTION('',(0.,1.,0.));
#5181 = ORIENTED_EDGE('',*,*,#5182,.F.);
#5182 = EDGE_CURVE('',#5157,#5175,#5183,.T.);
#5183 = LINE('',#5184,#5185);
#5184 = CARTESIAN_POINT('',(3.025,-0.883409615563,0.66));
#5185 = VECTOR('',#5186,1.);
#5186 = DIRECTION('',(1.,0.,0.));
#5187 = PLANE('',#5188);
#5188 = AXIS2_PLACEMENT_3D('',#5189,#5190,#5191);
#5189 = CARTESIAN_POINT('',(3.025,-2.936544907633,0.66));
#5190 = DIRECTION('',(0.,0.,-1.));
#5191 = DIRECTION('',(0.,1.,0.));
#5192 = ADVANCED_FACE('',(#5193),#5218,.T.);
#5193 = FACE_BOUND('',#5194,.T.);
#5194 = EDGE_LOOP('',(#5195,#5205,#5211,#5212));
#5195 = ORIENTED_EDGE('',*,*,#5196,.T.);
#5196 = EDGE_CURVE('',#5197,#5199,#5201,.T.);
#5197 = VERTEX_POINT('',#5198);
#5198 = CARTESIAN_POINT('',(3.025,-0.82,0.78));
#5199 = VERTEX_POINT('',#5200);
#5200 = CARTESIAN_POINT('',(3.175,-0.82,0.78));
#5201 = LINE('',#5202,#5203);
#5202 = CARTESIAN_POINT('',(3.025,-0.82,0.78));
#5203 = VECTOR('',#5204,1.);
#5204 = DIRECTION('',(1.,0.,0.));
#5205 = ORIENTED_EDGE('',*,*,#5206,.F.);
#5206 = EDGE_CURVE('',#5167,#5199,#5207,.T.);
#5207 = LINE('',#5208,#5209);
#5208 = CARTESIAN_POINT('',(3.175,-0.82,0.66));
#5209 = VECTOR('',#5210,1.);
#5210 = DIRECTION('',(0.,0.,1.));
#5211 = ORIENTED_EDGE('',*,*,#5166,.F.);
#5212 = ORIENTED_EDGE('',*,*,#5213,.T.);
#5213 = EDGE_CURVE('',#5159,#5197,#5214,.T.);
#5214 = LINE('',#5215,#5216);
#5215 = CARTESIAN_POINT('',(3.025,-0.82,0.66));
#5216 = VECTOR('',#5217,1.);
#5217 = DIRECTION('',(0.,0.,1.));
#5218 = PLANE('',#5219);
#5219 = AXIS2_PLACEMENT_3D('',#5220,#5221,#5222);
#5220 = CARTESIAN_POINT('',(3.025,-0.82,0.66));
#5221 = DIRECTION('',(0.,1.,0.));
#5222 = DIRECTION('',(0.,-0.,1.));
#5223 = ADVANCED_FACE('',(#5224),#5249,.T.);
#5224 = FACE_BOUND('',#5225,.T.);
#5225 = EDGE_LOOP('',(#5226,#5234,#5235,#5243));
#5226 = ORIENTED_EDGE('',*,*,#5227,.T.);
#5227 = EDGE_CURVE('',#5228,#5095,#5230,.T.);
#5228 = VERTEX_POINT('',#5229);
#5229 = CARTESIAN_POINT('',(3.025,-1.370570715645,0.828579769027));
#5230 = LINE('',#5231,#5232);
#5231 = CARTESIAN_POINT('',(3.025,-1.370570715645,0.828579769027));
#5232 = VECTOR('',#5233,1.);
#5233 = DIRECTION('',(0.,-0.996129850025,8.789381029636E-02));
#5234 = ORIENTED_EDGE('',*,*,#5094,.T.);
#5235 = ORIENTED_EDGE('',*,*,#5236,.F.);
#5236 = EDGE_CURVE('',#5237,#5087,#5239,.T.);
#5237 = VERTEX_POINT('',#5238);
#5238 = CARTESIAN_POINT('',(3.175,-1.370570715645,0.828579769027));
#5239 = LINE('',#5240,#5241);
#5240 = CARTESIAN_POINT('',(3.175,-1.370570715645,0.828579769027));
#5241 = VECTOR('',#5242,1.);
#5242 = DIRECTION('',(0.,-0.996129850025,8.789381029636E-02));
#5243 = ORIENTED_EDGE('',*,*,#5244,.F.);
#5244 = EDGE_CURVE('',#5228,#5237,#5245,.T.);
#5245 = LINE('',#5246,#5247);
#5246 = CARTESIAN_POINT('',(3.025,-1.370570715645,0.828579769027));
#5247 = VECTOR('',#5248,1.);
#5248 = DIRECTION('',(1.,0.,0.));
#5249 = PLANE('',#5250);
#5250 = AXIS2_PLACEMENT_3D('',#5251,#5252,#5253);
#5251 = CARTESIAN_POINT('',(3.025,-0.82,0.78));
#5252 = DIRECTION('',(0.,8.789381029636E-02,0.996129850025));
#5253 = DIRECTION('',(0.,-0.996129850025,8.789381029636E-02));
#5254 = ADVANCED_FACE('',(#5255),#5280,.T.);
#5255 = FACE_BOUND('',#5256,.T.);
#5256 = EDGE_LOOP('',(#5257,#5265,#5266,#5274));
#5257 = ORIENTED_EDGE('',*,*,#5258,.F.);
#5258 = EDGE_CURVE('',#5199,#5259,#5261,.T.);
#5259 = VERTEX_POINT('',#5260);
#5260 = CARTESIAN_POINT('',(3.175,-0.872505653926,0.784632851817));
#5261 = LINE('',#5262,#5263);
#5262 = CARTESIAN_POINT('',(3.175,-0.82,0.78));
#5263 = VECTOR('',#5264,1.);
#5264 = DIRECTION('',(0.,-0.996129850025,8.789381029636E-02));
#5265 = ORIENTED_EDGE('',*,*,#5196,.F.);
#5266 = ORIENTED_EDGE('',*,*,#5267,.T.);
#5267 = EDGE_CURVE('',#5197,#5268,#5270,.T.);
#5268 = VERTEX_POINT('',#5269);
#5269 = CARTESIAN_POINT('',(3.025,-0.872505653926,0.784632851817));
#5270 = LINE('',#5271,#5272);
#5271 = CARTESIAN_POINT('',(3.025,-0.82,0.78));
#5272 = VECTOR('',#5273,1.);
#5273 = DIRECTION('',(0.,-0.996129850025,8.789381029636E-02));
#5274 = ORIENTED_EDGE('',*,*,#5275,.T.);
#5275 = EDGE_CURVE('',#5268,#5259,#5276,.T.);
#5276 = LINE('',#5277,#5278);
#5277 = CARTESIAN_POINT('',(3.025,-0.872505653926,0.784632851817));
#5278 = VECTOR('',#5279,1.);
#5279 = DIRECTION('',(1.,0.,0.));
#5280 = PLANE('',#5281);
#5281 = AXIS2_PLACEMENT_3D('',#5282,#5283,#5284);
#5282 = CARTESIAN_POINT('',(3.025,-0.82,0.78));
#5283 = DIRECTION('',(0.,8.789381029636E-02,0.996129850025));
#5284 = DIRECTION('',(0.,-0.996129850025,8.789381029636E-02));
#5285 = ADVANCED_FACE('',(#5286),#5320,.T.);
#5286 = FACE_BOUND('',#5287,.T.);
#5287 = EDGE_LOOP('',(#5288,#5298,#5306,#5314));
#5288 = ORIENTED_EDGE('',*,*,#5289,.T.);
#5289 = EDGE_CURVE('',#5290,#5292,#5294,.T.);
#5290 = VERTEX_POINT('',#5291);
#5291 = CARTESIAN_POINT('',(3.025,-2.951001715803,0.25));
#5292 = VERTEX_POINT('',#5293);
#5293 = CARTESIAN_POINT('',(3.025,-2.989358222275,0.295711504387));
#5294 = LINE('',#5295,#5296);
#5295 = CARTESIAN_POINT('',(3.025,-2.951001715803,0.25));
#5296 = VECTOR('',#5297,1.);
#5297 = DIRECTION('',(0.,-0.642787609687,0.766044443119));
#5298 = ORIENTED_EDGE('',*,*,#5299,.T.);
#5299 = EDGE_CURVE('',#5292,#5300,#5302,.T.);
#5300 = VERTEX_POINT('',#5301);
#5301 = CARTESIAN_POINT('',(3.175,-2.989358222275,0.295711504387));
#5302 = LINE('',#5303,#5304);
#5303 = CARTESIAN_POINT('',(3.025,-2.989358222275,0.295711504387));
#5304 = VECTOR('',#5305,1.);
#5305 = DIRECTION('',(1.,0.,0.));
#5306 = ORIENTED_EDGE('',*,*,#5307,.F.);
#5307 = EDGE_CURVE('',#5308,#5300,#5310,.T.);
#5308 = VERTEX_POINT('',#5309);
#5309 = CARTESIAN_POINT('',(3.175,-2.951001715803,0.25));
#5310 = LINE('',#5311,#5312);
#5311 = CARTESIAN_POINT('',(3.175,-2.951001715803,0.25));
#5312 = VECTOR('',#5313,1.);
#5313 = DIRECTION('',(0.,-0.642787609687,0.766044443119));
#5314 = ORIENTED_EDGE('',*,*,#5315,.F.);
#5315 = EDGE_CURVE('',#5290,#5308,#5316,.T.);
#5316 = LINE('',#5317,#5318);
#5317 = CARTESIAN_POINT('',(3.025,-2.951001715803,0.25));
#5318 = VECTOR('',#5319,1.);
#5319 = DIRECTION('',(1.,0.,0.));
#5320 = PLANE('',#5321);
#5321 = AXIS2_PLACEMENT_3D('',#5322,#5323,#5324);
#5322 = CARTESIAN_POINT('',(3.025,-2.93421972318,0.23));
#5323 = DIRECTION('',(0.,0.766044443119,0.642787609687));
#5324 = DIRECTION('',(0.,-0.642787609687,0.766044443119));
#5325 = ADVANCED_FACE('',(#5326),#5353,.T.);
#5326 = FACE_BOUND('',#5327,.T.);
#5327 = EDGE_LOOP('',(#5328,#5338,#5345,#5346));
#5328 = ORIENTED_EDGE('',*,*,#5329,.T.);
#5329 = EDGE_CURVE('',#5330,#5332,#5334,.T.);
#5330 = VERTEX_POINT('',#5331);
#5331 = CARTESIAN_POINT('',(3.025,-3.039963609098,0.304662000978));
#5332 = VERTEX_POINT('',#5333);
#5333 = CARTESIAN_POINT('',(3.175,-3.039963609098,0.304662000978));
#5334 = LINE('',#5335,#5336);
#5335 = CARTESIAN_POINT('',(3.025,-3.039963609098,0.304662000978));
#5336 = VECTOR('',#5337,1.);
#5337 = DIRECTION('',(1.,0.,0.));
#5338 = ORIENTED_EDGE('',*,*,#5339,.F.);
#5339 = EDGE_CURVE('',#5300,#5332,#5340,.T.);
#5340 = CIRCLE('',#5341,4.E-02);
#5341 = AXIS2_PLACEMENT_3D('',#5342,#5343,#5344);
#5342 = CARTESIAN_POINT('',(3.175,-3.02,0.27));
#5343 = DIRECTION('',(1.,0.,0.));
#5344 = DIRECTION('',(-0.,0.766044443119,0.642787609687));
#5345 = ORIENTED_EDGE('',*,*,#5299,.F.);
#5346 = ORIENTED_EDGE('',*,*,#5347,.T.);
#5347 = EDGE_CURVE('',#5292,#5330,#5348,.T.);
#5348 = CIRCLE('',#5349,4.E-02);
#5349 = AXIS2_PLACEMENT_3D('',#5350,#5351,#5352);
#5350 = CARTESIAN_POINT('',(3.025,-3.02,0.27));
#5351 = DIRECTION('',(1.,0.,0.));
#5352 = DIRECTION('',(-0.,0.766044443119,0.642787609687));
#5353 = CYLINDRICAL_SURFACE('',#5354,4.E-02);
#5354 = AXIS2_PLACEMENT_3D('',#5355,#5356,#5357);
#5355 = CARTESIAN_POINT('',(3.025,-3.02,0.27));
#5356 = DIRECTION('',(1.,0.,0.));
#5357 = DIRECTION('',(-0.,1.,0.));
#5358 = ADVANCED_FACE('',(#5359),#5384,.T.);
#5359 = FACE_BOUND('',#5360,.T.);
#5360 = EDGE_LOOP('',(#5361,#5369,#5370,#5378));
#5361 = ORIENTED_EDGE('',*,*,#5362,.F.);
#5362 = EDGE_CURVE('',#5332,#5363,#5365,.T.);
#5363 = VERTEX_POINT('',#5364);
#5364 = CARTESIAN_POINT('',(3.175,-3.134871013966,0.25));
#5365 = LINE('',#5366,#5367);
#5366 = CARTESIAN_POINT('',(3.175,-3.039963609098,0.304662000978));
#5367 = VECTOR('',#5368,1.);
#5368 = DIRECTION('',(0.,-0.866550024439,-0.499090227459));
#5369 = ORIENTED_EDGE('',*,*,#5329,.F.);
#5370 = ORIENTED_EDGE('',*,*,#5371,.T.);
#5371 = EDGE_CURVE('',#5330,#5372,#5374,.T.);
#5372 = VERTEX_POINT('',#5373);
#5373 = CARTESIAN_POINT('',(3.025,-3.134871013966,0.25));
#5374 = LINE('',#5375,#5376);
#5375 = CARTESIAN_POINT('',(3.025,-3.039963609098,0.304662000978));
#5376 = VECTOR('',#5377,1.);
#5377 = DIRECTION('',(0.,-0.866550024439,-0.499090227459));
#5378 = ORIENTED_EDGE('',*,*,#5379,.T.);
#5379 = EDGE_CURVE('',#5372,#5363,#5380,.T.);
#5380 = LINE('',#5381,#5382);
#5381 = CARTESIAN_POINT('',(3.025,-3.134871013966,0.25));
#5382 = VECTOR('',#5383,1.);
#5383 = DIRECTION('',(1.,0.,0.));
#5384 = PLANE('',#5385);
#5385 = AXIS2_PLACEMENT_3D('',#5386,#5387,#5388);
#5386 = CARTESIAN_POINT('',(3.025,-3.039963609098,0.304662000978));
#5387 = DIRECTION('',(0.,-0.499090227459,0.866550024439));
#5388 = DIRECTION('',(0.,-0.866550024439,-0.499090227459));
#5389 = ADVANCED_FACE('',(#5390),#5424,.T.);
#5390 = FACE_BOUND('',#5391,.T.);
#5391 = EDGE_LOOP('',(#5392,#5402,#5410,#5418));
#5392 = ORIENTED_EDGE('',*,*,#5393,.T.);
#5393 = EDGE_CURVE('',#5394,#5396,#5398,.T.);
#5394 = VERTEX_POINT('',#5395);
#5395 = CARTESIAN_POINT('',(3.025,-3.172705922612,0.66));
#5396 = VERTEX_POINT('',#5397);
#5397 = CARTESIAN_POINT('',(3.025,-3.034152621563,0.607587391124));
#5398 = LINE('',#5399,#5400);
#5399 = CARTESIAN_POINT('',(3.025,-3.172705922612,0.66));
#5400 = VECTOR('',#5401,1.);
#5401 = DIRECTION('',(0.,0.935315221896,-0.353815539072));
#5402 = ORIENTED_EDGE('',*,*,#5403,.T.);
#5403 = EDGE_CURVE('',#5396,#5404,#5406,.T.);
#5404 = VERTEX_POINT('',#5405);
#5405 = CARTESIAN_POINT('',(3.175,-3.034152621563,0.607587391124));
#5406 = LINE('',#5407,#5408);
#5407 = CARTESIAN_POINT('',(3.025,-3.034152621563,0.607587391124));
#5408 = VECTOR('',#5409,1.);
#5409 = DIRECTION('',(1.,0.,0.));
#5410 = ORIENTED_EDGE('',*,*,#5411,.F.);
#5411 = EDGE_CURVE('',#5412,#5404,#5414,.T.);
#5412 = VERTEX_POINT('',#5413);
#5413 = CARTESIAN_POINT('',(3.175,-3.172705922612,0.66));
#5414 = LINE('',#5415,#5416);
#5415 = CARTESIAN_POINT('',(3.175,-3.172705922612,0.66));
#5416 = VECTOR('',#5417,1.);
#5417 = DIRECTION('',(0.,0.935315221896,-0.353815539072));
#5418 = ORIENTED_EDGE('',*,*,#5419,.F.);
#5419 = EDGE_CURVE('',#5394,#5412,#5420,.T.);
#5420 = LINE('',#5421,#5422);
#5421 = CARTESIAN_POINT('',(3.025,-3.172705922612,0.66));
#5422 = VECTOR('',#5423,1.);
#5423 = DIRECTION('',(1.,0.,0.));
#5424 = PLANE('',#5425);
#5425 = AXIS2_PLACEMENT_3D('',#5426,#5427,#5428);
#5426 = CARTESIAN_POINT('',(3.025,-3.207690776954,0.673234238905));
#5427 = DIRECTION('',(0.,-0.353815539072,-0.935315221896));
#5428 = DIRECTION('',(0.,0.935315221896,-0.353815539072));
#5429 = ADVANCED_FACE('',(#5430),#5457,.T.);
#5430 = FACE_BOUND('',#5431,.T.);
#5431 = EDGE_LOOP('',(#5432,#5442,#5449,#5450));
#5432 = ORIENTED_EDGE('',*,*,#5433,.T.);
#5433 = EDGE_CURVE('',#5434,#5436,#5438,.T.);
#5434 = VERTEX_POINT('',#5435);
#5435 = CARTESIAN_POINT('',(3.025,-2.989358222275,0.619288495612));
#5436 = VERTEX_POINT('',#5437);
#5437 = CARTESIAN_POINT('',(3.175,-2.989358222275,0.619288495612));
#5438 = LINE('',#5439,#5440);
#5439 = CARTESIAN_POINT('',(3.025,-2.989358222275,0.619288495612));
#5440 = VECTOR('',#5441,1.);
#5441 = DIRECTION('',(1.,0.,0.));
#5442 = ORIENTED_EDGE('',*,*,#5443,.F.);
#5443 = EDGE_CURVE('',#5404,#5436,#5444,.T.);
#5444 = CIRCLE('',#5445,4.E-02);
#5445 = AXIS2_PLACEMENT_3D('',#5446,#5447,#5448);
#5446 = CARTESIAN_POINT('',(3.175,-3.02,0.645));
#5447 = DIRECTION('',(1.,0.,0.));
#5448 = DIRECTION('',(0.,-0.353815539072,-0.935315221896));
#5449 = ORIENTED_EDGE('',*,*,#5403,.F.);
#5450 = ORIENTED_EDGE('',*,*,#5451,.T.);
#5451 = EDGE_CURVE('',#5396,#5434,#5452,.T.);
#5452 = CIRCLE('',#5453,4.E-02);
#5453 = AXIS2_PLACEMENT_3D('',#5454,#5455,#5456);
#5454 = CARTESIAN_POINT('',(3.025,-3.02,0.645));
#5455 = DIRECTION('',(1.,0.,0.));
#5456 = DIRECTION('',(0.,-0.353815539072,-0.935315221896));
#5457 = CYLINDRICAL_SURFACE('',#5458,4.E-02);
#5458 = AXIS2_PLACEMENT_3D('',#5459,#5460,#5461);
#5459 = CARTESIAN_POINT('',(3.025,-3.02,0.645));
#5460 = DIRECTION('',(1.,0.,0.));
#5461 = DIRECTION('',(-0.,1.,0.));
#5462 = ADVANCED_FACE('',(#5463),#5488,.T.);
#5463 = FACE_BOUND('',#5464,.T.);
#5464 = EDGE_LOOP('',(#5465,#5475,#5481,#5482));
#5465 = ORIENTED_EDGE('',*,*,#5466,.T.);
#5466 = EDGE_CURVE('',#5467,#5469,#5471,.T.);
#5467 = VERTEX_POINT('',#5468);
#5468 = CARTESIAN_POINT('',(3.025,-2.967186685358,0.645711504388));
#5469 = VERTEX_POINT('',#5470);
#5470 = CARTESIAN_POINT('',(3.175,-2.967186685358,0.645711504388));
#5471 = LINE('',#5472,#5473);
#5472 = CARTESIAN_POINT('',(3.025,-2.967186685358,0.645711504388));
#5473 = VECTOR('',#5474,1.);
#5474 = DIRECTION('',(1.,0.,0.));
#5475 = ORIENTED_EDGE('',*,*,#5476,.F.);
#5476 = EDGE_CURVE('',#5436,#5469,#5477,.T.);
#5477 = LINE('',#5478,#5479);
#5478 = CARTESIAN_POINT('',(3.175,-2.989358222275,0.619288495612));
#5479 = VECTOR('',#5480,1.);
#5480 = DIRECTION('',(0.,0.642787609687,0.766044443119));
#5481 = ORIENTED_EDGE('',*,*,#5433,.F.);
#5482 = ORIENTED_EDGE('',*,*,#5483,.T.);
#5483 = EDGE_CURVE('',#5434,#5467,#5484,.T.);
#5484 = LINE('',#5485,#5486);
#5485 = CARTESIAN_POINT('',(3.025,-2.989358222275,0.619288495612));
#5486 = VECTOR('',#5487,1.);
#5487 = DIRECTION('',(0.,0.642787609687,0.766044443119));
#5488 = PLANE('',#5489);
#5489 = AXIS2_PLACEMENT_3D('',#5490,#5491,#5492);
#5490 = CARTESIAN_POINT('',(3.025,-2.989358222275,0.619288495612));
#5491 = DIRECTION('',(0.,0.766044443119,-0.642787609687));
#5492 = DIRECTION('',(0.,0.642787609687,0.766044443119));
#5493 = ADVANCED_FACE('',(#5494),#5521,.F.);
#5494 = FACE_BOUND('',#5495,.F.);
#5495 = EDGE_LOOP('',(#5496,#5506,#5513,#5514));
#5496 = ORIENTED_EDGE('',*,*,#5497,.F.);
#5497 = EDGE_CURVE('',#5498,#5500,#5502,.T.);
#5498 = VERTEX_POINT('',#5499);
#5499 = CARTESIAN_POINT('',(3.025,-2.936544907633,0.66));
#5500 = VERTEX_POINT('',#5501);
#5501 = CARTESIAN_POINT('',(3.175,-2.936544907633,0.66));
#5502 = LINE('',#5503,#5504);
#5503 = CARTESIAN_POINT('',(3.025,-2.936544907633,0.66));
#5504 = VECTOR('',#5505,1.);
#5505 = DIRECTION('',(1.,0.,0.));
#5506 = ORIENTED_EDGE('',*,*,#5507,.F.);
#5507 = EDGE_CURVE('',#5467,#5498,#5508,.T.);
#5508 = CIRCLE('',#5509,4.E-02);
#5509 = AXIS2_PLACEMENT_3D('',#5510,#5511,#5512);
#5510 = CARTESIAN_POINT('',(3.025,-2.936544907633,0.62));
#5511 = DIRECTION('',(-1.,0.,0.));
#5512 = DIRECTION('',(0.,-0.766044443119,0.642787609687));
#5513 = ORIENTED_EDGE('',*,*,#5466,.T.);
#5514 = ORIENTED_EDGE('',*,*,#5515,.T.);
#5515 = EDGE_CURVE('',#5469,#5500,#5516,.T.);
#5516 = CIRCLE('',#5517,4.E-02);
#5517 = AXIS2_PLACEMENT_3D('',#5518,#5519,#5520);
#5518 = CARTESIAN_POINT('',(3.175,-2.936544907633,0.62));
#5519 = DIRECTION('',(-1.,0.,0.));
#5520 = DIRECTION('',(0.,-0.766044443119,0.642787609687));
#5521 = CYLINDRICAL_SURFACE('',#5522,4.E-02);
#5522 = AXIS2_PLACEMENT_3D('',#5523,#5524,#5525);
#5523 = CARTESIAN_POINT('',(3.025,-2.936544907633,0.62));
#5524 = DIRECTION('',(1.,0.,0.));
#5525 = DIRECTION('',(-0.,1.,0.));
#5526 = ADVANCED_FACE('',(#5527),#5561,.T.);
#5527 = FACE_BOUND('',#5528,.T.);
#5528 = EDGE_LOOP('',(#5529,#5539,#5547,#5555));
#5529 = ORIENTED_EDGE('',*,*,#5530,.T.);
#5530 = EDGE_CURVE('',#5531,#5533,#5535,.T.);
#5531 = VERTEX_POINT('',#5532);
#5532 = CARTESIAN_POINT('',(3.025,-5.E-02,-6.E-02));
#5533 = VERTEX_POINT('',#5534);
#5534 = CARTESIAN_POINT('',(3.175,-5.E-02,-6.E-02));
#5535 = LINE('',#5536,#5537);
#5536 = CARTESIAN_POINT('',(3.025,-5.E-02,-6.E-02));
#5537 = VECTOR('',#5538,1.);
#5538 = DIRECTION('',(1.,0.,0.));
#5539 = ORIENTED_EDGE('',*,*,#5540,.F.);
#5540 = EDGE_CURVE('',#5541,#5533,#5543,.T.);
#5541 = VERTEX_POINT('',#5542);
#5542 = CARTESIAN_POINT('',(3.175,-0.55,-6.E-02));
#5543 = LINE('',#5544,#5545);
#5544 = CARTESIAN_POINT('',(3.175,-0.55,-6.E-02));
#5545 = VECTOR('',#5546,1.);
#5546 = DIRECTION('',(0.,1.,0.));
#5547 = ORIENTED_EDGE('',*,*,#5548,.F.);
#5548 = EDGE_CURVE('',#5549,#5541,#5551,.T.);
#5549 = VERTEX_POINT('',#5550);
#5550 = CARTESIAN_POINT('',(3.025,-0.55,-6.E-02));
#5551 = LINE('',#5552,#5553);
#5552 = CARTESIAN_POINT('',(3.025,-0.55,-6.E-02));
#5553 = VECTOR('',#5554,1.);
#5554 = DIRECTION('',(1.,0.,0.));
#5555 = ORIENTED_EDGE('',*,*,#5556,.T.);
#5556 = EDGE_CURVE('',#5549,#5531,#5557,.T.);
#5557 = LINE('',#5558,#5559);
#5558 = CARTESIAN_POINT('',(3.025,-0.55,-6.E-02));
#5559 = VECTOR('',#5560,1.);
#5560 = DIRECTION('',(0.,1.,0.));
#5561 = PLANE('',#5562);
#5562 = AXIS2_PLACEMENT_3D('',#5563,#5564,#5565);
#5563 = CARTESIAN_POINT('',(3.025,-0.55,-6.E-02));
#5564 = DIRECTION('',(0.,0.,-1.));
#5565 = DIRECTION('',(0.,1.,0.));
#5566 = ADVANCED_FACE('',(#5567),#5592,.T.);
#5567 = FACE_BOUND('',#5568,.T.);
#5568 = EDGE_LOOP('',(#5569,#5579,#5585,#5586));
#5569 = ORIENTED_EDGE('',*,*,#5570,.T.);
#5570 = EDGE_CURVE('',#5571,#5573,#5575,.T.);
#5571 = VERTEX_POINT('',#5572);
#5572 = CARTESIAN_POINT('',(3.025,-5.E-02,0.13));
#5573 = VERTEX_POINT('',#5574);
#5574 = CARTESIAN_POINT('',(3.175,-5.E-02,0.13));
#5575 = LINE('',#5576,#5577);
#5576 = CARTESIAN_POINT('',(3.025,-5.E-02,0.13));
#5577 = VECTOR('',#5578,1.);
#5578 = DIRECTION('',(1.,0.,0.));
#5579 = ORIENTED_EDGE('',*,*,#5580,.F.);
#5580 = EDGE_CURVE('',#5533,#5573,#5581,.T.);
#5581 = LINE('',#5582,#5583);
#5582 = CARTESIAN_POINT('',(3.175,-5.E-02,-6.E-02));
#5583 = VECTOR('',#5584,1.);
#5584 = DIRECTION('',(0.,0.,1.));
#5585 = ORIENTED_EDGE('',*,*,#5530,.F.);
#5586 = ORIENTED_EDGE('',*,*,#5587,.T.);
#5587 = EDGE_CURVE('',#5531,#5571,#5588,.T.);
#5588 = LINE('',#5589,#5590);
#5589 = CARTESIAN_POINT('',(3.025,-5.E-02,-6.E-02));
#5590 = VECTOR('',#5591,1.);
#5591 = DIRECTION('',(0.,0.,1.));
#5592 = PLANE('',#5593);
#5593 = AXIS2_PLACEMENT_3D('',#5594,#5595,#5596);
#5594 = CARTESIAN_POINT('',(3.025,-5.E-02,-6.E-02));
#5595 = DIRECTION('',(0.,1.,0.));
#5596 = DIRECTION('',(0.,-0.,1.));
#5597 = ADVANCED_FACE('',(#5598),#5623,.T.);
#5598 = FACE_BOUND('',#5599,.T.);
#5599 = EDGE_LOOP('',(#5600,#5610,#5616,#5617));
#5600 = ORIENTED_EDGE('',*,*,#5601,.T.);
#5601 = EDGE_CURVE('',#5602,#5604,#5606,.T.);
#5602 = VERTEX_POINT('',#5603);
#5603 = CARTESIAN_POINT('',(3.025,-0.25,0.13));
#5604 = VERTEX_POINT('',#5605);
#5605 = CARTESIAN_POINT('',(3.175,-0.25,0.13));
#5606 = LINE('',#5607,#5608);
#5607 = CARTESIAN_POINT('',(3.025,-0.25,0.13));
#5608 = VECTOR('',#5609,1.);
#5609 = DIRECTION('',(1.,0.,0.));
#5610 = ORIENTED_EDGE('',*,*,#5611,.F.);
#5611 = EDGE_CURVE('',#5573,#5604,#5612,.T.);
#5612 = LINE('',#5613,#5614);
#5613 = CARTESIAN_POINT('',(3.175,-5.E-02,0.13));
#5614 = VECTOR('',#5615,1.);
#5615 = DIRECTION('',(0.,-1.,0.));
#5616 = ORIENTED_EDGE('',*,*,#5570,.F.);
#5617 = ORIENTED_EDGE('',*,*,#5618,.T.);
#5618 = EDGE_CURVE('',#5571,#5602,#5619,.T.);
#5619 = LINE('',#5620,#5621);
#5620 = CARTESIAN_POINT('',(3.025,-5.E-02,0.13));
#5621 = VECTOR('',#5622,1.);
#5622 = DIRECTION('',(0.,-1.,0.));
#5623 = PLANE('',#5624);
#5624 = AXIS2_PLACEMENT_3D('',#5625,#5626,#5627);
#5625 = CARTESIAN_POINT('',(3.025,-5.E-02,0.13));
#5626 = DIRECTION('',(0.,0.,1.));
#5627 = DIRECTION('',(0.,-1.,0.));
#5628 = ADVANCED_FACE('',(#5629),#5654,.T.);
#5629 = FACE_BOUND('',#5630,.T.);
#5630 = EDGE_LOOP('',(#5631,#5641,#5647,#5648));
#5631 = ORIENTED_EDGE('',*,*,#5632,.T.);
#5632 = EDGE_CURVE('',#5633,#5635,#5637,.T.);
#5633 = VERTEX_POINT('',#5634);
#5634 = CARTESIAN_POINT('',(3.025,-0.25,0.23));
#5635 = VERTEX_POINT('',#5636);
#5636 = CARTESIAN_POINT('',(3.175,-0.25,0.23));
#5637 = LINE('',#5638,#5639);
#5638 = CARTESIAN_POINT('',(3.025,-0.25,0.23));
#5639 = VECTOR('',#5640,1.);
#5640 = DIRECTION('',(1.,0.,0.));
#5641 = ORIENTED_EDGE('',*,*,#5642,.F.);
#5642 = EDGE_CURVE('',#5604,#5635,#5643,.T.);
#5643 = LINE('',#5644,#5645);
#5644 = CARTESIAN_POINT('',(3.175,-0.25,0.13));
#5645 = VECTOR('',#5646,1.);
#5646 = DIRECTION('',(0.,0.,1.));
#5647 = ORIENTED_EDGE('',*,*,#5601,.F.);
#5648 = ORIENTED_EDGE('',*,*,#5649,.T.);
#5649 = EDGE_CURVE('',#5602,#5633,#5650,.T.);
#5650 = LINE('',#5651,#5652);
#5651 = CARTESIAN_POINT('',(3.025,-0.25,0.13));
#5652 = VECTOR('',#5653,1.);
#5653 = DIRECTION('',(0.,0.,1.));
#5654 = PLANE('',#5655);
#5655 = AXIS2_PLACEMENT_3D('',#5656,#5657,#5658);
#5656 = CARTESIAN_POINT('',(3.025,-0.25,0.13));
#5657 = DIRECTION('',(0.,1.,0.));
#5658 = DIRECTION('',(0.,-0.,1.));
#5659 = ADVANCED_FACE('',(#5660),#5685,.T.);
#5660 = FACE_BOUND('',#5661,.T.);
#5661 = EDGE_LOOP('',(#5662,#5670,#5671,#5679));
#5662 = ORIENTED_EDGE('',*,*,#5663,.F.);
#5663 = EDGE_CURVE('',#5635,#5664,#5666,.T.);
#5664 = VERTEX_POINT('',#5665);
#5665 = CARTESIAN_POINT('',(3.175,-1.7,0.23));
#5666 = LINE('',#5667,#5668);
#5667 = CARTESIAN_POINT('',(3.175,-0.25,0.23));
#5668 = VECTOR('',#5669,1.);
#5669 = DIRECTION('',(0.,-1.,0.));
#5670 = ORIENTED_EDGE('',*,*,#5632,.F.);
#5671 = ORIENTED_EDGE('',*,*,#5672,.T.);
#5672 = EDGE_CURVE('',#5633,#5673,#5675,.T.);
#5673 = VERTEX_POINT('',#5674);
#5674 = CARTESIAN_POINT('',(3.025,-1.7,0.23));
#5675 = LINE('',#5676,#5677);
#5676 = CARTESIAN_POINT('',(3.025,-0.25,0.23));
#5677 = VECTOR('',#5678,1.);
#5678 = DIRECTION('',(0.,-1.,0.));
#5679 = ORIENTED_EDGE('',*,*,#5680,.T.);
#5680 = EDGE_CURVE('',#5673,#5664,#5681,.T.);
#5681 = LINE('',#5682,#5683);
#5682 = CARTESIAN_POINT('',(3.025,-1.7,0.23));
#5683 = VECTOR('',#5684,1.);
#5684 = DIRECTION('',(1.,0.,0.));
#5685 = PLANE('',#5686);
#5686 = AXIS2_PLACEMENT_3D('',#5687,#5688,#5689);
#5687 = CARTESIAN_POINT('',(3.025,-0.25,0.23));
#5688 = DIRECTION('',(0.,0.,1.));
#5689 = DIRECTION('',(0.,-1.,0.));
#5690 = ADVANCED_FACE('',(#5691),#5708,.T.);
#5691 = FACE_BOUND('',#5692,.T.);
#5692 = EDGE_LOOP('',(#5693,#5694,#5695,#5701,#5702));
#5693 = ORIENTED_EDGE('',*,*,#5236,.T.);
#5694 = ORIENTED_EDGE('',*,*,#5086,.T.);
#5695 = ORIENTED_EDGE('',*,*,#5696,.F.);
#5696 = EDGE_CURVE('',#5117,#5079,#5697,.T.);
#5697 = LINE('',#5698,#5699);
#5698 = CARTESIAN_POINT('',(3.175,-1.7,0.66));
#5699 = VECTOR('',#5700,1.);
#5700 = DIRECTION('',(0.,0.,1.));
#5701 = ORIENTED_EDGE('',*,*,#5116,.T.);
#5702 = ORIENTED_EDGE('',*,*,#5703,.T.);
#5703 = EDGE_CURVE('',#5119,#5237,#5704,.T.);
#5704 = LINE('',#5705,#5706);
#5705 = CARTESIAN_POINT('',(3.175,-1.385319534335,0.66));
#5706 = VECTOR('',#5707,1.);
#5707 = DIRECTION('',(0.,8.715574274766E-02,0.996194698092));
#5708 = PLANE('',#5709);
#5709 = AXIS2_PLACEMENT_3D('',#5710,#5711,#5712);
#5710 = CARTESIAN_POINT('',(3.175,-3.6,-4.E-02));
#5711 = DIRECTION('',(1.,0.,0.));
#5712 = DIRECTION('',(-0.,1.,0.));
#5713 = ADVANCED_FACE('',(#5714),#5725,.T.);
#5714 = FACE_BOUND('',#5715,.T.);
#5715 = EDGE_LOOP('',(#5716,#5717,#5718,#5719));
#5716 = ORIENTED_EDGE('',*,*,#5174,.T.);
#5717 = ORIENTED_EDGE('',*,*,#5206,.T.);
#5718 = ORIENTED_EDGE('',*,*,#5258,.T.);
#5719 = ORIENTED_EDGE('',*,*,#5720,.F.);
#5720 = EDGE_CURVE('',#5175,#5259,#5721,.T.);
#5721 = LINE('',#5722,#5723);
#5722 = CARTESIAN_POINT('',(3.175,-0.883409615563,0.66));
#5723 = VECTOR('',#5724,1.);
#5724 = DIRECTION('',(0.,8.715574274766E-02,0.996194698092));
#5725 = PLANE('',#5726);
#5726 = AXIS2_PLACEMENT_3D('',#5727,#5728,#5729);
#5727 = CARTESIAN_POINT('',(3.175,-3.6,-4.E-02));
#5728 = DIRECTION('',(1.,0.,0.));
#5729 = DIRECTION('',(-0.,1.,0.));
#5730 = ADVANCED_FACE('',(#5731),#5742,.T.);
#5731 = FACE_BOUND('',#5732,.T.);
#5732 = EDGE_LOOP('',(#5733,#5734,#5735,#5736));
#5733 = ORIENTED_EDGE('',*,*,#5307,.T.);
#5734 = ORIENTED_EDGE('',*,*,#5339,.T.);
#5735 = ORIENTED_EDGE('',*,*,#5362,.T.);
#5736 = ORIENTED_EDGE('',*,*,#5737,.F.);
#5737 = EDGE_CURVE('',#5308,#5363,#5738,.T.);
#5738 = LINE('',#5739,#5740);
#5739 = CARTESIAN_POINT('',(3.175,-2.951001715803,0.25));
#5740 = VECTOR('',#5741,1.);
#5741 = DIRECTION('',(0.,-1.,0.));
#5742 = PLANE('',#5743);
#5743 = AXIS2_PLACEMENT_3D('',#5744,#5745,#5746);
#5744 = CARTESIAN_POINT('',(3.175,-3.6,-4.E-02));
#5745 = DIRECTION('',(1.,0.,0.));
#5746 = DIRECTION('',(-0.,1.,0.));
#5747 = ADVANCED_FACE('',(#5748),#5760,.T.);
#5748 = FACE_BOUND('',#5749,.T.);
#5749 = EDGE_LOOP('',(#5750,#5751,#5752,#5753,#5754));
#5750 = ORIENTED_EDGE('',*,*,#5411,.T.);
#5751 = ORIENTED_EDGE('',*,*,#5443,.T.);
#5752 = ORIENTED_EDGE('',*,*,#5476,.T.);
#5753 = ORIENTED_EDGE('',*,*,#5515,.T.);
#5754 = ORIENTED_EDGE('',*,*,#5755,.T.);
#5755 = EDGE_CURVE('',#5500,#5412,#5756,.T.);
#5756 = LINE('',#5757,#5758);
#5757 = CARTESIAN_POINT('',(3.175,-2.936544907633,0.66));
#5758 = VECTOR('',#5759,1.);
#5759 = DIRECTION('',(0.,-1.,0.));
#5760 = PLANE('',#5761);
#5761 = AXIS2_PLACEMENT_3D('',#5762,#5763,#5764);
#5762 = CARTESIAN_POINT('',(3.175,-3.6,-4.E-02));
#5763 = DIRECTION('',(1.,0.,0.));
#5764 = DIRECTION('',(-0.,1.,0.));
#5765 = ADVANCED_FACE('',(#5766),#5811,.T.);
#5766 = FACE_BOUND('',#5767,.T.);
#5767 = EDGE_LOOP('',(#5768,#5776,#5777,#5778,#5779,#5780,#5781,#5789,
    #5797,#5805));
#5768 = ORIENTED_EDGE('',*,*,#5769,.T.);
#5769 = EDGE_CURVE('',#5770,#5541,#5772,.T.);
#5770 = VERTEX_POINT('',#5771);
#5771 = CARTESIAN_POINT('',(3.175,-0.55,4.336808689942E-16));
#5772 = LINE('',#5773,#5774);
#5773 = CARTESIAN_POINT('',(3.175,-0.55,4.336808689942E-16));
#5774 = VECTOR('',#5775,1.);
#5775 = DIRECTION('',(0.,0.,-1.));
#5776 = ORIENTED_EDGE('',*,*,#5540,.T.);
#5777 = ORIENTED_EDGE('',*,*,#5580,.T.);
#5778 = ORIENTED_EDGE('',*,*,#5611,.T.);
#5779 = ORIENTED_EDGE('',*,*,#5642,.T.);
#5780 = ORIENTED_EDGE('',*,*,#5663,.T.);
#5781 = ORIENTED_EDGE('',*,*,#5782,.F.);
#5782 = EDGE_CURVE('',#5783,#5664,#5785,.T.);
#5783 = VERTEX_POINT('',#5784);
#5784 = CARTESIAN_POINT('',(3.175,-1.7,0.21));
#5785 = LINE('',#5786,#5787);
#5786 = CARTESIAN_POINT('',(3.175,-1.7,0.21));
#5787 = VECTOR('',#5788,1.);
#5788 = DIRECTION('',(0.,0.,1.));
#5789 = ORIENTED_EDGE('',*,*,#5790,.T.);
#5790 = EDGE_CURVE('',#5783,#5791,#5793,.T.);
#5791 = VERTEX_POINT('',#5792);
#5792 = CARTESIAN_POINT('',(3.175,-0.51,0.21));
#5793 = LINE('',#5794,#5795);
#5794 = CARTESIAN_POINT('',(3.175,-1.7,0.21));
#5795 = VECTOR('',#5796,1.);
#5796 = DIRECTION('',(0.,1.,0.));
#5797 = ORIENTED_EDGE('',*,*,#5798,.F.);
#5798 = EDGE_CURVE('',#5799,#5791,#5801,.T.);
#5799 = VERTEX_POINT('',#5800);
#5800 = CARTESIAN_POINT('',(3.175,-0.51,4.336808689942E-16));
#5801 = LINE('',#5802,#5803);
#5802 = CARTESIAN_POINT('',(3.175,-0.51,4.336808689942E-16));
#5803 = VECTOR('',#5804,1.);
#5804 = DIRECTION('',(0.,0.,1.));
#5805 = ORIENTED_EDGE('',*,*,#5806,.F.);
#5806 = EDGE_CURVE('',#5770,#5799,#5807,.T.);
#5807 = LINE('',#5808,#5809);
#5808 = CARTESIAN_POINT('',(3.175,-0.55,4.336808689942E-16));
#5809 = VECTOR('',#5810,1.);
#5810 = DIRECTION('',(0.,1.,0.));
#5811 = PLANE('',#5812);
#5812 = AXIS2_PLACEMENT_3D('',#5813,#5814,#5815);
#5813 = CARTESIAN_POINT('',(3.175,-3.6,-4.E-02));
#5814 = DIRECTION('',(1.,0.,0.));
#5815 = DIRECTION('',(-0.,1.,0.));
#5816 = ADVANCED_FACE('',(#5817),#5835,.T.);
#5817 = FACE_BOUND('',#5818,.T.);
#5818 = EDGE_LOOP('',(#5819,#5827,#5828,#5829));
#5819 = ORIENTED_EDGE('',*,*,#5820,.T.);
#5820 = EDGE_CURVE('',#5821,#5549,#5823,.T.);
#5821 = VERTEX_POINT('',#5822);
#5822 = CARTESIAN_POINT('',(3.025,-0.55,4.336808689942E-16));
#5823 = LINE('',#5824,#5825);
#5824 = CARTESIAN_POINT('',(3.025,-0.55,4.336808689942E-16));
#5825 = VECTOR('',#5826,1.);
#5826 = DIRECTION('',(0.,0.,-1.));
#5827 = ORIENTED_EDGE('',*,*,#5548,.T.);
#5828 = ORIENTED_EDGE('',*,*,#5769,.F.);
#5829 = ORIENTED_EDGE('',*,*,#5830,.F.);
#5830 = EDGE_CURVE('',#5821,#5770,#5831,.T.);
#5831 = LINE('',#5832,#5833);
#5832 = CARTESIAN_POINT('',(3.025,-0.55,4.336808689942E-16));
#5833 = VECTOR('',#5834,1.);
#5834 = DIRECTION('',(1.,0.,0.));
#5835 = PLANE('',#5836);
#5836 = AXIS2_PLACEMENT_3D('',#5837,#5838,#5839);
#5837 = CARTESIAN_POINT('',(3.025,-0.55,9.E-02));
#5838 = DIRECTION('',(0.,-1.,0.));
#5839 = DIRECTION('',(0.,0.,-1.));
#5840 = ADVANCED_FACE('',(#5841),#5858,.F.);
#5841 = FACE_BOUND('',#5842,.T.);
#5842 = EDGE_LOOP('',(#5843,#5844,#5850,#5851,#5852));
#5843 = ORIENTED_EDGE('',*,*,#5134,.F.);
#5844 = ORIENTED_EDGE('',*,*,#5845,.T.);
#5845 = EDGE_CURVE('',#5127,#5077,#5846,.T.);
#5846 = LINE('',#5847,#5848);
#5847 = CARTESIAN_POINT('',(3.025,-1.7,0.66));
#5848 = VECTOR('',#5849,1.);
#5849 = DIRECTION('',(0.,0.,1.));
#5850 = ORIENTED_EDGE('',*,*,#5102,.F.);
#5851 = ORIENTED_EDGE('',*,*,#5227,.F.);
#5852 = ORIENTED_EDGE('',*,*,#5853,.F.);
#5853 = EDGE_CURVE('',#5135,#5228,#5854,.T.);
#5854 = LINE('',#5855,#5856);
#5855 = CARTESIAN_POINT('',(3.025,-1.385319534335,0.66));
#5856 = VECTOR('',#5857,1.);
#5857 = DIRECTION('',(0.,8.715574274766E-02,0.996194698092));
#5858 = PLANE('',#5859);
#5859 = AXIS2_PLACEMENT_3D('',#5860,#5861,#5862);
#5860 = CARTESIAN_POINT('',(3.025,-3.6,-4.E-02));
#5861 = DIRECTION('',(1.,0.,0.));
#5862 = DIRECTION('',(-0.,1.,0.));
#5863 = ADVANCED_FACE('',(#5864),#5875,.F.);
#5864 = FACE_BOUND('',#5865,.T.);
#5865 = EDGE_LOOP('',(#5866,#5867,#5868,#5869));
#5866 = ORIENTED_EDGE('',*,*,#5267,.F.);
#5867 = ORIENTED_EDGE('',*,*,#5213,.F.);
#5868 = ORIENTED_EDGE('',*,*,#5156,.F.);
#5869 = ORIENTED_EDGE('',*,*,#5870,.T.);
#5870 = EDGE_CURVE('',#5157,#5268,#5871,.T.);
#5871 = LINE('',#5872,#5873);
#5872 = CARTESIAN_POINT('',(3.025,-0.883409615563,0.66));
#5873 = VECTOR('',#5874,1.);
#5874 = DIRECTION('',(0.,8.715574274766E-02,0.996194698092));
#5875 = PLANE('',#5876);
#5876 = AXIS2_PLACEMENT_3D('',#5877,#5878,#5879);
#5877 = CARTESIAN_POINT('',(3.025,-3.6,-4.E-02));
#5878 = DIRECTION('',(1.,0.,0.));
#5879 = DIRECTION('',(-0.,1.,0.));
#5880 = ADVANCED_FACE('',(#5881),#5892,.F.);
#5881 = FACE_BOUND('',#5882,.T.);
#5882 = EDGE_LOOP('',(#5883,#5884,#5885,#5886));
#5883 = ORIENTED_EDGE('',*,*,#5371,.F.);
#5884 = ORIENTED_EDGE('',*,*,#5347,.F.);
#5885 = ORIENTED_EDGE('',*,*,#5289,.F.);
#5886 = ORIENTED_EDGE('',*,*,#5887,.T.);
#5887 = EDGE_CURVE('',#5290,#5372,#5888,.T.);
#5888 = LINE('',#5889,#5890);
#5889 = CARTESIAN_POINT('',(3.025,-2.951001715803,0.25));
#5890 = VECTOR('',#5891,1.);
#5891 = DIRECTION('',(0.,-1.,0.));
#5892 = PLANE('',#5893);
#5893 = AXIS2_PLACEMENT_3D('',#5894,#5895,#5896);
#5894 = CARTESIAN_POINT('',(3.025,-3.6,-4.E-02));
#5895 = DIRECTION('',(1.,0.,0.));
#5896 = DIRECTION('',(-0.,1.,0.));
#5897 = ADVANCED_FACE('',(#5898),#5910,.F.);
#5898 = FACE_BOUND('',#5899,.T.);
#5899 = EDGE_LOOP('',(#5900,#5901,#5902,#5903,#5904));
#5900 = ORIENTED_EDGE('',*,*,#5507,.F.);
#5901 = ORIENTED_EDGE('',*,*,#5483,.F.);
#5902 = ORIENTED_EDGE('',*,*,#5451,.F.);
#5903 = ORIENTED_EDGE('',*,*,#5393,.F.);
#5904 = ORIENTED_EDGE('',*,*,#5905,.F.);
#5905 = EDGE_CURVE('',#5498,#5394,#5906,.T.);
#5906 = LINE('',#5907,#5908);
#5907 = CARTESIAN_POINT('',(3.025,-2.936544907633,0.66));
#5908 = VECTOR('',#5909,1.);
#5909 = DIRECTION('',(0.,-1.,0.));
#5910 = PLANE('',#5911);
#5911 = AXIS2_PLACEMENT_3D('',#5912,#5913,#5914);
#5912 = CARTESIAN_POINT('',(3.025,-3.6,-4.E-02));
#5913 = DIRECTION('',(1.,0.,0.));
#5914 = DIRECTION('',(-0.,1.,0.));
#5915 = ADVANCED_FACE('',(#5916),#5954,.F.);
#5916 = FACE_BOUND('',#5917,.T.);
#5917 = EDGE_LOOP('',(#5918,#5928,#5936,#5942,#5943,#5944,#5945,#5946,
    #5947,#5948));
#5918 = ORIENTED_EDGE('',*,*,#5919,.T.);
#5919 = EDGE_CURVE('',#5920,#5922,#5924,.T.);
#5920 = VERTEX_POINT('',#5921);
#5921 = CARTESIAN_POINT('',(3.025,-0.51,4.336808689942E-16));
#5922 = VERTEX_POINT('',#5923);
#5923 = CARTESIAN_POINT('',(3.025,-0.51,0.21));
#5924 = LINE('',#5925,#5926);
#5925 = CARTESIAN_POINT('',(3.025,-0.51,4.336808689942E-16));
#5926 = VECTOR('',#5927,1.);
#5927 = DIRECTION('',(0.,0.,1.));
#5928 = ORIENTED_EDGE('',*,*,#5929,.F.);
#5929 = EDGE_CURVE('',#5930,#5922,#5932,.T.);
#5930 = VERTEX_POINT('',#5931);
#5931 = CARTESIAN_POINT('',(3.025,-1.7,0.21));
#5932 = LINE('',#5933,#5934);
#5933 = CARTESIAN_POINT('',(3.025,-1.7,0.21));
#5934 = VECTOR('',#5935,1.);
#5935 = DIRECTION('',(0.,1.,0.));
#5936 = ORIENTED_EDGE('',*,*,#5937,.T.);
#5937 = EDGE_CURVE('',#5930,#5673,#5938,.T.);
#5938 = LINE('',#5939,#5940);
#5939 = CARTESIAN_POINT('',(3.025,-1.7,0.21));
#5940 = VECTOR('',#5941,1.);
#5941 = DIRECTION('',(0.,0.,1.));
#5942 = ORIENTED_EDGE('',*,*,#5672,.F.);
#5943 = ORIENTED_EDGE('',*,*,#5649,.F.);
#5944 = ORIENTED_EDGE('',*,*,#5618,.F.);
#5945 = ORIENTED_EDGE('',*,*,#5587,.F.);
#5946 = ORIENTED_EDGE('',*,*,#5556,.F.);
#5947 = ORIENTED_EDGE('',*,*,#5820,.F.);
#5948 = ORIENTED_EDGE('',*,*,#5949,.T.);
#5949 = EDGE_CURVE('',#5821,#5920,#5950,.T.);
#5950 = LINE('',#5951,#5952);
#5951 = CARTESIAN_POINT('',(3.025,-0.55,4.336808689942E-16));
#5952 = VECTOR('',#5953,1.);
#5953 = DIRECTION('',(0.,1.,0.));
#5954 = PLANE('',#5955);
#5955 = AXIS2_PLACEMENT_3D('',#5956,#5957,#5958);
#5956 = CARTESIAN_POINT('',(3.025,-3.6,-4.E-02));
#5957 = DIRECTION('',(1.,0.,0.));
#5958 = DIRECTION('',(-0.,1.,0.));
#5959 = ADVANCED_FACE('',(#5960),#5994,.T.);
#5960 = FACE_BOUND('',#5961,.T.);
#5961 = EDGE_LOOP('',(#5962,#5972,#5980,#5988));
#5962 = ORIENTED_EDGE('',*,*,#5963,.T.);
#5963 = EDGE_CURVE('',#5964,#5966,#5968,.T.);
#5964 = VERTEX_POINT('',#5965);
#5965 = CARTESIAN_POINT('',(3.525,-2.989358222275,0.295711504387));
#5966 = VERTEX_POINT('',#5967);
#5967 = CARTESIAN_POINT('',(3.675,-2.989358222275,0.295711504387));
#5968 = LINE('',#5969,#5970);
#5969 = CARTESIAN_POINT('',(3.525,-2.989358222275,0.295711504387));
#5970 = VECTOR('',#5971,1.);
#5971 = DIRECTION('',(1.,0.,0.));
#5972 = ORIENTED_EDGE('',*,*,#5973,.F.);
#5973 = EDGE_CURVE('',#5974,#5966,#5976,.T.);
#5974 = VERTEX_POINT('',#5975);
#5975 = CARTESIAN_POINT('',(3.675,-2.951001715803,0.25));
#5976 = LINE('',#5977,#5978);
#5977 = CARTESIAN_POINT('',(3.675,-2.951001715803,0.25));
#5978 = VECTOR('',#5979,1.);
#5979 = DIRECTION('',(0.,-0.642787609687,0.766044443119));
#5980 = ORIENTED_EDGE('',*,*,#5981,.F.);
#5981 = EDGE_CURVE('',#5982,#5974,#5984,.T.);
#5982 = VERTEX_POINT('',#5983);
#5983 = CARTESIAN_POINT('',(3.525,-2.951001715803,0.25));
#5984 = LINE('',#5985,#5986);
#5985 = CARTESIAN_POINT('',(3.525,-2.951001715803,0.25));
#5986 = VECTOR('',#5987,1.);
#5987 = DIRECTION('',(1.,0.,0.));
#5988 = ORIENTED_EDGE('',*,*,#5989,.T.);
#5989 = EDGE_CURVE('',#5982,#5964,#5990,.T.);
#5990 = LINE('',#5991,#5992);
#5991 = CARTESIAN_POINT('',(3.525,-2.951001715803,0.25));
#5992 = VECTOR('',#5993,1.);
#5993 = DIRECTION('',(0.,-0.642787609687,0.766044443119));
#5994 = PLANE('',#5995);
#5995 = AXIS2_PLACEMENT_3D('',#5996,#5997,#5998);
#5996 = CARTESIAN_POINT('',(3.525,-2.93421972318,0.23));
#5997 = DIRECTION('',(0.,0.766044443119,0.642787609687));
#5998 = DIRECTION('',(0.,-0.642787609687,0.766044443119));
#5999 = ADVANCED_FACE('',(#6000),#6027,.T.);
#6000 = FACE_BOUND('',#6001,.T.);
#6001 = EDGE_LOOP('',(#6002,#6012,#6019,#6020));
#6002 = ORIENTED_EDGE('',*,*,#6003,.T.);
#6003 = EDGE_CURVE('',#6004,#6006,#6008,.T.);
#6004 = VERTEX_POINT('',#6005);
#6005 = CARTESIAN_POINT('',(3.525,-3.039963609098,0.304662000978));
#6006 = VERTEX_POINT('',#6007);
#6007 = CARTESIAN_POINT('',(3.675,-3.039963609098,0.304662000978));
#6008 = LINE('',#6009,#6010);
#6009 = CARTESIAN_POINT('',(3.525,-3.039963609098,0.304662000978));
#6010 = VECTOR('',#6011,1.);
#6011 = DIRECTION('',(1.,0.,0.));
#6012 = ORIENTED_EDGE('',*,*,#6013,.F.);
#6013 = EDGE_CURVE('',#5966,#6006,#6014,.T.);
#6014 = CIRCLE('',#6015,4.E-02);
#6015 = AXIS2_PLACEMENT_3D('',#6016,#6017,#6018);
#6016 = CARTESIAN_POINT('',(3.675,-3.02,0.27));
#6017 = DIRECTION('',(1.,0.,0.));
#6018 = DIRECTION('',(-0.,0.766044443119,0.642787609687));
#6019 = ORIENTED_EDGE('',*,*,#5963,.F.);
#6020 = ORIENTED_EDGE('',*,*,#6021,.T.);
#6021 = EDGE_CURVE('',#5964,#6004,#6022,.T.);
#6022 = CIRCLE('',#6023,4.E-02);
#6023 = AXIS2_PLACEMENT_3D('',#6024,#6025,#6026);
#6024 = CARTESIAN_POINT('',(3.525,-3.02,0.27));
#6025 = DIRECTION('',(1.,0.,0.));
#6026 = DIRECTION('',(-0.,0.766044443119,0.642787609687));
#6027 = CYLINDRICAL_SURFACE('',#6028,4.E-02);
#6028 = AXIS2_PLACEMENT_3D('',#6029,#6030,#6031);
#6029 = CARTESIAN_POINT('',(3.525,-3.02,0.27));
#6030 = DIRECTION('',(1.,0.,0.));
#6031 = DIRECTION('',(-0.,1.,0.));
#6032 = ADVANCED_FACE('',(#6033),#6058,.T.);
#6033 = FACE_BOUND('',#6034,.T.);
#6034 = EDGE_LOOP('',(#6035,#6045,#6051,#6052));
#6035 = ORIENTED_EDGE('',*,*,#6036,.T.);
#6036 = EDGE_CURVE('',#6037,#6039,#6041,.T.);
#6037 = VERTEX_POINT('',#6038);
#6038 = CARTESIAN_POINT('',(3.525,-3.134871013966,0.25));
#6039 = VERTEX_POINT('',#6040);
#6040 = CARTESIAN_POINT('',(3.675,-3.134871013966,0.25));
#6041 = LINE('',#6042,#6043);
#6042 = CARTESIAN_POINT('',(3.525,-3.134871013966,0.25));
#6043 = VECTOR('',#6044,1.);
#6044 = DIRECTION('',(1.,0.,0.));
#6045 = ORIENTED_EDGE('',*,*,#6046,.F.);
#6046 = EDGE_CURVE('',#6006,#6039,#6047,.T.);
#6047 = LINE('',#6048,#6049);
#6048 = CARTESIAN_POINT('',(3.675,-3.039963609098,0.304662000978));
#6049 = VECTOR('',#6050,1.);
#6050 = DIRECTION('',(0.,-0.866550024439,-0.499090227459));
#6051 = ORIENTED_EDGE('',*,*,#6003,.F.);
#6052 = ORIENTED_EDGE('',*,*,#6053,.T.);
#6053 = EDGE_CURVE('',#6004,#6037,#6054,.T.);
#6054 = LINE('',#6055,#6056);
#6055 = CARTESIAN_POINT('',(3.525,-3.039963609098,0.304662000978));
#6056 = VECTOR('',#6057,1.);
#6057 = DIRECTION('',(0.,-0.866550024439,-0.499090227459));
#6058 = PLANE('',#6059);
#6059 = AXIS2_PLACEMENT_3D('',#6060,#6061,#6062);
#6060 = CARTESIAN_POINT('',(3.525,-3.039963609098,0.304662000978));
#6061 = DIRECTION('',(0.,-0.499090227459,0.866550024439));
#6062 = DIRECTION('',(0.,-0.866550024439,-0.499090227459));
#6063 = ADVANCED_FACE('',(#6064,#6080,#6086,#6092,#6098,#6104,#6120),
  #6154,.F.);
#6064 = FACE_BOUND('',#6065,.T.);
#6065 = EDGE_LOOP('',(#6066,#6067,#6073,#6074));
#6066 = ORIENTED_EDGE('',*,*,#2337,.T.);
#6067 = ORIENTED_EDGE('',*,*,#6068,.T.);
#6068 = EDGE_CURVE('',#2330,#2385,#6069,.T.);
#6069 = LINE('',#6070,#6071);
#6070 = CARTESIAN_POINT('',(1.175,-2.951001715803,0.25));
#6071 = VECTOR('',#6072,1.);
#6072 = DIRECTION('',(0.,-1.,0.));
#6073 = ORIENTED_EDGE('',*,*,#2401,.F.);
#6074 = ORIENTED_EDGE('',*,*,#6075,.F.);
#6075 = EDGE_CURVE('',#2312,#2394,#6076,.T.);
#6076 = LINE('',#6077,#6078);
#6077 = CARTESIAN_POINT('',(1.025,-2.951001715803,0.25));
#6078 = VECTOR('',#6079,1.);
#6079 = DIRECTION('',(0.,-1.,0.));
#6080 = FACE_BOUND('',#6081,.T.);
#6081 = EDGE_LOOP('',(#6082,#6083,#6084,#6085));
#6082 = ORIENTED_EDGE('',*,*,#2654,.T.);
#6083 = ORIENTED_EDGE('',*,*,#3076,.T.);
#6084 = ORIENTED_EDGE('',*,*,#2718,.F.);
#6085 = ORIENTED_EDGE('',*,*,#3226,.F.);
#6086 = FACE_BOUND('',#6087,.T.);
#6087 = EDGE_LOOP('',(#6088,#6089,#6090,#6091));
#6088 = ORIENTED_EDGE('',*,*,#3541,.T.);
#6089 = ORIENTED_EDGE('',*,*,#3963,.T.);
#6090 = ORIENTED_EDGE('',*,*,#3605,.F.);
#6091 = ORIENTED_EDGE('',*,*,#4113,.F.);
#6092 = FACE_BOUND('',#6093,.T.);
#6093 = EDGE_LOOP('',(#6094,#6095,#6096,#6097));
#6094 = ORIENTED_EDGE('',*,*,#4428,.T.);
#6095 = ORIENTED_EDGE('',*,*,#4850,.T.);
#6096 = ORIENTED_EDGE('',*,*,#4492,.F.);
#6097 = ORIENTED_EDGE('',*,*,#5000,.F.);
#6098 = FACE_BOUND('',#6099,.T.);
#6099 = EDGE_LOOP('',(#6100,#6101,#6102,#6103));
#6100 = ORIENTED_EDGE('',*,*,#5315,.T.);
#6101 = ORIENTED_EDGE('',*,*,#5737,.T.);
#6102 = ORIENTED_EDGE('',*,*,#5379,.F.);
#6103 = ORIENTED_EDGE('',*,*,#5887,.F.);
#6104 = FACE_BOUND('',#6105,.T.);
#6105 = EDGE_LOOP('',(#6106,#6107,#6113,#6114));
#6106 = ORIENTED_EDGE('',*,*,#5981,.T.);
#6107 = ORIENTED_EDGE('',*,*,#6108,.T.);
#6108 = EDGE_CURVE('',#5974,#6039,#6109,.T.);
#6109 = LINE('',#6110,#6111);
#6110 = CARTESIAN_POINT('',(3.675,-2.951001715803,0.25));
#6111 = VECTOR('',#6112,1.);
#6112 = DIRECTION('',(0.,-1.,0.));
#6113 = ORIENTED_EDGE('',*,*,#6036,.F.);
#6114 = ORIENTED_EDGE('',*,*,#6115,.F.);
#6115 = EDGE_CURVE('',#5982,#6037,#6116,.T.);
#6116 = LINE('',#6117,#6118);
#6117 = CARTESIAN_POINT('',(3.525,-2.951001715803,0.25));
#6118 = VECTOR('',#6119,1.);
#6119 = DIRECTION('',(0.,-1.,0.));
#6120 = FACE_BOUND('',#6121,.T.);
#6121 = EDGE_LOOP('',(#6122,#6132,#6140,#6148));
#6122 = ORIENTED_EDGE('',*,*,#6123,.T.);
#6123 = EDGE_CURVE('',#6124,#6126,#6128,.T.);
#6124 = VERTEX_POINT('',#6125);
#6125 = CARTESIAN_POINT('',(4.1,-3.6,0.25));
#6126 = VERTEX_POINT('',#6127);
#6127 = CARTESIAN_POINT('',(4.1,-2.02,0.25));
#6128 = LINE('',#6129,#6130);
#6129 = CARTESIAN_POINT('',(4.1,-3.6,0.25));
#6130 = VECTOR('',#6131,1.);
#6131 = DIRECTION('',(0.,1.,0.));
#6132 = ORIENTED_EDGE('',*,*,#6133,.F.);
#6133 = EDGE_CURVE('',#6134,#6126,#6136,.T.);
#6134 = VERTEX_POINT('',#6135);
#6135 = CARTESIAN_POINT('',(0.6,-2.02,0.25));
#6136 = LINE('',#6137,#6138);
#6137 = CARTESIAN_POINT('',(0.6,-2.02,0.25));
#6138 = VECTOR('',#6139,1.);
#6139 = DIRECTION('',(1.,0.,0.));
#6140 = ORIENTED_EDGE('',*,*,#6141,.F.);
#6141 = EDGE_CURVE('',#6142,#6134,#6144,.T.);
#6142 = VERTEX_POINT('',#6143);
#6143 = CARTESIAN_POINT('',(0.6,-3.6,0.25));
#6144 = LINE('',#6145,#6146);
#6145 = CARTESIAN_POINT('',(0.6,-3.6,0.25));
#6146 = VECTOR('',#6147,1.);
#6147 = DIRECTION('',(0.,1.,0.));
#6148 = ORIENTED_EDGE('',*,*,#6149,.T.);
#6149 = EDGE_CURVE('',#6142,#6124,#6150,.T.);
#6150 = LINE('',#6151,#6152);
#6151 = CARTESIAN_POINT('',(0.6,-3.6,0.25));
#6152 = VECTOR('',#6153,1.);
#6153 = DIRECTION('',(1.,0.,0.));
#6154 = PLANE('',#6155);
#6155 = AXIS2_PLACEMENT_3D('',#6156,#6157,#6158);
#6156 = CARTESIAN_POINT('',(0.6,-3.6,0.25));
#6157 = DIRECTION('',(0.,0.,-1.));
#6158 = DIRECTION('',(1.,0.,0.));
#6159 = ADVANCED_FACE('',(#6160),#6185,.T.);
#6160 = FACE_BOUND('',#6161,.T.);
#6161 = EDGE_LOOP('',(#6162,#6170,#6171,#6179));
#6162 = ORIENTED_EDGE('',*,*,#6163,.T.);
#6163 = EDGE_CURVE('',#6164,#6134,#6166,.T.);
#6164 = VERTEX_POINT('',#6165);
#6165 = CARTESIAN_POINT('',(0.6,-2.02,0.66));
#6166 = LINE('',#6167,#6168);
#6167 = CARTESIAN_POINT('',(0.6,-2.02,0.66));
#6168 = VECTOR('',#6169,1.);
#6169 = DIRECTION('',(0.,0.,-1.));
#6170 = ORIENTED_EDGE('',*,*,#6133,.T.);
#6171 = ORIENTED_EDGE('',*,*,#6172,.T.);
#6172 = EDGE_CURVE('',#6126,#6173,#6175,.T.);
#6173 = VERTEX_POINT('',#6174);
#6174 = CARTESIAN_POINT('',(4.1,-2.02,0.66));
#6175 = LINE('',#6176,#6177);
#6176 = CARTESIAN_POINT('',(4.1,-2.02,0.25));
#6177 = VECTOR('',#6178,1.);
#6178 = DIRECTION('',(0.,0.,1.));
#6179 = ORIENTED_EDGE('',*,*,#6180,.T.);
#6180 = EDGE_CURVE('',#6173,#6164,#6181,.T.);
#6181 = LINE('',#6182,#6183);
#6182 = CARTESIAN_POINT('',(4.1,-2.02,0.66));
#6183 = VECTOR('',#6184,1.);
#6184 = DIRECTION('',(-1.,0.,0.));
#6185 = PLANE('',#6186);
#6186 = AXIS2_PLACEMENT_3D('',#6187,#6188,#6189);
#6187 = CARTESIAN_POINT('',(2.35,-2.02,-4.E-02));
#6188 = DIRECTION('',(0.,-1.,0.));
#6189 = DIRECTION('',(1.,0.,0.));
#6190 = ADVANCED_FACE('',(#6191),#6225,.F.);
#6191 = FACE_BOUND('',#6192,.T.);
#6192 = EDGE_LOOP('',(#6193,#6194,#6195,#6203,#6211,#6219));
#6193 = ORIENTED_EDGE('',*,*,#6141,.T.);
#6194 = ORIENTED_EDGE('',*,*,#6163,.F.);
#6195 = ORIENTED_EDGE('',*,*,#6196,.F.);
#6196 = EDGE_CURVE('',#6197,#6164,#6199,.T.);
#6197 = VERTEX_POINT('',#6198);
#6198 = CARTESIAN_POINT('',(0.6,-3.35,0.66));
#6199 = LINE('',#6200,#6201);
#6200 = CARTESIAN_POINT('',(0.6,-3.35,0.66));
#6201 = VECTOR('',#6202,1.);
#6202 = DIRECTION('',(0.,1.,0.));
#6203 = ORIENTED_EDGE('',*,*,#6204,.F.);
#6204 = EDGE_CURVE('',#6205,#6197,#6207,.T.);
#6205 = VERTEX_POINT('',#6206);
#6206 = CARTESIAN_POINT('',(0.6,-3.35,0.86));
#6207 = LINE('',#6208,#6209);
#6208 = CARTESIAN_POINT('',(0.6,-3.35,0.86));
#6209 = VECTOR('',#6210,1.);
#6210 = DIRECTION('',(0.,0.,-1.));
#6211 = ORIENTED_EDGE('',*,*,#6212,.T.);
#6212 = EDGE_CURVE('',#6205,#6213,#6215,.T.);
#6213 = VERTEX_POINT('',#6214);
#6214 = CARTESIAN_POINT('',(0.6,-3.6,0.86));
#6215 = LINE('',#6216,#6217);
#6216 = CARTESIAN_POINT('',(0.6,-3.35,0.86));
#6217 = VECTOR('',#6218,1.);
#6218 = DIRECTION('',(0.,-1.,0.));
#6219 = ORIENTED_EDGE('',*,*,#6220,.F.);
#6220 = EDGE_CURVE('',#6142,#6213,#6221,.T.);
#6221 = LINE('',#6222,#6223);
#6222 = CARTESIAN_POINT('',(0.6,-3.6,0.25));
#6223 = VECTOR('',#6224,1.);
#6224 = DIRECTION('',(0.,0.,1.));
#6225 = PLANE('',#6226);
#6226 = AXIS2_PLACEMENT_3D('',#6227,#6228,#6229);
#6227 = CARTESIAN_POINT('',(0.6,-3.6,0.66));
#6228 = DIRECTION('',(-1.,0.,0.));
#6229 = DIRECTION('',(0.,0.,-1.));
#6230 = ADVANCED_FACE('',(#6231),#6247,.T.);
#6231 = FACE_BOUND('',#6232,.T.);
#6232 = EDGE_LOOP('',(#6233,#6239,#6240,#6246));
#6233 = ORIENTED_EDGE('',*,*,#6234,.F.);
#6234 = EDGE_CURVE('',#2273,#6205,#6235,.T.);
#6235 = LINE('',#6236,#6237);
#6236 = CARTESIAN_POINT('',(0.4,-3.35,0.86));
#6237 = VECTOR('',#6238,1.);
#6238 = DIRECTION('',(1.,0.,0.));
#6239 = ORIENTED_EDGE('',*,*,#2272,.T.);
#6240 = ORIENTED_EDGE('',*,*,#6241,.T.);
#6241 = EDGE_CURVE('',#2265,#6213,#6242,.T.);
#6242 = LINE('',#6243,#6244);
#6243 = CARTESIAN_POINT('',(0.4,-3.6,0.86));
#6244 = VECTOR('',#6245,1.);
#6245 = DIRECTION('',(1.,0.,0.));
#6246 = ORIENTED_EDGE('',*,*,#6212,.F.);
#6247 = PLANE('',#6248);
#6248 = AXIS2_PLACEMENT_3D('',#6249,#6250,#6251);
#6249 = CARTESIAN_POINT('',(0.,-3.35,0.86));
#6250 = DIRECTION('',(0.,0.,1.));
#6251 = DIRECTION('',(0.,-1.,0.));
#6252 = ADVANCED_FACE('',(#6253),#6287,.T.);
#6253 = FACE_BOUND('',#6254,.T.);
#6254 = EDGE_LOOP('',(#6255,#6265,#6273,#6281));
#6255 = ORIENTED_EDGE('',*,*,#6256,.T.);
#6256 = EDGE_CURVE('',#6257,#6259,#6261,.T.);
#6257 = VERTEX_POINT('',#6258);
#6258 = CARTESIAN_POINT('',(4.1,-3.6,0.86));
#6259 = VERTEX_POINT('',#6260);
#6260 = CARTESIAN_POINT('',(4.3,-3.6,0.86));
#6261 = LINE('',#6262,#6263);
#6262 = CARTESIAN_POINT('',(4.1,-3.6,0.86));
#6263 = VECTOR('',#6264,1.);
#6264 = DIRECTION('',(1.,0.,0.));
#6265 = ORIENTED_EDGE('',*,*,#6266,.F.);
#6266 = EDGE_CURVE('',#6267,#6259,#6269,.T.);
#6267 = VERTEX_POINT('',#6268);
#6268 = CARTESIAN_POINT('',(4.3,-3.35,0.86));
#6269 = LINE('',#6270,#6271);
#6270 = CARTESIAN_POINT('',(4.3,-3.35,0.86));
#6271 = VECTOR('',#6272,1.);
#6272 = DIRECTION('',(0.,-1.,0.));
#6273 = ORIENTED_EDGE('',*,*,#6274,.F.);
#6274 = EDGE_CURVE('',#6275,#6267,#6277,.T.);
#6275 = VERTEX_POINT('',#6276);
#6276 = CARTESIAN_POINT('',(4.1,-3.35,0.86));
#6277 = LINE('',#6278,#6279);
#6278 = CARTESIAN_POINT('',(4.1,-3.35,0.86));
#6279 = VECTOR('',#6280,1.);
#6280 = DIRECTION('',(1.,0.,0.));
#6281 = ORIENTED_EDGE('',*,*,#6282,.T.);
#6282 = EDGE_CURVE('',#6275,#6257,#6283,.T.);
#6283 = LINE('',#6284,#6285);
#6284 = CARTESIAN_POINT('',(4.1,-3.35,0.86));
#6285 = VECTOR('',#6286,1.);
#6286 = DIRECTION('',(0.,-1.,0.));
#6287 = PLANE('',#6288);
#6288 = AXIS2_PLACEMENT_3D('',#6289,#6290,#6291);
#6289 = CARTESIAN_POINT('',(0.,-3.35,0.86));
#6290 = DIRECTION('',(0.,0.,1.));
#6291 = DIRECTION('',(0.,-1.,0.));
#6292 = ADVANCED_FACE('',(#6293),#6327,.T.);
#6293 = FACE_BOUND('',#6294,.T.);
#6294 = EDGE_LOOP('',(#6295,#6303,#6309,#6310,#6311,#6312,#6320,#6326));
#6295 = ORIENTED_EDGE('',*,*,#6296,.F.);
#6296 = EDGE_CURVE('',#6297,#6267,#6299,.T.);
#6297 = VERTEX_POINT('',#6298);
#6298 = CARTESIAN_POINT('',(4.3,-3.35,0.96));
#6299 = LINE('',#6300,#6301);
#6300 = CARTESIAN_POINT('',(4.3,-3.35,0.96));
#6301 = VECTOR('',#6302,1.);
#6302 = DIRECTION('',(0.,0.,-1.));
#6303 = ORIENTED_EDGE('',*,*,#6304,.F.);
#6304 = EDGE_CURVE('',#2281,#6297,#6305,.T.);
#6305 = LINE('',#6306,#6307);
#6306 = CARTESIAN_POINT('',(0.4,-3.35,0.96));
#6307 = VECTOR('',#6308,1.);
#6308 = DIRECTION('',(1.,0.,0.));
#6309 = ORIENTED_EDGE('',*,*,#2280,.T.);
#6310 = ORIENTED_EDGE('',*,*,#6234,.T.);
#6311 = ORIENTED_EDGE('',*,*,#6204,.T.);
#6312 = ORIENTED_EDGE('',*,*,#6313,.F.);
#6313 = EDGE_CURVE('',#6314,#6197,#6316,.T.);
#6314 = VERTEX_POINT('',#6315);
#6315 = CARTESIAN_POINT('',(4.1,-3.35,0.66));
#6316 = LINE('',#6317,#6318);
#6317 = CARTESIAN_POINT('',(4.1,-3.35,0.66));
#6318 = VECTOR('',#6319,1.);
#6319 = DIRECTION('',(-1.,0.,0.));
#6320 = ORIENTED_EDGE('',*,*,#6321,.T.);
#6321 = EDGE_CURVE('',#6314,#6275,#6322,.T.);
#6322 = LINE('',#6323,#6324);
#6323 = CARTESIAN_POINT('',(4.1,-3.35,0.66));
#6324 = VECTOR('',#6325,1.);
#6325 = DIRECTION('',(0.,0.,1.));
#6326 = ORIENTED_EDGE('',*,*,#6274,.T.);
#6327 = PLANE('',#6328);
#6328 = AXIS2_PLACEMENT_3D('',#6329,#6330,#6331);
#6329 = CARTESIAN_POINT('',(0.,-3.35,0.96));
#6330 = DIRECTION('',(0.,-1.,0.));
#6331 = DIRECTION('',(0.,0.,-1.));
#6332 = ADVANCED_FACE('',(#6333,#6349,#6355,#6361,#6367,#6373,#6389),
  #6400,.F.);
#6333 = FACE_BOUND('',#6334,.T.);
#6334 = EDGE_LOOP('',(#6335,#6336,#6342,#6343));
#6335 = ORIENTED_EDGE('',*,*,#1191,.T.);
#6336 = ORIENTED_EDGE('',*,*,#6337,.F.);
#6337 = EDGE_CURVE('',#1272,#1184,#6338,.T.);
#6338 = LINE('',#6339,#6340);
#6339 = CARTESIAN_POINT('',(1.175,-2.936544907633,0.66));
#6340 = VECTOR('',#6341,1.);
#6341 = DIRECTION('',(0.,-1.,0.));
#6342 = ORIENTED_EDGE('',*,*,#1269,.F.);
#6343 = ORIENTED_EDGE('',*,*,#6344,.T.);
#6344 = EDGE_CURVE('',#1270,#1166,#6345,.T.);
#6345 = LINE('',#6346,#6347);
#6346 = CARTESIAN_POINT('',(1.025,-2.936544907633,0.66));
#6347 = VECTOR('',#6348,1.);
#6348 = DIRECTION('',(0.,-1.,0.));
#6349 = FACE_BOUND('',#6350,.T.);
#6350 = EDGE_LOOP('',(#6351,#6352,#6353,#6354));
#6351 = ORIENTED_EDGE('',*,*,#2758,.T.);
#6352 = ORIENTED_EDGE('',*,*,#3094,.F.);
#6353 = ORIENTED_EDGE('',*,*,#2836,.F.);
#6354 = ORIENTED_EDGE('',*,*,#3244,.T.);
#6355 = FACE_BOUND('',#6356,.T.);
#6356 = EDGE_LOOP('',(#6357,#6358,#6359,#6360));
#6357 = ORIENTED_EDGE('',*,*,#3645,.T.);
#6358 = ORIENTED_EDGE('',*,*,#3981,.F.);
#6359 = ORIENTED_EDGE('',*,*,#3723,.F.);
#6360 = ORIENTED_EDGE('',*,*,#4131,.T.);
#6361 = FACE_BOUND('',#6362,.T.);
#6362 = EDGE_LOOP('',(#6363,#6364,#6365,#6366));
#6363 = ORIENTED_EDGE('',*,*,#4532,.T.);
#6364 = ORIENTED_EDGE('',*,*,#4868,.F.);
#6365 = ORIENTED_EDGE('',*,*,#4610,.F.);
#6366 = ORIENTED_EDGE('',*,*,#5018,.T.);
#6367 = FACE_BOUND('',#6368,.T.);
#6368 = EDGE_LOOP('',(#6369,#6370,#6371,#6372));
#6369 = ORIENTED_EDGE('',*,*,#5419,.T.);
#6370 = ORIENTED_EDGE('',*,*,#5755,.F.);
#6371 = ORIENTED_EDGE('',*,*,#5497,.F.);
#6372 = ORIENTED_EDGE('',*,*,#5905,.T.);
#6373 = FACE_BOUND('',#6374,.T.);
#6374 = EDGE_LOOP('',(#6375,#6376,#6382,#6383));
#6375 = ORIENTED_EDGE('',*,*,#1328,.T.);
#6376 = ORIENTED_EDGE('',*,*,#6377,.F.);
#6377 = EDGE_CURVE('',#1409,#1321,#6378,.T.);
#6378 = LINE('',#6379,#6380);
#6379 = CARTESIAN_POINT('',(3.675,-2.936544907633,0.66));
#6380 = VECTOR('',#6381,1.);
#6381 = DIRECTION('',(0.,-1.,0.));
#6382 = ORIENTED_EDGE('',*,*,#1406,.F.);
#6383 = ORIENTED_EDGE('',*,*,#6384,.T.);
#6384 = EDGE_CURVE('',#1407,#1303,#6385,.T.);
#6385 = LINE('',#6386,#6387);
#6386 = CARTESIAN_POINT('',(3.525,-2.936544907633,0.66));
#6387 = VECTOR('',#6388,1.);
#6388 = DIRECTION('',(0.,-1.,0.));
#6389 = FACE_BOUND('',#6390,.T.);
#6390 = EDGE_LOOP('',(#6391,#6392,#6393,#6399));
#6391 = ORIENTED_EDGE('',*,*,#6196,.T.);
#6392 = ORIENTED_EDGE('',*,*,#6180,.F.);
#6393 = ORIENTED_EDGE('',*,*,#6394,.F.);
#6394 = EDGE_CURVE('',#6314,#6173,#6395,.T.);
#6395 = LINE('',#6396,#6397);
#6396 = CARTESIAN_POINT('',(4.1,-3.35,0.66));
#6397 = VECTOR('',#6398,1.);
#6398 = DIRECTION('',(0.,1.,0.));
#6399 = ORIENTED_EDGE('',*,*,#6313,.T.);
#6400 = PLANE('',#6401);
#6401 = AXIS2_PLACEMENT_3D('',#6402,#6403,#6404);
#6402 = CARTESIAN_POINT('',(4.1,-3.6,0.66));
#6403 = DIRECTION('',(0.,0.,1.));
#6404 = DIRECTION('',(-1.,0.,0.));
#6405 = ADVANCED_FACE('',(#6406),#6419,.F.);
#6406 = FACE_BOUND('',#6407,.T.);
#6407 = EDGE_LOOP('',(#6408,#6409,#6410,#6416,#6417,#6418));
#6408 = ORIENTED_EDGE('',*,*,#6172,.F.);
#6409 = ORIENTED_EDGE('',*,*,#6123,.F.);
#6410 = ORIENTED_EDGE('',*,*,#6411,.F.);
#6411 = EDGE_CURVE('',#6257,#6124,#6412,.T.);
#6412 = LINE('',#6413,#6414);
#6413 = CARTESIAN_POINT('',(4.1,-3.6,0.86));
#6414 = VECTOR('',#6415,1.);
#6415 = DIRECTION('',(0.,0.,-1.));
#6416 = ORIENTED_EDGE('',*,*,#6282,.F.);
#6417 = ORIENTED_EDGE('',*,*,#6321,.F.);
#6418 = ORIENTED_EDGE('',*,*,#6394,.T.);
#6419 = PLANE('',#6420);
#6420 = AXIS2_PLACEMENT_3D('',#6421,#6422,#6423);
#6421 = CARTESIAN_POINT('',(4.1,-3.6,0.25));
#6422 = DIRECTION('',(1.,0.,0.));
#6423 = DIRECTION('',(0.,0.,1.));
#6424 = ADVANCED_FACE('',(#6425),#6451,.T.);
#6425 = FACE_BOUND('',#6426,.T.);
#6426 = EDGE_LOOP('',(#6427,#6428,#6429,#6430,#6431,#6432,#6433,#6434,
    #6435,#6443,#6449,#6450));
#6427 = ORIENTED_EDGE('',*,*,#6149,.F.);
#6428 = ORIENTED_EDGE('',*,*,#6220,.T.);
#6429 = ORIENTED_EDGE('',*,*,#6241,.F.);
#6430 = ORIENTED_EDGE('',*,*,#2264,.T.);
#6431 = ORIENTED_EDGE('',*,*,#2235,.T.);
#6432 = ORIENTED_EDGE('',*,*,#1721,.F.);
#6433 = ORIENTED_EDGE('',*,*,#1696,.T.);
#6434 = ORIENTED_EDGE('',*,*,#1628,.F.);
#6435 = ORIENTED_EDGE('',*,*,#6436,.F.);
#6436 = EDGE_CURVE('',#6437,#1621,#6439,.T.);
#6437 = VERTEX_POINT('',#6438);
#6438 = CARTESIAN_POINT('',(4.3,-3.6,7.E-02));
#6439 = LINE('',#6440,#6441);
#6440 = CARTESIAN_POINT('',(4.3,-3.6,7.E-02));
#6441 = VECTOR('',#6442,1.);
#6442 = DIRECTION('',(-1.,0.,0.));
#6443 = ORIENTED_EDGE('',*,*,#6444,.F.);
#6444 = EDGE_CURVE('',#6259,#6437,#6445,.T.);
#6445 = LINE('',#6446,#6447);
#6446 = CARTESIAN_POINT('',(4.3,-3.6,0.86));
#6447 = VECTOR('',#6448,1.);
#6448 = DIRECTION('',(0.,0.,-1.));
#6449 = ORIENTED_EDGE('',*,*,#6256,.F.);
#6450 = ORIENTED_EDGE('',*,*,#6411,.T.);
#6451 = PLANE('',#6452);
#6452 = AXIS2_PLACEMENT_3D('',#6453,#6454,#6455);
#6453 = CARTESIAN_POINT('',(0.,-3.6,0.86));
#6454 = DIRECTION('',(0.,-1.,0.));
#6455 = DIRECTION('',(0.,0.,-1.));
#6456 = ADVANCED_FACE('',(#6457),#6500,.T.);
#6457 = FACE_BOUND('',#6458,.T.);
#6458 = EDGE_LOOP('',(#6459,#6469,#6477,#6485,#6491,#6492,#6493,#6494));
#6459 = ORIENTED_EDGE('',*,*,#6460,.T.);
#6460 = EDGE_CURVE('',#6461,#6463,#6465,.T.);
#6461 = VERTEX_POINT('',#6462);
#6462 = CARTESIAN_POINT('',(4.3,-2.621585237505,7.E-02));
#6463 = VERTEX_POINT('',#6464);
#6464 = CARTESIAN_POINT('',(4.3,-2.621585237505,0.27));
#6465 = LINE('',#6466,#6467);
#6466 = CARTESIAN_POINT('',(4.3,-2.621585237505,7.E-02));
#6467 = VECTOR('',#6468,1.);
#6468 = DIRECTION('',(0.,0.,1.));
#6469 = ORIENTED_EDGE('',*,*,#6470,.T.);
#6470 = EDGE_CURVE('',#6463,#6471,#6473,.T.);
#6471 = VERTEX_POINT('',#6472);
#6472 = CARTESIAN_POINT('',(4.3,-3.15,0.64));
#6473 = LINE('',#6474,#6475);
#6474 = CARTESIAN_POINT('',(4.3,-2.621585237505,0.27));
#6475 = VECTOR('',#6476,1.);
#6476 = DIRECTION('',(0.,-0.819152044289,0.573576436351));
#6477 = ORIENTED_EDGE('',*,*,#6478,.T.);
#6478 = EDGE_CURVE('',#6471,#6479,#6481,.T.);
#6479 = VERTEX_POINT('',#6480);
#6480 = CARTESIAN_POINT('',(4.3,-3.15,0.96));
#6481 = LINE('',#6482,#6483);
#6482 = CARTESIAN_POINT('',(4.3,-3.15,0.64));
#6483 = VECTOR('',#6484,1.);
#6484 = DIRECTION('',(0.,0.,1.));
#6485 = ORIENTED_EDGE('',*,*,#6486,.T.);
#6486 = EDGE_CURVE('',#6479,#6297,#6487,.T.);
#6487 = LINE('',#6488,#6489);
#6488 = CARTESIAN_POINT('',(4.3,-3.15,0.96));
#6489 = VECTOR('',#6490,1.);
#6490 = DIRECTION('',(0.,-1.,0.));
#6491 = ORIENTED_EDGE('',*,*,#6296,.T.);
#6492 = ORIENTED_EDGE('',*,*,#6266,.T.);
#6493 = ORIENTED_EDGE('',*,*,#6444,.T.);
#6494 = ORIENTED_EDGE('',*,*,#6495,.T.);
#6495 = EDGE_CURVE('',#6437,#6461,#6496,.T.);
#6496 = LINE('',#6497,#6498);
#6497 = CARTESIAN_POINT('',(4.3,-3.6,7.E-02));
#6498 = VECTOR('',#6499,1.);
#6499 = DIRECTION('',(0.,1.,0.));
#6500 = PLANE('',#6501);
#6501 = AXIS2_PLACEMENT_3D('',#6502,#6503,#6504);
#6502 = CARTESIAN_POINT('',(4.3,-3.6,-4.E-02));
#6503 = DIRECTION('',(1.,0.,0.));
#6504 = DIRECTION('',(-0.,1.,0.));
#6505 = ADVANCED_FACE('',(#6506),#6540,.F.);
#6506 = FACE_BOUND('',#6507,.T.);
#6507 = EDGE_LOOP('',(#6508,#6518,#6526,#6534));
#6508 = ORIENTED_EDGE('',*,*,#6509,.T.);
#6509 = EDGE_CURVE('',#6510,#6512,#6514,.T.);
#6510 = VERTEX_POINT('',#6511);
#6511 = CARTESIAN_POINT('',(3.9,0.,4.336808689942E-16));
#6512 = VERTEX_POINT('',#6513);
#6513 = CARTESIAN_POINT('',(3.9,-0.51,4.336808689942E-16));
#6514 = LINE('',#6515,#6516);
#6515 = CARTESIAN_POINT('',(3.9,0.,4.336808689942E-16));
#6516 = VECTOR('',#6517,1.);
#6517 = DIRECTION('',(0.,-1.,0.));
#6518 = ORIENTED_EDGE('',*,*,#6519,.F.);
#6519 = EDGE_CURVE('',#6520,#6512,#6522,.T.);
#6520 = VERTEX_POINT('',#6521);
#6521 = CARTESIAN_POINT('',(3.9,-0.51,0.21));
#6522 = LINE('',#6523,#6524);
#6523 = CARTESIAN_POINT('',(3.9,-0.51,0.21));
#6524 = VECTOR('',#6525,1.);
#6525 = DIRECTION('',(0.,0.,-1.));
#6526 = ORIENTED_EDGE('',*,*,#6527,.F.);
#6527 = EDGE_CURVE('',#6528,#6520,#6530,.T.);
#6528 = VERTEX_POINT('',#6529);
#6529 = CARTESIAN_POINT('',(3.9,0.,0.21));
#6530 = LINE('',#6531,#6532);
#6531 = CARTESIAN_POINT('',(3.9,0.,0.21));
#6532 = VECTOR('',#6533,1.);
#6533 = DIRECTION('',(0.,-1.,0.));
#6534 = ORIENTED_EDGE('',*,*,#6535,.F.);
#6535 = EDGE_CURVE('',#6510,#6528,#6536,.T.);
#6536 = LINE('',#6537,#6538);
#6537 = CARTESIAN_POINT('',(3.9,0.,4.336808689942E-16));
#6538 = VECTOR('',#6539,1.);
#6539 = DIRECTION('',(0.,0.,1.));
#6540 = PLANE('',#6541);
#6541 = AXIS2_PLACEMENT_3D('',#6542,#6543,#6544);
#6542 = CARTESIAN_POINT('',(3.9,-0.51,0.21));
#6543 = DIRECTION('',(1.,0.,0.));
#6544 = DIRECTION('',(-0.,1.,0.));
#6545 = ADVANCED_FACE('',(#6546),#6580,.F.);
#6546 = FACE_BOUND('',#6547,.T.);
#6547 = EDGE_LOOP('',(#6548,#6558,#6566,#6574));
#6548 = ORIENTED_EDGE('',*,*,#6549,.T.);
#6549 = EDGE_CURVE('',#6550,#6552,#6554,.T.);
#6550 = VERTEX_POINT('',#6551);
#6551 = CARTESIAN_POINT('',(0.8,0.,0.21));
#6552 = VERTEX_POINT('',#6553);
#6553 = CARTESIAN_POINT('',(0.8,-0.51,0.21));
#6554 = LINE('',#6555,#6556);
#6555 = CARTESIAN_POINT('',(0.8,0.,0.21));
#6556 = VECTOR('',#6557,1.);
#6557 = DIRECTION('',(0.,-1.,0.));
#6558 = ORIENTED_EDGE('',*,*,#6559,.T.);
#6559 = EDGE_CURVE('',#6552,#6560,#6562,.T.);
#6560 = VERTEX_POINT('',#6561);
#6561 = CARTESIAN_POINT('',(0.8,-0.51,4.336808689942E-16));
#6562 = LINE('',#6563,#6564);
#6563 = CARTESIAN_POINT('',(0.8,-0.51,0.21));
#6564 = VECTOR('',#6565,1.);
#6565 = DIRECTION('',(0.,0.,-1.));
#6566 = ORIENTED_EDGE('',*,*,#6567,.F.);
#6567 = EDGE_CURVE('',#6568,#6560,#6570,.T.);
#6568 = VERTEX_POINT('',#6569);
#6569 = CARTESIAN_POINT('',(0.8,0.,4.336808689942E-16));
#6570 = LINE('',#6571,#6572);
#6571 = CARTESIAN_POINT('',(0.8,0.,4.336808689942E-16));
#6572 = VECTOR('',#6573,1.);
#6573 = DIRECTION('',(0.,-1.,0.));
#6574 = ORIENTED_EDGE('',*,*,#6575,.T.);
#6575 = EDGE_CURVE('',#6568,#6550,#6576,.T.);
#6576 = LINE('',#6577,#6578);
#6577 = CARTESIAN_POINT('',(0.8,0.,4.336808689942E-16));
#6578 = VECTOR('',#6579,1.);
#6579 = DIRECTION('',(0.,0.,1.));
#6580 = PLANE('',#6581);
#6581 = AXIS2_PLACEMENT_3D('',#6582,#6583,#6584);
#6582 = CARTESIAN_POINT('',(0.8,0.,0.21));
#6583 = DIRECTION('',(-1.,0.,0.));
#6584 = DIRECTION('',(0.,-1.,0.));
#6585 = ADVANCED_FACE('',(#6586),#6627,.T.);
#6586 = FACE_BOUND('',#6587,.T.);
#6587 = EDGE_LOOP('',(#6588,#6596,#6604,#6612,#6620,#6626));
#6588 = ORIENTED_EDGE('',*,*,#6589,.T.);
#6589 = EDGE_CURVE('',#6528,#6590,#6592,.T.);
#6590 = VERTEX_POINT('',#6591);
#6591 = CARTESIAN_POINT('',(4.58,0.,0.21));
#6592 = LINE('',#6593,#6594);
#6593 = CARTESIAN_POINT('',(3.9,0.,0.21));
#6594 = VECTOR('',#6595,1.);
#6595 = DIRECTION('',(1.,0.,0.));
#6596 = ORIENTED_EDGE('',*,*,#6597,.F.);
#6597 = EDGE_CURVE('',#6598,#6590,#6600,.T.);
#6598 = VERTEX_POINT('',#6599);
#6599 = CARTESIAN_POINT('',(4.58,0.,0.96));
#6600 = LINE('',#6601,#6602);
#6601 = CARTESIAN_POINT('',(4.58,0.,0.96));
#6602 = VECTOR('',#6603,1.);
#6603 = DIRECTION('',(0.,0.,-1.));
#6604 = ORIENTED_EDGE('',*,*,#6605,.T.);
#6605 = EDGE_CURVE('',#6598,#6606,#6608,.T.);
#6606 = VERTEX_POINT('',#6607);
#6607 = CARTESIAN_POINT('',(4.7,0.,0.96));
#6608 = LINE('',#6609,#6610);
#6609 = CARTESIAN_POINT('',(4.58,0.,0.96));
#6610 = VECTOR('',#6611,1.);
#6611 = DIRECTION('',(1.,0.,0.));
#6612 = ORIENTED_EDGE('',*,*,#6613,.F.);
#6613 = EDGE_CURVE('',#6614,#6606,#6616,.T.);
#6614 = VERTEX_POINT('',#6615);
#6615 = CARTESIAN_POINT('',(4.7,0.,4.336808689942E-16));
#6616 = LINE('',#6617,#6618);
#6617 = CARTESIAN_POINT('',(4.7,0.,4.336808689942E-16));
#6618 = VECTOR('',#6619,1.);
#6619 = DIRECTION('',(0.,0.,1.));
#6620 = ORIENTED_EDGE('',*,*,#6621,.T.);
#6621 = EDGE_CURVE('',#6614,#6510,#6622,.T.);
#6622 = LINE('',#6623,#6624);
#6623 = CARTESIAN_POINT('',(4.7,0.,4.336808689942E-16));
#6624 = VECTOR('',#6625,1.);
#6625 = DIRECTION('',(-1.,0.,0.));
#6626 = ORIENTED_EDGE('',*,*,#6535,.T.);
#6627 = PLANE('',#6628);
#6628 = AXIS2_PLACEMENT_3D('',#6629,#6630,#6631);
#6629 = CARTESIAN_POINT('',(0.,0.,-4.E-02));
#6630 = DIRECTION('',(0.,1.,0.));
#6631 = DIRECTION('',(0.,-0.,1.));
#6632 = ADVANCED_FACE('',(#6633),#6674,.T.);
#6633 = FACE_BOUND('',#6634,.T.);
#6634 = EDGE_LOOP('',(#6635,#6643,#6651,#6659,#6667,#6673));
#6635 = ORIENTED_EDGE('',*,*,#6636,.T.);
#6636 = EDGE_CURVE('',#6568,#6637,#6639,.T.);
#6637 = VERTEX_POINT('',#6638);
#6638 = CARTESIAN_POINT('',(0.,0.,4.336808689942E-16));
#6639 = LINE('',#6640,#6641);
#6640 = CARTESIAN_POINT('',(0.8,0.,4.336808689942E-16));
#6641 = VECTOR('',#6642,1.);
#6642 = DIRECTION('',(-1.,0.,0.));
#6643 = ORIENTED_EDGE('',*,*,#6644,.T.);
#6644 = EDGE_CURVE('',#6637,#6645,#6647,.T.);
#6645 = VERTEX_POINT('',#6646);
#6646 = CARTESIAN_POINT('',(0.,0.,0.96));
#6647 = LINE('',#6648,#6649);
#6648 = CARTESIAN_POINT('',(0.,0.,4.336808689942E-16));
#6649 = VECTOR('',#6650,1.);
#6650 = DIRECTION('',(0.,0.,1.));
#6651 = ORIENTED_EDGE('',*,*,#6652,.T.);
#6652 = EDGE_CURVE('',#6645,#6653,#6655,.T.);
#6653 = VERTEX_POINT('',#6654);
#6654 = CARTESIAN_POINT('',(0.12,0.,0.96));
#6655 = LINE('',#6656,#6657);
#6656 = CARTESIAN_POINT('',(0.,0.,0.96));
#6657 = VECTOR('',#6658,1.);
#6658 = DIRECTION('',(1.,0.,0.));
#6659 = ORIENTED_EDGE('',*,*,#6660,.T.);
#6660 = EDGE_CURVE('',#6653,#6661,#6663,.T.);
#6661 = VERTEX_POINT('',#6662);
#6662 = CARTESIAN_POINT('',(0.12,0.,0.21));
#6663 = LINE('',#6664,#6665);
#6664 = CARTESIAN_POINT('',(0.12,0.,0.96));
#6665 = VECTOR('',#6666,1.);
#6666 = DIRECTION('',(0.,0.,-1.));
#6667 = ORIENTED_EDGE('',*,*,#6668,.T.);
#6668 = EDGE_CURVE('',#6661,#6550,#6669,.T.);
#6669 = LINE('',#6670,#6671);
#6670 = CARTESIAN_POINT('',(0.12,0.,0.21));
#6671 = VECTOR('',#6672,1.);
#6672 = DIRECTION('',(1.,0.,0.));
#6673 = ORIENTED_EDGE('',*,*,#6575,.F.);
#6674 = PLANE('',#6675);
#6675 = AXIS2_PLACEMENT_3D('',#6676,#6677,#6678);
#6676 = CARTESIAN_POINT('',(0.,0.,-4.E-02));
#6677 = DIRECTION('',(0.,1.,0.));
#6678 = DIRECTION('',(0.,-0.,1.));
#6679 = ADVANCED_FACE('',(#6680),#6716,.T.);
#6680 = FACE_BOUND('',#6681,.T.);
#6681 = EDGE_LOOP('',(#6682,#6692,#6701,#6709));
#6682 = ORIENTED_EDGE('',*,*,#6683,.T.);
#6683 = EDGE_CURVE('',#6684,#6686,#6688,.T.);
#6684 = VERTEX_POINT('',#6685);
#6685 = CARTESIAN_POINT('',(0.55,-0.910342477172,0.352155983153));
#6686 = VERTEX_POINT('',#6687);
#6687 = CARTESIAN_POINT('',(4.15,-0.910342477172,0.352155983153));
#6688 = LINE('',#6689,#6690);
#6689 = CARTESIAN_POINT('',(0.55,-0.910342477172,0.352155983153));
#6690 = VECTOR('',#6691,1.);
#6691 = DIRECTION('',(1.,0.,0.));
#6692 = ORIENTED_EDGE('',*,*,#6693,.F.);
#6693 = EDGE_CURVE('',#6694,#6686,#6696,.T.);
#6694 = VERTEX_POINT('',#6695);
#6695 = CARTESIAN_POINT('',(4.15,-1.023293714059,0.273066675634));
#6696 = CIRCLE('',#6697,9.E-02);
#6697 = AXIS2_PLACEMENT_3D('',#6698,#6699,#6700);
#6698 = CARTESIAN_POINT('',(4.15,-1.,0.36));
#6699 = DIRECTION('',(1.,0.,0.));
#6700 = DIRECTION('',(0.,-0.258819045102,-0.965925826289));
#6701 = ORIENTED_EDGE('',*,*,#6702,.F.);
#6702 = EDGE_CURVE('',#6703,#6694,#6705,.T.);
#6703 = VERTEX_POINT('',#6704);
#6704 = CARTESIAN_POINT('',(0.55,-1.023293714059,0.273066675634));
#6705 = LINE('',#6706,#6707);
#6706 = CARTESIAN_POINT('',(0.55,-1.023293714059,0.273066675634));
#6707 = VECTOR('',#6708,1.);
#6708 = DIRECTION('',(1.,0.,0.));
#6709 = ORIENTED_EDGE('',*,*,#6710,.T.);
#6710 = EDGE_CURVE('',#6703,#6684,#6711,.T.);
#6711 = CIRCLE('',#6712,9.E-02);
#6712 = AXIS2_PLACEMENT_3D('',#6713,#6714,#6715);
#6713 = CARTESIAN_POINT('',(0.55,-1.,0.36));
#6714 = DIRECTION('',(1.,0.,0.));
#6715 = DIRECTION('',(0.,-0.258819045102,-0.965925826289));
#6716 = CYLINDRICAL_SURFACE('',#6717,9.E-02);
#6717 = AXIS2_PLACEMENT_3D('',#6718,#6719,#6720);
#6718 = CARTESIAN_POINT('',(0.5,-1.,0.36));
#6719 = DIRECTION('',(1.,0.,0.));
#6720 = DIRECTION('',(-0.,1.,0.));
#6721 = ADVANCED_FACE('',(#6722),#6756,.T.);
#6722 = FACE_BOUND('',#6723,.T.);
#6723 = EDGE_LOOP('',(#6724,#6734,#6742,#6750));
#6724 = ORIENTED_EDGE('',*,*,#6725,.F.);
#6725 = EDGE_CURVE('',#6726,#6728,#6730,.T.);
#6726 = VERTEX_POINT('',#6727);
#6727 = CARTESIAN_POINT('',(4.15,-0.840456073852,0.2330641687));
#6728 = VERTEX_POINT('',#6729);
#6729 = CARTESIAN_POINT('',(4.49,-0.840456073852,0.2330641687));
#6730 = LINE('',#6731,#6732);
#6731 = CARTESIAN_POINT('',(4.15,-0.840456073852,0.2330641687));
#6732 = VECTOR('',#6733,1.);
#6733 = DIRECTION('',(1.,0.,0.));
#6734 = ORIENTED_EDGE('',*,*,#6735,.T.);
#6735 = EDGE_CURVE('',#6726,#6736,#6738,.T.);
#6736 = VERTEX_POINT('',#6737);
#6737 = CARTESIAN_POINT('',(4.15,-0.830646901324,0.345183523733));
#6738 = LINE('',#6739,#6740);
#6739 = CARTESIAN_POINT('',(4.15,-0.840456073852,0.2330641687));
#6740 = VECTOR('',#6741,1.);
#6741 = DIRECTION('',(0.,8.715574274766E-02,0.996194698092));
#6742 = ORIENTED_EDGE('',*,*,#6743,.T.);
#6743 = EDGE_CURVE('',#6736,#6744,#6746,.T.);
#6744 = VERTEX_POINT('',#6745);
#6745 = CARTESIAN_POINT('',(4.49,-0.830646901324,0.345183523733));
#6746 = LINE('',#6747,#6748);
#6747 = CARTESIAN_POINT('',(4.15,-0.830646901324,0.345183523733));
#6748 = VECTOR('',#6749,1.);
#6749 = DIRECTION('',(1.,0.,0.));
#6750 = ORIENTED_EDGE('',*,*,#6751,.F.);
#6751 = EDGE_CURVE('',#6728,#6744,#6752,.T.);
#6752 = LINE('',#6753,#6754);
#6753 = CARTESIAN_POINT('',(4.49,-0.840456073852,0.2330641687));
#6754 = VECTOR('',#6755,1.);
#6755 = DIRECTION('',(0.,8.715574274766E-02,0.996194698092));
#6756 = PLANE('',#6757);
#6757 = AXIS2_PLACEMENT_3D('',#6758,#6759,#6760);
#6758 = CARTESIAN_POINT('',(4.15,-0.840456073852,0.2330641687));
#6759 = DIRECTION('',(0.,0.996194698092,-8.715574274766E-02));
#6760 = DIRECTION('',(0.,8.715574274766E-02,0.996194698092));
#6761 = ADVANCED_FACE('',(#6762),#6789,.T.);
#6762 = FACE_BOUND('',#6763,.T.);
#6763 = EDGE_LOOP('',(#6764,#6773,#6774,#6783));
#6764 = ORIENTED_EDGE('',*,*,#6765,.T.);
#6765 = EDGE_CURVE('',#6766,#6726,#6768,.T.);
#6766 = VERTEX_POINT('',#6767);
#6767 = CARTESIAN_POINT('',(4.15,-0.848456284266,0.21));
#6768 = CIRCLE('',#6769,5.E-02);
#6769 = AXIS2_PLACEMENT_3D('',#6770,#6771,#6772);
#6770 = CARTESIAN_POINT('',(4.15,-0.890265808756,0.237421955837));
#6771 = DIRECTION('',(1.,0.,0.));
#6772 = DIRECTION('',(0.,0.836190489795,-0.548439116745));
#6773 = ORIENTED_EDGE('',*,*,#6725,.T.);
#6774 = ORIENTED_EDGE('',*,*,#6775,.F.);
#6775 = EDGE_CURVE('',#6776,#6728,#6778,.T.);
#6776 = VERTEX_POINT('',#6777);
#6777 = CARTESIAN_POINT('',(4.49,-0.848456284266,0.21));
#6778 = CIRCLE('',#6779,5.E-02);
#6779 = AXIS2_PLACEMENT_3D('',#6780,#6781,#6782);
#6780 = CARTESIAN_POINT('',(4.49,-0.890265808756,0.237421955837));
#6781 = DIRECTION('',(1.,0.,0.));
#6782 = DIRECTION('',(0.,0.836190489795,-0.548439116745));
#6783 = ORIENTED_EDGE('',*,*,#6784,.F.);
#6784 = EDGE_CURVE('',#6766,#6776,#6785,.T.);
#6785 = LINE('',#6786,#6787);
#6786 = CARTESIAN_POINT('',(4.15,-0.848456284266,0.21));
#6787 = VECTOR('',#6788,1.);
#6788 = DIRECTION('',(1.,0.,0.));
#6789 = CYLINDRICAL_SURFACE('',#6790,5.E-02);
#6790 = AXIS2_PLACEMENT_3D('',#6791,#6792,#6793);
#6791 = CARTESIAN_POINT('',(4.15,-0.890265808756,0.237421955837));
#6792 = DIRECTION('',(1.,0.,0.));
#6793 = DIRECTION('',(-0.,1.,0.));
#6794 = ADVANCED_FACE('',(#6795),#6829,.T.);
#6795 = FACE_BOUND('',#6796,.T.);
#6796 = EDGE_LOOP('',(#6797,#6807,#6815,#6823));
#6797 = ORIENTED_EDGE('',*,*,#6798,.F.);
#6798 = EDGE_CURVE('',#6799,#6801,#6803,.T.);
#6799 = VERTEX_POINT('',#6800);
#6800 = CARTESIAN_POINT('',(4.49,-1.036234666314,0.224770384319));
#6801 = VERTEX_POINT('',#6802);
#6802 = CARTESIAN_POINT('',(4.49,-0.981110841587,0.21));
#6803 = LINE('',#6804,#6805);
#6804 = CARTESIAN_POINT('',(4.49,-1.036234666314,0.224770384319));
#6805 = VECTOR('',#6806,1.);
#6806 = DIRECTION('',(0.,0.965925826289,-0.258819045102));
#6807 = ORIENTED_EDGE('',*,*,#6808,.F.);
#6808 = EDGE_CURVE('',#6809,#6799,#6811,.T.);
#6809 = VERTEX_POINT('',#6810);
#6810 = CARTESIAN_POINT('',(4.15,-1.036234666314,0.224770384319));
#6811 = LINE('',#6812,#6813);
#6812 = CARTESIAN_POINT('',(4.15,-1.036234666314,0.224770384319));
#6813 = VECTOR('',#6814,1.);
#6814 = DIRECTION('',(1.,0.,0.));
#6815 = ORIENTED_EDGE('',*,*,#6816,.T.);
#6816 = EDGE_CURVE('',#6809,#6817,#6819,.T.);
#6817 = VERTEX_POINT('',#6818);
#6818 = CARTESIAN_POINT('',(4.15,-0.981110841587,0.21));
#6819 = LINE('',#6820,#6821);
#6820 = CARTESIAN_POINT('',(4.15,-1.036234666314,0.224770384319));
#6821 = VECTOR('',#6822,1.);
#6822 = DIRECTION('',(0.,0.965925826289,-0.258819045102));
#6823 = ORIENTED_EDGE('',*,*,#6824,.T.);
#6824 = EDGE_CURVE('',#6817,#6801,#6825,.T.);
#6825 = LINE('',#6826,#6827);
#6826 = CARTESIAN_POINT('',(4.15,-0.981110841587,0.21));
#6827 = VECTOR('',#6828,1.);
#6828 = DIRECTION('',(1.,0.,0.));
#6829 = PLANE('',#6830);
#6830 = AXIS2_PLACEMENT_3D('',#6831,#6832,#6833);
#6831 = CARTESIAN_POINT('',(4.15,-1.036234666314,0.224770384319));
#6832 = DIRECTION('',(0.,-0.258819045102,-0.965925826289));
#6833 = DIRECTION('',(0.,0.965925826289,-0.258819045102));
#6834 = ADVANCED_FACE('',(#6835),#6869,.T.);
#6835 = FACE_BOUND('',#6836,.T.);
#6836 = EDGE_LOOP('',(#6837,#6847,#6855,#6863));
#6837 = ORIENTED_EDGE('',*,*,#6838,.T.);
#6838 = EDGE_CURVE('',#6839,#6841,#6843,.T.);
#6839 = VERTEX_POINT('',#6840);
#6840 = CARTESIAN_POINT('',(4.2,-1.13522961568,0.323765333686));
#6841 = VERTEX_POINT('',#6842);
#6842 = CARTESIAN_POINT('',(4.49,-1.13522961568,0.323765333686));
#6843 = LINE('',#6844,#6845);
#6844 = CARTESIAN_POINT('',(4.2,-1.13522961568,0.323765333686));
#6845 = VECTOR('',#6846,1.);
#6846 = DIRECTION('',(1.,0.,0.));
#6847 = ORIENTED_EDGE('',*,*,#6848,.F.);
#6848 = EDGE_CURVE('',#6849,#6841,#6851,.T.);
#6849 = VERTEX_POINT('',#6850);
#6850 = CARTESIAN_POINT('',(4.49,-1.160189220493,0.416915846983));
#6851 = LINE('',#6852,#6853);
#6852 = CARTESIAN_POINT('',(4.49,-1.160189220493,0.416915846983));
#6853 = VECTOR('',#6854,1.);
#6854 = DIRECTION('',(0.,0.258819045102,-0.965925826289));
#6855 = ORIENTED_EDGE('',*,*,#6856,.F.);
#6856 = EDGE_CURVE('',#6857,#6849,#6859,.T.);
#6857 = VERTEX_POINT('',#6858);
#6858 = CARTESIAN_POINT('',(4.2,-1.160189220493,0.416915846983));
#6859 = LINE('',#6860,#6861);
#6860 = CARTESIAN_POINT('',(4.2,-1.160189220493,0.416915846983));
#6861 = VECTOR('',#6862,1.);
#6862 = DIRECTION('',(1.,0.,0.));
#6863 = ORIENTED_EDGE('',*,*,#6864,.T.);
#6864 = EDGE_CURVE('',#6857,#6839,#6865,.T.);
#6865 = LINE('',#6866,#6867);
#6866 = CARTESIAN_POINT('',(4.2,-1.160189220493,0.416915846983));
#6867 = VECTOR('',#6868,1.);
#6868 = DIRECTION('',(0.,0.258819045102,-0.965925826289));
#6869 = PLANE('',#6870);
#6870 = AXIS2_PLACEMENT_3D('',#6871,#6872,#6873);
#6871 = CARTESIAN_POINT('',(4.15,-1.160189220493,0.416915846983));
#6872 = DIRECTION('',(0.,-0.965925826289,-0.258819045102));
#6873 = DIRECTION('',(0.,0.258819045102,-0.965925826289));
#6874 = ADVANCED_FACE('',(#6875),#6910,.T.);
#6875 = FACE_BOUND('',#6876,.T.);
#6876 = EDGE_LOOP('',(#6877,#6887,#6894,#6895,#6902,#6903));
#6877 = ORIENTED_EDGE('',*,*,#6878,.F.);
#6878 = EDGE_CURVE('',#6879,#6881,#6883,.T.);
#6879 = VERTEX_POINT('',#6880);
#6880 = CARTESIAN_POINT('',(4.15,-1.126877718962,0.300821926096));
#6881 = VERTEX_POINT('',#6882);
#6882 = CARTESIAN_POINT('',(4.2,-1.126877718962,0.300821926096));
#6883 = LINE('',#6884,#6885);
#6884 = CARTESIAN_POINT('',(4.15,-1.126877718962,0.300821926096));
#6885 = VECTOR('',#6886,1.);
#6886 = DIRECTION('',(1.,0.,0.));
#6887 = ORIENTED_EDGE('',*,*,#6888,.T.);
#6888 = EDGE_CURVE('',#6879,#6809,#6889,.T.);
#6889 = CIRCLE('',#6890,0.14);
#6890 = AXIS2_PLACEMENT_3D('',#6891,#6892,#6893);
#6891 = CARTESIAN_POINT('',(4.15,-1.,0.36));
#6892 = DIRECTION('',(1.,0.,0.));
#6893 = DIRECTION('',(0.,-0.906269421159,-0.422700527882));
#6894 = ORIENTED_EDGE('',*,*,#6808,.T.);
#6895 = ORIENTED_EDGE('',*,*,#6896,.F.);
#6896 = EDGE_CURVE('',#6841,#6799,#6897,.T.);
#6897 = CIRCLE('',#6898,0.14);
#6898 = AXIS2_PLACEMENT_3D('',#6899,#6900,#6901);
#6899 = CARTESIAN_POINT('',(4.49,-1.,0.36));
#6900 = DIRECTION('',(1.,0.,0.));
#6901 = DIRECTION('',(0.,-0.965925826289,-0.258819045102));
#6902 = ORIENTED_EDGE('',*,*,#6838,.F.);
#6903 = ORIENTED_EDGE('',*,*,#6904,.T.);
#6904 = EDGE_CURVE('',#6839,#6881,#6905,.T.);
#6905 = CIRCLE('',#6906,0.14);
#6906 = AXIS2_PLACEMENT_3D('',#6907,#6908,#6909);
#6907 = CARTESIAN_POINT('',(4.2,-1.,0.36));
#6908 = DIRECTION('',(1.,0.,0.));
#6909 = DIRECTION('',(0.,-0.965925826289,-0.258819045102));
#6910 = CYLINDRICAL_SURFACE('',#6911,0.14);
#6911 = AXIS2_PLACEMENT_3D('',#6912,#6913,#6914);
#6912 = CARTESIAN_POINT('',(4.15,-1.,0.36));
#6913 = DIRECTION('',(1.,0.,0.));
#6914 = DIRECTION('',(-0.,1.,0.));
#6915 = ADVANCED_FACE('',(#6916),#6950,.F.);
#6916 = FACE_BOUND('',#6917,.T.);
#6917 = EDGE_LOOP('',(#6918,#6919,#6927,#6934,#6935,#6936,#6942,#6943,
    #6944));
#6918 = ORIENTED_EDGE('',*,*,#6693,.T.);
#6919 = ORIENTED_EDGE('',*,*,#6920,.T.);
#6920 = EDGE_CURVE('',#6686,#6921,#6923,.T.);
#6921 = VERTEX_POINT('',#6922);
#6922 = CARTESIAN_POINT('',(4.15,-0.897772697195,0.495829225725));
#6923 = LINE('',#6924,#6925);
#6924 = CARTESIAN_POINT('',(4.15,-0.910342477172,0.352155983153));
#6925 = VECTOR('',#6926,1.);
#6926 = DIRECTION('',(0.,8.715574274766E-02,0.996194698092));
#6927 = ORIENTED_EDGE('',*,*,#6928,.F.);
#6928 = EDGE_CURVE('',#6736,#6921,#6929,.T.);
#6929 = CIRCLE('',#6930,0.17);
#6930 = AXIS2_PLACEMENT_3D('',#6931,#6932,#6933);
#6931 = CARTESIAN_POINT('',(4.15,-1.,0.36));
#6932 = DIRECTION('',(1.,0.,0.));
#6933 = DIRECTION('',(0.,0.996194698092,-8.715574274766E-02));
#6934 = ORIENTED_EDGE('',*,*,#6735,.F.);
#6935 = ORIENTED_EDGE('',*,*,#6765,.F.);
#6936 = ORIENTED_EDGE('',*,*,#6937,.F.);
#6937 = EDGE_CURVE('',#6817,#6766,#6938,.T.);
#6938 = LINE('',#6939,#6940);
#6939 = CARTESIAN_POINT('',(4.15,-0.981110841587,0.21));
#6940 = VECTOR('',#6941,1.);
#6941 = DIRECTION('',(0.,1.,0.));
#6942 = ORIENTED_EDGE('',*,*,#6816,.F.);
#6943 = ORIENTED_EDGE('',*,*,#6888,.F.);
#6944 = ORIENTED_EDGE('',*,*,#6945,.F.);
#6945 = EDGE_CURVE('',#6694,#6879,#6946,.T.);
#6946 = LINE('',#6947,#6948);
#6947 = CARTESIAN_POINT('',(4.15,-1.023293714059,0.273066675634));
#6948 = VECTOR('',#6949,1.);
#6949 = DIRECTION('',(0.,-0.965925826289,0.258819045102));
#6950 = PLANE('',#6951);
#6951 = AXIS2_PLACEMENT_3D('',#6952,#6953,#6954);
#6952 = CARTESIAN_POINT('',(4.15,-3.6,-4.E-02));
#6953 = DIRECTION('',(1.,0.,0.));
#6954 = DIRECTION('',(-0.,1.,0.));
#6955 = ADVANCED_FACE('',(#6956),#6983,.T.);
#6956 = FACE_BOUND('',#6957,.T.);
#6957 = EDGE_LOOP('',(#6958,#6959,#6966,#6967,#6968,#6976));
#6958 = ORIENTED_EDGE('',*,*,#6856,.T.);
#6959 = ORIENTED_EDGE('',*,*,#6960,.F.);
#6960 = EDGE_CURVE('',#6744,#6849,#6961,.T.);
#6961 = CIRCLE('',#6962,0.17);
#6962 = AXIS2_PLACEMENT_3D('',#6963,#6964,#6965);
#6963 = CARTESIAN_POINT('',(4.49,-1.,0.36));
#6964 = DIRECTION('',(1.,0.,0.));
#6965 = DIRECTION('',(0.,0.996194698092,-8.715574274766E-02));
#6966 = ORIENTED_EDGE('',*,*,#6743,.F.);
#6967 = ORIENTED_EDGE('',*,*,#6928,.T.);
#6968 = ORIENTED_EDGE('',*,*,#6969,.T.);
#6969 = EDGE_CURVE('',#6921,#6970,#6972,.T.);
#6970 = VERTEX_POINT('',#6971);
#6971 = CARTESIAN_POINT('',(4.2,-0.897772697195,0.495829225725));
#6972 = LINE('',#6973,#6974);
#6973 = CARTESIAN_POINT('',(4.15,-0.897772697195,0.495829225725));
#6974 = VECTOR('',#6975,1.);
#6975 = DIRECTION('',(1.,0.,0.));
#6976 = ORIENTED_EDGE('',*,*,#6977,.T.);
#6977 = EDGE_CURVE('',#6970,#6857,#6978,.T.);
#6978 = CIRCLE('',#6979,0.17);
#6979 = AXIS2_PLACEMENT_3D('',#6980,#6981,#6982);
#6980 = CARTESIAN_POINT('',(4.2,-1.,0.36));
#6981 = DIRECTION('',(1.,0.,0.));
#6982 = DIRECTION('',(-0.,0.601337075326,0.798995445443));
#6983 = CYLINDRICAL_SURFACE('',#6984,0.17);
#6984 = AXIS2_PLACEMENT_3D('',#6985,#6986,#6987);
#6985 = CARTESIAN_POINT('',(4.15,-1.,0.36));
#6986 = DIRECTION('',(1.,0.,0.));
#6987 = DIRECTION('',(-0.,1.,0.));
#6988 = ADVANCED_FACE('',(#6989),#7035,.F.);
#6989 = FACE_BOUND('',#6990,.T.);
#6990 = EDGE_LOOP('',(#6991,#6992,#6993,#6994,#7002,#7010,#7018,#7026,
    #7032,#7033,#7034));
#6991 = ORIENTED_EDGE('',*,*,#6848,.T.);
#6992 = ORIENTED_EDGE('',*,*,#6896,.T.);
#6993 = ORIENTED_EDGE('',*,*,#6798,.T.);
#6994 = ORIENTED_EDGE('',*,*,#6995,.T.);
#6995 = EDGE_CURVE('',#6801,#6996,#6998,.T.);
#6996 = VERTEX_POINT('',#6997);
#6997 = CARTESIAN_POINT('',(4.49,-1.7,0.21));
#6998 = LINE('',#6999,#7000);
#6999 = CARTESIAN_POINT('',(4.49,-0.981110841587,0.21));
#7000 = VECTOR('',#7001,1.);
#7001 = DIRECTION('',(0.,-1.,0.));
#7002 = ORIENTED_EDGE('',*,*,#7003,.F.);
#7003 = EDGE_CURVE('',#7004,#6996,#7006,.T.);
#7004 = VERTEX_POINT('',#7005);
#7005 = CARTESIAN_POINT('',(4.49,-1.7,0.79));
#7006 = LINE('',#7007,#7008);
#7007 = CARTESIAN_POINT('',(4.49,-1.7,0.79));
#7008 = VECTOR('',#7009,1.);
#7009 = DIRECTION('',(0.,0.,-1.));
#7010 = ORIENTED_EDGE('',*,*,#7011,.F.);
#7011 = EDGE_CURVE('',#7012,#7004,#7014,.T.);
#7012 = VERTEX_POINT('',#7013);
#7013 = CARTESIAN_POINT('',(4.49,-0.27,0.79));
#7014 = LINE('',#7015,#7016);
#7015 = CARTESIAN_POINT('',(4.49,-0.27,0.79));
#7016 = VECTOR('',#7017,1.);
#7017 = DIRECTION('',(0.,-1.,0.));
#7018 = ORIENTED_EDGE('',*,*,#7019,.F.);
#7019 = EDGE_CURVE('',#7020,#7012,#7022,.T.);
#7020 = VERTEX_POINT('',#7021);
#7021 = CARTESIAN_POINT('',(4.49,-0.27,0.21));
#7022 = LINE('',#7023,#7024);
#7023 = CARTESIAN_POINT('',(4.49,-0.27,0.21));
#7024 = VECTOR('',#7025,1.);
#7025 = DIRECTION('',(0.,0.,1.));
#7026 = ORIENTED_EDGE('',*,*,#7027,.T.);
#7027 = EDGE_CURVE('',#7020,#6776,#7028,.T.);
#7028 = LINE('',#7029,#7030);
#7029 = CARTESIAN_POINT('',(4.49,-0.27,0.21));
#7030 = VECTOR('',#7031,1.);
#7031 = DIRECTION('',(0.,-1.,0.));
#7032 = ORIENTED_EDGE('',*,*,#6775,.T.);
#7033 = ORIENTED_EDGE('',*,*,#6751,.T.);
#7034 = ORIENTED_EDGE('',*,*,#6960,.T.);
#7035 = PLANE('',#7036);
#7036 = AXIS2_PLACEMENT_3D('',#7037,#7038,#7039);
#7037 = CARTESIAN_POINT('',(4.49,0.,0.79));
#7038 = DIRECTION('',(1.,0.,0.));
#7039 = DIRECTION('',(0.,0.,-1.));
#7040 = ADVANCED_FACE('',(#7041),#7073,.F.);
#7041 = FACE_BOUND('',#7042,.T.);
#7042 = EDGE_LOOP('',(#7043,#7053,#7059,#7060,#7066,#7067));
#7043 = ORIENTED_EDGE('',*,*,#7044,.F.);
#7044 = EDGE_CURVE('',#7045,#7047,#7049,.T.);
#7045 = VERTEX_POINT('',#7046);
#7046 = CARTESIAN_POINT('',(4.48,-0.3,0.96));
#7047 = VERTEX_POINT('',#7048);
#7048 = CARTESIAN_POINT('',(4.48,-0.3,0.79));
#7049 = LINE('',#7050,#7051);
#7050 = CARTESIAN_POINT('',(4.48,-0.3,0.96));
#7051 = VECTOR('',#7052,1.);
#7052 = DIRECTION('',(0.,0.,-1.));
#7053 = ORIENTED_EDGE('',*,*,#7054,.T.);
#7054 = EDGE_CURVE('',#7045,#6598,#7055,.T.);
#7055 = LINE('',#7056,#7057);
#7056 = CARTESIAN_POINT('',(4.48,-0.3,0.96));
#7057 = VECTOR('',#7058,1.);
#7058 = DIRECTION('',(0.316227766017,0.948683298051,0.));
#7059 = ORIENTED_EDGE('',*,*,#6597,.T.);
#7060 = ORIENTED_EDGE('',*,*,#7061,.F.);
#7061 = EDGE_CURVE('',#7020,#6590,#7062,.T.);
#7062 = LINE('',#7063,#7064);
#7063 = CARTESIAN_POINT('',(4.49,-0.27,0.21));
#7064 = VECTOR('',#7065,1.);
#7065 = DIRECTION('',(0.316227766017,0.948683298051,0.));
#7066 = ORIENTED_EDGE('',*,*,#7019,.T.);
#7067 = ORIENTED_EDGE('',*,*,#7068,.F.);
#7068 = EDGE_CURVE('',#7047,#7012,#7069,.T.);
#7069 = LINE('',#7070,#7071);
#7070 = CARTESIAN_POINT('',(4.48,-0.3,0.79));
#7071 = VECTOR('',#7072,1.);
#7072 = DIRECTION('',(0.316227766017,0.948683298051,0.));
#7073 = PLANE('',#7074);
#7074 = AXIS2_PLACEMENT_3D('',#7075,#7076,#7077);
#7075 = CARTESIAN_POINT('',(4.48,-0.3,0.96));
#7076 = DIRECTION('',(0.948683298051,-0.316227766017,0.));
#7077 = DIRECTION('',(0.316227766017,0.948683298051,0.));
#7078 = ADVANCED_FACE('',(#7079),#7104,.F.);
#7079 = FACE_BOUND('',#7080,.T.);
#7080 = EDGE_LOOP('',(#7081,#7091,#7097,#7098));
#7081 = ORIENTED_EDGE('',*,*,#7082,.F.);
#7082 = EDGE_CURVE('',#7083,#7085,#7087,.T.);
#7083 = VERTEX_POINT('',#7084);
#7084 = CARTESIAN_POINT('',(4.48,-0.6,0.96));
#7085 = VERTEX_POINT('',#7086);
#7086 = CARTESIAN_POINT('',(4.48,-0.6,0.79));
#7087 = LINE('',#7088,#7089);
#7088 = CARTESIAN_POINT('',(4.48,-0.6,0.96));
#7089 = VECTOR('',#7090,1.);
#7090 = DIRECTION('',(0.,0.,-1.));
#7091 = ORIENTED_EDGE('',*,*,#7092,.T.);
#7092 = EDGE_CURVE('',#7083,#7045,#7093,.T.);
#7093 = LINE('',#7094,#7095);
#7094 = CARTESIAN_POINT('',(4.48,-0.6,0.96));
#7095 = VECTOR('',#7096,1.);
#7096 = DIRECTION('',(0.,1.,0.));
#7097 = ORIENTED_EDGE('',*,*,#7044,.T.);
#7098 = ORIENTED_EDGE('',*,*,#7099,.F.);
#7099 = EDGE_CURVE('',#7085,#7047,#7100,.T.);
#7100 = LINE('',#7101,#7102);
#7101 = CARTESIAN_POINT('',(4.48,-0.6,0.79));
#7102 = VECTOR('',#7103,1.);
#7103 = DIRECTION('',(0.,1.,0.));
#7104 = PLANE('',#7105);
#7105 = AXIS2_PLACEMENT_3D('',#7106,#7107,#7108);
#7106 = CARTESIAN_POINT('',(4.48,-0.6,0.96));
#7107 = DIRECTION('',(1.,0.,0.));
#7108 = DIRECTION('',(-0.,1.,0.));
#7109 = ADVANCED_FACE('',(#7110),#7135,.F.);
#7110 = FACE_BOUND('',#7111,.T.);
#7111 = EDGE_LOOP('',(#7112,#7122,#7128,#7129));
#7112 = ORIENTED_EDGE('',*,*,#7113,.F.);
#7113 = EDGE_CURVE('',#7114,#7116,#7118,.T.);
#7114 = VERTEX_POINT('',#7115);
#7115 = CARTESIAN_POINT('',(4.3,-0.78,0.96));
#7116 = VERTEX_POINT('',#7117);
#7117 = CARTESIAN_POINT('',(4.3,-0.78,0.79));
#7118 = LINE('',#7119,#7120);
#7119 = CARTESIAN_POINT('',(4.3,-0.78,0.96));
#7120 = VECTOR('',#7121,1.);
#7121 = DIRECTION('',(0.,0.,-1.));
#7122 = ORIENTED_EDGE('',*,*,#7123,.T.);
#7123 = EDGE_CURVE('',#7114,#7083,#7124,.T.);
#7124 = LINE('',#7125,#7126);
#7125 = CARTESIAN_POINT('',(4.3,-0.78,0.96));
#7126 = VECTOR('',#7127,1.);
#7127 = DIRECTION('',(0.707106781187,0.707106781186,0.));
#7128 = ORIENTED_EDGE('',*,*,#7082,.T.);
#7129 = ORIENTED_EDGE('',*,*,#7130,.F.);
#7130 = EDGE_CURVE('',#7116,#7085,#7131,.T.);
#7131 = LINE('',#7132,#7133);
#7132 = CARTESIAN_POINT('',(4.3,-0.78,0.79));
#7133 = VECTOR('',#7134,1.);
#7134 = DIRECTION('',(0.707106781187,0.707106781186,0.));
#7135 = PLANE('',#7136);
#7136 = AXIS2_PLACEMENT_3D('',#7137,#7138,#7139);
#7137 = CARTESIAN_POINT('',(4.3,-0.78,0.96));
#7138 = DIRECTION('',(0.707106781186,-0.707106781187,0.));
#7139 = DIRECTION('',(0.707106781187,0.707106781186,0.));
#7140 = ADVANCED_FACE('',(#7141),#7166,.F.);
#7141 = FACE_BOUND('',#7142,.T.);
#7142 = EDGE_LOOP('',(#7143,#7153,#7159,#7160));
#7143 = ORIENTED_EDGE('',*,*,#7144,.F.);
#7144 = EDGE_CURVE('',#7145,#7147,#7149,.T.);
#7145 = VERTEX_POINT('',#7146);
#7146 = CARTESIAN_POINT('',(4.3,-1.49,0.96));
#7147 = VERTEX_POINT('',#7148);
#7148 = CARTESIAN_POINT('',(4.3,-1.49,0.79));
#7149 = LINE('',#7150,#7151);
#7150 = CARTESIAN_POINT('',(4.3,-1.49,0.96));
#7151 = VECTOR('',#7152,1.);
#7152 = DIRECTION('',(0.,0.,-1.));
#7153 = ORIENTED_EDGE('',*,*,#7154,.T.);
#7154 = EDGE_CURVE('',#7145,#7114,#7155,.T.);
#7155 = LINE('',#7156,#7157);
#7156 = CARTESIAN_POINT('',(4.3,-1.49,0.96));
#7157 = VECTOR('',#7158,1.);
#7158 = DIRECTION('',(0.,1.,0.));
#7159 = ORIENTED_EDGE('',*,*,#7113,.T.);
#7160 = ORIENTED_EDGE('',*,*,#7161,.F.);
#7161 = EDGE_CURVE('',#7147,#7116,#7162,.T.);
#7162 = LINE('',#7163,#7164);
#7163 = CARTESIAN_POINT('',(4.3,-1.49,0.79));
#7164 = VECTOR('',#7165,1.);
#7165 = DIRECTION('',(0.,1.,0.));
#7166 = PLANE('',#7167);
#7167 = AXIS2_PLACEMENT_3D('',#7168,#7169,#7170);
#7168 = CARTESIAN_POINT('',(4.3,-1.49,0.96));
#7169 = DIRECTION('',(1.,0.,0.));
#7170 = DIRECTION('',(-0.,1.,0.));
#7171 = ADVANCED_FACE('',(#7172),#7197,.F.);
#7172 = FACE_BOUND('',#7173,.T.);
#7173 = EDGE_LOOP('',(#7174,#7182,#7183,#7191));
#7174 = ORIENTED_EDGE('',*,*,#7175,.T.);
#7175 = EDGE_CURVE('',#7176,#7145,#7178,.T.);
#7176 = VERTEX_POINT('',#7177);
#7177 = CARTESIAN_POINT('',(4.2,-1.49,0.96));
#7178 = LINE('',#7179,#7180);
#7179 = CARTESIAN_POINT('',(4.2,-1.49,0.96));
#7180 = VECTOR('',#7181,1.);
#7181 = DIRECTION('',(1.,0.,0.));
#7182 = ORIENTED_EDGE('',*,*,#7144,.T.);
#7183 = ORIENTED_EDGE('',*,*,#7184,.F.);
#7184 = EDGE_CURVE('',#7185,#7147,#7187,.T.);
#7185 = VERTEX_POINT('',#7186);
#7186 = CARTESIAN_POINT('',(4.2,-1.49,0.79));
#7187 = LINE('',#7188,#7189);
#7188 = CARTESIAN_POINT('',(4.2,-1.49,0.79));
#7189 = VECTOR('',#7190,1.);
#7190 = DIRECTION('',(1.,0.,0.));
#7191 = ORIENTED_EDGE('',*,*,#7192,.T.);
#7192 = EDGE_CURVE('',#7185,#7176,#7193,.T.);
#7193 = LINE('',#7194,#7195);
#7194 = CARTESIAN_POINT('',(4.2,-1.49,0.79));
#7195 = VECTOR('',#7196,1.);
#7196 = DIRECTION('',(0.,0.,1.));
#7197 = PLANE('',#7198);
#7198 = AXIS2_PLACEMENT_3D('',#7199,#7200,#7201);
#7199 = CARTESIAN_POINT('',(4.2,-1.49,0.96));
#7200 = DIRECTION('',(0.,-1.,0.));
#7201 = DIRECTION('',(1.,0.,0.));
#7202 = ADVANCED_FACE('',(#7203),#7228,.F.);
#7203 = FACE_BOUND('',#7204,.T.);
#7204 = EDGE_LOOP('',(#7205,#7213,#7221,#7227));
#7205 = ORIENTED_EDGE('',*,*,#7206,.F.);
#7206 = EDGE_CURVE('',#7207,#7185,#7209,.T.);
#7207 = VERTEX_POINT('',#7208);
#7208 = CARTESIAN_POINT('',(4.2,-1.7,0.79));
#7209 = LINE('',#7210,#7211);
#7210 = CARTESIAN_POINT('',(4.2,-1.7,0.79));
#7211 = VECTOR('',#7212,1.);
#7212 = DIRECTION('',(0.,1.,0.));
#7213 = ORIENTED_EDGE('',*,*,#7214,.F.);
#7214 = EDGE_CURVE('',#7215,#7207,#7217,.T.);
#7215 = VERTEX_POINT('',#7216);
#7216 = CARTESIAN_POINT('',(4.2,-1.7,0.96));
#7217 = LINE('',#7218,#7219);
#7218 = CARTESIAN_POINT('',(4.2,-1.7,0.96));
#7219 = VECTOR('',#7220,1.);
#7220 = DIRECTION('',(0.,0.,-1.));
#7221 = ORIENTED_EDGE('',*,*,#7222,.F.);
#7222 = EDGE_CURVE('',#7176,#7215,#7223,.T.);
#7223 = LINE('',#7224,#7225);
#7224 = CARTESIAN_POINT('',(4.2,-1.49,0.96));
#7225 = VECTOR('',#7226,1.);
#7226 = DIRECTION('',(0.,-1.,0.));
#7227 = ORIENTED_EDGE('',*,*,#7192,.F.);
#7228 = PLANE('',#7229);
#7229 = AXIS2_PLACEMENT_3D('',#7230,#7231,#7232);
#7230 = CARTESIAN_POINT('',(4.2,-1.7,0.96));
#7231 = DIRECTION('',(1.,0.,0.));
#7232 = DIRECTION('',(-0.,1.,0.));
#7233 = ADVANCED_FACE('',(#7234),#7322,.T.);
#7234 = FACE_BOUND('',#7235,.T.);
#7235 = EDGE_LOOP('',(#7236,#7246,#7254,#7262,#7270,#7276,#7277,#7283,
    #7284,#7285,#7286,#7287,#7295,#7301,#7302,#7303,#7304,#7305,#7306,
    #7307,#7308,#7316));
#7236 = ORIENTED_EDGE('',*,*,#7237,.F.);
#7237 = EDGE_CURVE('',#7238,#7240,#7242,.T.);
#7238 = VERTEX_POINT('',#7239);
#7239 = CARTESIAN_POINT('',(0.4,-1.49,0.96));
#7240 = VERTEX_POINT('',#7241);
#7241 = CARTESIAN_POINT('',(0.5,-1.49,0.96));
#7242 = LINE('',#7243,#7244);
#7243 = CARTESIAN_POINT('',(0.4,-1.49,0.96));
#7244 = VECTOR('',#7245,1.);
#7245 = DIRECTION('',(1.,0.,0.));
#7246 = ORIENTED_EDGE('',*,*,#7247,.F.);
#7247 = EDGE_CURVE('',#7248,#7238,#7250,.T.);
#7248 = VERTEX_POINT('',#7249);
#7249 = CARTESIAN_POINT('',(0.4,-0.78,0.96));
#7250 = LINE('',#7251,#7252);
#7251 = CARTESIAN_POINT('',(0.4,-0.78,0.96));
#7252 = VECTOR('',#7253,1.);
#7253 = DIRECTION('',(0.,-1.,0.));
#7254 = ORIENTED_EDGE('',*,*,#7255,.F.);
#7255 = EDGE_CURVE('',#7256,#7248,#7258,.T.);
#7256 = VERTEX_POINT('',#7257);
#7257 = CARTESIAN_POINT('',(0.22,-0.6,0.96));
#7258 = LINE('',#7259,#7260);
#7259 = CARTESIAN_POINT('',(0.22,-0.6,0.96));
#7260 = VECTOR('',#7261,1.);
#7261 = DIRECTION('',(0.707106781187,-0.707106781186,0.));
#7262 = ORIENTED_EDGE('',*,*,#7263,.F.);
#7263 = EDGE_CURVE('',#7264,#7256,#7266,.T.);
#7264 = VERTEX_POINT('',#7265);
#7265 = CARTESIAN_POINT('',(0.22,-0.3,0.96));
#7266 = LINE('',#7267,#7268);
#7267 = CARTESIAN_POINT('',(0.22,-0.3,0.96));
#7268 = VECTOR('',#7269,1.);
#7269 = DIRECTION('',(0.,-1.,0.));
#7270 = ORIENTED_EDGE('',*,*,#7271,.F.);
#7271 = EDGE_CURVE('',#6653,#7264,#7272,.T.);
#7272 = LINE('',#7273,#7274);
#7273 = CARTESIAN_POINT('',(0.12,0.,0.96));
#7274 = VECTOR('',#7275,1.);
#7275 = DIRECTION('',(0.316227766017,-0.948683298051,0.));
#7276 = ORIENTED_EDGE('',*,*,#6652,.F.);
#7277 = ORIENTED_EDGE('',*,*,#7278,.T.);
#7278 = EDGE_CURVE('',#6645,#1765,#7279,.T.);
#7279 = LINE('',#7280,#7281);
#7280 = CARTESIAN_POINT('',(0.,0.,0.96));
#7281 = VECTOR('',#7282,1.);
#7282 = DIRECTION('',(0.,-1.,0.));
#7283 = ORIENTED_EDGE('',*,*,#1764,.T.);
#7284 = ORIENTED_EDGE('',*,*,#2288,.T.);
#7285 = ORIENTED_EDGE('',*,*,#6304,.T.);
#7286 = ORIENTED_EDGE('',*,*,#6486,.F.);
#7287 = ORIENTED_EDGE('',*,*,#7288,.F.);
#7288 = EDGE_CURVE('',#7289,#6479,#7291,.T.);
#7289 = VERTEX_POINT('',#7290);
#7290 = CARTESIAN_POINT('',(4.7,-3.15,0.96));
#7291 = LINE('',#7292,#7293);
#7292 = CARTESIAN_POINT('',(4.7,-3.15,0.96));
#7293 = VECTOR('',#7294,1.);
#7294 = DIRECTION('',(-1.,0.,0.));
#7295 = ORIENTED_EDGE('',*,*,#7296,.F.);
#7296 = EDGE_CURVE('',#6606,#7289,#7297,.T.);
#7297 = LINE('',#7298,#7299);
#7298 = CARTESIAN_POINT('',(4.7,0.,0.96));
#7299 = VECTOR('',#7300,1.);
#7300 = DIRECTION('',(0.,-1.,0.));
#7301 = ORIENTED_EDGE('',*,*,#6605,.F.);
#7302 = ORIENTED_EDGE('',*,*,#7054,.F.);
#7303 = ORIENTED_EDGE('',*,*,#7092,.F.);
#7304 = ORIENTED_EDGE('',*,*,#7123,.F.);
#7305 = ORIENTED_EDGE('',*,*,#7154,.F.);
#7306 = ORIENTED_EDGE('',*,*,#7175,.F.);
#7307 = ORIENTED_EDGE('',*,*,#7222,.T.);
#7308 = ORIENTED_EDGE('',*,*,#7309,.F.);
#7309 = EDGE_CURVE('',#7310,#7215,#7312,.T.);
#7310 = VERTEX_POINT('',#7311);
#7311 = CARTESIAN_POINT('',(0.5,-1.7,0.96));
#7312 = LINE('',#7313,#7314);
#7313 = CARTESIAN_POINT('',(0.5,-1.7,0.96));
#7314 = VECTOR('',#7315,1.);
#7315 = DIRECTION('',(1.,0.,0.));
#7316 = ORIENTED_EDGE('',*,*,#7317,.T.);
#7317 = EDGE_CURVE('',#7310,#7240,#7318,.T.);
#7318 = LINE('',#7319,#7320);
#7319 = CARTESIAN_POINT('',(0.5,-1.7,0.96));
#7320 = VECTOR('',#7321,1.);
#7321 = DIRECTION('',(0.,1.,0.));
#7322 = PLANE('',#7323);
#7323 = AXIS2_PLACEMENT_3D('',#7324,#7325,#7326);
#7324 = CARTESIAN_POINT('',(0.,0.,0.96));
#7325 = DIRECTION('',(0.,0.,1.));
#7326 = DIRECTION('',(0.,-1.,0.));
#7327 = ADVANCED_FACE('',(#7328),#7353,.F.);
#7328 = FACE_BOUND('',#7329,.T.);
#7329 = EDGE_LOOP('',(#7330,#7338,#7346,#7352));
#7330 = ORIENTED_EDGE('',*,*,#7331,.T.);
#7331 = EDGE_CURVE('',#7310,#7332,#7334,.T.);
#7332 = VERTEX_POINT('',#7333);
#7333 = CARTESIAN_POINT('',(0.5,-1.7,0.79));
#7334 = LINE('',#7335,#7336);
#7335 = CARTESIAN_POINT('',(0.5,-1.7,0.96));
#7336 = VECTOR('',#7337,1.);
#7337 = DIRECTION('',(0.,0.,-1.));
#7338 = ORIENTED_EDGE('',*,*,#7339,.F.);
#7339 = EDGE_CURVE('',#7340,#7332,#7342,.T.);
#7340 = VERTEX_POINT('',#7341);
#7341 = CARTESIAN_POINT('',(0.5,-1.49,0.79));
#7342 = LINE('',#7343,#7344);
#7343 = CARTESIAN_POINT('',(0.5,-1.49,0.79));
#7344 = VECTOR('',#7345,1.);
#7345 = DIRECTION('',(0.,-1.,0.));
#7346 = ORIENTED_EDGE('',*,*,#7347,.F.);
#7347 = EDGE_CURVE('',#7240,#7340,#7348,.T.);
#7348 = LINE('',#7349,#7350);
#7349 = CARTESIAN_POINT('',(0.5,-1.49,0.96));
#7350 = VECTOR('',#7351,1.);
#7351 = DIRECTION('',(0.,0.,-1.));
#7352 = ORIENTED_EDGE('',*,*,#7317,.F.);
#7353 = PLANE('',#7354);
#7354 = AXIS2_PLACEMENT_3D('',#7355,#7356,#7357);
#7355 = CARTESIAN_POINT('',(0.5,-1.49,0.96));
#7356 = DIRECTION('',(-1.,0.,0.));
#7357 = DIRECTION('',(0.,-1.,0.));
#7358 = ADVANCED_FACE('',(#7359),#7377,.F.);
#7359 = FACE_BOUND('',#7360,.T.);
#7360 = EDGE_LOOP('',(#7361,#7369,#7375,#7376));
#7361 = ORIENTED_EDGE('',*,*,#7362,.F.);
#7362 = EDGE_CURVE('',#7363,#7340,#7365,.T.);
#7363 = VERTEX_POINT('',#7364);
#7364 = CARTESIAN_POINT('',(0.4,-1.49,0.79));
#7365 = LINE('',#7366,#7367);
#7366 = CARTESIAN_POINT('',(0.4,-1.49,0.79));
#7367 = VECTOR('',#7368,1.);
#7368 = DIRECTION('',(1.,0.,0.));
#7369 = ORIENTED_EDGE('',*,*,#7370,.F.);
#7370 = EDGE_CURVE('',#7238,#7363,#7371,.T.);
#7371 = LINE('',#7372,#7373);
#7372 = CARTESIAN_POINT('',(0.4,-1.49,0.96));
#7373 = VECTOR('',#7374,1.);
#7374 = DIRECTION('',(0.,0.,-1.));
#7375 = ORIENTED_EDGE('',*,*,#7237,.T.);
#7376 = ORIENTED_EDGE('',*,*,#7347,.T.);
#7377 = PLANE('',#7378);
#7378 = AXIS2_PLACEMENT_3D('',#7379,#7380,#7381);
#7379 = CARTESIAN_POINT('',(0.4,-1.49,0.96));
#7380 = DIRECTION('',(0.,-1.,0.));
#7381 = DIRECTION('',(1.,0.,0.));
#7382 = ADVANCED_FACE('',(#7383),#7401,.F.);
#7383 = FACE_BOUND('',#7384,.T.);
#7384 = EDGE_LOOP('',(#7385,#7393,#7394,#7395));
#7385 = ORIENTED_EDGE('',*,*,#7386,.F.);
#7386 = EDGE_CURVE('',#7248,#7387,#7389,.T.);
#7387 = VERTEX_POINT('',#7388);
#7388 = CARTESIAN_POINT('',(0.4,-0.78,0.79));
#7389 = LINE('',#7390,#7391);
#7390 = CARTESIAN_POINT('',(0.4,-0.78,0.96));
#7391 = VECTOR('',#7392,1.);
#7392 = DIRECTION('',(0.,0.,-1.));
#7393 = ORIENTED_EDGE('',*,*,#7247,.T.);
#7394 = ORIENTED_EDGE('',*,*,#7370,.T.);
#7395 = ORIENTED_EDGE('',*,*,#7396,.F.);
#7396 = EDGE_CURVE('',#7387,#7363,#7397,.T.);
#7397 = LINE('',#7398,#7399);
#7398 = CARTESIAN_POINT('',(0.4,-0.78,0.79));
#7399 = VECTOR('',#7400,1.);
#7400 = DIRECTION('',(0.,-1.,0.));
#7401 = PLANE('',#7402);
#7402 = AXIS2_PLACEMENT_3D('',#7403,#7404,#7405);
#7403 = CARTESIAN_POINT('',(0.4,-0.78,0.96));
#7404 = DIRECTION('',(-1.,0.,0.));
#7405 = DIRECTION('',(0.,-1.,0.));
#7406 = ADVANCED_FACE('',(#7407),#7425,.F.);
#7407 = FACE_BOUND('',#7408,.T.);
#7408 = EDGE_LOOP('',(#7409,#7417,#7418,#7419));
#7409 = ORIENTED_EDGE('',*,*,#7410,.F.);
#7410 = EDGE_CURVE('',#7256,#7411,#7413,.T.);
#7411 = VERTEX_POINT('',#7412);
#7412 = CARTESIAN_POINT('',(0.22,-0.6,0.79));
#7413 = LINE('',#7414,#7415);
#7414 = CARTESIAN_POINT('',(0.22,-0.6,0.96));
#7415 = VECTOR('',#7416,1.);
#7416 = DIRECTION('',(0.,0.,-1.));
#7417 = ORIENTED_EDGE('',*,*,#7255,.T.);
#7418 = ORIENTED_EDGE('',*,*,#7386,.T.);
#7419 = ORIENTED_EDGE('',*,*,#7420,.F.);
#7420 = EDGE_CURVE('',#7411,#7387,#7421,.T.);
#7421 = LINE('',#7422,#7423);
#7422 = CARTESIAN_POINT('',(0.22,-0.6,0.79));
#7423 = VECTOR('',#7424,1.);
#7424 = DIRECTION('',(0.707106781187,-0.707106781186,0.));
#7425 = PLANE('',#7426);
#7426 = AXIS2_PLACEMENT_3D('',#7427,#7428,#7429);
#7427 = CARTESIAN_POINT('',(0.22,-0.6,0.96));
#7428 = DIRECTION('',(-0.707106781186,-0.707106781187,0.));
#7429 = DIRECTION('',(0.707106781187,-0.707106781186,0.));
#7430 = ADVANCED_FACE('',(#7431),#7449,.F.);
#7431 = FACE_BOUND('',#7432,.T.);
#7432 = EDGE_LOOP('',(#7433,#7441,#7442,#7443));
#7433 = ORIENTED_EDGE('',*,*,#7434,.F.);
#7434 = EDGE_CURVE('',#7264,#7435,#7437,.T.);
#7435 = VERTEX_POINT('',#7436);
#7436 = CARTESIAN_POINT('',(0.22,-0.3,0.79));
#7437 = LINE('',#7438,#7439);
#7438 = CARTESIAN_POINT('',(0.22,-0.3,0.96));
#7439 = VECTOR('',#7440,1.);
#7440 = DIRECTION('',(0.,0.,-1.));
#7441 = ORIENTED_EDGE('',*,*,#7263,.T.);
#7442 = ORIENTED_EDGE('',*,*,#7410,.T.);
#7443 = ORIENTED_EDGE('',*,*,#7444,.F.);
#7444 = EDGE_CURVE('',#7435,#7411,#7445,.T.);
#7445 = LINE('',#7446,#7447);
#7446 = CARTESIAN_POINT('',(0.22,-0.3,0.79));
#7447 = VECTOR('',#7448,1.);
#7448 = DIRECTION('',(0.,-1.,0.));
#7449 = PLANE('',#7450);
#7450 = AXIS2_PLACEMENT_3D('',#7451,#7452,#7453);
#7451 = CARTESIAN_POINT('',(0.22,-0.3,0.96));
#7452 = DIRECTION('',(-1.,0.,0.));
#7453 = DIRECTION('',(0.,-1.,0.));
#7454 = ADVANCED_FACE('',(#7455),#7482,.F.);
#7455 = FACE_BOUND('',#7456,.T.);
#7456 = EDGE_LOOP('',(#7457,#7465,#7466,#7467,#7468,#7476));
#7457 = ORIENTED_EDGE('',*,*,#7458,.F.);
#7458 = EDGE_CURVE('',#6661,#7459,#7461,.T.);
#7459 = VERTEX_POINT('',#7460);
#7460 = CARTESIAN_POINT('',(0.21,-0.27,0.21));
#7461 = LINE('',#7462,#7463);
#7462 = CARTESIAN_POINT('',(0.12,0.,0.21));
#7463 = VECTOR('',#7464,1.);
#7464 = DIRECTION('',(0.316227766017,-0.948683298051,0.));
#7465 = ORIENTED_EDGE('',*,*,#6660,.F.);
#7466 = ORIENTED_EDGE('',*,*,#7271,.T.);
#7467 = ORIENTED_EDGE('',*,*,#7434,.T.);
#7468 = ORIENTED_EDGE('',*,*,#7469,.T.);
#7469 = EDGE_CURVE('',#7435,#7470,#7472,.T.);
#7470 = VERTEX_POINT('',#7471);
#7471 = CARTESIAN_POINT('',(0.21,-0.27,0.79));
#7472 = LINE('',#7473,#7474);
#7473 = CARTESIAN_POINT('',(0.22,-0.3,0.79));
#7474 = VECTOR('',#7475,1.);
#7475 = DIRECTION('',(-0.316227766017,0.94868329805,0.));
#7476 = ORIENTED_EDGE('',*,*,#7477,.F.);
#7477 = EDGE_CURVE('',#7459,#7470,#7478,.T.);
#7478 = LINE('',#7479,#7480);
#7479 = CARTESIAN_POINT('',(0.21,-0.27,0.21));
#7480 = VECTOR('',#7481,1.);
#7481 = DIRECTION('',(0.,0.,1.));
#7482 = PLANE('',#7483);
#7483 = AXIS2_PLACEMENT_3D('',#7484,#7485,#7486);
#7484 = CARTESIAN_POINT('',(0.12,0.,0.96));
#7485 = DIRECTION('',(-0.948683298051,-0.316227766017,0.));
#7486 = DIRECTION('',(0.316227766017,-0.948683298051,0.));
#7487 = ADVANCED_FACE('',(#7488),#7503,.F.);
#7488 = FACE_BOUND('',#7489,.T.);
#7489 = EDGE_LOOP('',(#7490,#7491,#7492,#7493,#7494,#7495,#7496,#7502));
#7490 = ORIENTED_EDGE('',*,*,#7184,.T.);
#7491 = ORIENTED_EDGE('',*,*,#7161,.T.);
#7492 = ORIENTED_EDGE('',*,*,#7130,.T.);
#7493 = ORIENTED_EDGE('',*,*,#7099,.T.);
#7494 = ORIENTED_EDGE('',*,*,#7068,.T.);
#7495 = ORIENTED_EDGE('',*,*,#7011,.T.);
#7496 = ORIENTED_EDGE('',*,*,#7497,.F.);
#7497 = EDGE_CURVE('',#7207,#7004,#7498,.T.);
#7498 = LINE('',#7499,#7500);
#7499 = CARTESIAN_POINT('',(4.2,-1.7,0.79));
#7500 = VECTOR('',#7501,1.);
#7501 = DIRECTION('',(1.,0.,0.));
#7502 = ORIENTED_EDGE('',*,*,#7206,.T.);
#7503 = PLANE('',#7504);
#7504 = AXIS2_PLACEMENT_3D('',#7505,#7506,#7507);
#7505 = CARTESIAN_POINT('',(0.21,0.,0.79));
#7506 = DIRECTION('',(0.,0.,1.));
#7507 = DIRECTION('',(1.,0.,-0.));
#7508 = ADVANCED_FACE('',(#7509),#7531,.F.);
#7509 = FACE_BOUND('',#7510,.T.);
#7510 = EDGE_LOOP('',(#7511,#7512,#7513,#7514,#7515,#7516,#7524,#7530));
#7511 = ORIENTED_EDGE('',*,*,#7444,.T.);
#7512 = ORIENTED_EDGE('',*,*,#7420,.T.);
#7513 = ORIENTED_EDGE('',*,*,#7396,.T.);
#7514 = ORIENTED_EDGE('',*,*,#7362,.T.);
#7515 = ORIENTED_EDGE('',*,*,#7339,.T.);
#7516 = ORIENTED_EDGE('',*,*,#7517,.F.);
#7517 = EDGE_CURVE('',#7518,#7332,#7520,.T.);
#7518 = VERTEX_POINT('',#7519);
#7519 = CARTESIAN_POINT('',(0.21,-1.7,0.79));
#7520 = LINE('',#7521,#7522);
#7521 = CARTESIAN_POINT('',(0.21,-1.7,0.79));
#7522 = VECTOR('',#7523,1.);
#7523 = DIRECTION('',(1.,0.,0.));
#7524 = ORIENTED_EDGE('',*,*,#7525,.F.);
#7525 = EDGE_CURVE('',#7470,#7518,#7526,.T.);
#7526 = LINE('',#7527,#7528);
#7527 = CARTESIAN_POINT('',(0.21,-0.27,0.79));
#7528 = VECTOR('',#7529,1.);
#7529 = DIRECTION('',(0.,-1.,0.));
#7530 = ORIENTED_EDGE('',*,*,#7469,.F.);
#7531 = PLANE('',#7532);
#7532 = AXIS2_PLACEMENT_3D('',#7533,#7534,#7535);
#7533 = CARTESIAN_POINT('',(0.21,0.,0.79));
#7534 = DIRECTION('',(0.,0.,1.));
#7535 = DIRECTION('',(1.,0.,-0.));
#7536 = ADVANCED_FACE('',(#7537),#7597,.F.);
#7537 = FACE_BOUND('',#7538,.T.);
#7538 = EDGE_LOOP('',(#7539,#7550,#7558,#7565,#7566,#7567,#7573,#7574,
    #7575,#7583,#7591));
#7539 = ORIENTED_EDGE('',*,*,#7540,.F.);
#7540 = EDGE_CURVE('',#7541,#7543,#7545,.T.);
#7541 = VERTEX_POINT('',#7542);
#7542 = CARTESIAN_POINT('',(0.21,-1.13522961568,0.323765333686));
#7543 = VERTEX_POINT('',#7544);
#7544 = CARTESIAN_POINT('',(0.21,-1.036234666314,0.224770384319));
#7545 = CIRCLE('',#7546,0.14);
#7546 = AXIS2_PLACEMENT_3D('',#7547,#7548,#7549);
#7547 = CARTESIAN_POINT('',(0.21,-1.,0.36));
#7548 = DIRECTION('',(1.,0.,0.));
#7549 = DIRECTION('',(0.,-0.965925826289,-0.258819045102));
#7550 = ORIENTED_EDGE('',*,*,#7551,.F.);
#7551 = EDGE_CURVE('',#7552,#7541,#7554,.T.);
#7552 = VERTEX_POINT('',#7553);
#7553 = CARTESIAN_POINT('',(0.21,-1.160189220493,0.416915846983));
#7554 = LINE('',#7555,#7556);
#7555 = CARTESIAN_POINT('',(0.21,-1.160189220493,0.416915846983));
#7556 = VECTOR('',#7557,1.);
#7557 = DIRECTION('',(0.,0.258819045102,-0.965925826289));
#7558 = ORIENTED_EDGE('',*,*,#7559,.F.);
#7559 = EDGE_CURVE('',#1111,#7552,#7560,.T.);
#7560 = CIRCLE('',#7561,0.17);
#7561 = AXIS2_PLACEMENT_3D('',#7562,#7563,#7564);
#7562 = CARTESIAN_POINT('',(0.21,-1.,0.36));
#7563 = DIRECTION('',(1.,0.,0.));
#7564 = DIRECTION('',(0.,0.996194698092,-8.715574274766E-02));
#7565 = ORIENTED_EDGE('',*,*,#1110,.F.);
#7566 = ORIENTED_EDGE('',*,*,#1142,.F.);
#7567 = ORIENTED_EDGE('',*,*,#7568,.F.);
#7568 = EDGE_CURVE('',#7459,#1133,#7569,.T.);
#7569 = LINE('',#7570,#7571);
#7570 = CARTESIAN_POINT('',(0.21,-0.27,0.21));
#7571 = VECTOR('',#7572,1.);
#7572 = DIRECTION('',(0.,-1.,0.));
#7573 = ORIENTED_EDGE('',*,*,#7477,.T.);
#7574 = ORIENTED_EDGE('',*,*,#7525,.T.);
#7575 = ORIENTED_EDGE('',*,*,#7576,.F.);
#7576 = EDGE_CURVE('',#7577,#7518,#7579,.T.);
#7577 = VERTEX_POINT('',#7578);
#7578 = CARTESIAN_POINT('',(0.21,-1.7,0.21));
#7579 = LINE('',#7580,#7581);
#7580 = CARTESIAN_POINT('',(0.21,-1.7,0.21));
#7581 = VECTOR('',#7582,1.);
#7582 = DIRECTION('',(0.,0.,1.));
#7583 = ORIENTED_EDGE('',*,*,#7584,.F.);
#7584 = EDGE_CURVE('',#7585,#7577,#7587,.T.);
#7585 = VERTEX_POINT('',#7586);
#7586 = CARTESIAN_POINT('',(0.21,-0.981110841587,0.21));
#7587 = LINE('',#7588,#7589);
#7588 = CARTESIAN_POINT('',(0.21,-0.981110841587,0.21));
#7589 = VECTOR('',#7590,1.);
#7590 = DIRECTION('',(0.,-1.,0.));
#7591 = ORIENTED_EDGE('',*,*,#7592,.F.);
#7592 = EDGE_CURVE('',#7543,#7585,#7593,.T.);
#7593 = LINE('',#7594,#7595);
#7594 = CARTESIAN_POINT('',(0.21,-1.036234666314,0.224770384319));
#7595 = VECTOR('',#7596,1.);
#7596 = DIRECTION('',(0.,0.965925826289,-0.258819045102));
#7597 = PLANE('',#7598);
#7598 = AXIS2_PLACEMENT_3D('',#7599,#7600,#7601);
#7599 = CARTESIAN_POINT('',(0.21,0.,0.21));
#7600 = DIRECTION('',(-1.,0.,0.));
#7601 = DIRECTION('',(0.,0.,1.));
#7602 = ADVANCED_FACE('',(#7603),#7628,.F.);
#7603 = FACE_BOUND('',#7604,.T.);
#7604 = EDGE_LOOP('',(#7605,#7613,#7614,#7622));
#7605 = ORIENTED_EDGE('',*,*,#7606,.T.);
#7606 = EDGE_CURVE('',#7607,#7543,#7609,.T.);
#7607 = VERTEX_POINT('',#7608);
#7608 = CARTESIAN_POINT('',(0.55,-1.036234666314,0.224770384319));
#7609 = LINE('',#7610,#7611);
#7610 = CARTESIAN_POINT('',(0.55,-1.036234666314,0.224770384319));
#7611 = VECTOR('',#7612,1.);
#7612 = DIRECTION('',(-1.,0.,0.));
#7613 = ORIENTED_EDGE('',*,*,#7592,.T.);
#7614 = ORIENTED_EDGE('',*,*,#7615,.F.);
#7615 = EDGE_CURVE('',#7616,#7585,#7618,.T.);
#7616 = VERTEX_POINT('',#7617);
#7617 = CARTESIAN_POINT('',(0.55,-0.981110841587,0.21));
#7618 = LINE('',#7619,#7620);
#7619 = CARTESIAN_POINT('',(0.55,-0.981110841587,0.21));
#7620 = VECTOR('',#7621,1.);
#7621 = DIRECTION('',(-1.,0.,0.));
#7622 = ORIENTED_EDGE('',*,*,#7623,.F.);
#7623 = EDGE_CURVE('',#7607,#7616,#7624,.T.);
#7624 = LINE('',#7625,#7626);
#7625 = CARTESIAN_POINT('',(0.55,-1.036234666314,0.224770384319));
#7626 = VECTOR('',#7627,1.);
#7627 = DIRECTION('',(0.,0.965925826289,-0.258819045102));
#7628 = PLANE('',#7629);
#7629 = AXIS2_PLACEMENT_3D('',#7630,#7631,#7632);
#7630 = CARTESIAN_POINT('',(0.55,-1.036234666314,0.224770384319));
#7631 = DIRECTION('',(0.,0.258819045102,0.965925826289));
#7632 = DIRECTION('',(0.,0.965925826289,-0.258819045102));
#7633 = ADVANCED_FACE('',(#7634),#7670,.T.);
#7634 = FACE_BOUND('',#7635,.T.);
#7635 = EDGE_LOOP('',(#7636,#7646,#7655,#7661,#7662,#7663));
#7636 = ORIENTED_EDGE('',*,*,#7637,.F.);
#7637 = EDGE_CURVE('',#7638,#7640,#7642,.T.);
#7638 = VERTEX_POINT('',#7639);
#7639 = CARTESIAN_POINT('',(0.5,-1.126877718962,0.300821926096));
#7640 = VERTEX_POINT('',#7641);
#7641 = CARTESIAN_POINT('',(0.55,-1.126877718962,0.300821926096));
#7642 = LINE('',#7643,#7644);
#7643 = CARTESIAN_POINT('',(0.5,-1.126877718962,0.300821926096));
#7644 = VECTOR('',#7645,1.);
#7645 = DIRECTION('',(1.,0.,0.));
#7646 = ORIENTED_EDGE('',*,*,#7647,.F.);
#7647 = EDGE_CURVE('',#7648,#7638,#7650,.T.);
#7648 = VERTEX_POINT('',#7649);
#7649 = CARTESIAN_POINT('',(0.5,-1.13522961568,0.323765333686));
#7650 = CIRCLE('',#7651,0.14);
#7651 = AXIS2_PLACEMENT_3D('',#7652,#7653,#7654);
#7652 = CARTESIAN_POINT('',(0.5,-1.,0.36));
#7653 = DIRECTION('',(1.,0.,0.));
#7654 = DIRECTION('',(0.,-0.965925826289,-0.258819045102));
#7655 = ORIENTED_EDGE('',*,*,#7656,.T.);
#7656 = EDGE_CURVE('',#7648,#7541,#7657,.T.);
#7657 = LINE('',#7658,#7659);
#7658 = CARTESIAN_POINT('',(0.5,-1.13522961568,0.323765333686));
#7659 = VECTOR('',#7660,1.);
#7660 = DIRECTION('',(-1.,0.,0.));
#7661 = ORIENTED_EDGE('',*,*,#7540,.T.);
#7662 = ORIENTED_EDGE('',*,*,#7606,.F.);
#7663 = ORIENTED_EDGE('',*,*,#7664,.F.);
#7664 = EDGE_CURVE('',#7640,#7607,#7665,.T.);
#7665 = CIRCLE('',#7666,0.14);
#7666 = AXIS2_PLACEMENT_3D('',#7667,#7668,#7669);
#7667 = CARTESIAN_POINT('',(0.55,-1.,0.36));
#7668 = DIRECTION('',(1.,0.,0.));
#7669 = DIRECTION('',(0.,-0.906269421159,-0.422700527882));
#7670 = CYLINDRICAL_SURFACE('',#7671,0.14);
#7671 = AXIS2_PLACEMENT_3D('',#7672,#7673,#7674);
#7672 = CARTESIAN_POINT('',(0.55,-1.,0.36));
#7673 = DIRECTION('',(1.,0.,0.));
#7674 = DIRECTION('',(-0.,1.,0.));
#7675 = ADVANCED_FACE('',(#7676),#7694,.F.);
#7676 = FACE_BOUND('',#7677,.T.);
#7677 = EDGE_LOOP('',(#7678,#7679,#7680,#7688));
#7678 = ORIENTED_EDGE('',*,*,#7551,.T.);
#7679 = ORIENTED_EDGE('',*,*,#7656,.F.);
#7680 = ORIENTED_EDGE('',*,*,#7681,.F.);
#7681 = EDGE_CURVE('',#7682,#7648,#7684,.T.);
#7682 = VERTEX_POINT('',#7683);
#7683 = CARTESIAN_POINT('',(0.5,-1.160189220493,0.416915846983));
#7684 = LINE('',#7685,#7686);
#7685 = CARTESIAN_POINT('',(0.5,-1.160189220493,0.416915846983));
#7686 = VECTOR('',#7687,1.);
#7687 = DIRECTION('',(0.,0.258819045102,-0.965925826289));
#7688 = ORIENTED_EDGE('',*,*,#7689,.T.);
#7689 = EDGE_CURVE('',#7682,#7552,#7690,.T.);
#7690 = LINE('',#7691,#7692);
#7691 = CARTESIAN_POINT('',(0.5,-1.160189220493,0.416915846983));
#7692 = VECTOR('',#7693,1.);
#7693 = DIRECTION('',(-1.,0.,0.));
#7694 = PLANE('',#7695);
#7695 = AXIS2_PLACEMENT_3D('',#7696,#7697,#7698);
#7696 = CARTESIAN_POINT('',(0.55,-1.160189220493,0.416915846983));
#7697 = DIRECTION('',(0.,0.965925826289,0.258819045102));
#7698 = DIRECTION('',(0.,0.258819045102,-0.965925826289));
#7699 = ADVANCED_FACE('',(#7700),#7729,.T.);
#7700 = FACE_BOUND('',#7701,.T.);
#7701 = EDGE_LOOP('',(#7702,#7703,#7704,#7705,#7714,#7722));
#7702 = ORIENTED_EDGE('',*,*,#1118,.T.);
#7703 = ORIENTED_EDGE('',*,*,#7559,.T.);
#7704 = ORIENTED_EDGE('',*,*,#7689,.F.);
#7705 = ORIENTED_EDGE('',*,*,#7706,.F.);
#7706 = EDGE_CURVE('',#7707,#7682,#7709,.T.);
#7707 = VERTEX_POINT('',#7708);
#7708 = CARTESIAN_POINT('',(0.5,-0.897772697195,0.495829225725));
#7709 = CIRCLE('',#7710,0.17);
#7710 = AXIS2_PLACEMENT_3D('',#7711,#7712,#7713);
#7711 = CARTESIAN_POINT('',(0.5,-1.,0.36));
#7712 = DIRECTION('',(1.,0.,0.));
#7713 = DIRECTION('',(-0.,0.601337075326,0.798995445443));
#7714 = ORIENTED_EDGE('',*,*,#7715,.T.);
#7715 = EDGE_CURVE('',#7707,#7716,#7718,.T.);
#7716 = VERTEX_POINT('',#7717);
#7717 = CARTESIAN_POINT('',(0.55,-0.897772697195,0.495829225725));
#7718 = LINE('',#7719,#7720);
#7719 = CARTESIAN_POINT('',(0.5,-0.897772697195,0.495829225725));
#7720 = VECTOR('',#7721,1.);
#7721 = DIRECTION('',(1.,0.,0.));
#7722 = ORIENTED_EDGE('',*,*,#7723,.F.);
#7723 = EDGE_CURVE('',#1095,#7716,#7724,.T.);
#7724 = CIRCLE('',#7725,0.17);
#7725 = AXIS2_PLACEMENT_3D('',#7726,#7727,#7728);
#7726 = CARTESIAN_POINT('',(0.55,-1.,0.36));
#7727 = DIRECTION('',(1.,0.,0.));
#7728 = DIRECTION('',(0.,0.996194698092,-8.715574274766E-02));
#7729 = CYLINDRICAL_SURFACE('',#7730,0.17);
#7730 = AXIS2_PLACEMENT_3D('',#7731,#7732,#7733);
#7731 = CARTESIAN_POINT('',(0.55,-1.,0.36));
#7732 = DIRECTION('',(1.,0.,0.));
#7733 = DIRECTION('',(-0.,1.,0.));
#7734 = ADVANCED_FACE('',(#7735),#7761,.T.);
#7735 = FACE_BOUND('',#7736,.T.);
#7736 = EDGE_LOOP('',(#7737,#7743,#7744,#7750,#7751,#7752,#7758,#7759,
    #7760));
#7737 = ORIENTED_EDGE('',*,*,#7738,.F.);
#7738 = EDGE_CURVE('',#6684,#7716,#7739,.T.);
#7739 = LINE('',#7740,#7741);
#7740 = CARTESIAN_POINT('',(0.55,-0.910342477172,0.352155983153));
#7741 = VECTOR('',#7742,1.);
#7742 = DIRECTION('',(0.,8.715574274766E-02,0.996194698092));
#7743 = ORIENTED_EDGE('',*,*,#6710,.F.);
#7744 = ORIENTED_EDGE('',*,*,#7745,.T.);
#7745 = EDGE_CURVE('',#6703,#7640,#7746,.T.);
#7746 = LINE('',#7747,#7748);
#7747 = CARTESIAN_POINT('',(0.55,-1.023293714059,0.273066675634));
#7748 = VECTOR('',#7749,1.);
#7749 = DIRECTION('',(0.,-0.965925826289,0.258819045102));
#7750 = ORIENTED_EDGE('',*,*,#7664,.T.);
#7751 = ORIENTED_EDGE('',*,*,#7623,.T.);
#7752 = ORIENTED_EDGE('',*,*,#7753,.T.);
#7753 = EDGE_CURVE('',#7616,#1135,#7754,.T.);
#7754 = LINE('',#7755,#7756);
#7755 = CARTESIAN_POINT('',(0.55,-0.981110841587,0.21));
#7756 = VECTOR('',#7757,1.);
#7757 = DIRECTION('',(0.,1.,0.));
#7758 = ORIENTED_EDGE('',*,*,#1150,.T.);
#7759 = ORIENTED_EDGE('',*,*,#1092,.T.);
#7760 = ORIENTED_EDGE('',*,*,#7723,.T.);
#7761 = PLANE('',#7762);
#7762 = AXIS2_PLACEMENT_3D('',#7763,#7764,#7765);
#7763 = CARTESIAN_POINT('',(0.55,-3.6,-4.E-02));
#7764 = DIRECTION('',(1.,0.,0.));
#7765 = DIRECTION('',(-0.,1.,0.));
#7766 = ADVANCED_FACE('',(#7767),#7796,.T.);
#7767 = FACE_BOUND('',#7768,.T.);
#7768 = EDGE_LOOP('',(#7769,#7770,#7771,#7772,#7780,#7788,#7794,#7795));
#7769 = ORIENTED_EDGE('',*,*,#6702,.T.);
#7770 = ORIENTED_EDGE('',*,*,#6945,.T.);
#7771 = ORIENTED_EDGE('',*,*,#6878,.T.);
#7772 = ORIENTED_EDGE('',*,*,#7773,.F.);
#7773 = EDGE_CURVE('',#7774,#6881,#7776,.T.);
#7774 = VERTEX_POINT('',#7775);
#7775 = CARTESIAN_POINT('',(4.2,-1.410104006991,0.376712181249));
#7776 = LINE('',#7777,#7778);
#7777 = CARTESIAN_POINT('',(4.2,-1.410104006991,0.376712181249));
#7778 = VECTOR('',#7779,1.);
#7779 = DIRECTION('',(0.,0.965925826289,-0.258819045102));
#7780 = ORIENTED_EDGE('',*,*,#7781,.F.);
#7781 = EDGE_CURVE('',#7782,#7774,#7784,.T.);
#7782 = VERTEX_POINT('',#7783);
#7783 = CARTESIAN_POINT('',(0.5,-1.410104006991,0.376712181249));
#7784 = LINE('',#7785,#7786);
#7785 = CARTESIAN_POINT('',(0.5,-1.410104006991,0.376712181249));
#7786 = VECTOR('',#7787,1.);
#7787 = DIRECTION('',(1.,0.,0.));
#7788 = ORIENTED_EDGE('',*,*,#7789,.T.);
#7789 = EDGE_CURVE('',#7782,#7638,#7790,.T.);
#7790 = LINE('',#7791,#7792);
#7791 = CARTESIAN_POINT('',(0.5,-1.410104006991,0.376712181249));
#7792 = VECTOR('',#7793,1.);
#7793 = DIRECTION('',(0.,0.965925826289,-0.258819045102));
#7794 = ORIENTED_EDGE('',*,*,#7637,.T.);
#7795 = ORIENTED_EDGE('',*,*,#7745,.F.);
#7796 = PLANE('',#7797);
#7797 = AXIS2_PLACEMENT_3D('',#7798,#7799,#7800);
#7798 = CARTESIAN_POINT('',(0.5,-1.410104006991,0.376712181249));
#7799 = DIRECTION('',(0.,-0.258819045102,-0.965925826289));
#7800 = DIRECTION('',(0.,0.965925826289,-0.258819045102));
#7801 = ADVANCED_FACE('',(#7802),#7836,.F.);
#7802 = FACE_BOUND('',#7803,.T.);
#7803 = EDGE_LOOP('',(#7804,#7814,#7822,#7830));
#7804 = ORIENTED_EDGE('',*,*,#7805,.T.);
#7805 = EDGE_CURVE('',#7806,#7808,#7810,.T.);
#7806 = VERTEX_POINT('',#7807);
#7807 = CARTESIAN_POINT('',(4.2,-1.527951246956,1.209717581387));
#7808 = VERTEX_POINT('',#7809);
#7809 = CARTESIAN_POINT('',(4.1,-1.527951246956,1.209717581387));
#7810 = LINE('',#7811,#7812);
#7811 = CARTESIAN_POINT('',(4.2,-1.527951246956,1.209717581387));
#7812 = VECTOR('',#7813,1.);
#7813 = DIRECTION('',(-1.,0.,0.));
#7814 = ORIENTED_EDGE('',*,*,#7815,.F.);
#7815 = EDGE_CURVE('',#7816,#7808,#7818,.T.);
#7816 = VERTEX_POINT('',#7817);
#7817 = CARTESIAN_POINT('',(4.1,-1.355233845441,1.003880997627));
#7818 = LINE('',#7819,#7820);
#7819 = CARTESIAN_POINT('',(4.1,-1.355233845441,1.003880997627));
#7820 = VECTOR('',#7821,1.);
#7821 = DIRECTION('',(0.,-0.642787609687,0.766044443119));
#7822 = ORIENTED_EDGE('',*,*,#7823,.F.);
#7823 = EDGE_CURVE('',#7824,#7816,#7826,.T.);
#7824 = VERTEX_POINT('',#7825);
#7825 = CARTESIAN_POINT('',(4.2,-1.355233845441,1.003880997627));
#7826 = LINE('',#7827,#7828);
#7827 = CARTESIAN_POINT('',(4.2,-1.355233845441,1.003880997627));
#7828 = VECTOR('',#7829,1.);
#7829 = DIRECTION('',(-1.,0.,0.));
#7830 = ORIENTED_EDGE('',*,*,#7831,.T.);
#7831 = EDGE_CURVE('',#7824,#7806,#7832,.T.);
#7832 = LINE('',#7833,#7834);
#7833 = CARTESIAN_POINT('',(4.2,-1.355233845441,1.003880997627));
#7834 = VECTOR('',#7835,1.);
#7835 = DIRECTION('',(0.,-0.642787609687,0.766044443119));
#7836 = PLANE('',#7837);
#7837 = AXIS2_PLACEMENT_3D('',#7838,#7839,#7840);
#7838 = CARTESIAN_POINT('',(4.2,-1.355233845441,1.003880997627));
#7839 = DIRECTION('',(0.,0.766044443119,0.642787609687));
#7840 = DIRECTION('',(0.,-0.642787609687,0.766044443119));
#7841 = ADVANCED_FACE('',(#7842),#7883,.T.);
#7842 = FACE_BOUND('',#7843,.T.);
#7843 = EDGE_LOOP('',(#7844,#7854,#7862,#7870,#7876,#7877));
#7844 = ORIENTED_EDGE('',*,*,#7845,.T.);
#7845 = EDGE_CURVE('',#7846,#7848,#7850,.T.);
#7846 = VERTEX_POINT('',#7847);
#7847 = CARTESIAN_POINT('',(4.1,-1.551524275199,0.940276635637));
#7848 = VERTEX_POINT('',#7849);
#7849 = CARTESIAN_POINT('',(4.1,-1.424755563599,0.668192652721));
#7850 = LINE('',#7851,#7852);
#7851 = CARTESIAN_POINT('',(4.1,-1.551524275199,0.940276635637));
#7852 = VECTOR('',#7853,1.);
#7853 = DIRECTION('',(0.,0.422327810574,-0.906443169987));
#7854 = ORIENTED_EDGE('',*,*,#7855,.T.);
#7855 = EDGE_CURVE('',#7848,#7856,#7858,.T.);
#7856 = VERTEX_POINT('',#7857);
#7857 = CARTESIAN_POINT('',(4.1,-1.431728023019,0.588497076874));
#7858 = LINE('',#7859,#7860);
#7859 = CARTESIAN_POINT('',(4.1,-1.424755563599,0.668192652721));
#7860 = VECTOR('',#7861,1.);
#7861 = DIRECTION('',(0.,-8.715574274766E-02,-0.996194698092));
#7862 = ORIENTED_EDGE('',*,*,#7863,.T.);
#7863 = EDGE_CURVE('',#7856,#7864,#7866,.T.);
#7864 = VERTEX_POINT('',#7865);
#7865 = CARTESIAN_POINT('',(4.1,-1.397030645579,0.526141385963));
#7866 = LINE('',#7867,#7868);
#7867 = CARTESIAN_POINT('',(4.1,-1.431728023019,0.588497076874));
#7868 = VECTOR('',#7869,1.);
#7869 = DIRECTION('',(0.,0.486235288574,-0.873827925936));
#7870 = ORIENTED_EDGE('',*,*,#7871,.T.);
#7871 = EDGE_CURVE('',#7864,#7816,#7872,.T.);
#7872 = LINE('',#7873,#7874);
#7873 = CARTESIAN_POINT('',(4.1,-1.397030645579,0.526141385963));
#7874 = VECTOR('',#7875,1.);
#7875 = DIRECTION('',(0.,8.715574274766E-02,0.996194698092));
#7876 = ORIENTED_EDGE('',*,*,#7815,.T.);
#7877 = ORIENTED_EDGE('',*,*,#7878,.F.);
#7878 = EDGE_CURVE('',#7846,#7808,#7879,.T.);
#7879 = LINE('',#7880,#7881);
#7880 = CARTESIAN_POINT('',(4.1,-1.551524275199,0.940276635637));
#7881 = VECTOR('',#7882,1.);
#7882 = DIRECTION('',(0.,8.715574274766E-02,0.996194698092));
#7883 = PLANE('',#7884);
#7884 = AXIS2_PLACEMENT_3D('',#7885,#7886,#7887);
#7885 = CARTESIAN_POINT('',(4.1,-3.6,-4.E-02));
#7886 = DIRECTION('',(1.,0.,0.));
#7887 = DIRECTION('',(-0.,1.,0.));
#7888 = ADVANCED_FACE('',(#7889),#7923,.F.);
#7889 = FACE_BOUND('',#7890,.T.);
#7890 = EDGE_LOOP('',(#7891,#7901,#7909,#7917));
#7891 = ORIENTED_EDGE('',*,*,#7892,.F.);
#7892 = EDGE_CURVE('',#7893,#7895,#7897,.T.);
#7893 = VERTEX_POINT('',#7894);
#7894 = CARTESIAN_POINT('',(0.81,-1.448773098181,0.997886479447));
#7895 = VERTEX_POINT('',#7896);
#7896 = CARTESIAN_POINT('',(0.81,-1.533625911923,1.144855864014));
#7897 = LINE('',#7898,#7899);
#7898 = CARTESIAN_POINT('',(0.81,-1.448773098181,0.997886479447));
#7899 = VECTOR('',#7900,1.);
#7900 = DIRECTION('',(0.,-0.5,0.866025403784));
#7901 = ORIENTED_EDGE('',*,*,#7902,.F.);
#7902 = EDGE_CURVE('',#7903,#7893,#7905,.T.);
#7903 = VERTEX_POINT('',#7904);
#7904 = CARTESIAN_POINT('',(3.89,-1.448773098181,0.997886479447));
#7905 = LINE('',#7906,#7907);
#7906 = CARTESIAN_POINT('',(3.89,-1.448773098181,0.997886479447));
#7907 = VECTOR('',#7908,1.);
#7908 = DIRECTION('',(-1.,0.,0.));
#7909 = ORIENTED_EDGE('',*,*,#7910,.T.);
#7910 = EDGE_CURVE('',#7903,#7911,#7913,.T.);
#7911 = VERTEX_POINT('',#7912);
#7912 = CARTESIAN_POINT('',(3.89,-1.533625911923,1.144855864014));
#7913 = LINE('',#7914,#7915);
#7914 = CARTESIAN_POINT('',(3.89,-1.448773098181,0.997886479447));
#7915 = VECTOR('',#7916,1.);
#7916 = DIRECTION('',(0.,-0.5,0.866025403784));
#7917 = ORIENTED_EDGE('',*,*,#7918,.F.);
#7918 = EDGE_CURVE('',#7895,#7911,#7919,.T.);
#7919 = LINE('',#7920,#7921);
#7920 = CARTESIAN_POINT('',(0.81,-1.533625911923,1.144855864014));
#7921 = VECTOR('',#7922,1.);
#7922 = DIRECTION('',(1.,0.,0.));
#7923 = PLANE('',#7924);
#7924 = AXIS2_PLACEMENT_3D('',#7925,#7926,#7927);
#7925 = CARTESIAN_POINT('',(0.81,-1.448773098181,0.997886479447));
#7926 = DIRECTION('',(0.,0.866025403784,0.5));
#7927 = DIRECTION('',(0.,-0.5,0.866025403784));
#7928 = ADVANCED_FACE('',(#7929),#7954,.F.);
#7929 = FACE_BOUND('',#7930,.T.);
#7930 = EDGE_LOOP('',(#7931,#7941,#7947,#7948));
#7931 = ORIENTED_EDGE('',*,*,#7932,.F.);
#7932 = EDGE_CURVE('',#7933,#7935,#7937,.T.);
#7933 = VERTEX_POINT('',#7934);
#7934 = CARTESIAN_POINT('',(3.89,-1.357888853258,0.973534119416));
#7935 = VERTEX_POINT('',#7936);
#7936 = CARTESIAN_POINT('',(0.81,-1.357888853258,0.973534119416));
#7937 = LINE('',#7938,#7939);
#7938 = CARTESIAN_POINT('',(3.89,-1.357888853258,0.973534119416));
#7939 = VECTOR('',#7940,1.);
#7940 = DIRECTION('',(-1.,0.,0.));
#7941 = ORIENTED_EDGE('',*,*,#7942,.F.);
#7942 = EDGE_CURVE('',#7903,#7933,#7943,.T.);
#7943 = LINE('',#7944,#7945);
#7944 = CARTESIAN_POINT('',(3.89,-1.448773098181,0.997886479447));
#7945 = VECTOR('',#7946,1.);
#7946 = DIRECTION('',(0.,0.965925826289,-0.258819045102));
#7947 = ORIENTED_EDGE('',*,*,#7902,.T.);
#7948 = ORIENTED_EDGE('',*,*,#7949,.T.);
#7949 = EDGE_CURVE('',#7893,#7935,#7950,.T.);
#7950 = LINE('',#7951,#7952);
#7951 = CARTESIAN_POINT('',(0.81,-1.448773098181,0.997886479447));
#7952 = VECTOR('',#7953,1.);
#7953 = DIRECTION('',(0.,0.965925826289,-0.258819045102));
#7954 = PLANE('',#7955);
#7955 = AXIS2_PLACEMENT_3D('',#7956,#7957,#7958);
#7956 = CARTESIAN_POINT('',(0.81,-1.357888853258,0.973534119416));
#7957 = DIRECTION('',(0.,0.258819045102,0.965925826289));
#7958 = DIRECTION('',(0.,-0.965925826289,0.258819045102));
#7959 = ADVANCED_FACE('',(#7960),#8002,.F.);
#7960 = FACE_BOUND('',#7961,.T.);
#7961 = EDGE_LOOP('',(#7962,#7970,#7971,#7972,#7980,#7988,#7996));
#7962 = ORIENTED_EDGE('',*,*,#7963,.T.);
#7963 = EDGE_CURVE('',#7964,#7911,#7966,.T.);
#7964 = VERTEX_POINT('',#7965);
#7965 = CARTESIAN_POINT('',(3.89,-1.551524275199,0.940276635637));
#7966 = LINE('',#7967,#7968);
#7967 = CARTESIAN_POINT('',(3.89,-1.551524275199,0.940276635637));
#7968 = VECTOR('',#7969,1.);
#7969 = DIRECTION('',(0.,8.715574274766E-02,0.996194698092));
#7970 = ORIENTED_EDGE('',*,*,#7910,.F.);
#7971 = ORIENTED_EDGE('',*,*,#7942,.T.);
#7972 = ORIENTED_EDGE('',*,*,#7973,.F.);
#7973 = EDGE_CURVE('',#7974,#7933,#7976,.T.);
#7974 = VERTEX_POINT('',#7975);
#7975 = CARTESIAN_POINT('',(3.89,-1.397030645579,0.526141385963));
#7976 = LINE('',#7977,#7978);
#7977 = CARTESIAN_POINT('',(3.89,-1.397030645579,0.526141385963));
#7978 = VECTOR('',#7979,1.);
#7979 = DIRECTION('',(0.,8.715574274766E-02,0.996194698092));
#7980 = ORIENTED_EDGE('',*,*,#7981,.F.);
#7981 = EDGE_CURVE('',#7982,#7974,#7984,.T.);
#7982 = VERTEX_POINT('',#7983);
#7983 = CARTESIAN_POINT('',(3.89,-1.431728023019,0.588497076874));
#7984 = LINE('',#7985,#7986);
#7985 = CARTESIAN_POINT('',(3.89,-1.431728023019,0.588497076874));
#7986 = VECTOR('',#7987,1.);
#7987 = DIRECTION('',(0.,0.486235288574,-0.873827925936));
#7988 = ORIENTED_EDGE('',*,*,#7989,.F.);
#7989 = EDGE_CURVE('',#7990,#7982,#7992,.T.);
#7990 = VERTEX_POINT('',#7991);
#7991 = CARTESIAN_POINT('',(3.89,-1.424755563599,0.668192652721));
#7992 = LINE('',#7993,#7994);
#7993 = CARTESIAN_POINT('',(3.89,-1.424755563599,0.668192652721));
#7994 = VECTOR('',#7995,1.);
#7995 = DIRECTION('',(0.,-8.715574274766E-02,-0.996194698092));
#7996 = ORIENTED_EDGE('',*,*,#7997,.F.);
#7997 = EDGE_CURVE('',#7964,#7990,#7998,.T.);
#7998 = LINE('',#7999,#8000);
#7999 = CARTESIAN_POINT('',(3.89,-1.551524275199,0.940276635637));
#8000 = VECTOR('',#8001,1.);
#8001 = DIRECTION('',(0.,0.422327810574,-0.906443169987));
#8002 = PLANE('',#8003);
#8003 = AXIS2_PLACEMENT_3D('',#8004,#8005,#8006);
#8004 = CARTESIAN_POINT('',(3.89,-3.6,-4.E-02));
#8005 = DIRECTION('',(1.,0.,0.));
#8006 = DIRECTION('',(-0.,1.,0.));
#8007 = ADVANCED_FACE('',(#8008),#8024,.T.);
#8008 = FACE_BOUND('',#8009,.T.);
#8009 = EDGE_LOOP('',(#8010,#8016,#8017,#8023));
#8010 = ORIENTED_EDGE('',*,*,#8011,.T.);
#8011 = EDGE_CURVE('',#7982,#7856,#8012,.T.);
#8012 = LINE('',#8013,#8014);
#8013 = CARTESIAN_POINT('',(3.89,-1.431728023019,0.588497076874));
#8014 = VECTOR('',#8015,1.);
#8015 = DIRECTION('',(1.,0.,0.));
#8016 = ORIENTED_EDGE('',*,*,#7855,.F.);
#8017 = ORIENTED_EDGE('',*,*,#8018,.F.);
#8018 = EDGE_CURVE('',#7990,#7848,#8019,.T.);
#8019 = LINE('',#8020,#8021);
#8020 = CARTESIAN_POINT('',(3.89,-1.424755563599,0.668192652721));
#8021 = VECTOR('',#8022,1.);
#8022 = DIRECTION('',(1.,0.,0.));
#8023 = ORIENTED_EDGE('',*,*,#7989,.T.);
#8024 = PLANE('',#8025);
#8025 = AXIS2_PLACEMENT_3D('',#8026,#8027,#8028);
#8026 = CARTESIAN_POINT('',(0.5,-1.424755563599,0.668192652721));
#8027 = DIRECTION('',(0.,-0.996194698092,8.715574274766E-02));
#8028 = DIRECTION('',(0.,-8.715574274766E-02,-0.996194698092));
#8029 = ADVANCED_FACE('',(#8030),#8064,.T.);
#8030 = FACE_BOUND('',#8031,.T.);
#8031 = EDGE_LOOP('',(#8032,#8042,#8050,#8058));
#8032 = ORIENTED_EDGE('',*,*,#8033,.F.);
#8033 = EDGE_CURVE('',#8034,#8036,#8038,.T.);
#8034 = VERTEX_POINT('',#8035);
#8035 = CARTESIAN_POINT('',(0.6,-1.424755563599,0.668192652721));
#8036 = VERTEX_POINT('',#8037);
#8037 = CARTESIAN_POINT('',(0.81,-1.424755563599,0.668192652721));
#8038 = LINE('',#8039,#8040);
#8039 = CARTESIAN_POINT('',(0.6,-1.424755563599,0.668192652721));
#8040 = VECTOR('',#8041,1.);
#8041 = DIRECTION('',(1.,0.,0.));
#8042 = ORIENTED_EDGE('',*,*,#8043,.T.);
#8043 = EDGE_CURVE('',#8034,#8044,#8046,.T.);
#8044 = VERTEX_POINT('',#8045);
#8045 = CARTESIAN_POINT('',(0.6,-1.431728023019,0.588497076874));
#8046 = LINE('',#8047,#8048);
#8047 = CARTESIAN_POINT('',(0.6,-1.424755563599,0.668192652721));
#8048 = VECTOR('',#8049,1.);
#8049 = DIRECTION('',(0.,-8.715574274766E-02,-0.996194698092));
#8050 = ORIENTED_EDGE('',*,*,#8051,.T.);
#8051 = EDGE_CURVE('',#8044,#8052,#8054,.T.);
#8052 = VERTEX_POINT('',#8053);
#8053 = CARTESIAN_POINT('',(0.81,-1.431728023019,0.588497076874));
#8054 = LINE('',#8055,#8056);
#8055 = CARTESIAN_POINT('',(0.6,-1.431728023019,0.588497076874));
#8056 = VECTOR('',#8057,1.);
#8057 = DIRECTION('',(1.,0.,0.));
#8058 = ORIENTED_EDGE('',*,*,#8059,.F.);
#8059 = EDGE_CURVE('',#8036,#8052,#8060,.T.);
#8060 = LINE('',#8061,#8062);
#8061 = CARTESIAN_POINT('',(0.81,-1.424755563599,0.668192652721));
#8062 = VECTOR('',#8063,1.);
#8063 = DIRECTION('',(0.,-8.715574274766E-02,-0.996194698092));
#8064 = PLANE('',#8065);
#8065 = AXIS2_PLACEMENT_3D('',#8066,#8067,#8068);
#8066 = CARTESIAN_POINT('',(0.5,-1.424755563599,0.668192652721));
#8067 = DIRECTION('',(0.,-0.996194698092,8.715574274766E-02));
#8068 = DIRECTION('',(0.,-8.715574274766E-02,-0.996194698092));
#8069 = ADVANCED_FACE('',(#8070),#8081,.T.);
#8070 = FACE_BOUND('',#8071,.T.);
#8071 = EDGE_LOOP('',(#8072,#8073,#8074,#8080));
#8072 = ORIENTED_EDGE('',*,*,#8018,.T.);
#8073 = ORIENTED_EDGE('',*,*,#7845,.F.);
#8074 = ORIENTED_EDGE('',*,*,#8075,.F.);
#8075 = EDGE_CURVE('',#7964,#7846,#8076,.T.);
#8076 = LINE('',#8077,#8078);
#8077 = CARTESIAN_POINT('',(3.89,-1.551524275199,0.940276635637));
#8078 = VECTOR('',#8079,1.);
#8079 = DIRECTION('',(1.,0.,0.));
#8080 = ORIENTED_EDGE('',*,*,#7997,.T.);
#8081 = PLANE('',#8082);
#8082 = AXIS2_PLACEMENT_3D('',#8083,#8084,#8085);
#8083 = CARTESIAN_POINT('',(0.5,-1.551524275199,0.940276635637));
#8084 = DIRECTION('',(0.,-0.906443169987,-0.422327810574));
#8085 = DIRECTION('',(0.,0.422327810574,-0.906443169987));
#8086 = ADVANCED_FACE('',(#8087),#8112,.T.);
#8087 = FACE_BOUND('',#8088,.T.);
#8088 = EDGE_LOOP('',(#8089,#8099,#8105,#8106));
#8089 = ORIENTED_EDGE('',*,*,#8090,.F.);
#8090 = EDGE_CURVE('',#8091,#8093,#8095,.T.);
#8091 = VERTEX_POINT('',#8092);
#8092 = CARTESIAN_POINT('',(0.6,-1.551524275199,0.940276635637));
#8093 = VERTEX_POINT('',#8094);
#8094 = CARTESIAN_POINT('',(0.81,-1.551524275199,0.940276635637));
#8095 = LINE('',#8096,#8097);
#8096 = CARTESIAN_POINT('',(0.6,-1.551524275199,0.940276635637));
#8097 = VECTOR('',#8098,1.);
#8098 = DIRECTION('',(1.,0.,0.));
#8099 = ORIENTED_EDGE('',*,*,#8100,.T.);
#8100 = EDGE_CURVE('',#8091,#8034,#8101,.T.);
#8101 = LINE('',#8102,#8103);
#8102 = CARTESIAN_POINT('',(0.6,-1.551524275199,0.940276635637));
#8103 = VECTOR('',#8104,1.);
#8104 = DIRECTION('',(0.,0.422327810574,-0.906443169987));
#8105 = ORIENTED_EDGE('',*,*,#8033,.T.);
#8106 = ORIENTED_EDGE('',*,*,#8107,.F.);
#8107 = EDGE_CURVE('',#8093,#8036,#8108,.T.);
#8108 = LINE('',#8109,#8110);
#8109 = CARTESIAN_POINT('',(0.81,-1.551524275199,0.940276635637));
#8110 = VECTOR('',#8111,1.);
#8111 = DIRECTION('',(0.,0.422327810574,-0.906443169987));
#8112 = PLANE('',#8113);
#8113 = AXIS2_PLACEMENT_3D('',#8114,#8115,#8116);
#8114 = CARTESIAN_POINT('',(0.5,-1.551524275199,0.940276635637));
#8115 = DIRECTION('',(0.,-0.906443169987,-0.422327810574));
#8116 = DIRECTION('',(0.,0.422327810574,-0.906443169987));
#8117 = ADVANCED_FACE('',(#8118),#8144,.T.);
#8118 = FACE_BOUND('',#8119,.T.);
#8119 = EDGE_LOOP('',(#8120,#8121,#8129,#8135,#8136,#8137,#8143));
#8120 = ORIENTED_EDGE('',*,*,#8059,.T.);
#8121 = ORIENTED_EDGE('',*,*,#8122,.T.);
#8122 = EDGE_CURVE('',#8052,#8123,#8125,.T.);
#8123 = VERTEX_POINT('',#8124);
#8124 = CARTESIAN_POINT('',(0.81,-1.397030645579,0.526141385963));
#8125 = LINE('',#8126,#8127);
#8126 = CARTESIAN_POINT('',(0.81,-1.431728023019,0.588497076874));
#8127 = VECTOR('',#8128,1.);
#8128 = DIRECTION('',(0.,0.486235288574,-0.873827925936));
#8129 = ORIENTED_EDGE('',*,*,#8130,.T.);
#8130 = EDGE_CURVE('',#8123,#7935,#8131,.T.);
#8131 = LINE('',#8132,#8133);
#8132 = CARTESIAN_POINT('',(0.81,-1.397030645579,0.526141385963));
#8133 = VECTOR('',#8134,1.);
#8134 = DIRECTION('',(0.,8.715574274766E-02,0.996194698092));
#8135 = ORIENTED_EDGE('',*,*,#7949,.F.);
#8136 = ORIENTED_EDGE('',*,*,#7892,.T.);
#8137 = ORIENTED_EDGE('',*,*,#8138,.F.);
#8138 = EDGE_CURVE('',#8093,#7895,#8139,.T.);
#8139 = LINE('',#8140,#8141);
#8140 = CARTESIAN_POINT('',(0.81,-1.551524275199,0.940276635637));
#8141 = VECTOR('',#8142,1.);
#8142 = DIRECTION('',(0.,8.715574274766E-02,0.996194698092));
#8143 = ORIENTED_EDGE('',*,*,#8107,.T.);
#8144 = PLANE('',#8145);
#8145 = AXIS2_PLACEMENT_3D('',#8146,#8147,#8148);
#8146 = CARTESIAN_POINT('',(0.81,-3.6,-4.E-02));
#8147 = DIRECTION('',(1.,0.,0.));
#8148 = DIRECTION('',(-0.,1.,0.));
#8149 = ADVANCED_FACE('',(#8150),#8161,.T.);
#8150 = FACE_BOUND('',#8151,.T.);
#8151 = EDGE_LOOP('',(#8152,#8158,#8159,#8160));
#8152 = ORIENTED_EDGE('',*,*,#8153,.T.);
#8153 = EDGE_CURVE('',#7974,#7864,#8154,.T.);
#8154 = LINE('',#8155,#8156);
#8155 = CARTESIAN_POINT('',(3.89,-1.397030645579,0.526141385963));
#8156 = VECTOR('',#8157,1.);
#8157 = DIRECTION('',(1.,0.,1.00448749847E-14));
#8158 = ORIENTED_EDGE('',*,*,#7863,.F.);
#8159 = ORIENTED_EDGE('',*,*,#8011,.F.);
#8160 = ORIENTED_EDGE('',*,*,#7981,.T.);
#8161 = PLANE('',#8162);
#8162 = AXIS2_PLACEMENT_3D('',#8163,#8164,#8165);
#8163 = CARTESIAN_POINT('',(0.5,-1.431728023019,0.588497076874));
#8164 = DIRECTION('',(0.,-0.873827925936,-0.486235288574));
#8165 = DIRECTION('',(0.,0.486235288574,-0.873827925936));
#8166 = ADVANCED_FACE('',(#8167),#8185,.T.);
#8167 = FACE_BOUND('',#8168,.T.);
#8168 = EDGE_LOOP('',(#8169,#8170,#8178,#8184));
#8169 = ORIENTED_EDGE('',*,*,#8051,.F.);
#8170 = ORIENTED_EDGE('',*,*,#8171,.T.);
#8171 = EDGE_CURVE('',#8044,#8172,#8174,.T.);
#8172 = VERTEX_POINT('',#8173);
#8173 = CARTESIAN_POINT('',(0.6,-1.397030645579,0.526141385963));
#8174 = LINE('',#8175,#8176);
#8175 = CARTESIAN_POINT('',(0.6,-1.431728023019,0.588497076874));
#8176 = VECTOR('',#8177,1.);
#8177 = DIRECTION('',(0.,0.486235288574,-0.873827925936));
#8178 = ORIENTED_EDGE('',*,*,#8179,.T.);
#8179 = EDGE_CURVE('',#8172,#8123,#8180,.T.);
#8180 = LINE('',#8181,#8182);
#8181 = CARTESIAN_POINT('',(0.6,-1.397030645579,0.526141385963));
#8182 = VECTOR('',#8183,1.);
#8183 = DIRECTION('',(1.,0.,-1.00448749847E-14));
#8184 = ORIENTED_EDGE('',*,*,#8122,.F.);
#8185 = PLANE('',#8186);
#8186 = AXIS2_PLACEMENT_3D('',#8187,#8188,#8189);
#8187 = CARTESIAN_POINT('',(0.5,-1.431728023019,0.588497076874));
#8188 = DIRECTION('',(0.,-0.873827925936,-0.486235288574));
#8189 = DIRECTION('',(0.,0.486235288574,-0.873827925936));
#8190 = ADVANCED_FACE('',(#8191,#8207,#8213,#8219,#8225,#8231,#8256),
  #8294,.T.);
#8191 = FACE_BOUND('',#8192,.T.);
#8192 = EDGE_LOOP('',(#8193,#8194,#8200,#8201));
#8193 = ORIENTED_EDGE('',*,*,#825,.T.);
#8194 = ORIENTED_EDGE('',*,*,#8195,.F.);
#8195 = EDGE_CURVE('',#913,#818,#8196,.T.);
#8196 = LINE('',#8197,#8198);
#8197 = CARTESIAN_POINT('',(1.175,-1.385319534335,0.66));
#8198 = VECTOR('',#8199,1.);
#8199 = DIRECTION('',(0.,8.715574274766E-02,0.996194698092));
#8200 = ORIENTED_EDGE('',*,*,#936,.F.);
#8201 = ORIENTED_EDGE('',*,*,#8202,.T.);
#8202 = EDGE_CURVE('',#929,#809,#8203,.T.);
#8203 = LINE('',#8204,#8205);
#8204 = CARTESIAN_POINT('',(1.025,-1.385319534335,0.66));
#8205 = VECTOR('',#8206,1.);
#8206 = DIRECTION('',(0.,8.715574274766E-02,0.996194698092));
#8207 = FACE_BOUND('',#8208,.T.);
#8208 = EDGE_LOOP('',(#8209,#8210,#8211,#8212));
#8209 = ORIENTED_EDGE('',*,*,#2583,.T.);
#8210 = ORIENTED_EDGE('',*,*,#3042,.F.);
#8211 = ORIENTED_EDGE('',*,*,#2481,.F.);
#8212 = ORIENTED_EDGE('',*,*,#3192,.T.);
#8213 = FACE_BOUND('',#8214,.T.);
#8214 = EDGE_LOOP('',(#8215,#8216,#8217,#8218));
#8215 = ORIENTED_EDGE('',*,*,#3470,.T.);
#8216 = ORIENTED_EDGE('',*,*,#3929,.F.);
#8217 = ORIENTED_EDGE('',*,*,#3368,.F.);
#8218 = ORIENTED_EDGE('',*,*,#4079,.T.);
#8219 = FACE_BOUND('',#8220,.T.);
#8220 = EDGE_LOOP('',(#8221,#8222,#8223,#8224));
#8221 = ORIENTED_EDGE('',*,*,#4357,.T.);
#8222 = ORIENTED_EDGE('',*,*,#4816,.F.);
#8223 = ORIENTED_EDGE('',*,*,#4255,.F.);
#8224 = ORIENTED_EDGE('',*,*,#4966,.T.);
#8225 = FACE_BOUND('',#8226,.T.);
#8226 = EDGE_LOOP('',(#8227,#8228,#8229,#8230));
#8227 = ORIENTED_EDGE('',*,*,#5244,.T.);
#8228 = ORIENTED_EDGE('',*,*,#5703,.F.);
#8229 = ORIENTED_EDGE('',*,*,#5142,.F.);
#8230 = ORIENTED_EDGE('',*,*,#5853,.T.);
#8231 = FACE_BOUND('',#8232,.T.);
#8232 = EDGE_LOOP('',(#8233,#8243,#8249,#8250));
#8233 = ORIENTED_EDGE('',*,*,#8234,.T.);
#8234 = EDGE_CURVE('',#8235,#8237,#8239,.T.);
#8235 = VERTEX_POINT('',#8236);
#8236 = CARTESIAN_POINT('',(3.525,-1.370570715645,0.828579769027));
#8237 = VERTEX_POINT('',#8238);
#8238 = CARTESIAN_POINT('',(3.675,-1.370570715645,0.828579769027));
#8239 = LINE('',#8240,#8241);
#8240 = CARTESIAN_POINT('',(3.525,-1.370570715645,0.828579769027));
#8241 = VECTOR('',#8242,1.);
#8242 = DIRECTION('',(1.,0.,0.));
#8243 = ORIENTED_EDGE('',*,*,#8244,.F.);
#8244 = EDGE_CURVE('',#1024,#8237,#8245,.T.);
#8245 = LINE('',#8246,#8247);
#8246 = CARTESIAN_POINT('',(3.675,-1.385319534335,0.66));
#8247 = VECTOR('',#8248,1.);
#8248 = DIRECTION('',(0.,8.715574274766E-02,0.996194698092));
#8249 = ORIENTED_EDGE('',*,*,#1021,.F.);
#8250 = ORIENTED_EDGE('',*,*,#8251,.T.);
#8251 = EDGE_CURVE('',#1022,#8235,#8252,.T.);
#8252 = LINE('',#8253,#8254);
#8253 = CARTESIAN_POINT('',(3.525,-1.385319534335,0.66));
#8254 = VECTOR('',#8255,1.);
#8255 = DIRECTION('',(0.,8.715574274766E-02,0.996194698092));
#8256 = FACE_BOUND('',#8257,.T.);
#8257 = EDGE_LOOP('',(#8258,#8266,#8274,#8280,#8281,#8287,#8288,#8289,
    #8290,#8291,#8292,#8293));
#8258 = ORIENTED_EDGE('',*,*,#8259,.T.);
#8259 = EDGE_CURVE('',#8172,#8260,#8262,.T.);
#8260 = VERTEX_POINT('',#8261);
#8261 = CARTESIAN_POINT('',(0.6,-1.355233845441,1.003880997627));
#8262 = LINE('',#8263,#8264);
#8263 = CARTESIAN_POINT('',(0.6,-1.397030645579,0.526141385963));
#8264 = VECTOR('',#8265,1.);
#8265 = DIRECTION('',(0.,8.715574274766E-02,0.996194698092));
#8266 = ORIENTED_EDGE('',*,*,#8267,.F.);
#8267 = EDGE_CURVE('',#8268,#8260,#8270,.T.);
#8268 = VERTEX_POINT('',#8269);
#8269 = CARTESIAN_POINT('',(0.5,-1.355233845441,1.003880997627));
#8270 = LINE('',#8271,#8272);
#8271 = CARTESIAN_POINT('',(0.5,-1.355233845441,1.003880997627));
#8272 = VECTOR('',#8273,1.);
#8273 = DIRECTION('',(1.,0.,0.));
#8274 = ORIENTED_EDGE('',*,*,#8275,.F.);
#8275 = EDGE_CURVE('',#7782,#8268,#8276,.T.);
#8276 = LINE('',#8277,#8278);
#8277 = CARTESIAN_POINT('',(0.5,-1.410104006991,0.376712181249));
#8278 = VECTOR('',#8279,1.);
#8279 = DIRECTION('',(0.,8.715574274766E-02,0.996194698092));
#8280 = ORIENTED_EDGE('',*,*,#7781,.T.);
#8281 = ORIENTED_EDGE('',*,*,#8282,.F.);
#8282 = EDGE_CURVE('',#7824,#7774,#8283,.T.);
#8283 = LINE('',#8284,#8285);
#8284 = CARTESIAN_POINT('',(4.2,-1.355233845441,1.003880997627));
#8285 = VECTOR('',#8286,1.);
#8286 = DIRECTION('',(0.,-8.715574274766E-02,-0.996194698092));
#8287 = ORIENTED_EDGE('',*,*,#7823,.T.);
#8288 = ORIENTED_EDGE('',*,*,#7871,.F.);
#8289 = ORIENTED_EDGE('',*,*,#8153,.F.);
#8290 = ORIENTED_EDGE('',*,*,#7973,.T.);
#8291 = ORIENTED_EDGE('',*,*,#7932,.T.);
#8292 = ORIENTED_EDGE('',*,*,#8130,.F.);
#8293 = ORIENTED_EDGE('',*,*,#8179,.F.);
#8294 = PLANE('',#8295);
#8295 = AXIS2_PLACEMENT_3D('',#8296,#8297,#8298);
#8296 = CARTESIAN_POINT('',(0.5,-1.397030645579,0.526141385963));
#8297 = DIRECTION('',(0.,-0.996194698092,8.715574274766E-02));
#8298 = DIRECTION('',(0.,-8.715574274766E-02,-0.996194698092));
#8299 = ADVANCED_FACE('',(#8300),#8320,.F.);
#8300 = FACE_BOUND('',#8301,.T.);
#8301 = EDGE_LOOP('',(#8302,#8303,#8304,#8305,#8313,#8319));
#8302 = ORIENTED_EDGE('',*,*,#8171,.F.);
#8303 = ORIENTED_EDGE('',*,*,#8043,.F.);
#8304 = ORIENTED_EDGE('',*,*,#8100,.F.);
#8305 = ORIENTED_EDGE('',*,*,#8306,.T.);
#8306 = EDGE_CURVE('',#8091,#8307,#8309,.T.);
#8307 = VERTEX_POINT('',#8308);
#8308 = CARTESIAN_POINT('',(0.6,-1.527951246956,1.209717581387));
#8309 = LINE('',#8310,#8311);
#8310 = CARTESIAN_POINT('',(0.6,-1.551524275199,0.940276635637));
#8311 = VECTOR('',#8312,1.);
#8312 = DIRECTION('',(0.,8.715574274766E-02,0.996194698092));
#8313 = ORIENTED_EDGE('',*,*,#8314,.F.);
#8314 = EDGE_CURVE('',#8260,#8307,#8315,.T.);
#8315 = LINE('',#8316,#8317);
#8316 = CARTESIAN_POINT('',(0.6,-1.355233845441,1.003880997627));
#8317 = VECTOR('',#8318,1.);
#8318 = DIRECTION('',(0.,-0.642787609687,0.766044443119));
#8319 = ORIENTED_EDGE('',*,*,#8259,.F.);
#8320 = PLANE('',#8321);
#8321 = AXIS2_PLACEMENT_3D('',#8322,#8323,#8324);
#8322 = CARTESIAN_POINT('',(0.6,-3.6,-4.E-02));
#8323 = DIRECTION('',(1.,0.,0.));
#8324 = DIRECTION('',(-0.,1.,0.));
#8325 = ADVANCED_FACE('',(#8326),#8344,.T.);
#8326 = FACE_BOUND('',#8327,.T.);
#8327 = EDGE_LOOP('',(#8328,#8336,#8342,#8343));
#8328 = ORIENTED_EDGE('',*,*,#8329,.F.);
#8329 = EDGE_CURVE('',#8330,#8307,#8332,.T.);
#8330 = VERTEX_POINT('',#8331);
#8331 = CARTESIAN_POINT('',(0.5,-1.527951246956,1.209717581387));
#8332 = LINE('',#8333,#8334);
#8333 = CARTESIAN_POINT('',(0.5,-1.527951246956,1.209717581387));
#8334 = VECTOR('',#8335,1.);
#8335 = DIRECTION('',(1.,0.,0.));
#8336 = ORIENTED_EDGE('',*,*,#8337,.F.);
#8337 = EDGE_CURVE('',#8268,#8330,#8338,.T.);
#8338 = LINE('',#8339,#8340);
#8339 = CARTESIAN_POINT('',(0.5,-1.355233845441,1.003880997627));
#8340 = VECTOR('',#8341,1.);
#8341 = DIRECTION('',(0.,-0.642787609687,0.766044443119));
#8342 = ORIENTED_EDGE('',*,*,#8267,.T.);
#8343 = ORIENTED_EDGE('',*,*,#8314,.T.);
#8344 = PLANE('',#8345);
#8345 = AXIS2_PLACEMENT_3D('',#8346,#8347,#8348);
#8346 = CARTESIAN_POINT('',(0.5,-1.355233845441,1.003880997627));
#8347 = DIRECTION('',(0.,-0.766044443119,-0.642787609687));
#8348 = DIRECTION('',(0.,-0.642787609687,0.766044443119));
#8349 = ADVANCED_FACE('',(#8350),#8396,.F.);
#8350 = FACE_BOUND('',#8351,.T.);
#8351 = EDGE_LOOP('',(#8352,#8362,#8370,#8376,#8377,#8378,#8379,#8380,
    #8381,#8382,#8390));
#8352 = ORIENTED_EDGE('',*,*,#8353,.F.);
#8353 = EDGE_CURVE('',#8354,#8356,#8358,.T.);
#8354 = VERTEX_POINT('',#8355);
#8355 = CARTESIAN_POINT('',(0.5,-1.030441109273,1.466865073264));
#8356 = VERTEX_POINT('',#8357);
#8357 = CARTESIAN_POINT('',(0.5,-1.103640739427,1.623842186708));
#8358 = LINE('',#8359,#8360);
#8359 = CARTESIAN_POINT('',(0.5,-1.030441109273,1.466865073264));
#8360 = VECTOR('',#8361,1.);
#8361 = DIRECTION('',(0.,-0.422618261741,0.906307787037));
#8362 = ORIENTED_EDGE('',*,*,#8363,.F.);
#8363 = EDGE_CURVE('',#8364,#8354,#8366,.T.);
#8364 = VERTEX_POINT('',#8365);
#8365 = CARTESIAN_POINT('',(0.5,-0.814471160149,1.447970151054));
#8366 = LINE('',#8367,#8368);
#8367 = CARTESIAN_POINT('',(0.5,-0.814471160149,1.447970151054));
#8368 = VECTOR('',#8369,1.);
#8369 = DIRECTION('',(0.,-0.996194698092,8.715574274766E-02));
#8370 = ORIENTED_EDGE('',*,*,#8371,.F.);
#8371 = EDGE_CURVE('',#7707,#8364,#8372,.T.);
#8372 = LINE('',#8373,#8374);
#8373 = CARTESIAN_POINT('',(0.5,-0.897772697195,0.495829225725));
#8374 = VECTOR('',#8375,1.);
#8375 = DIRECTION('',(0.,8.715574274766E-02,0.996194698092));
#8376 = ORIENTED_EDGE('',*,*,#7706,.T.);
#8377 = ORIENTED_EDGE('',*,*,#7681,.T.);
#8378 = ORIENTED_EDGE('',*,*,#7647,.T.);
#8379 = ORIENTED_EDGE('',*,*,#7789,.F.);
#8380 = ORIENTED_EDGE('',*,*,#8275,.T.);
#8381 = ORIENTED_EDGE('',*,*,#8337,.T.);
#8382 = ORIENTED_EDGE('',*,*,#8383,.F.);
#8383 = EDGE_CURVE('',#8384,#8330,#8386,.T.);
#8384 = VERTEX_POINT('',#8385);
#8385 = CARTESIAN_POINT('',(0.5,-1.48877214042,1.657536818263));
#8386 = LINE('',#8387,#8388);
#8387 = CARTESIAN_POINT('',(0.5,-1.48877214042,1.657536818263));
#8388 = VECTOR('',#8389,1.);
#8389 = DIRECTION('',(0.,-8.715574274766E-02,-0.996194698092));
#8390 = ORIENTED_EDGE('',*,*,#8391,.T.);
#8391 = EDGE_CURVE('',#8384,#8356,#8392,.T.);
#8392 = LINE('',#8393,#8394);
#8393 = CARTESIAN_POINT('',(0.5,-1.48877214042,1.657536818263));
#8394 = VECTOR('',#8395,1.);
#8395 = DIRECTION('',(0.,0.996194698092,-8.715574274766E-02));
#8396 = PLANE('',#8397);
#8397 = AXIS2_PLACEMENT_3D('',#8398,#8399,#8400);
#8398 = CARTESIAN_POINT('',(0.5,-3.6,-4.E-02));
#8399 = DIRECTION('',(1.,0.,0.));
#8400 = DIRECTION('',(-0.,1.,0.));
#8401 = ADVANCED_FACE('',(#8402),#8436,.F.);
#8402 = FACE_BOUND('',#8403,.T.);
#8403 = EDGE_LOOP('',(#8404,#8414,#8422,#8430));
#8404 = ORIENTED_EDGE('',*,*,#8405,.F.);
#8405 = EDGE_CURVE('',#8406,#8408,#8410,.T.);
#8406 = VERTEX_POINT('',#8407);
#8407 = CARTESIAN_POINT('',(2.22,-1.152440492863,1.728493595671));
#8408 = VERTEX_POINT('',#8409);
#8409 = CARTESIAN_POINT('',(2.22,-1.300741520489,1.741468254378));
#8410 = LINE('',#8411,#8412);
#8411 = CARTESIAN_POINT('',(2.22,-1.152440492863,1.728493595671));
#8412 = VECTOR('',#8413,1.);
#8413 = DIRECTION('',(0.,-0.996194698092,8.715574274766E-02));
#8414 = ORIENTED_EDGE('',*,*,#8415,.F.);
#8415 = EDGE_CURVE('',#8416,#8406,#8418,.T.);
#8416 = VERTEX_POINT('',#8417);
#8417 = CARTESIAN_POINT('',(2.22,-1.176840369581,1.780819300153));
#8418 = LINE('',#8419,#8420);
#8419 = CARTESIAN_POINT('',(2.22,-1.176840369581,1.780819300153));
#8420 = VECTOR('',#8421,1.);
#8421 = DIRECTION('',(0.,0.422618261741,-0.906307787037));
#8422 = ORIENTED_EDGE('',*,*,#8423,.T.);
#8423 = EDGE_CURVE('',#8416,#8424,#8426,.T.);
#8424 = VERTEX_POINT('',#8425);
#8425 = CARTESIAN_POINT('',(2.22,-1.296383733352,1.791277989282));
#8426 = LINE('',#8427,#8428);
#8427 = CARTESIAN_POINT('',(2.22,-1.176840369581,1.780819300153));
#8428 = VECTOR('',#8429,1.);
#8429 = DIRECTION('',(0.,-0.996194698092,8.715574274766E-02));
#8430 = ORIENTED_EDGE('',*,*,#8431,.F.);
#8431 = EDGE_CURVE('',#8408,#8424,#8432,.T.);
#8432 = LINE('',#8433,#8434);
#8433 = CARTESIAN_POINT('',(2.22,-1.300741520489,1.741468254378));
#8434 = VECTOR('',#8435,1.);
#8435 = DIRECTION('',(0.,8.715574274767E-02,0.996194698092));
#8436 = PLANE('',#8437);
#8437 = AXIS2_PLACEMENT_3D('',#8438,#8439,#8440);
#8438 = CARTESIAN_POINT('',(2.22,-3.6,-4.E-02));
#8439 = DIRECTION('',(-1.,0.,0.));
#8440 = DIRECTION('',(0.,-1.,0.));
#8441 = ADVANCED_FACE('',(#8442),#8506,.T.);
#8442 = FACE_BOUND('',#8443,.T.);
#8443 = EDGE_LOOP('',(#8444,#8454,#8462,#8470,#8476,#8477,#8485,#8491,
    #8492,#8500));
#8444 = ORIENTED_EDGE('',*,*,#8445,.T.);
#8445 = EDGE_CURVE('',#8446,#8448,#8450,.T.);
#8446 = VERTEX_POINT('',#8447);
#8447 = CARTESIAN_POINT('',(3.33,-1.176840369581,1.780819300153));
#8448 = VERTEX_POINT('',#8449);
#8449 = CARTESIAN_POINT('',(4.05,-1.176840369581,1.780819300153));
#8450 = LINE('',#8451,#8452);
#8451 = CARTESIAN_POINT('',(3.33,-1.176840369581,1.780819300153));
#8452 = VECTOR('',#8453,1.);
#8453 = DIRECTION('',(1.,0.,0.));
#8454 = ORIENTED_EDGE('',*,*,#8455,.T.);
#8455 = EDGE_CURVE('',#8448,#8456,#8458,.T.);
#8456 = VERTEX_POINT('',#8457);
#8457 = CARTESIAN_POINT('',(4.2,-1.103640739427,1.623842186708));
#8458 = LINE('',#8459,#8460);
#8459 = CARTESIAN_POINT('',(4.05,-1.176840369581,1.780819300153));
#8460 = VECTOR('',#8461,1.);
#8461 = DIRECTION('',(0.654653670708,0.319469377166,-0.685104290223));
#8462 = ORIENTED_EDGE('',*,*,#8463,.F.);
#8463 = EDGE_CURVE('',#8464,#8456,#8466,.T.);
#8464 = VERTEX_POINT('',#8465);
#8465 = CARTESIAN_POINT('',(4.2,-1.030441109273,1.466865073264));
#8466 = LINE('',#8467,#8468);
#8467 = CARTESIAN_POINT('',(4.2,-1.030441109273,1.466865073264));
#8468 = VECTOR('',#8469,1.);
#8469 = DIRECTION('',(0.,-0.422618261741,0.906307787037));
#8470 = ORIENTED_EDGE('',*,*,#8471,.F.);
#8471 = EDGE_CURVE('',#8354,#8464,#8472,.T.);
#8472 = LINE('',#8473,#8474);
#8473 = CARTESIAN_POINT('',(0.5,-1.030441109273,1.466865073264));
#8474 = VECTOR('',#8475,1.);
#8475 = DIRECTION('',(1.,0.,0.));
#8476 = ORIENTED_EDGE('',*,*,#8353,.T.);
#8477 = ORIENTED_EDGE('',*,*,#8478,.T.);
#8478 = EDGE_CURVE('',#8356,#8479,#8481,.T.);
#8479 = VERTEX_POINT('',#8480);
#8480 = CARTESIAN_POINT('',(0.65,-1.176840369581,1.780819300153));
#8481 = LINE('',#8482,#8483);
#8482 = CARTESIAN_POINT('',(0.5,-1.103640739427,1.623842186708));
#8483 = VECTOR('',#8484,1.);
#8484 = DIRECTION('',(0.654653670708,-0.319469377166,0.685104290223));
#8485 = ORIENTED_EDGE('',*,*,#8486,.T.);
#8486 = EDGE_CURVE('',#8479,#8416,#8487,.T.);
#8487 = LINE('',#8488,#8489);
#8488 = CARTESIAN_POINT('',(0.65,-1.176840369581,1.780819300153));
#8489 = VECTOR('',#8490,1.);
#8490 = DIRECTION('',(1.,0.,0.));
#8491 = ORIENTED_EDGE('',*,*,#8415,.T.);
#8492 = ORIENTED_EDGE('',*,*,#8493,.F.);
#8493 = EDGE_CURVE('',#8494,#8406,#8496,.T.);
#8494 = VERTEX_POINT('',#8495);
#8495 = CARTESIAN_POINT('',(3.33,-1.152440492863,1.728493595671));
#8496 = LINE('',#8497,#8498);
#8497 = CARTESIAN_POINT('',(3.33,-1.152440492863,1.728493595671));
#8498 = VECTOR('',#8499,1.);
#8499 = DIRECTION('',(-1.,0.,0.));
#8500 = ORIENTED_EDGE('',*,*,#8501,.F.);
#8501 = EDGE_CURVE('',#8446,#8494,#8502,.T.);
#8502 = LINE('',#8503,#8504);
#8503 = CARTESIAN_POINT('',(3.33,-1.176840369581,1.780819300153));
#8504 = VECTOR('',#8505,1.);
#8505 = DIRECTION('',(0.,0.422618261741,-0.906307787037));
#8506 = PLANE('',#8507);
#8507 = AXIS2_PLACEMENT_3D('',#8508,#8509,#8510);
#8508 = CARTESIAN_POINT('',(0.5,-1.030441109273,1.466865073264));
#8509 = DIRECTION('',(0.,0.906307787037,0.422618261741));
#8510 = DIRECTION('',(0.,-0.422618261741,0.906307787037));
#8511 = ADVANCED_FACE('',(#8512),#8537,.T.);
#8512 = FACE_BOUND('',#8513,.T.);
#8513 = EDGE_LOOP('',(#8514,#8522,#8530,#8536));
#8514 = ORIENTED_EDGE('',*,*,#8515,.T.);
#8515 = EDGE_CURVE('',#8494,#8516,#8518,.T.);
#8516 = VERTEX_POINT('',#8517);
#8517 = CARTESIAN_POINT('',(3.33,-1.480056566146,1.757156288072));
#8518 = LINE('',#8519,#8520);
#8519 = CARTESIAN_POINT('',(3.33,-1.152440492863,1.728493595671));
#8520 = VECTOR('',#8521,1.);
#8521 = DIRECTION('',(0.,-0.996194698092,8.715574274766E-02));
#8522 = ORIENTED_EDGE('',*,*,#8523,.F.);
#8523 = EDGE_CURVE('',#8524,#8516,#8526,.T.);
#8524 = VERTEX_POINT('',#8525);
#8525 = CARTESIAN_POINT('',(3.33,-1.475698779008,1.806966022977));
#8526 = LINE('',#8527,#8528);
#8527 = CARTESIAN_POINT('',(3.33,-1.475698779008,1.806966022977));
#8528 = VECTOR('',#8529,1.);
#8529 = DIRECTION('',(0.,-8.715574274766E-02,-0.996194698092));
#8530 = ORIENTED_EDGE('',*,*,#8531,.F.);
#8531 = EDGE_CURVE('',#8446,#8524,#8532,.T.);
#8532 = LINE('',#8533,#8534);
#8533 = CARTESIAN_POINT('',(3.33,-1.176840369581,1.780819300153));
#8534 = VECTOR('',#8535,1.);
#8535 = DIRECTION('',(0.,-0.996194698092,8.715574274766E-02));
#8536 = ORIENTED_EDGE('',*,*,#8501,.T.);
#8537 = PLANE('',#8538);
#8538 = AXIS2_PLACEMENT_3D('',#8539,#8540,#8541);
#8539 = CARTESIAN_POINT('',(3.33,-3.6,-4.E-02));
#8540 = DIRECTION('',(-1.,0.,0.));
#8541 = DIRECTION('',(0.,-1.,0.));
#8542 = ADVANCED_FACE('',(#8543),#8561,.T.);
#8543 = FACE_BOUND('',#8544,.T.);
#8544 = EDGE_LOOP('',(#8545,#8546,#8547,#8555));
#8545 = ORIENTED_EDGE('',*,*,#8423,.F.);
#8546 = ORIENTED_EDGE('',*,*,#8486,.F.);
#8547 = ORIENTED_EDGE('',*,*,#8548,.F.);
#8548 = EDGE_CURVE('',#8549,#8479,#8551,.T.);
#8549 = VERTEX_POINT('',#8550);
#8550 = CARTESIAN_POINT('',(0.65,-1.296383733352,1.791277989282));
#8551 = LINE('',#8552,#8553);
#8552 = CARTESIAN_POINT('',(0.65,-1.296383733352,1.791277989282));
#8553 = VECTOR('',#8554,1.);
#8554 = DIRECTION('',(0.,0.996194698092,-8.715574274766E-02));
#8555 = ORIENTED_EDGE('',*,*,#8556,.T.);
#8556 = EDGE_CURVE('',#8549,#8424,#8557,.T.);
#8557 = LINE('',#8558,#8559);
#8558 = CARTESIAN_POINT('',(0.65,-1.296383733352,1.791277989282));
#8559 = VECTOR('',#8560,1.);
#8560 = DIRECTION('',(1.,0.,0.));
#8561 = PLANE('',#8562);
#8562 = AXIS2_PLACEMENT_3D('',#8563,#8564,#8565);
#8563 = CARTESIAN_POINT('',(0.5,-1.176840369581,1.780819300153));
#8564 = DIRECTION('',(0.,8.715574274766E-02,0.996194698092));
#8565 = DIRECTION('',(0.,-0.996194698092,8.715574274766E-02));
#8566 = ADVANCED_FACE('',(#8567),#8585,.T.);
#8567 = FACE_BOUND('',#8568,.T.);
#8568 = EDGE_LOOP('',(#8569,#8577,#8583,#8584));
#8569 = ORIENTED_EDGE('',*,*,#8570,.T.);
#8570 = EDGE_CURVE('',#8524,#8571,#8573,.T.);
#8571 = VERTEX_POINT('',#8572);
#8572 = CARTESIAN_POINT('',(4.05,-1.475698779008,1.806966022977));
#8573 = LINE('',#8574,#8575);
#8574 = CARTESIAN_POINT('',(3.33,-1.475698779008,1.806966022977));
#8575 = VECTOR('',#8576,1.);
#8576 = DIRECTION('',(1.,0.,0.));
#8577 = ORIENTED_EDGE('',*,*,#8578,.F.);
#8578 = EDGE_CURVE('',#8448,#8571,#8579,.T.);
#8579 = LINE('',#8580,#8581);
#8580 = CARTESIAN_POINT('',(4.05,-1.176840369581,1.780819300153));
#8581 = VECTOR('',#8582,1.);
#8582 = DIRECTION('',(0.,-0.996194698092,8.715574274766E-02));
#8583 = ORIENTED_EDGE('',*,*,#8445,.F.);
#8584 = ORIENTED_EDGE('',*,*,#8531,.T.);
#8585 = PLANE('',#8586);
#8586 = AXIS2_PLACEMENT_3D('',#8587,#8588,#8589);
#8587 = CARTESIAN_POINT('',(0.5,-1.176840369581,1.780819300153));
#8588 = DIRECTION('',(0.,8.715574274766E-02,0.996194698092));
#8589 = DIRECTION('',(0.,-0.996194698092,8.715574274766E-02));
#8590 = ADVANCED_FACE('',(#8591),#8609,.F.);
#8591 = FACE_BOUND('',#8592,.T.);
#8592 = EDGE_LOOP('',(#8593,#8601,#8607,#8608));
#8593 = ORIENTED_EDGE('',*,*,#8594,.T.);
#8594 = EDGE_CURVE('',#8549,#8595,#8597,.T.);
#8595 = VERTEX_POINT('',#8596);
#8596 = CARTESIAN_POINT('',(0.6,-1.300741520489,1.741468254378));
#8597 = LINE('',#8598,#8599);
#8598 = CARTESIAN_POINT('',(0.65,-1.296383733352,1.791277989282));
#8599 = VECTOR('',#8600,1.);
#8600 = DIRECTION('',(-0.707106781187,-6.162841671623E-02,
    -0.704416026403));
#8601 = ORIENTED_EDGE('',*,*,#8602,.T.);
#8602 = EDGE_CURVE('',#8595,#8408,#8603,.T.);
#8603 = LINE('',#8604,#8605);
#8604 = CARTESIAN_POINT('',(0.6,-1.300741520489,1.741468254378));
#8605 = VECTOR('',#8606,1.);
#8606 = DIRECTION('',(1.,0.,0.));
#8607 = ORIENTED_EDGE('',*,*,#8431,.T.);
#8608 = ORIENTED_EDGE('',*,*,#8556,.F.);
#8609 = PLANE('',#8610);
#8610 = AXIS2_PLACEMENT_3D('',#8611,#8612,#8613);
#8611 = CARTESIAN_POINT('',(0.5,-1.300741520489,1.741468254378));
#8612 = DIRECTION('',(0.,0.996194698092,-8.715574274767E-02));
#8613 = DIRECTION('',(0.,8.715574274767E-02,0.996194698092));
#8614 = ADVANCED_FACE('',(#8615),#8635,.F.);
#8615 = FACE_BOUND('',#8616,.T.);
#8616 = EDGE_LOOP('',(#8617,#8618,#8619,#8620,#8621,#8629));
#8617 = ORIENTED_EDGE('',*,*,#8515,.F.);
#8618 = ORIENTED_EDGE('',*,*,#8493,.T.);
#8619 = ORIENTED_EDGE('',*,*,#8405,.T.);
#8620 = ORIENTED_EDGE('',*,*,#8602,.F.);
#8621 = ORIENTED_EDGE('',*,*,#8622,.F.);
#8622 = EDGE_CURVE('',#8623,#8595,#8625,.T.);
#8623 = VERTEX_POINT('',#8624);
#8624 = CARTESIAN_POINT('',(0.6,-1.480056566146,1.757156288072));
#8625 = LINE('',#8626,#8627);
#8626 = CARTESIAN_POINT('',(0.6,-1.480056566146,1.757156288072));
#8627 = VECTOR('',#8628,1.);
#8628 = DIRECTION('',(0.,0.996194698092,-8.715574274766E-02));
#8629 = ORIENTED_EDGE('',*,*,#8630,.F.);
#8630 = EDGE_CURVE('',#8516,#8623,#8631,.T.);
#8631 = LINE('',#8632,#8633);
#8632 = CARTESIAN_POINT('',(3.33,-1.480056566146,1.757156288072));
#8633 = VECTOR('',#8634,1.);
#8634 = DIRECTION('',(-1.,0.,0.));
#8635 = PLANE('',#8636);
#8636 = AXIS2_PLACEMENT_3D('',#8637,#8638,#8639);
#8637 = CARTESIAN_POINT('',(3.33,-1.152440492863,1.728493595671));
#8638 = DIRECTION('',(0.,-8.715574274766E-02,-0.996194698092));
#8639 = DIRECTION('',(0.,-0.996194698092,8.715574274766E-02));
#8640 = ADVANCED_FACE('',(#8641),#8654,.T.);
#8641 = FACE_BOUND('',#8642,.T.);
#8642 = EDGE_LOOP('',(#8643,#8644,#8645,#8646,#8647,#8653));
#8643 = ORIENTED_EDGE('',*,*,#8594,.F.);
#8644 = ORIENTED_EDGE('',*,*,#8548,.T.);
#8645 = ORIENTED_EDGE('',*,*,#8478,.F.);
#8646 = ORIENTED_EDGE('',*,*,#8391,.F.);
#8647 = ORIENTED_EDGE('',*,*,#8648,.F.);
#8648 = EDGE_CURVE('',#8623,#8384,#8649,.T.);
#8649 = LINE('',#8650,#8651);
#8650 = CARTESIAN_POINT('',(0.6,-1.480056566146,1.757156288072));
#8651 = VECTOR('',#8652,1.);
#8652 = DIRECTION('',(-0.707106781187,-6.162841671622E-02,
    -0.704416026403));
#8653 = ORIENTED_EDGE('',*,*,#8622,.T.);
#8654 = PLANE('',#8655);
#8655 = AXIS2_PLACEMENT_3D('',#8656,#8657,#8658);
#8656 = CARTESIAN_POINT('',(0.575,-1.332806255001,1.719178059208));
#8657 = DIRECTION('',(-0.707106781187,6.162841671622E-02,0.704416026403)
  );
#8658 = DIRECTION('',(4.366086357907E-02,0.998099162535,
    -4.349472081158E-02));
#8659 = ADVANCED_FACE('',(#8660),#8694,.F.);
#8660 = FACE_BOUND('',#8661,.T.);
#8661 = EDGE_LOOP('',(#8662,#8672,#8680,#8688));
#8662 = ORIENTED_EDGE('',*,*,#8663,.F.);
#8663 = EDGE_CURVE('',#8664,#8666,#8668,.T.);
#8664 = VERTEX_POINT('',#8665);
#8665 = CARTESIAN_POINT('',(3.22,-1.473824702615,1.254701151889));
#8666 = VERTEX_POINT('',#8667);
#8667 = CARTESIAN_POINT('',(1.48,-1.473824702615,1.254701151889));
#8668 = LINE('',#8669,#8670);
#8669 = CARTESIAN_POINT('',(3.22,-1.473824702615,1.254701151889));
#8670 = VECTOR('',#8671,1.);
#8671 = DIRECTION('',(-1.,0.,0.));
#8672 = ORIENTED_EDGE('',*,*,#8673,.F.);
#8673 = EDGE_CURVE('',#8674,#8664,#8676,.T.);
#8674 = VERTEX_POINT('',#8675);
#8675 = CARTESIAN_POINT('',(3.22,-1.443320192653,1.603369296221));
#8676 = LINE('',#8677,#8678);
#8677 = CARTESIAN_POINT('',(3.22,-1.443320192653,1.603369296221));
#8678 = VECTOR('',#8679,1.);
#8679 = DIRECTION('',(0.,-8.715574274766E-02,-0.996194698092));
#8680 = ORIENTED_EDGE('',*,*,#8681,.T.);
#8681 = EDGE_CURVE('',#8674,#8682,#8684,.T.);
#8682 = VERTEX_POINT('',#8683);
#8683 = CARTESIAN_POINT('',(1.48,-1.443320192653,1.603369296221));
#8684 = LINE('',#8685,#8686);
#8685 = CARTESIAN_POINT('',(3.22,-1.443320192653,1.603369296221));
#8686 = VECTOR('',#8687,1.);
#8687 = DIRECTION('',(-1.,0.,0.));
#8688 = ORIENTED_EDGE('',*,*,#8689,.T.);
#8689 = EDGE_CURVE('',#8682,#8666,#8690,.T.);
#8690 = LINE('',#8691,#8692);
#8691 = CARTESIAN_POINT('',(1.48,-1.443320192653,1.603369296221));
#8692 = VECTOR('',#8693,1.);
#8693 = DIRECTION('',(0.,-8.715574274766E-02,-0.996194698092));
#8694 = PLANE('',#8695);
#8695 = AXIS2_PLACEMENT_3D('',#8696,#8697,#8698);
#8696 = CARTESIAN_POINT('',(1.48,-1.473824702615,1.254701151889));
#8697 = DIRECTION('',(0.,0.996194698092,-8.715574274766E-02));
#8698 = DIRECTION('',(0.,8.715574274766E-02,0.996194698092));
#8699 = ADVANCED_FACE('',(#8700),#8725,.F.);
#8700 = FACE_BOUND('',#8701,.T.);
#8701 = EDGE_LOOP('',(#8702,#8710,#8711,#8719));
#8702 = ORIENTED_EDGE('',*,*,#8703,.T.);
#8703 = EDGE_CURVE('',#8704,#8664,#8706,.T.);
#8704 = VERTEX_POINT('',#8705);
#8705 = CARTESIAN_POINT('',(3.22,-1.527992224657,1.209249204122));
#8706 = LINE('',#8707,#8708);
#8707 = CARTESIAN_POINT('',(3.22,-1.527992224657,1.209249204122));
#8708 = VECTOR('',#8709,1.);
#8709 = DIRECTION('',(0.,0.766044443119,0.642787609687));
#8710 = ORIENTED_EDGE('',*,*,#8663,.T.);
#8711 = ORIENTED_EDGE('',*,*,#8712,.F.);
#8712 = EDGE_CURVE('',#8713,#8666,#8715,.T.);
#8713 = VERTEX_POINT('',#8714);
#8714 = CARTESIAN_POINT('',(1.48,-1.527992224657,1.209249204122));
#8715 = LINE('',#8716,#8717);
#8716 = CARTESIAN_POINT('',(1.48,-1.527992224657,1.209249204122));
#8717 = VECTOR('',#8718,1.);
#8718 = DIRECTION('',(0.,0.766044443119,0.642787609687));
#8719 = ORIENTED_EDGE('',*,*,#8720,.T.);
#8720 = EDGE_CURVE('',#8713,#8704,#8721,.T.);
#8721 = LINE('',#8722,#8723);
#8722 = CARTESIAN_POINT('',(1.48,-1.527992224657,1.209249204122));
#8723 = VECTOR('',#8724,1.);
#8724 = DIRECTION('',(1.,0.,0.));
#8725 = PLANE('',#8726);
#8726 = AXIS2_PLACEMENT_3D('',#8727,#8728,#8729);
#8727 = CARTESIAN_POINT('',(1.48,-1.527992224657,1.209249204122));
#8728 = DIRECTION('',(0.,0.642787609687,-0.766044443119));
#8729 = DIRECTION('',(0.,0.766044443119,0.642787609687));
#8730 = ADVANCED_FACE('',(#8731),#8749,.F.);
#8731 = FACE_BOUND('',#8732,.T.);
#8732 = EDGE_LOOP('',(#8733,#8741,#8742,#8743));
#8733 = ORIENTED_EDGE('',*,*,#8734,.F.);
#8734 = EDGE_CURVE('',#8674,#8735,#8737,.T.);
#8735 = VERTEX_POINT('',#8736);
#8736 = CARTESIAN_POINT('',(3.22,-1.493129927558,1.607727083359));
#8737 = LINE('',#8738,#8739);
#8738 = CARTESIAN_POINT('',(3.22,-1.443320192653,1.603369296221));
#8739 = VECTOR('',#8740,1.);
#8740 = DIRECTION('',(0.,-0.996194698092,8.715574274765E-02));
#8741 = ORIENTED_EDGE('',*,*,#8673,.T.);
#8742 = ORIENTED_EDGE('',*,*,#8703,.F.);
#8743 = ORIENTED_EDGE('',*,*,#8744,.T.);
#8744 = EDGE_CURVE('',#8704,#8735,#8745,.T.);
#8745 = LINE('',#8746,#8747);
#8746 = CARTESIAN_POINT('',(3.22,-1.527992224657,1.209249204122));
#8747 = VECTOR('',#8748,1.);
#8748 = DIRECTION('',(0.,8.715574274766E-02,0.996194698092));
#8749 = PLANE('',#8750);
#8750 = AXIS2_PLACEMENT_3D('',#8751,#8752,#8753);
#8751 = CARTESIAN_POINT('',(3.22,-3.6,-4.E-02));
#8752 = DIRECTION('',(1.,0.,0.));
#8753 = DIRECTION('',(-0.,1.,0.));
#8754 = ADVANCED_FACE('',(#8755),#8773,.F.);
#8755 = FACE_BOUND('',#8756,.T.);
#8756 = EDGE_LOOP('',(#8757,#8765,#8766,#8767));
#8757 = ORIENTED_EDGE('',*,*,#8758,.F.);
#8758 = EDGE_CURVE('',#8682,#8759,#8761,.T.);
#8759 = VERTEX_POINT('',#8760);
#8760 = CARTESIAN_POINT('',(1.48,-1.493129927558,1.607727083359));
#8761 = LINE('',#8762,#8763);
#8762 = CARTESIAN_POINT('',(1.48,-1.443320192653,1.603369296221));
#8763 = VECTOR('',#8764,1.);
#8764 = DIRECTION('',(0.,-0.996194698092,8.715574274765E-02));
#8765 = ORIENTED_EDGE('',*,*,#8681,.F.);
#8766 = ORIENTED_EDGE('',*,*,#8734,.T.);
#8767 = ORIENTED_EDGE('',*,*,#8768,.F.);
#8768 = EDGE_CURVE('',#8759,#8735,#8769,.T.);
#8769 = LINE('',#8770,#8771);
#8770 = CARTESIAN_POINT('',(1.48,-1.493129927558,1.607727083359));
#8771 = VECTOR('',#8772,1.);
#8772 = DIRECTION('',(1.,0.,0.));
#8773 = PLANE('',#8774);
#8774 = AXIS2_PLACEMENT_3D('',#8775,#8776,#8777);
#8775 = CARTESIAN_POINT('',(1.48,-1.443320192653,1.603369296221));
#8776 = DIRECTION('',(0.,8.715574274766E-02,0.996194698092));
#8777 = DIRECTION('',(0.,-0.996194698092,8.715574274766E-02));
#8778 = ADVANCED_FACE('',(#8779),#8790,.T.);
#8779 = FACE_BOUND('',#8780,.T.);
#8780 = EDGE_LOOP('',(#8781,#8782,#8783,#8784));
#8781 = ORIENTED_EDGE('',*,*,#8712,.T.);
#8782 = ORIENTED_EDGE('',*,*,#8689,.F.);
#8783 = ORIENTED_EDGE('',*,*,#8758,.T.);
#8784 = ORIENTED_EDGE('',*,*,#8785,.F.);
#8785 = EDGE_CURVE('',#8713,#8759,#8786,.T.);
#8786 = LINE('',#8787,#8788);
#8787 = CARTESIAN_POINT('',(1.48,-1.527992224657,1.209249204122));
#8788 = VECTOR('',#8789,1.);
#8789 = DIRECTION('',(0.,8.715574274766E-02,0.996194698092));
#8790 = PLANE('',#8791);
#8791 = AXIS2_PLACEMENT_3D('',#8792,#8793,#8794);
#8792 = CARTESIAN_POINT('',(1.48,-3.6,-4.E-02));
#8793 = DIRECTION('',(1.,0.,0.));
#8794 = DIRECTION('',(-0.,1.,0.));
#8795 = ADVANCED_FACE('',(#8796,#8802),#8832,.T.);
#8796 = FACE_BOUND('',#8797,.T.);
#8797 = EDGE_LOOP('',(#8798,#8799,#8800,#8801));
#8798 = ORIENTED_EDGE('',*,*,#8768,.T.);
#8799 = ORIENTED_EDGE('',*,*,#8744,.F.);
#8800 = ORIENTED_EDGE('',*,*,#8720,.F.);
#8801 = ORIENTED_EDGE('',*,*,#8785,.T.);
#8802 = FACE_BOUND('',#8803,.T.);
#8803 = EDGE_LOOP('',(#8804,#8805,#8806,#8807,#8808,#8809,#8810,#8811,
    #8812,#8813,#8814,#8822,#8828,#8829,#8830,#8831));
#8804 = ORIENTED_EDGE('',*,*,#8383,.T.);
#8805 = ORIENTED_EDGE('',*,*,#8329,.T.);
#8806 = ORIENTED_EDGE('',*,*,#8306,.F.);
#8807 = ORIENTED_EDGE('',*,*,#8090,.T.);
#8808 = ORIENTED_EDGE('',*,*,#8138,.T.);
#8809 = ORIENTED_EDGE('',*,*,#7918,.T.);
#8810 = ORIENTED_EDGE('',*,*,#7963,.F.);
#8811 = ORIENTED_EDGE('',*,*,#8075,.T.);
#8812 = ORIENTED_EDGE('',*,*,#7878,.T.);
#8813 = ORIENTED_EDGE('',*,*,#7805,.F.);
#8814 = ORIENTED_EDGE('',*,*,#8815,.F.);
#8815 = EDGE_CURVE('',#8816,#7806,#8818,.T.);
#8816 = VERTEX_POINT('',#8817);
#8817 = CARTESIAN_POINT('',(4.2,-1.48877214042,1.657536818263));
#8818 = LINE('',#8819,#8820);
#8819 = CARTESIAN_POINT('',(4.2,-1.48877214042,1.657536818263));
#8820 = VECTOR('',#8821,1.);
#8821 = DIRECTION('',(0.,-8.715574274766E-02,-0.996194698092));
#8822 = ORIENTED_EDGE('',*,*,#8823,.T.);
#8823 = EDGE_CURVE('',#8816,#8571,#8824,.T.);
#8824 = LINE('',#8825,#8826);
#8825 = CARTESIAN_POINT('',(4.2,-1.48877214042,1.657536818263));
#8826 = VECTOR('',#8827,1.);
#8827 = DIRECTION('',(-0.707106781187,6.162841671622E-02,0.704416026403)
  );
#8828 = ORIENTED_EDGE('',*,*,#8570,.F.);
#8829 = ORIENTED_EDGE('',*,*,#8523,.T.);
#8830 = ORIENTED_EDGE('',*,*,#8630,.T.);
#8831 = ORIENTED_EDGE('',*,*,#8648,.T.);
#8832 = PLANE('',#8833);
#8833 = AXIS2_PLACEMENT_3D('',#8834,#8835,#8836);
#8834 = CARTESIAN_POINT('',(0.5,-1.475698779008,1.806966022977));
#8835 = DIRECTION('',(0.,-0.996194698092,8.715574274766E-02));
#8836 = DIRECTION('',(0.,-8.715574274766E-02,-0.996194698092));
#8837 = ADVANCED_FACE('',(#8838),#8849,.T.);
#8838 = FACE_BOUND('',#8839,.T.);
#8839 = EDGE_LOOP('',(#8840,#8846,#8847,#8848));
#8840 = ORIENTED_EDGE('',*,*,#8841,.F.);
#8841 = EDGE_CURVE('',#8456,#8816,#8842,.T.);
#8842 = LINE('',#8843,#8844);
#8843 = CARTESIAN_POINT('',(4.2,-1.103640739427,1.623842186708));
#8844 = VECTOR('',#8845,1.);
#8845 = DIRECTION('',(0.,-0.996194698092,8.715574274766E-02));
#8846 = ORIENTED_EDGE('',*,*,#8455,.F.);
#8847 = ORIENTED_EDGE('',*,*,#8578,.T.);
#8848 = ORIENTED_EDGE('',*,*,#8823,.F.);
#8849 = PLANE('',#8850);
#8850 = AXIS2_PLACEMENT_3D('',#8851,#8852,#8853);
#8851 = CARTESIAN_POINT('',(4.125,-1.332806255001,1.719178059208));
#8852 = DIRECTION('',(0.707106781187,6.162841671622E-02,0.704416026403)
  );
#8853 = DIRECTION('',(-4.366086357907E-02,0.998099162535,
    -4.349472081158E-02));
#8854 = ADVANCED_FACE('',(#8855),#8880,.T.);
#8855 = FACE_BOUND('',#8856,.T.);
#8856 = EDGE_LOOP('',(#8857,#8858,#8859,#8860,#8861,#8862,#8863,#8864,
    #8872,#8878,#8879));
#8857 = ORIENTED_EDGE('',*,*,#8815,.T.);
#8858 = ORIENTED_EDGE('',*,*,#7831,.F.);
#8859 = ORIENTED_EDGE('',*,*,#8282,.T.);
#8860 = ORIENTED_EDGE('',*,*,#7773,.T.);
#8861 = ORIENTED_EDGE('',*,*,#6904,.F.);
#8862 = ORIENTED_EDGE('',*,*,#6864,.F.);
#8863 = ORIENTED_EDGE('',*,*,#6977,.F.);
#8864 = ORIENTED_EDGE('',*,*,#8865,.T.);
#8865 = EDGE_CURVE('',#6970,#8866,#8868,.T.);
#8866 = VERTEX_POINT('',#8867);
#8867 = CARTESIAN_POINT('',(4.2,-0.814471160149,1.447970151054));
#8868 = LINE('',#8869,#8870);
#8869 = CARTESIAN_POINT('',(4.2,-0.897772697195,0.495829225725));
#8870 = VECTOR('',#8871,1.);
#8871 = DIRECTION('',(0.,8.715574274766E-02,0.996194698092));
#8872 = ORIENTED_EDGE('',*,*,#8873,.T.);
#8873 = EDGE_CURVE('',#8866,#8464,#8874,.T.);
#8874 = LINE('',#8875,#8876);
#8875 = CARTESIAN_POINT('',(4.2,-0.814471160149,1.447970151054));
#8876 = VECTOR('',#8877,1.);
#8877 = DIRECTION('',(0.,-0.996194698092,8.715574274766E-02));
#8878 = ORIENTED_EDGE('',*,*,#8463,.T.);
#8879 = ORIENTED_EDGE('',*,*,#8841,.T.);
#8880 = PLANE('',#8881);
#8881 = AXIS2_PLACEMENT_3D('',#8882,#8883,#8884);
#8882 = CARTESIAN_POINT('',(4.2,-3.6,-4.E-02));
#8883 = DIRECTION('',(1.,0.,0.));
#8884 = DIRECTION('',(-0.,1.,0.));
#8885 = ADVANCED_FACE('',(#8886),#8920,.T.);
#8886 = FACE_BOUND('',#8887,.T.);
#8887 = EDGE_LOOP('',(#8888,#8898,#8906,#8914));
#8888 = ORIENTED_EDGE('',*,*,#8889,.T.);
#8889 = EDGE_CURVE('',#8890,#8892,#8894,.T.);
#8890 = VERTEX_POINT('',#8891);
#8891 = CARTESIAN_POINT('',(0.85,-0.764661425245,1.443612363916));
#8892 = VERTEX_POINT('',#8893);
#8893 = CARTESIAN_POINT('',(3.85,-0.764661425245,1.443612363916));
#8894 = LINE('',#8895,#8896);
#8895 = CARTESIAN_POINT('',(0.85,-0.764661425245,1.443612363916));
#8896 = VECTOR('',#8897,1.);
#8897 = DIRECTION('',(1.,0.,0.));
#8898 = ORIENTED_EDGE('',*,*,#8899,.F.);
#8899 = EDGE_CURVE('',#8900,#8892,#8902,.T.);
#8900 = VERTEX_POINT('',#8901);
#8901 = CARTESIAN_POINT('',(3.85,-0.782092573794,1.244373424298));
#8902 = LINE('',#8903,#8904);
#8903 = CARTESIAN_POINT('',(3.85,-0.782092573794,1.244373424298));
#8904 = VECTOR('',#8905,1.);
#8905 = DIRECTION('',(0.,8.715574274766E-02,0.996194698092));
#8906 = ORIENTED_EDGE('',*,*,#8907,.F.);
#8907 = EDGE_CURVE('',#8908,#8900,#8910,.T.);
#8908 = VERTEX_POINT('',#8909);
#8909 = CARTESIAN_POINT('',(0.85,-0.782092573794,1.244373424298));
#8910 = LINE('',#8911,#8912);
#8911 = CARTESIAN_POINT('',(0.85,-0.782092573794,1.244373424298));
#8912 = VECTOR('',#8913,1.);
#8913 = DIRECTION('',(1.,0.,0.));
#8914 = ORIENTED_EDGE('',*,*,#8915,.T.);
#8915 = EDGE_CURVE('',#8908,#8890,#8916,.T.);
#8916 = LINE('',#8917,#8918);
#8917 = CARTESIAN_POINT('',(0.85,-0.782092573794,1.244373424298));
#8918 = VECTOR('',#8919,1.);
#8919 = DIRECTION('',(0.,8.715574274766E-02,0.996194698092));
#8920 = PLANE('',#8921);
#8921 = AXIS2_PLACEMENT_3D('',#8922,#8923,#8924);
#8922 = CARTESIAN_POINT('',(0.85,-0.782092573794,1.244373424298));
#8923 = DIRECTION('',(0.,0.996194698092,-8.715574274766E-02));
#8924 = DIRECTION('',(0.,8.715574274766E-02,0.996194698092));
#8925 = ADVANCED_FACE('',(#8926),#8960,.T.);
#8926 = FACE_BOUND('',#8927,.T.);
#8927 = EDGE_LOOP('',(#8928,#8929,#8930,#8931,#8939,#8945,#8946,#8954));
#8928 = ORIENTED_EDGE('',*,*,#8363,.T.);
#8929 = ORIENTED_EDGE('',*,*,#8471,.T.);
#8930 = ORIENTED_EDGE('',*,*,#8873,.F.);
#8931 = ORIENTED_EDGE('',*,*,#8932,.F.);
#8932 = EDGE_CURVE('',#8933,#8866,#8935,.T.);
#8933 = VERTEX_POINT('',#8934);
#8934 = CARTESIAN_POINT('',(3.85,-0.814471160149,1.447970151054));
#8935 = LINE('',#8936,#8937);
#8936 = CARTESIAN_POINT('',(3.85,-0.814471160149,1.447970151054));
#8937 = VECTOR('',#8938,1.);
#8938 = DIRECTION('',(1.,0.,0.));
#8939 = ORIENTED_EDGE('',*,*,#8940,.F.);
#8940 = EDGE_CURVE('',#8892,#8933,#8941,.T.);
#8941 = LINE('',#8942,#8943);
#8942 = CARTESIAN_POINT('',(3.85,-0.764661425245,1.443612363916));
#8943 = VECTOR('',#8944,1.);
#8944 = DIRECTION('',(0.,-0.996194698092,8.715574274766E-02));
#8945 = ORIENTED_EDGE('',*,*,#8889,.F.);
#8946 = ORIENTED_EDGE('',*,*,#8947,.T.);
#8947 = EDGE_CURVE('',#8890,#8948,#8950,.T.);
#8948 = VERTEX_POINT('',#8949);
#8949 = CARTESIAN_POINT('',(0.85,-0.814471160149,1.447970151054));
#8950 = LINE('',#8951,#8952);
#8951 = CARTESIAN_POINT('',(0.85,-0.764661425245,1.443612363916));
#8952 = VECTOR('',#8953,1.);
#8953 = DIRECTION('',(0.,-0.996194698092,8.715574274766E-02));
#8954 = ORIENTED_EDGE('',*,*,#8955,.F.);
#8955 = EDGE_CURVE('',#8364,#8948,#8956,.T.);
#8956 = LINE('',#8957,#8958);
#8957 = CARTESIAN_POINT('',(0.5,-0.814471160149,1.447970151054));
#8958 = VECTOR('',#8959,1.);
#8959 = DIRECTION('',(1.,0.,0.));
#8960 = PLANE('',#8961);
#8961 = AXIS2_PLACEMENT_3D('',#8962,#8963,#8964);
#8962 = CARTESIAN_POINT('',(0.5,-0.814471160149,1.447970151054));
#8963 = DIRECTION('',(0.,8.715574274766E-02,0.996194698092));
#8964 = DIRECTION('',(0.,-0.996194698092,8.715574274766E-02));
#8965 = ADVANCED_FACE('',(#8966),#8984,.T.);
#8966 = FACE_BOUND('',#8967,.T.);
#8967 = EDGE_LOOP('',(#8968,#8976,#8977,#8978));
#8968 = ORIENTED_EDGE('',*,*,#8969,.T.);
#8969 = EDGE_CURVE('',#8970,#8900,#8972,.T.);
#8970 = VERTEX_POINT('',#8971);
#8971 = CARTESIAN_POINT('',(3.85,-0.831902308699,1.248731211435));
#8972 = LINE('',#8973,#8974);
#8973 = CARTESIAN_POINT('',(3.85,-0.831902308699,1.248731211435));
#8974 = VECTOR('',#8975,1.);
#8975 = DIRECTION('',(0.,0.996194698092,-8.715574274766E-02));
#8976 = ORIENTED_EDGE('',*,*,#8899,.T.);
#8977 = ORIENTED_EDGE('',*,*,#8940,.T.);
#8978 = ORIENTED_EDGE('',*,*,#8979,.T.);
#8979 = EDGE_CURVE('',#8933,#8970,#8980,.T.);
#8980 = LINE('',#8981,#8982);
#8981 = CARTESIAN_POINT('',(3.85,-0.814471160149,1.447970151054));
#8982 = VECTOR('',#8983,1.);
#8983 = DIRECTION('',(0.,-8.715574274766E-02,-0.996194698092));
#8984 = PLANE('',#8985);
#8985 = AXIS2_PLACEMENT_3D('',#8986,#8987,#8988);
#8986 = CARTESIAN_POINT('',(3.85,-3.6,-4.E-02));
#8987 = DIRECTION('',(1.,0.,0.));
#8988 = DIRECTION('',(-0.,1.,0.));
#8989 = ADVANCED_FACE('',(#8990),#9008,.T.);
#8990 = FACE_BOUND('',#8991,.T.);
#8991 = EDGE_LOOP('',(#8992,#9000,#9001,#9002));
#8992 = ORIENTED_EDGE('',*,*,#8993,.T.);
#8993 = EDGE_CURVE('',#8994,#8908,#8996,.T.);
#8994 = VERTEX_POINT('',#8995);
#8995 = CARTESIAN_POINT('',(0.85,-0.831902308699,1.248731211435));
#8996 = LINE('',#8997,#8998);
#8997 = CARTESIAN_POINT('',(0.85,-0.831902308699,1.248731211435));
#8998 = VECTOR('',#8999,1.);
#8999 = DIRECTION('',(0.,0.996194698092,-8.715574274766E-02));
#9000 = ORIENTED_EDGE('',*,*,#8907,.T.);
#9001 = ORIENTED_EDGE('',*,*,#8969,.F.);
#9002 = ORIENTED_EDGE('',*,*,#9003,.F.);
#9003 = EDGE_CURVE('',#8994,#8970,#9004,.T.);
#9004 = LINE('',#9005,#9006);
#9005 = CARTESIAN_POINT('',(0.85,-0.831902308699,1.248731211435));
#9006 = VECTOR('',#9007,1.);
#9007 = DIRECTION('',(1.,0.,0.));
#9008 = PLANE('',#9009);
#9009 = AXIS2_PLACEMENT_3D('',#9010,#9011,#9012);
#9010 = CARTESIAN_POINT('',(0.85,-0.831902308699,1.248731211435));
#9011 = DIRECTION('',(0.,-8.715574274766E-02,-0.996194698092));
#9012 = DIRECTION('',(0.,0.996194698092,-8.715574274766E-02));
#9013 = ADVANCED_FACE('',(#9014),#9025,.F.);
#9014 = FACE_BOUND('',#9015,.T.);
#9015 = EDGE_LOOP('',(#9016,#9017,#9018,#9019));
#9016 = ORIENTED_EDGE('',*,*,#8947,.F.);
#9017 = ORIENTED_EDGE('',*,*,#8915,.F.);
#9018 = ORIENTED_EDGE('',*,*,#8993,.F.);
#9019 = ORIENTED_EDGE('',*,*,#9020,.F.);
#9020 = EDGE_CURVE('',#8948,#8994,#9021,.T.);
#9021 = LINE('',#9022,#9023);
#9022 = CARTESIAN_POINT('',(0.85,-0.814471160149,1.447970151054));
#9023 = VECTOR('',#9024,1.);
#9024 = DIRECTION('',(0.,-8.715574274766E-02,-0.996194698092));
#9025 = PLANE('',#9026);
#9026 = AXIS2_PLACEMENT_3D('',#9027,#9028,#9029);
#9027 = CARTESIAN_POINT('',(0.85,-3.6,-4.E-02));
#9028 = DIRECTION('',(1.,0.,0.));
#9029 = DIRECTION('',(-0.,1.,0.));
#9030 = ADVANCED_FACE('',(#9031,#9047,#9053,#9059,#9065,#9071,#9096),
  #9110,.T.);
#9031 = FACE_BOUND('',#9032,.T.);
#9032 = EDGE_LOOP('',(#9033,#9034,#9040,#9041));
#9033 = ORIENTED_EDGE('',*,*,#967,.T.);
#9034 = ORIENTED_EDGE('',*,*,#9035,.T.);
#9035 = EDGE_CURVE('',#960,#842,#9036,.T.);
#9036 = LINE('',#9037,#9038);
#9037 = CARTESIAN_POINT('',(1.175,-0.883409615563,0.66));
#9038 = VECTOR('',#9039,1.);
#9039 = DIRECTION('',(0.,8.715574274766E-02,0.996194698092));
#9040 = ORIENTED_EDGE('',*,*,#865,.F.);
#9041 = ORIENTED_EDGE('',*,*,#9042,.F.);
#9042 = EDGE_CURVE('',#951,#858,#9043,.T.);
#9043 = LINE('',#9044,#9045);
#9044 = CARTESIAN_POINT('',(1.025,-0.883409615563,0.66));
#9045 = VECTOR('',#9046,1.);
#9046 = DIRECTION('',(0.,8.715574274766E-02,0.996194698092));
#9047 = FACE_BOUND('',#9048,.T.);
#9048 = EDGE_LOOP('',(#9049,#9050,#9051,#9052));
#9049 = ORIENTED_EDGE('',*,*,#2521,.T.);
#9050 = ORIENTED_EDGE('',*,*,#3059,.T.);
#9051 = ORIENTED_EDGE('',*,*,#2614,.F.);
#9052 = ORIENTED_EDGE('',*,*,#3209,.F.);
#9053 = FACE_BOUND('',#9054,.T.);
#9054 = EDGE_LOOP('',(#9055,#9056,#9057,#9058));
#9055 = ORIENTED_EDGE('',*,*,#3408,.T.);
#9056 = ORIENTED_EDGE('',*,*,#3946,.T.);
#9057 = ORIENTED_EDGE('',*,*,#3501,.F.);
#9058 = ORIENTED_EDGE('',*,*,#4096,.F.);
#9059 = FACE_BOUND('',#9060,.T.);
#9060 = EDGE_LOOP('',(#9061,#9062,#9063,#9064));
#9061 = ORIENTED_EDGE('',*,*,#4295,.T.);
#9062 = ORIENTED_EDGE('',*,*,#4833,.T.);
#9063 = ORIENTED_EDGE('',*,*,#4388,.F.);
#9064 = ORIENTED_EDGE('',*,*,#4983,.F.);
#9065 = FACE_BOUND('',#9066,.T.);
#9066 = EDGE_LOOP('',(#9067,#9068,#9069,#9070));
#9067 = ORIENTED_EDGE('',*,*,#5182,.T.);
#9068 = ORIENTED_EDGE('',*,*,#5720,.T.);
#9069 = ORIENTED_EDGE('',*,*,#5275,.F.);
#9070 = ORIENTED_EDGE('',*,*,#5870,.F.);
#9071 = FACE_BOUND('',#9072,.T.);
#9072 = EDGE_LOOP('',(#9073,#9074,#9082,#9090));
#9073 = ORIENTED_EDGE('',*,*,#1078,.T.);
#9074 = ORIENTED_EDGE('',*,*,#9075,.T.);
#9075 = EDGE_CURVE('',#1071,#9076,#9078,.T.);
#9076 = VERTEX_POINT('',#9077);
#9077 = CARTESIAN_POINT('',(3.675,-0.872505653926,0.784632851817));
#9078 = LINE('',#9079,#9080);
#9079 = CARTESIAN_POINT('',(3.675,-0.883409615563,0.66));
#9080 = VECTOR('',#9081,1.);
#9081 = DIRECTION('',(0.,8.715574274766E-02,0.996194698092));
#9082 = ORIENTED_EDGE('',*,*,#9083,.F.);
#9083 = EDGE_CURVE('',#9084,#9076,#9086,.T.);
#9084 = VERTEX_POINT('',#9085);
#9085 = CARTESIAN_POINT('',(3.525,-0.872505653926,0.784632851817));
#9086 = LINE('',#9087,#9088);
#9087 = CARTESIAN_POINT('',(3.525,-0.872505653926,0.784632851817));
#9088 = VECTOR('',#9089,1.);
#9089 = DIRECTION('',(1.,0.,0.));
#9090 = ORIENTED_EDGE('',*,*,#9091,.F.);
#9091 = EDGE_CURVE('',#1062,#9084,#9092,.T.);
#9092 = LINE('',#9093,#9094);
#9093 = CARTESIAN_POINT('',(3.525,-0.883409615563,0.66));
#9094 = VECTOR('',#9095,1.);
#9095 = DIRECTION('',(0.,8.715574274766E-02,0.996194698092));
#9096 = FACE_BOUND('',#9097,.T.);
#9097 = EDGE_LOOP('',(#9098,#9099,#9100,#9101,#9102,#9103,#9104,#9105,
    #9106,#9107,#9108,#9109));
#9098 = ORIENTED_EDGE('',*,*,#9003,.T.);
#9099 = ORIENTED_EDGE('',*,*,#8979,.F.);
#9100 = ORIENTED_EDGE('',*,*,#8932,.T.);
#9101 = ORIENTED_EDGE('',*,*,#8865,.F.);
#9102 = ORIENTED_EDGE('',*,*,#6969,.F.);
#9103 = ORIENTED_EDGE('',*,*,#6920,.F.);
#9104 = ORIENTED_EDGE('',*,*,#6683,.F.);
#9105 = ORIENTED_EDGE('',*,*,#7738,.T.);
#9106 = ORIENTED_EDGE('',*,*,#7715,.F.);
#9107 = ORIENTED_EDGE('',*,*,#8371,.T.);
#9108 = ORIENTED_EDGE('',*,*,#8955,.T.);
#9109 = ORIENTED_EDGE('',*,*,#9020,.T.);
#9110 = PLANE('',#9111);
#9111 = AXIS2_PLACEMENT_3D('',#9112,#9113,#9114);
#9112 = CARTESIAN_POINT('',(0.5,-0.910342477172,0.352155983153));
#9113 = DIRECTION('',(0.,0.996194698092,-8.715574274766E-02));
#9114 = DIRECTION('',(0.,8.715574274766E-02,0.996194698092));
#9115 = ADVANCED_FACE('',(#9116),#9123,.F.);
#9116 = FACE_BOUND('',#9117,.T.);
#9117 = EDGE_LOOP('',(#9118,#9119,#9120,#9121,#9122));
#9118 = ORIENTED_EDGE('',*,*,#1416,.F.);
#9119 = ORIENTED_EDGE('',*,*,#1392,.F.);
#9120 = ORIENTED_EDGE('',*,*,#1360,.F.);
#9121 = ORIENTED_EDGE('',*,*,#1302,.F.);
#9122 = ORIENTED_EDGE('',*,*,#6384,.F.);
#9123 = PLANE('',#9124);
#9124 = AXIS2_PLACEMENT_3D('',#9125,#9126,#9127);
#9125 = CARTESIAN_POINT('',(3.525,-3.6,-4.E-02));
#9126 = DIRECTION('',(1.,0.,0.));
#9127 = DIRECTION('',(-0.,1.,0.));
#9128 = ADVANCED_FACE('',(#9129),#9135,.F.);
#9129 = FACE_BOUND('',#9130,.T.);
#9130 = EDGE_LOOP('',(#9131,#9132,#9133,#9134));
#9131 = ORIENTED_EDGE('',*,*,#6115,.T.);
#9132 = ORIENTED_EDGE('',*,*,#6053,.F.);
#9133 = ORIENTED_EDGE('',*,*,#6021,.F.);
#9134 = ORIENTED_EDGE('',*,*,#5989,.F.);
#9135 = PLANE('',#9136);
#9136 = AXIS2_PLACEMENT_3D('',#9137,#9138,#9139);
#9137 = CARTESIAN_POINT('',(3.525,-3.6,-4.E-02));
#9138 = DIRECTION('',(1.,0.,0.));
#9139 = DIRECTION('',(-0.,1.,0.));
#9140 = ADVANCED_FACE('',(#9141),#9158,.F.);
#9141 = FACE_BOUND('',#9142,.T.);
#9142 = EDGE_LOOP('',(#9143,#9144,#9150,#9151,#9157));
#9143 = ORIENTED_EDGE('',*,*,#1047,.F.);
#9144 = ORIENTED_EDGE('',*,*,#9145,.T.);
#9145 = EDGE_CURVE('',#1040,#534,#9146,.T.);
#9146 = LINE('',#9147,#9148);
#9147 = CARTESIAN_POINT('',(3.525,-1.7,0.66));
#9148 = VECTOR('',#9149,1.);
#9149 = DIRECTION('',(0.,0.,1.));
#9150 = ORIENTED_EDGE('',*,*,#559,.F.);
#9151 = ORIENTED_EDGE('',*,*,#9152,.F.);
#9152 = EDGE_CURVE('',#8235,#552,#9153,.T.);
#9153 = LINE('',#9154,#9155);
#9154 = CARTESIAN_POINT('',(3.525,-1.370570715645,0.828579769027));
#9155 = VECTOR('',#9156,1.);
#9156 = DIRECTION('',(0.,-0.996129850025,8.789381029636E-02));
#9157 = ORIENTED_EDGE('',*,*,#8251,.F.);
#9158 = PLANE('',#9159);
#9159 = AXIS2_PLACEMENT_3D('',#9160,#9161,#9162);
#9160 = CARTESIAN_POINT('',(3.525,-3.6,-4.E-02));
#9161 = DIRECTION('',(1.,0.,0.));
#9162 = DIRECTION('',(-0.,1.,0.));
#9163 = ADVANCED_FACE('',(#9164),#9202,.F.);
#9164 = FACE_BOUND('',#9165,.T.);
#9165 = EDGE_LOOP('',(#9166,#9174,#9175,#9176,#9177,#9178,#9179,#9180,
    #9188,#9196));
#9166 = ORIENTED_EDGE('',*,*,#9167,.T.);
#9167 = EDGE_CURVE('',#9168,#592,#9170,.T.);
#9168 = VERTEX_POINT('',#9169);
#9169 = CARTESIAN_POINT('',(3.525,-1.7,0.21));
#9170 = LINE('',#9171,#9172);
#9171 = CARTESIAN_POINT('',(3.525,-1.7,0.21));
#9172 = VECTOR('',#9173,1.);
#9173 = DIRECTION('',(1.110223024625E-14,0.,1.));
#9174 = ORIENTED_EDGE('',*,*,#591,.F.);
#9175 = ORIENTED_EDGE('',*,*,#630,.F.);
#9176 = ORIENTED_EDGE('',*,*,#661,.F.);
#9177 = ORIENTED_EDGE('',*,*,#692,.F.);
#9178 = ORIENTED_EDGE('',*,*,#723,.F.);
#9179 = ORIENTED_EDGE('',*,*,#754,.F.);
#9180 = ORIENTED_EDGE('',*,*,#9181,.T.);
#9181 = EDGE_CURVE('',#747,#9182,#9184,.T.);
#9182 = VERTEX_POINT('',#9183);
#9183 = CARTESIAN_POINT('',(3.525,-0.51,4.336808689942E-16));
#9184 = LINE('',#9185,#9186);
#9185 = CARTESIAN_POINT('',(3.525,-0.55,4.336808689942E-16));
#9186 = VECTOR('',#9187,1.);
#9187 = DIRECTION('',(0.,1.,0.));
#9188 = ORIENTED_EDGE('',*,*,#9189,.T.);
#9189 = EDGE_CURVE('',#9182,#9190,#9192,.T.);
#9190 = VERTEX_POINT('',#9191);
#9191 = CARTESIAN_POINT('',(3.525,-0.51,0.21));
#9192 = LINE('',#9193,#9194);
#9193 = CARTESIAN_POINT('',(3.525,-0.51,4.336808689942E-16));
#9194 = VECTOR('',#9195,1.);
#9195 = DIRECTION('',(0.,0.,1.));
#9196 = ORIENTED_EDGE('',*,*,#9197,.F.);
#9197 = EDGE_CURVE('',#9168,#9190,#9198,.T.);
#9198 = LINE('',#9199,#9200);
#9199 = CARTESIAN_POINT('',(3.525,-1.7,0.21));
#9200 = VECTOR('',#9201,1.);
#9201 = DIRECTION('',(0.,1.,0.));
#9202 = PLANE('',#9203);
#9203 = AXIS2_PLACEMENT_3D('',#9204,#9205,#9206);
#9204 = CARTESIAN_POINT('',(3.525,-3.6,-4.E-02));
#9205 = DIRECTION('',(1.,0.,0.));
#9206 = DIRECTION('',(-0.,1.,0.));
#9207 = ADVANCED_FACE('',(#9208),#9219,.F.);
#9208 = FACE_BOUND('',#9209,.T.);
#9209 = EDGE_LOOP('',(#9210,#9211,#9212,#9213));
#9210 = ORIENTED_EDGE('',*,*,#1007,.F.);
#9211 = ORIENTED_EDGE('',*,*,#1061,.F.);
#9212 = ORIENTED_EDGE('',*,*,#9091,.T.);
#9213 = ORIENTED_EDGE('',*,*,#9214,.F.);
#9214 = EDGE_CURVE('',#982,#9084,#9215,.T.);
#9215 = LINE('',#9216,#9217);
#9216 = CARTESIAN_POINT('',(3.525,-0.82,0.78));
#9217 = VECTOR('',#9218,1.);
#9218 = DIRECTION('',(0.,-0.996129850025,8.789381029636E-02));
#9219 = PLANE('',#9220);
#9220 = AXIS2_PLACEMENT_3D('',#9221,#9222,#9223);
#9221 = CARTESIAN_POINT('',(3.525,-3.6,-4.E-02));
#9222 = DIRECTION('',(1.,0.,0.));
#9223 = DIRECTION('',(-0.,1.,0.));
#9224 = ADVANCED_FACE('',(#9225),#9236,.T.);
#9225 = FACE_BOUND('',#9226,.T.);
#9226 = EDGE_LOOP('',(#9227,#9228,#9229,#9235));
#9227 = ORIENTED_EDGE('',*,*,#9152,.T.);
#9228 = ORIENTED_EDGE('',*,*,#551,.T.);
#9229 = ORIENTED_EDGE('',*,*,#9230,.F.);
#9230 = EDGE_CURVE('',#8237,#544,#9231,.T.);
#9231 = LINE('',#9232,#9233);
#9232 = CARTESIAN_POINT('',(3.675,-1.370570715645,0.828579769027));
#9233 = VECTOR('',#9234,1.);
#9234 = DIRECTION('',(0.,-0.996129850025,8.789381029636E-02));
#9235 = ORIENTED_EDGE('',*,*,#8234,.F.);
#9236 = PLANE('',#9237);
#9237 = AXIS2_PLACEMENT_3D('',#9238,#9239,#9240);
#9238 = CARTESIAN_POINT('',(3.525,-0.82,0.78));
#9239 = DIRECTION('',(0.,8.789381029636E-02,0.996129850025));
#9240 = DIRECTION('',(0.,-0.996129850025,8.789381029636E-02));
#9241 = ADVANCED_FACE('',(#9242),#9253,.T.);
#9242 = FACE_BOUND('',#9243,.T.);
#9243 = EDGE_LOOP('',(#9244,#9245,#9251,#9252));
#9244 = ORIENTED_EDGE('',*,*,#9083,.T.);
#9245 = ORIENTED_EDGE('',*,*,#9246,.F.);
#9246 = EDGE_CURVE('',#984,#9076,#9247,.T.);
#9247 = LINE('',#9248,#9249);
#9248 = CARTESIAN_POINT('',(3.675,-0.82,0.78));
#9249 = VECTOR('',#9250,1.);
#9250 = DIRECTION('',(0.,-0.996129850025,8.789381029636E-02));
#9251 = ORIENTED_EDGE('',*,*,#981,.F.);
#9252 = ORIENTED_EDGE('',*,*,#9214,.T.);
#9253 = PLANE('',#9254);
#9254 = AXIS2_PLACEMENT_3D('',#9255,#9256,#9257);
#9255 = CARTESIAN_POINT('',(3.525,-0.82,0.78));
#9256 = DIRECTION('',(0.,8.789381029636E-02,0.996129850025));
#9257 = DIRECTION('',(0.,-0.996129850025,8.789381029636E-02));
#9258 = ADVANCED_FACE('',(#9259),#9266,.T.);
#9259 = FACE_BOUND('',#9260,.T.);
#9260 = EDGE_LOOP('',(#9261,#9262,#9263,#9264,#9265));
#9261 = ORIENTED_EDGE('',*,*,#1320,.T.);
#9262 = ORIENTED_EDGE('',*,*,#1352,.T.);
#9263 = ORIENTED_EDGE('',*,*,#1385,.T.);
#9264 = ORIENTED_EDGE('',*,*,#1424,.T.);
#9265 = ORIENTED_EDGE('',*,*,#6377,.T.);
#9266 = PLANE('',#9267);
#9267 = AXIS2_PLACEMENT_3D('',#9268,#9269,#9270);
#9268 = CARTESIAN_POINT('',(3.675,-3.6,-4.E-02));
#9269 = DIRECTION('',(1.,0.,0.));
#9270 = DIRECTION('',(-0.,1.,0.));
#9271 = ADVANCED_FACE('',(#9272),#9278,.T.);
#9272 = FACE_BOUND('',#9273,.T.);
#9273 = EDGE_LOOP('',(#9274,#9275,#9276,#9277));
#9274 = ORIENTED_EDGE('',*,*,#6013,.T.);
#9275 = ORIENTED_EDGE('',*,*,#6046,.T.);
#9276 = ORIENTED_EDGE('',*,*,#6108,.F.);
#9277 = ORIENTED_EDGE('',*,*,#5973,.T.);
#9278 = PLANE('',#9279);
#9279 = AXIS2_PLACEMENT_3D('',#9280,#9281,#9282);
#9280 = CARTESIAN_POINT('',(3.675,-3.6,-4.E-02));
#9281 = DIRECTION('',(1.,0.,0.));
#9282 = DIRECTION('',(-0.,1.,0.));
#9283 = ADVANCED_FACE('',(#9284),#9296,.T.);
#9284 = FACE_BOUND('',#9285,.T.);
#9285 = EDGE_LOOP('',(#9286,#9287,#9288,#9294,#9295));
#9286 = ORIENTED_EDGE('',*,*,#9230,.T.);
#9287 = ORIENTED_EDGE('',*,*,#543,.T.);
#9288 = ORIENTED_EDGE('',*,*,#9289,.F.);
#9289 = EDGE_CURVE('',#1032,#536,#9290,.T.);
#9290 = LINE('',#9291,#9292);
#9291 = CARTESIAN_POINT('',(3.675,-1.7,0.66));
#9292 = VECTOR('',#9293,1.);
#9293 = DIRECTION('',(0.,0.,1.));
#9294 = ORIENTED_EDGE('',*,*,#1031,.T.);
#9295 = ORIENTED_EDGE('',*,*,#8244,.T.);
#9296 = PLANE('',#9297);
#9297 = AXIS2_PLACEMENT_3D('',#9298,#9299,#9300);
#9298 = CARTESIAN_POINT('',(3.675,-3.6,-4.E-02));
#9299 = DIRECTION('',(1.,0.,0.));
#9300 = DIRECTION('',(-0.,1.,0.));
#9301 = ADVANCED_FACE('',(#9302),#9340,.T.);
#9302 = FACE_BOUND('',#9303,.T.);
#9303 = EDGE_LOOP('',(#9304,#9314,#9320,#9321,#9322,#9323,#9324,#9325,
    #9326,#9334));
#9304 = ORIENTED_EDGE('',*,*,#9305,.T.);
#9305 = EDGE_CURVE('',#9306,#9308,#9310,.T.);
#9306 = VERTEX_POINT('',#9307);
#9307 = CARTESIAN_POINT('',(3.675,-0.51,0.21));
#9308 = VERTEX_POINT('',#9309);
#9309 = CARTESIAN_POINT('',(3.675,-0.51,4.336808689942E-16));
#9310 = LINE('',#9311,#9312);
#9311 = CARTESIAN_POINT('',(3.675,-0.51,0.21));
#9312 = VECTOR('',#9313,1.);
#9313 = DIRECTION('',(0.,0.,-1.));
#9314 = ORIENTED_EDGE('',*,*,#9315,.F.);
#9315 = EDGE_CURVE('',#739,#9308,#9316,.T.);
#9316 = LINE('',#9317,#9318);
#9317 = CARTESIAN_POINT('',(3.675,-0.55,4.336808689942E-16));
#9318 = VECTOR('',#9319,1.);
#9319 = DIRECTION('',(0.,1.,0.));
#9320 = ORIENTED_EDGE('',*,*,#738,.T.);
#9321 = ORIENTED_EDGE('',*,*,#707,.T.);
#9322 = ORIENTED_EDGE('',*,*,#676,.T.);
#9323 = ORIENTED_EDGE('',*,*,#645,.T.);
#9324 = ORIENTED_EDGE('',*,*,#614,.T.);
#9325 = ORIENTED_EDGE('',*,*,#573,.T.);
#9326 = ORIENTED_EDGE('',*,*,#9327,.F.);
#9327 = EDGE_CURVE('',#9328,#576,#9330,.T.);
#9328 = VERTEX_POINT('',#9329);
#9329 = CARTESIAN_POINT('',(3.675,-1.7,0.21));
#9330 = LINE('',#9331,#9332);
#9331 = CARTESIAN_POINT('',(3.675,-1.7,0.21));
#9332 = VECTOR('',#9333,1.);
#9333 = DIRECTION('',(1.110223024625E-14,0.,1.));
#9334 = ORIENTED_EDGE('',*,*,#9335,.T.);
#9335 = EDGE_CURVE('',#9328,#9306,#9336,.T.);
#9336 = LINE('',#9337,#9338);
#9337 = CARTESIAN_POINT('',(3.675,-1.7,0.21));
#9338 = VECTOR('',#9339,1.);
#9339 = DIRECTION('',(0.,1.,0.));
#9340 = PLANE('',#9341);
#9341 = AXIS2_PLACEMENT_3D('',#9342,#9343,#9344);
#9342 = CARTESIAN_POINT('',(3.675,-3.6,-4.E-02));
#9343 = DIRECTION('',(1.,0.,0.));
#9344 = DIRECTION('',(-0.,1.,0.));
#9345 = ADVANCED_FACE('',(#9346),#9352,.T.);
#9346 = FACE_BOUND('',#9347,.T.);
#9347 = EDGE_LOOP('',(#9348,#9349,#9350,#9351));
#9348 = ORIENTED_EDGE('',*,*,#9075,.F.);
#9349 = ORIENTED_EDGE('',*,*,#1070,.T.);
#9350 = ORIENTED_EDGE('',*,*,#991,.T.);
#9351 = ORIENTED_EDGE('',*,*,#9246,.T.);
#9352 = PLANE('',#9353);
#9353 = AXIS2_PLACEMENT_3D('',#9354,#9355,#9356);
#9354 = CARTESIAN_POINT('',(3.675,-3.6,-4.E-02));
#9355 = DIRECTION('',(1.,0.,0.));
#9356 = DIRECTION('',(-0.,1.,0.));
#9357 = ADVANCED_FACE('',(#9358),#9383,.F.);
#9358 = FACE_BOUND('',#9359,.T.);
#9359 = EDGE_LOOP('',(#9360,#9368,#9369,#9377));
#9360 = ORIENTED_EDGE('',*,*,#9361,.T.);
#9361 = EDGE_CURVE('',#9362,#3269,#9364,.T.);
#9362 = VERTEX_POINT('',#9363);
#9363 = CARTESIAN_POINT('',(1.175,-1.7,0.21));
#9364 = LINE('',#9365,#9366);
#9365 = CARTESIAN_POINT('',(1.175,-1.7,0.21));
#9366 = VECTOR('',#9367,1.);
#9367 = DIRECTION('',(1.,0.,0.));
#9368 = ORIENTED_EDGE('',*,*,#3268,.T.);
#9369 = ORIENTED_EDGE('',*,*,#9370,.F.);
#9370 = EDGE_CURVE('',#9371,#3261,#9373,.T.);
#9371 = VERTEX_POINT('',#9372);
#9372 = CARTESIAN_POINT('',(1.175,-0.51,0.21));
#9373 = LINE('',#9374,#9375);
#9374 = CARTESIAN_POINT('',(1.175,-0.51,0.21));
#9375 = VECTOR('',#9376,1.);
#9376 = DIRECTION('',(1.,0.,0.));
#9377 = ORIENTED_EDGE('',*,*,#9378,.F.);
#9378 = EDGE_CURVE('',#9362,#9371,#9379,.T.);
#9379 = LINE('',#9380,#9381);
#9380 = CARTESIAN_POINT('',(1.175,-1.7,0.21));
#9381 = VECTOR('',#9382,1.);
#9382 = DIRECTION('',(0.,1.,0.));
#9383 = PLANE('',#9384);
#9384 = AXIS2_PLACEMENT_3D('',#9385,#9386,#9387);
#9385 = CARTESIAN_POINT('',(0.,-3.6,0.21));
#9386 = DIRECTION('',(0.,0.,-1.));
#9387 = DIRECTION('',(0.,1.,0.));
#9388 = ADVANCED_FACE('',(#9389),#9421,.F.);
#9389 = FACE_BOUND('',#9390,.T.);
#9390 = EDGE_LOOP('',(#9391,#9399,#9400,#9401,#9402,#9403,#9404,#9405,
    #9406,#9407,#9415));
#9391 = ORIENTED_EDGE('',*,*,#9392,.F.);
#9392 = EDGE_CURVE('',#6552,#9393,#9395,.T.);
#9393 = VERTEX_POINT('',#9394);
#9394 = CARTESIAN_POINT('',(1.025,-0.51,0.21));
#9395 = LINE('',#9396,#9397);
#9396 = CARTESIAN_POINT('',(0.8,-0.51,0.21));
#9397 = VECTOR('',#9398,1.);
#9398 = DIRECTION('',(1.,0.,0.));
#9399 = ORIENTED_EDGE('',*,*,#6549,.F.);
#9400 = ORIENTED_EDGE('',*,*,#6668,.F.);
#9401 = ORIENTED_EDGE('',*,*,#7458,.T.);
#9402 = ORIENTED_EDGE('',*,*,#7568,.T.);
#9403 = ORIENTED_EDGE('',*,*,#1132,.T.);
#9404 = ORIENTED_EDGE('',*,*,#7753,.F.);
#9405 = ORIENTED_EDGE('',*,*,#7615,.T.);
#9406 = ORIENTED_EDGE('',*,*,#7584,.T.);
#9407 = ORIENTED_EDGE('',*,*,#9408,.T.);
#9408 = EDGE_CURVE('',#7577,#9409,#9411,.T.);
#9409 = VERTEX_POINT('',#9410);
#9410 = CARTESIAN_POINT('',(1.025,-1.7,0.21));
#9411 = LINE('',#9412,#9413);
#9412 = CARTESIAN_POINT('',(0.21,-1.7,0.21));
#9413 = VECTOR('',#9414,1.);
#9414 = DIRECTION('',(1.,0.,0.));
#9415 = ORIENTED_EDGE('',*,*,#9416,.T.);
#9416 = EDGE_CURVE('',#9409,#9393,#9417,.T.);
#9417 = LINE('',#9418,#9419);
#9418 = CARTESIAN_POINT('',(1.025,-1.7,0.21));
#9419 = VECTOR('',#9420,1.);
#9420 = DIRECTION('',(0.,1.,0.));
#9421 = PLANE('',#9422);
#9422 = AXIS2_PLACEMENT_3D('',#9423,#9424,#9425);
#9423 = CARTESIAN_POINT('',(0.,-3.6,0.21));
#9424 = DIRECTION('',(0.,0.,-1.));
#9425 = DIRECTION('',(0.,1.,0.));
#9426 = ADVANCED_FACE('',(#9427),#9443,.F.);
#9427 = FACE_BOUND('',#9428,.T.);
#9428 = EDGE_LOOP('',(#9429,#9435,#9436,#9442));
#9429 = ORIENTED_EDGE('',*,*,#9430,.T.);
#9430 = EDGE_CURVE('',#3122,#4156,#9431,.T.);
#9431 = LINE('',#9432,#9433);
#9432 = CARTESIAN_POINT('',(1.675,-1.7,0.21));
#9433 = VECTOR('',#9434,1.);
#9434 = DIRECTION('',(1.,0.,0.));
#9435 = ORIENTED_EDGE('',*,*,#4155,.T.);
#9436 = ORIENTED_EDGE('',*,*,#9437,.F.);
#9437 = EDGE_CURVE('',#3130,#4148,#9438,.T.);
#9438 = LINE('',#9439,#9440);
#9439 = CARTESIAN_POINT('',(1.675,-0.51,0.21));
#9440 = VECTOR('',#9441,1.);
#9441 = DIRECTION('',(1.,0.,0.));
#9442 = ORIENTED_EDGE('',*,*,#3129,.F.);
#9443 = PLANE('',#9444);
#9444 = AXIS2_PLACEMENT_3D('',#9445,#9446,#9447);
#9445 = CARTESIAN_POINT('',(0.,-3.6,0.21));
#9446 = DIRECTION('',(0.,0.,-1.));
#9447 = DIRECTION('',(0.,1.,0.));
#9448 = ADVANCED_FACE('',(#9449),#9465,.F.);
#9449 = FACE_BOUND('',#9450,.T.);
#9450 = EDGE_LOOP('',(#9451,#9457,#9458,#9464));
#9451 = ORIENTED_EDGE('',*,*,#9452,.T.);
#9452 = EDGE_CURVE('',#4009,#5043,#9453,.T.);
#9453 = LINE('',#9454,#9455);
#9454 = CARTESIAN_POINT('',(2.175,-1.7,0.21));
#9455 = VECTOR('',#9456,1.);
#9456 = DIRECTION('',(1.,0.,0.));
#9457 = ORIENTED_EDGE('',*,*,#5042,.T.);
#9458 = ORIENTED_EDGE('',*,*,#9459,.F.);
#9459 = EDGE_CURVE('',#4017,#5035,#9460,.T.);
#9460 = LINE('',#9461,#9462);
#9461 = CARTESIAN_POINT('',(2.175,-0.51,0.21));
#9462 = VECTOR('',#9463,1.);
#9463 = DIRECTION('',(1.,0.,0.));
#9464 = ORIENTED_EDGE('',*,*,#4016,.F.);
#9465 = PLANE('',#9466);
#9466 = AXIS2_PLACEMENT_3D('',#9467,#9468,#9469);
#9467 = CARTESIAN_POINT('',(0.,-3.6,0.21));
#9468 = DIRECTION('',(0.,0.,-1.));
#9469 = DIRECTION('',(0.,1.,0.));
#9470 = ADVANCED_FACE('',(#9471),#9487,.F.);
#9471 = FACE_BOUND('',#9472,.T.);
#9472 = EDGE_LOOP('',(#9473,#9479,#9480,#9486));
#9473 = ORIENTED_EDGE('',*,*,#9474,.T.);
#9474 = EDGE_CURVE('',#4896,#5930,#9475,.T.);
#9475 = LINE('',#9476,#9477);
#9476 = CARTESIAN_POINT('',(2.675,-1.7,0.21));
#9477 = VECTOR('',#9478,1.);
#9478 = DIRECTION('',(1.,0.,0.));
#9479 = ORIENTED_EDGE('',*,*,#5929,.T.);
#9480 = ORIENTED_EDGE('',*,*,#9481,.F.);
#9481 = EDGE_CURVE('',#4904,#5922,#9482,.T.);
#9482 = LINE('',#9483,#9484);
#9483 = CARTESIAN_POINT('',(2.675,-0.51,0.21));
#9484 = VECTOR('',#9485,1.);
#9485 = DIRECTION('',(1.,0.,0.));
#9486 = ORIENTED_EDGE('',*,*,#4903,.F.);
#9487 = PLANE('',#9488);
#9488 = AXIS2_PLACEMENT_3D('',#9489,#9490,#9491);
#9489 = CARTESIAN_POINT('',(0.,-3.6,0.21));
#9490 = DIRECTION('',(0.,0.,-1.));
#9491 = DIRECTION('',(0.,1.,0.));
#9492 = ADVANCED_FACE('',(#9493),#9509,.F.);
#9493 = FACE_BOUND('',#9494,.T.);
#9494 = EDGE_LOOP('',(#9495,#9501,#9502,#9508));
#9495 = ORIENTED_EDGE('',*,*,#9496,.T.);
#9496 = EDGE_CURVE('',#5783,#9168,#9497,.T.);
#9497 = LINE('',#9498,#9499);
#9498 = CARTESIAN_POINT('',(3.175,-1.7,0.21));
#9499 = VECTOR('',#9500,1.);
#9500 = DIRECTION('',(1.,0.,0.));
#9501 = ORIENTED_EDGE('',*,*,#9197,.T.);
#9502 = ORIENTED_EDGE('',*,*,#9503,.F.);
#9503 = EDGE_CURVE('',#5791,#9190,#9504,.T.);
#9504 = LINE('',#9505,#9506);
#9505 = CARTESIAN_POINT('',(3.175,-0.51,0.21));
#9506 = VECTOR('',#9507,1.);
#9507 = DIRECTION('',(1.,0.,0.));
#9508 = ORIENTED_EDGE('',*,*,#5790,.F.);
#9509 = PLANE('',#9510);
#9510 = AXIS2_PLACEMENT_3D('',#9511,#9512,#9513);
#9511 = CARTESIAN_POINT('',(0.,-3.6,0.21));
#9512 = DIRECTION('',(0.,0.,-1.));
#9513 = DIRECTION('',(0.,1.,0.));
#9514 = ADVANCED_FACE('',(#9515),#9538,.F.);
#9515 = FACE_BOUND('',#9516,.T.);
#9516 = EDGE_LOOP('',(#9517,#9523,#9524,#9525,#9526,#9527,#9528,#9529,
    #9530,#9531,#9537));
#9517 = ORIENTED_EDGE('',*,*,#9518,.T.);
#9518 = EDGE_CURVE('',#9328,#6996,#9519,.T.);
#9519 = LINE('',#9520,#9521);
#9520 = CARTESIAN_POINT('',(3.675,-1.7,0.21));
#9521 = VECTOR('',#9522,1.);
#9522 = DIRECTION('',(1.,0.,0.));
#9523 = ORIENTED_EDGE('',*,*,#6995,.F.);
#9524 = ORIENTED_EDGE('',*,*,#6824,.F.);
#9525 = ORIENTED_EDGE('',*,*,#6937,.T.);
#9526 = ORIENTED_EDGE('',*,*,#6784,.T.);
#9527 = ORIENTED_EDGE('',*,*,#7027,.F.);
#9528 = ORIENTED_EDGE('',*,*,#7061,.T.);
#9529 = ORIENTED_EDGE('',*,*,#6589,.F.);
#9530 = ORIENTED_EDGE('',*,*,#6527,.T.);
#9531 = ORIENTED_EDGE('',*,*,#9532,.F.);
#9532 = EDGE_CURVE('',#9306,#6520,#9533,.T.);
#9533 = LINE('',#9534,#9535);
#9534 = CARTESIAN_POINT('',(3.675,-0.51,0.21));
#9535 = VECTOR('',#9536,1.);
#9536 = DIRECTION('',(1.,0.,0.));
#9537 = ORIENTED_EDGE('',*,*,#9335,.F.);
#9538 = PLANE('',#9539);
#9539 = AXIS2_PLACEMENT_3D('',#9540,#9541,#9542);
#9540 = CARTESIAN_POINT('',(0.,-3.6,0.21));
#9541 = DIRECTION('',(0.,0.,-1.));
#9542 = DIRECTION('',(0.,1.,0.));
#9543 = ADVANCED_FACE('',(#9544),#9562,.F.);
#9544 = FACE_BOUND('',#9545,.T.);
#9545 = EDGE_LOOP('',(#9546,#9547,#9548,#9556));
#9546 = ORIENTED_EDGE('',*,*,#9370,.T.);
#9547 = ORIENTED_EDGE('',*,*,#3258,.F.);
#9548 = ORIENTED_EDGE('',*,*,#9549,.F.);
#9549 = EDGE_CURVE('',#9550,#3259,#9552,.T.);
#9550 = VERTEX_POINT('',#9551);
#9551 = CARTESIAN_POINT('',(1.175,-0.51,4.336808689942E-16));
#9552 = LINE('',#9553,#9554);
#9553 = CARTESIAN_POINT('',(1.175,-0.51,4.336808689942E-16));
#9554 = VECTOR('',#9555,1.);
#9555 = DIRECTION('',(1.,0.,0.));
#9556 = ORIENTED_EDGE('',*,*,#9557,.T.);
#9557 = EDGE_CURVE('',#9550,#9371,#9558,.T.);
#9558 = LINE('',#9559,#9560);
#9559 = CARTESIAN_POINT('',(1.175,-0.51,4.336808689942E-16));
#9560 = VECTOR('',#9561,1.);
#9561 = DIRECTION('',(0.,0.,1.));
#9562 = PLANE('',#9563);
#9563 = AXIS2_PLACEMENT_3D('',#9564,#9565,#9566);
#9564 = CARTESIAN_POINT('',(0.8,-0.51,0.21));
#9565 = DIRECTION('',(0.,-1.,0.));
#9566 = DIRECTION('',(1.,0.,0.));
#9567 = ADVANCED_FACE('',(#9568),#9586,.F.);
#9568 = FACE_BOUND('',#9569,.T.);
#9569 = EDGE_LOOP('',(#9570,#9578,#9579,#9580));
#9570 = ORIENTED_EDGE('',*,*,#9571,.F.);
#9571 = EDGE_CURVE('',#6560,#9572,#9574,.T.);
#9572 = VERTEX_POINT('',#9573);
#9573 = CARTESIAN_POINT('',(1.025,-0.51,4.336808689942E-16));
#9574 = LINE('',#9575,#9576);
#9575 = CARTESIAN_POINT('',(0.8,-0.51,4.336808689942E-16));
#9576 = VECTOR('',#9577,1.);
#9577 = DIRECTION('',(1.,0.,0.));
#9578 = ORIENTED_EDGE('',*,*,#6559,.F.);
#9579 = ORIENTED_EDGE('',*,*,#9392,.T.);
#9580 = ORIENTED_EDGE('',*,*,#9581,.F.);
#9581 = EDGE_CURVE('',#9572,#9393,#9582,.T.);
#9582 = LINE('',#9583,#9584);
#9583 = CARTESIAN_POINT('',(1.025,-0.51,4.336808689942E-16));
#9584 = VECTOR('',#9585,1.);
#9585 = DIRECTION('',(0.,0.,1.));
#9586 = PLANE('',#9587);
#9587 = AXIS2_PLACEMENT_3D('',#9588,#9589,#9590);
#9588 = CARTESIAN_POINT('',(0.8,-0.51,0.21));
#9589 = DIRECTION('',(0.,-1.,0.));
#9590 = DIRECTION('',(1.,0.,0.));
#9591 = ADVANCED_FACE('',(#9592),#9603,.F.);
#9592 = FACE_BOUND('',#9593,.T.);
#9593 = EDGE_LOOP('',(#9594,#9595,#9596,#9602));
#9594 = ORIENTED_EDGE('',*,*,#9437,.T.);
#9595 = ORIENTED_EDGE('',*,*,#4145,.F.);
#9596 = ORIENTED_EDGE('',*,*,#9597,.F.);
#9597 = EDGE_CURVE('',#3138,#4146,#9598,.T.);
#9598 = LINE('',#9599,#9600);
#9599 = CARTESIAN_POINT('',(1.675,-0.51,4.336808689942E-16));
#9600 = VECTOR('',#9601,1.);
#9601 = DIRECTION('',(1.,0.,0.));
#9602 = ORIENTED_EDGE('',*,*,#3137,.T.);
#9603 = PLANE('',#9604);
#9604 = AXIS2_PLACEMENT_3D('',#9605,#9606,#9607);
#9605 = CARTESIAN_POINT('',(0.8,-0.51,0.21));
#9606 = DIRECTION('',(0.,-1.,0.));
#9607 = DIRECTION('',(1.,0.,0.));
#9608 = ADVANCED_FACE('',(#9609),#9620,.F.);
#9609 = FACE_BOUND('',#9610,.T.);
#9610 = EDGE_LOOP('',(#9611,#9612,#9613,#9619));
#9611 = ORIENTED_EDGE('',*,*,#9459,.T.);
#9612 = ORIENTED_EDGE('',*,*,#5032,.F.);
#9613 = ORIENTED_EDGE('',*,*,#9614,.F.);
#9614 = EDGE_CURVE('',#4025,#5033,#9615,.T.);
#9615 = LINE('',#9616,#9617);
#9616 = CARTESIAN_POINT('',(2.175,-0.51,4.336808689942E-16));
#9617 = VECTOR('',#9618,1.);
#9618 = DIRECTION('',(1.,0.,0.));
#9619 = ORIENTED_EDGE('',*,*,#4024,.T.);
#9620 = PLANE('',#9621);
#9621 = AXIS2_PLACEMENT_3D('',#9622,#9623,#9624);
#9622 = CARTESIAN_POINT('',(0.8,-0.51,0.21));
#9623 = DIRECTION('',(0.,-1.,0.));
#9624 = DIRECTION('',(1.,0.,0.));
#9625 = ADVANCED_FACE('',(#9626),#9637,.F.);
#9626 = FACE_BOUND('',#9627,.T.);
#9627 = EDGE_LOOP('',(#9628,#9629,#9630,#9636));
#9628 = ORIENTED_EDGE('',*,*,#9481,.T.);
#9629 = ORIENTED_EDGE('',*,*,#5919,.F.);
#9630 = ORIENTED_EDGE('',*,*,#9631,.F.);
#9631 = EDGE_CURVE('',#4912,#5920,#9632,.T.);
#9632 = LINE('',#9633,#9634);
#9633 = CARTESIAN_POINT('',(2.675,-0.51,4.336808689942E-16));
#9634 = VECTOR('',#9635,1.);
#9635 = DIRECTION('',(1.,0.,0.));
#9636 = ORIENTED_EDGE('',*,*,#4911,.T.);
#9637 = PLANE('',#9638);
#9638 = AXIS2_PLACEMENT_3D('',#9639,#9640,#9641);
#9639 = CARTESIAN_POINT('',(0.8,-0.51,0.21));
#9640 = DIRECTION('',(0.,-1.,0.));
#9641 = DIRECTION('',(1.,0.,0.));
#9642 = ADVANCED_FACE('',(#9643),#9654,.F.);
#9643 = FACE_BOUND('',#9644,.T.);
#9644 = EDGE_LOOP('',(#9645,#9646,#9647,#9653));
#9645 = ORIENTED_EDGE('',*,*,#9503,.T.);
#9646 = ORIENTED_EDGE('',*,*,#9189,.F.);
#9647 = ORIENTED_EDGE('',*,*,#9648,.F.);
#9648 = EDGE_CURVE('',#5799,#9182,#9649,.T.);
#9649 = LINE('',#9650,#9651);
#9650 = CARTESIAN_POINT('',(3.175,-0.51,4.336808689942E-16));
#9651 = VECTOR('',#9652,1.);
#9652 = DIRECTION('',(1.,0.,0.));
#9653 = ORIENTED_EDGE('',*,*,#5798,.T.);
#9654 = PLANE('',#9655);
#9655 = AXIS2_PLACEMENT_3D('',#9656,#9657,#9658);
#9656 = CARTESIAN_POINT('',(0.8,-0.51,0.21));
#9657 = DIRECTION('',(0.,-1.,0.));
#9658 = DIRECTION('',(1.,0.,0.));
#9659 = ADVANCED_FACE('',(#9660),#9671,.F.);
#9660 = FACE_BOUND('',#9661,.T.);
#9661 = EDGE_LOOP('',(#9662,#9663,#9669,#9670));
#9662 = ORIENTED_EDGE('',*,*,#6519,.T.);
#9663 = ORIENTED_EDGE('',*,*,#9664,.F.);
#9664 = EDGE_CURVE('',#9308,#6512,#9665,.T.);
#9665 = LINE('',#9666,#9667);
#9666 = CARTESIAN_POINT('',(3.675,-0.51,4.336808689942E-16));
#9667 = VECTOR('',#9668,1.);
#9668 = DIRECTION('',(1.,0.,0.));
#9669 = ORIENTED_EDGE('',*,*,#9305,.F.);
#9670 = ORIENTED_EDGE('',*,*,#9532,.T.);
#9671 = PLANE('',#9672);
#9672 = AXIS2_PLACEMENT_3D('',#9673,#9674,#9675);
#9673 = CARTESIAN_POINT('',(0.8,-0.51,0.21));
#9674 = DIRECTION('',(0.,-1.,0.));
#9675 = DIRECTION('',(1.,0.,0.));
#9676 = ADVANCED_FACE('',(#9677),#9689,.T.);
#9677 = FACE_BOUND('',#9678,.T.);
#9678 = EDGE_LOOP('',(#9679,#9680,#9681,#9687,#9688));
#9679 = ORIENTED_EDGE('',*,*,#817,.T.);
#9680 = ORIENTED_EDGE('',*,*,#778,.T.);
#9681 = ORIENTED_EDGE('',*,*,#9682,.F.);
#9682 = EDGE_CURVE('',#911,#771,#9683,.T.);
#9683 = LINE('',#9684,#9685);
#9684 = CARTESIAN_POINT('',(1.175,-1.7,0.66));
#9685 = VECTOR('',#9686,1.);
#9686 = DIRECTION('',(0.,0.,1.));
#9687 = ORIENTED_EDGE('',*,*,#910,.T.);
#9688 = ORIENTED_EDGE('',*,*,#8195,.T.);
#9689 = PLANE('',#9690);
#9690 = AXIS2_PLACEMENT_3D('',#9691,#9692,#9693);
#9691 = CARTESIAN_POINT('',(1.175,-3.6,-4.E-02));
#9692 = DIRECTION('',(1.,0.,0.));
#9693 = DIRECTION('',(-0.,1.,0.));
#9694 = ADVANCED_FACE('',(#9695),#9701,.T.);
#9695 = FACE_BOUND('',#9696,.T.);
#9696 = EDGE_LOOP('',(#9697,#9698,#9699,#9700));
#9697 = ORIENTED_EDGE('',*,*,#959,.T.);
#9698 = ORIENTED_EDGE('',*,*,#880,.T.);
#9699 = ORIENTED_EDGE('',*,*,#839,.T.);
#9700 = ORIENTED_EDGE('',*,*,#9035,.F.);
#9701 = PLANE('',#9702);
#9702 = AXIS2_PLACEMENT_3D('',#9703,#9704,#9705);
#9703 = CARTESIAN_POINT('',(1.175,-3.6,-4.E-02));
#9704 = DIRECTION('',(1.,0.,0.));
#9705 = DIRECTION('',(-0.,1.,0.));
#9706 = ADVANCED_FACE('',(#9707),#9713,.T.);
#9707 = FACE_BOUND('',#9708,.T.);
#9708 = EDGE_LOOP('',(#9709,#9710,#9711,#9712));
#9709 = ORIENTED_EDGE('',*,*,#2329,.T.);
#9710 = ORIENTED_EDGE('',*,*,#2361,.T.);
#9711 = ORIENTED_EDGE('',*,*,#2384,.T.);
#9712 = ORIENTED_EDGE('',*,*,#6068,.F.);
#9713 = PLANE('',#9714);
#9714 = AXIS2_PLACEMENT_3D('',#9715,#9716,#9717);
#9715 = CARTESIAN_POINT('',(1.175,-3.6,-4.E-02));
#9716 = DIRECTION('',(1.,0.,0.));
#9717 = DIRECTION('',(-0.,1.,0.));
#9718 = ADVANCED_FACE('',(#9719),#9726,.T.);
#9719 = FACE_BOUND('',#9720,.T.);
#9720 = EDGE_LOOP('',(#9721,#9722,#9723,#9724,#9725));
#9721 = ORIENTED_EDGE('',*,*,#1183,.T.);
#9722 = ORIENTED_EDGE('',*,*,#1215,.T.);
#9723 = ORIENTED_EDGE('',*,*,#1248,.T.);
#9724 = ORIENTED_EDGE('',*,*,#1287,.T.);
#9725 = ORIENTED_EDGE('',*,*,#6337,.T.);
#9726 = PLANE('',#9727);
#9727 = AXIS2_PLACEMENT_3D('',#9728,#9729,#9730);
#9728 = CARTESIAN_POINT('',(1.175,-3.6,-4.E-02));
#9729 = DIRECTION('',(1.,0.,0.));
#9730 = DIRECTION('',(-0.,1.,0.));
#9731 = ADVANCED_FACE('',(#9732),#9761,.T.);
#9732 = FACE_BOUND('',#9733,.T.);
#9733 = EDGE_LOOP('',(#9734,#9742,#9743,#9744,#9745,#9746,#9747,#9753,
    #9754,#9755));
#9734 = ORIENTED_EDGE('',*,*,#9735,.T.);
#9735 = EDGE_CURVE('',#9736,#380,#9738,.T.);
#9736 = VERTEX_POINT('',#9737);
#9737 = CARTESIAN_POINT('',(1.175,-0.55,4.336808689942E-16));
#9738 = LINE('',#9739,#9740);
#9739 = CARTESIAN_POINT('',(1.175,-0.55,4.336808689942E-16));
#9740 = VECTOR('',#9741,1.);
#9741 = DIRECTION('',(0.,0.,-1.));
#9742 = ORIENTED_EDGE('',*,*,#379,.T.);
#9743 = ORIENTED_EDGE('',*,*,#419,.T.);
#9744 = ORIENTED_EDGE('',*,*,#450,.T.);
#9745 = ORIENTED_EDGE('',*,*,#481,.T.);
#9746 = ORIENTED_EDGE('',*,*,#502,.T.);
#9747 = ORIENTED_EDGE('',*,*,#9748,.F.);
#9748 = EDGE_CURVE('',#9362,#503,#9749,.T.);
#9749 = LINE('',#9750,#9751);
#9750 = CARTESIAN_POINT('',(1.175,-1.7,0.21));
#9751 = VECTOR('',#9752,1.);
#9752 = DIRECTION('',(0.,0.,1.));
#9753 = ORIENTED_EDGE('',*,*,#9378,.T.);
#9754 = ORIENTED_EDGE('',*,*,#9557,.F.);
#9755 = ORIENTED_EDGE('',*,*,#9756,.F.);
#9756 = EDGE_CURVE('',#9736,#9550,#9757,.T.);
#9757 = LINE('',#9758,#9759);
#9758 = CARTESIAN_POINT('',(1.175,-0.55,4.336808689942E-16));
#9759 = VECTOR('',#9760,1.);
#9760 = DIRECTION('',(0.,1.,0.));
#9761 = PLANE('',#9762);
#9762 = AXIS2_PLACEMENT_3D('',#9763,#9764,#9765);
#9763 = CARTESIAN_POINT('',(1.175,-3.6,-4.E-02));
#9764 = DIRECTION('',(1.,0.,0.));
#9765 = DIRECTION('',(-0.,1.,0.));
#9766 = ADVANCED_FACE('',(#9767),#9785,.T.);
#9767 = FACE_BOUND('',#9768,.T.);
#9768 = EDGE_LOOP('',(#9769,#9777,#9778,#9779));
#9769 = ORIENTED_EDGE('',*,*,#9770,.T.);
#9770 = EDGE_CURVE('',#9771,#388,#9773,.T.);
#9771 = VERTEX_POINT('',#9772);
#9772 = CARTESIAN_POINT('',(1.025,-0.55,4.336808689942E-16));
#9773 = LINE('',#9774,#9775);
#9774 = CARTESIAN_POINT('',(1.025,-0.55,4.336808689942E-16));
#9775 = VECTOR('',#9776,1.);
#9776 = DIRECTION('',(0.,0.,-1.));
#9777 = ORIENTED_EDGE('',*,*,#387,.T.);
#9778 = ORIENTED_EDGE('',*,*,#9735,.F.);
#9779 = ORIENTED_EDGE('',*,*,#9780,.F.);
#9780 = EDGE_CURVE('',#9771,#9736,#9781,.T.);
#9781 = LINE('',#9782,#9783);
#9782 = CARTESIAN_POINT('',(1.025,-0.55,4.336808689942E-16));
#9783 = VECTOR('',#9784,1.);
#9784 = DIRECTION('',(1.,0.,0.));
#9785 = PLANE('',#9786);
#9786 = AXIS2_PLACEMENT_3D('',#9787,#9788,#9789);
#9787 = CARTESIAN_POINT('',(1.025,-0.55,9.E-02));
#9788 = DIRECTION('',(0.,-1.,0.));
#9789 = DIRECTION('',(0.,0.,-1.));
#9790 = ADVANCED_FACE('',(#9791),#9803,.F.);
#9791 = FACE_BOUND('',#9792,.T.);
#9792 = EDGE_LOOP('',(#9793,#9794,#9800,#9801,#9802));
#9793 = ORIENTED_EDGE('',*,*,#928,.F.);
#9794 = ORIENTED_EDGE('',*,*,#9795,.T.);
#9795 = EDGE_CURVE('',#921,#769,#9796,.T.);
#9796 = LINE('',#9797,#9798);
#9797 = CARTESIAN_POINT('',(1.025,-1.7,0.66));
#9798 = VECTOR('',#9799,1.);
#9799 = DIRECTION('',(0.,0.,1.));
#9800 = ORIENTED_EDGE('',*,*,#794,.F.);
#9801 = ORIENTED_EDGE('',*,*,#808,.F.);
#9802 = ORIENTED_EDGE('',*,*,#8202,.F.);
#9803 = PLANE('',#9804);
#9804 = AXIS2_PLACEMENT_3D('',#9805,#9806,#9807);
#9805 = CARTESIAN_POINT('',(1.025,-3.6,-4.E-02));
#9806 = DIRECTION('',(1.,0.,0.));
#9807 = DIRECTION('',(-0.,1.,0.));
#9808 = ADVANCED_FACE('',(#9809),#9815,.F.);
#9809 = FACE_BOUND('',#9810,.T.);
#9810 = EDGE_LOOP('',(#9811,#9812,#9813,#9814));
#9811 = ORIENTED_EDGE('',*,*,#857,.F.);
#9812 = ORIENTED_EDGE('',*,*,#896,.F.);
#9813 = ORIENTED_EDGE('',*,*,#950,.F.);
#9814 = ORIENTED_EDGE('',*,*,#9042,.T.);
#9815 = PLANE('',#9816);
#9816 = AXIS2_PLACEMENT_3D('',#9817,#9818,#9819);
#9817 = CARTESIAN_POINT('',(1.025,-3.6,-4.E-02));
#9818 = DIRECTION('',(1.,0.,0.));
#9819 = DIRECTION('',(-0.,1.,0.));
#9820 = ADVANCED_FACE('',(#9821),#9827,.F.);
#9821 = FACE_BOUND('',#9822,.T.);
#9822 = EDGE_LOOP('',(#9823,#9824,#9825,#9826));
#9823 = ORIENTED_EDGE('',*,*,#2393,.F.);
#9824 = ORIENTED_EDGE('',*,*,#2369,.F.);
#9825 = ORIENTED_EDGE('',*,*,#2311,.F.);
#9826 = ORIENTED_EDGE('',*,*,#6075,.T.);
#9827 = PLANE('',#9828);
#9828 = AXIS2_PLACEMENT_3D('',#9829,#9830,#9831);
#9829 = CARTESIAN_POINT('',(1.025,-3.6,-4.E-02));
#9830 = DIRECTION('',(1.,0.,0.));
#9831 = DIRECTION('',(-0.,1.,0.));
#9832 = ADVANCED_FACE('',(#9833),#9840,.F.);
#9833 = FACE_BOUND('',#9834,.T.);
#9834 = EDGE_LOOP('',(#9835,#9836,#9837,#9838,#9839));
#9835 = ORIENTED_EDGE('',*,*,#1279,.F.);
#9836 = ORIENTED_EDGE('',*,*,#1255,.F.);
#9837 = ORIENTED_EDGE('',*,*,#1223,.F.);
#9838 = ORIENTED_EDGE('',*,*,#1165,.F.);
#9839 = ORIENTED_EDGE('',*,*,#6344,.F.);
#9840 = PLANE('',#9841);
#9841 = AXIS2_PLACEMENT_3D('',#9842,#9843,#9844);
#9842 = CARTESIAN_POINT('',(1.025,-3.6,-4.E-02));
#9843 = DIRECTION('',(1.,0.,0.));
#9844 = DIRECTION('',(-0.,1.,0.));
#9845 = ADVANCED_FACE('',(#9846),#9868,.F.);
#9846 = FACE_BOUND('',#9847,.T.);
#9847 = EDGE_LOOP('',(#9848,#9849,#9850,#9856,#9857,#9858,#9859,#9860,
    #9861,#9862));
#9848 = ORIENTED_EDGE('',*,*,#9581,.T.);
#9849 = ORIENTED_EDGE('',*,*,#9416,.F.);
#9850 = ORIENTED_EDGE('',*,*,#9851,.T.);
#9851 = EDGE_CURVE('',#9409,#512,#9852,.T.);
#9852 = LINE('',#9853,#9854);
#9853 = CARTESIAN_POINT('',(1.025,-1.7,0.21));
#9854 = VECTOR('',#9855,1.);
#9855 = DIRECTION('',(0.,0.,1.));
#9856 = ORIENTED_EDGE('',*,*,#511,.F.);
#9857 = ORIENTED_EDGE('',*,*,#488,.F.);
#9858 = ORIENTED_EDGE('',*,*,#457,.F.);
#9859 = ORIENTED_EDGE('',*,*,#426,.F.);
#9860 = ORIENTED_EDGE('',*,*,#395,.F.);
#9861 = ORIENTED_EDGE('',*,*,#9770,.F.);
#9862 = ORIENTED_EDGE('',*,*,#9863,.T.);
#9863 = EDGE_CURVE('',#9771,#9572,#9864,.T.);
#9864 = LINE('',#9865,#9866);
#9865 = CARTESIAN_POINT('',(1.025,-0.55,4.336808689942E-16));
#9866 = VECTOR('',#9867,1.);
#9867 = DIRECTION('',(0.,1.,0.));
#9868 = PLANE('',#9869);
#9869 = AXIS2_PLACEMENT_3D('',#9870,#9871,#9872);
#9870 = CARTESIAN_POINT('',(1.025,-3.6,-4.E-02));
#9871 = DIRECTION('',(1.,0.,0.));
#9872 = DIRECTION('',(-0.,1.,0.));
#9873 = ADVANCED_FACE('',(#9874),#9924,.F.);
#9874 = FACE_BOUND('',#9875,.T.);
#9875 = EDGE_LOOP('',(#9876,#9877,#9878,#9879,#9880,#9881,#9882,#9883,
    #9884,#9885,#9886,#9887,#9888,#9889,#9890,#9891,#9892,#9893,#9894,
    #9895,#9896,#9897,#9898,#9899,#9900,#9901,#9907,#9908,#9909,#9910,
    #9911,#9912,#9913,#9914,#9920,#9921,#9922,#9923));
#9876 = ORIENTED_EDGE('',*,*,#9780,.T.);
#9877 = ORIENTED_EDGE('',*,*,#9756,.T.);
#9878 = ORIENTED_EDGE('',*,*,#9549,.T.);
#9879 = ORIENTED_EDGE('',*,*,#3288,.F.);
#9880 = ORIENTED_EDGE('',*,*,#3169,.T.);
#9881 = ORIENTED_EDGE('',*,*,#3145,.T.);
#9882 = ORIENTED_EDGE('',*,*,#9597,.T.);
#9883 = ORIENTED_EDGE('',*,*,#4175,.F.);
#9884 = ORIENTED_EDGE('',*,*,#4056,.T.);
#9885 = ORIENTED_EDGE('',*,*,#4032,.T.);
#9886 = ORIENTED_EDGE('',*,*,#9614,.T.);
#9887 = ORIENTED_EDGE('',*,*,#5062,.F.);
#9888 = ORIENTED_EDGE('',*,*,#4943,.T.);
#9889 = ORIENTED_EDGE('',*,*,#4919,.T.);
#9890 = ORIENTED_EDGE('',*,*,#9631,.T.);
#9891 = ORIENTED_EDGE('',*,*,#5949,.F.);
#9892 = ORIENTED_EDGE('',*,*,#5830,.T.);
#9893 = ORIENTED_EDGE('',*,*,#5806,.T.);
#9894 = ORIENTED_EDGE('',*,*,#9648,.T.);
#9895 = ORIENTED_EDGE('',*,*,#9181,.F.);
#9896 = ORIENTED_EDGE('',*,*,#746,.T.);
#9897 = ORIENTED_EDGE('',*,*,#9315,.T.);
#9898 = ORIENTED_EDGE('',*,*,#9664,.T.);
#9899 = ORIENTED_EDGE('',*,*,#6509,.F.);
#9900 = ORIENTED_EDGE('',*,*,#6621,.F.);
#9901 = ORIENTED_EDGE('',*,*,#9902,.T.);
#9902 = EDGE_CURVE('',#6614,#1574,#9903,.T.);
#9903 = LINE('',#9904,#9905);
#9904 = CARTESIAN_POINT('',(4.7,0.,4.336808689942E-16));
#9905 = VECTOR('',#9906,1.);
#9906 = DIRECTION('',(0.,-1.,0.));
#9907 = ORIENTED_EDGE('',*,*,#1571,.F.);
#9908 = ORIENTED_EDGE('',*,*,#1658,.T.);
#9909 = ORIENTED_EDGE('',*,*,#1674,.T.);
#9910 = ORIENTED_EDGE('',*,*,#1503,.T.);
#9911 = ORIENTED_EDGE('',*,*,#1472,.T.);
#9912 = ORIENTED_EDGE('',*,*,#1439,.T.);
#9913 = ORIENTED_EDGE('',*,*,#1551,.F.);
#9914 = ORIENTED_EDGE('',*,*,#9915,.T.);
#9915 = EDGE_CURVE('',#1544,#6637,#9916,.T.);
#9916 = LINE('',#9917,#9918);
#9917 = CARTESIAN_POINT('',(0.,-2.2,4.336808689942E-16));
#9918 = VECTOR('',#9919,1.);
#9919 = DIRECTION('',(0.,1.,0.));
#9920 = ORIENTED_EDGE('',*,*,#6636,.F.);
#9921 = ORIENTED_EDGE('',*,*,#6567,.T.);
#9922 = ORIENTED_EDGE('',*,*,#9571,.T.);
#9923 = ORIENTED_EDGE('',*,*,#9863,.F.);
#9924 = PLANE('',#9925);
#9925 = AXIS2_PLACEMENT_3D('',#9926,#9927,#9928);
#9926 = CARTESIAN_POINT('',(4.7,0.,4.336808689942E-16));
#9927 = DIRECTION('',(0.,0.,1.));
#9928 = DIRECTION('',(0.,-1.,0.));
#9929 = ADVANCED_FACE('',(#9930),#9966,.T.);
#9930 = FACE_BOUND('',#9931,.T.);
#9931 = EDGE_LOOP('',(#9932,#9933,#9934,#9942,#9950,#9958,#9964,#9965));
#9932 = ORIENTED_EDGE('',*,*,#6613,.T.);
#9933 = ORIENTED_EDGE('',*,*,#7296,.T.);
#9934 = ORIENTED_EDGE('',*,*,#9935,.T.);
#9935 = EDGE_CURVE('',#7289,#9936,#9938,.T.);
#9936 = VERTEX_POINT('',#9937);
#9937 = CARTESIAN_POINT('',(4.7,-3.15,0.64));
#9938 = LINE('',#9939,#9940);
#9939 = CARTESIAN_POINT('',(4.7,-3.15,0.96));
#9940 = VECTOR('',#9941,1.);
#9941 = DIRECTION('',(0.,0.,-1.));
#9942 = ORIENTED_EDGE('',*,*,#9943,.F.);
#9943 = EDGE_CURVE('',#9944,#9936,#9946,.T.);
#9944 = VERTEX_POINT('',#9945);
#9945 = CARTESIAN_POINT('',(4.7,-2.621585237505,0.27));
#9946 = LINE('',#9947,#9948);
#9947 = CARTESIAN_POINT('',(4.7,-2.621585237505,0.27));
#9948 = VECTOR('',#9949,1.);
#9949 = DIRECTION('',(0.,-0.819152044289,0.573576436351));
#9950 = ORIENTED_EDGE('',*,*,#9951,.F.);
#9951 = EDGE_CURVE('',#9952,#9944,#9954,.T.);
#9952 = VERTEX_POINT('',#9953);
#9953 = CARTESIAN_POINT('',(4.7,-2.621585237505,7.E-02));
#9954 = LINE('',#9955,#9956);
#9955 = CARTESIAN_POINT('',(4.7,-2.621585237505,7.E-02));
#9956 = VECTOR('',#9957,1.);
#9957 = DIRECTION('',(0.,0.,1.));
#9958 = ORIENTED_EDGE('',*,*,#9959,.F.);
#9959 = EDGE_CURVE('',#1582,#9952,#9960,.T.);
#9960 = LINE('',#9961,#9962);
#9961 = CARTESIAN_POINT('',(4.7,-2.27,7.E-02));
#9962 = VECTOR('',#9963,1.);
#9963 = DIRECTION('',(0.,-1.,0.));
#9964 = ORIENTED_EDGE('',*,*,#1581,.F.);
#9965 = ORIENTED_EDGE('',*,*,#9902,.F.);
#9966 = PLANE('',#9967);
#9967 = AXIS2_PLACEMENT_3D('',#9968,#9969,#9970);
#9968 = CARTESIAN_POINT('',(4.7,-3.6,-4.E-02));
#9969 = DIRECTION('',(1.,0.,0.));
#9970 = DIRECTION('',(-0.,1.,0.));
#9971 = ADVANCED_FACE('',(#9972),#10006,.T.);
#9972 = FACE_BOUND('',#9973,.T.);
#9973 = EDGE_LOOP('',(#9974,#9984,#9992,#10000));
#9974 = ORIENTED_EDGE('',*,*,#9975,.T.);
#9975 = EDGE_CURVE('',#9976,#9978,#9980,.T.);
#9976 = VERTEX_POINT('',#9977);
#9977 = CARTESIAN_POINT('',(4.315,-3.35,0.43));
#9978 = VERTEX_POINT('',#9979);
#9979 = CARTESIAN_POINT('',(4.465,-3.35,0.43));
#9980 = LINE('',#9981,#9982);
#9981 = CARTESIAN_POINT('',(4.315,-3.35,0.43));
#9982 = VECTOR('',#9983,1.);
#9983 = DIRECTION('',(1.,0.,0.));
#9984 = ORIENTED_EDGE('',*,*,#9985,.F.);
#9985 = EDGE_CURVE('',#9986,#9978,#9988,.T.);
#9986 = VERTEX_POINT('',#9987);
#9987 = CARTESIAN_POINT('',(4.465,-3.35,0.78));
#9988 = LINE('',#9989,#9990);
#9989 = CARTESIAN_POINT('',(4.465,-3.35,0.78));
#9990 = VECTOR('',#9991,1.);
#9991 = DIRECTION('',(0.,0.,-1.));
#9992 = ORIENTED_EDGE('',*,*,#9993,.F.);
#9993 = EDGE_CURVE('',#9994,#9986,#9996,.T.);
#9994 = VERTEX_POINT('',#9995);
#9995 = CARTESIAN_POINT('',(4.315,-3.35,0.78));
#9996 = LINE('',#9997,#9998);
#9997 = CARTESIAN_POINT('',(4.315,-3.35,0.78));
#9998 = VECTOR('',#9999,1.);
#9999 = DIRECTION('',(1.,0.,0.));
#10000 = ORIENTED_EDGE('',*,*,#10001,.T.);
#10001 = EDGE_CURVE('',#9994,#9976,#10002,.T.);
#10002 = LINE('',#10003,#10004);
#10003 = CARTESIAN_POINT('',(4.315,-3.35,0.78));
#10004 = VECTOR('',#10005,1.);
#10005 = DIRECTION('',(0.,0.,-1.));
#10006 = PLANE('',#10007);
#10007 = AXIS2_PLACEMENT_3D('',#10008,#10009,#10010);
#10008 = CARTESIAN_POINT('',(4.315,-3.35,0.78));
#10009 = DIRECTION('',(0.,-1.,0.));
#10010 = DIRECTION('',(0.,0.,-1.));
#10011 = ADVANCED_FACE('',(#10012),#10037,.T.);
#10012 = FACE_BOUND('',#10013,.T.);
#10013 = EDGE_LOOP('',(#10014,#10024,#10030,#10031));
#10014 = ORIENTED_EDGE('',*,*,#10015,.T.);
#10015 = EDGE_CURVE('',#10016,#10018,#10020,.T.);
#10016 = VERTEX_POINT('',#10017);
#10017 = CARTESIAN_POINT('',(4.315,-3.4,0.43));
#10018 = VERTEX_POINT('',#10019);
#10019 = CARTESIAN_POINT('',(4.465,-3.4,0.43));
#10020 = LINE('',#10021,#10022);
#10021 = CARTESIAN_POINT('',(4.315,-3.4,0.43));
#10022 = VECTOR('',#10023,1.);
#10023 = DIRECTION('',(1.,0.,0.));
#10024 = ORIENTED_EDGE('',*,*,#10025,.F.);
#10025 = EDGE_CURVE('',#9978,#10018,#10026,.T.);
#10026 = LINE('',#10027,#10028);
#10027 = CARTESIAN_POINT('',(4.465,-3.35,0.43));
#10028 = VECTOR('',#10029,1.);
#10029 = DIRECTION('',(0.,-1.,0.));
#10030 = ORIENTED_EDGE('',*,*,#9975,.F.);
#10031 = ORIENTED_EDGE('',*,*,#10032,.T.);
#10032 = EDGE_CURVE('',#9976,#10016,#10033,.T.);
#10033 = LINE('',#10034,#10035);
#10034 = CARTESIAN_POINT('',(4.315,-3.35,0.43));
#10035 = VECTOR('',#10036,1.);
#10036 = DIRECTION('',(0.,-1.,0.));
#10037 = PLANE('',#10038);
#10038 = AXIS2_PLACEMENT_3D('',#10039,#10040,#10041);
#10039 = CARTESIAN_POINT('',(4.315,-3.35,0.43));
#10040 = DIRECTION('',(0.,0.,1.));
#10041 = DIRECTION('',(0.,-1.,0.));
#10042 = ADVANCED_FACE('',(#10043),#10068,.T.);
#10043 = FACE_BOUND('',#10044,.T.);
#10044 = EDGE_LOOP('',(#10045,#10055,#10061,#10062));
#10045 = ORIENTED_EDGE('',*,*,#10046,.T.);
#10046 = EDGE_CURVE('',#10047,#10049,#10051,.T.);
#10047 = VERTEX_POINT('',#10048);
#10048 = CARTESIAN_POINT('',(4.315,-3.4,0.23));
#10049 = VERTEX_POINT('',#10050);
#10050 = CARTESIAN_POINT('',(4.465,-3.4,0.23));
#10051 = LINE('',#10052,#10053);
#10052 = CARTESIAN_POINT('',(4.315,-3.4,0.23));
#10053 = VECTOR('',#10054,1.);
#10054 = DIRECTION('',(1.,0.,0.));
#10055 = ORIENTED_EDGE('',*,*,#10056,.F.);
#10056 = EDGE_CURVE('',#10018,#10049,#10057,.T.);
#10057 = LINE('',#10058,#10059);
#10058 = CARTESIAN_POINT('',(4.465,-3.4,0.43));
#10059 = VECTOR('',#10060,1.);
#10060 = DIRECTION('',(0.,0.,-1.));
#10061 = ORIENTED_EDGE('',*,*,#10015,.F.);
#10062 = ORIENTED_EDGE('',*,*,#10063,.T.);
#10063 = EDGE_CURVE('',#10016,#10047,#10064,.T.);
#10064 = LINE('',#10065,#10066);
#10065 = CARTESIAN_POINT('',(4.315,-3.4,0.43));
#10066 = VECTOR('',#10067,1.);
#10067 = DIRECTION('',(0.,0.,-1.));
#10068 = PLANE('',#10069);
#10069 = AXIS2_PLACEMENT_3D('',#10070,#10071,#10072);
#10070 = CARTESIAN_POINT('',(4.315,-3.4,0.43));
#10071 = DIRECTION('',(0.,-1.,0.));
#10072 = DIRECTION('',(0.,0.,-1.));
#10073 = ADVANCED_FACE('',(#10074),#10099,.T.);
#10074 = FACE_BOUND('',#10075,.T.);
#10075 = EDGE_LOOP('',(#10076,#10086,#10092,#10093));
#10076 = ORIENTED_EDGE('',*,*,#10077,.T.);
#10077 = EDGE_CURVE('',#10078,#10080,#10082,.T.);
#10078 = VERTEX_POINT('',#10079);
#10079 = CARTESIAN_POINT('',(4.315,-3.35,0.23));
#10080 = VERTEX_POINT('',#10081);
#10081 = CARTESIAN_POINT('',(4.465,-3.35,0.23));
#10082 = LINE('',#10083,#10084);
#10083 = CARTESIAN_POINT('',(4.315,-3.35,0.23));
#10084 = VECTOR('',#10085,1.);
#10085 = DIRECTION('',(1.,0.,0.));
#10086 = ORIENTED_EDGE('',*,*,#10087,.F.);
#10087 = EDGE_CURVE('',#10049,#10080,#10088,.T.);
#10088 = LINE('',#10089,#10090);
#10089 = CARTESIAN_POINT('',(4.465,-3.4,0.23));
#10090 = VECTOR('',#10091,1.);
#10091 = DIRECTION('',(0.,1.,0.));
#10092 = ORIENTED_EDGE('',*,*,#10046,.F.);
#10093 = ORIENTED_EDGE('',*,*,#10094,.T.);
#10094 = EDGE_CURVE('',#10047,#10078,#10095,.T.);
#10095 = LINE('',#10096,#10097);
#10096 = CARTESIAN_POINT('',(4.315,-3.4,0.23));
#10097 = VECTOR('',#10098,1.);
#10098 = DIRECTION('',(0.,1.,0.));
#10099 = PLANE('',#10100);
#10100 = AXIS2_PLACEMENT_3D('',#10101,#10102,#10103);
#10101 = CARTESIAN_POINT('',(4.315,-3.4,0.23));
#10102 = DIRECTION('',(0.,0.,-1.));
#10103 = DIRECTION('',(0.,1.,0.));
#10104 = ADVANCED_FACE('',(#10105),#10130,.T.);
#10105 = FACE_BOUND('',#10106,.T.);
#10106 = EDGE_LOOP('',(#10107,#10117,#10123,#10124));
#10107 = ORIENTED_EDGE('',*,*,#10108,.T.);
#10108 = EDGE_CURVE('',#10109,#10111,#10113,.T.);
#10109 = VERTEX_POINT('',#10110);
#10110 = CARTESIAN_POINT('',(4.315,-3.35,-6.E-02));
#10111 = VERTEX_POINT('',#10112);
#10112 = CARTESIAN_POINT('',(4.465,-3.35,-6.E-02));
#10113 = LINE('',#10114,#10115);
#10114 = CARTESIAN_POINT('',(4.315,-3.35,-6.E-02));
#10115 = VECTOR('',#10116,1.);
#10116 = DIRECTION('',(1.,0.,0.));
#10117 = ORIENTED_EDGE('',*,*,#10118,.F.);
#10118 = EDGE_CURVE('',#10080,#10111,#10119,.T.);
#10119 = LINE('',#10120,#10121);
#10120 = CARTESIAN_POINT('',(4.465,-3.35,0.23));
#10121 = VECTOR('',#10122,1.);
#10122 = DIRECTION('',(0.,0.,-1.));
#10123 = ORIENTED_EDGE('',*,*,#10077,.F.);
#10124 = ORIENTED_EDGE('',*,*,#10125,.T.);
#10125 = EDGE_CURVE('',#10078,#10109,#10126,.T.);
#10126 = LINE('',#10127,#10128);
#10127 = CARTESIAN_POINT('',(4.315,-3.35,0.23));
#10128 = VECTOR('',#10129,1.);
#10129 = DIRECTION('',(0.,0.,-1.));
#10130 = PLANE('',#10131);
#10131 = AXIS2_PLACEMENT_3D('',#10132,#10133,#10134);
#10132 = CARTESIAN_POINT('',(4.315,-3.35,0.23));
#10133 = DIRECTION('',(0.,-1.,0.));
#10134 = DIRECTION('',(0.,0.,-1.));
#10135 = ADVANCED_FACE('',(#10136),#10161,.T.);
#10136 = FACE_BOUND('',#10137,.T.);
#10137 = EDGE_LOOP('',(#10138,#10148,#10154,#10155));
#10138 = ORIENTED_EDGE('',*,*,#10139,.T.);
#10139 = EDGE_CURVE('',#10140,#10142,#10144,.T.);
#10140 = VERTEX_POINT('',#10141);
#10141 = CARTESIAN_POINT('',(4.315,-2.55,-6.E-02));
#10142 = VERTEX_POINT('',#10143);
#10143 = CARTESIAN_POINT('',(4.465,-2.55,-6.E-02));
#10144 = LINE('',#10145,#10146);
#10145 = CARTESIAN_POINT('',(4.315,-2.55,-6.E-02));
#10146 = VECTOR('',#10147,1.);
#10147 = DIRECTION('',(1.,0.,0.));
#10148 = ORIENTED_EDGE('',*,*,#10149,.F.);
#10149 = EDGE_CURVE('',#10111,#10142,#10150,.T.);
#10150 = LINE('',#10151,#10152);
#10151 = CARTESIAN_POINT('',(4.465,-3.35,-6.E-02));
#10152 = VECTOR('',#10153,1.);
#10153 = DIRECTION('',(0.,1.,0.));
#10154 = ORIENTED_EDGE('',*,*,#10108,.F.);
#10155 = ORIENTED_EDGE('',*,*,#10156,.T.);
#10156 = EDGE_CURVE('',#10109,#10140,#10157,.T.);
#10157 = LINE('',#10158,#10159);
#10158 = CARTESIAN_POINT('',(4.315,-3.35,-6.E-02));
#10159 = VECTOR('',#10160,1.);
#10160 = DIRECTION('',(0.,1.,0.));
#10161 = PLANE('',#10162);
#10162 = AXIS2_PLACEMENT_3D('',#10163,#10164,#10165);
#10163 = CARTESIAN_POINT('',(4.315,-3.35,-6.E-02));
#10164 = DIRECTION('',(0.,0.,-1.));
#10165 = DIRECTION('',(0.,1.,0.));
#10166 = ADVANCED_FACE('',(#10167),#10192,.T.);
#10167 = FACE_BOUND('',#10168,.T.);
#10168 = EDGE_LOOP('',(#10169,#10177,#10178,#10186));
#10169 = ORIENTED_EDGE('',*,*,#10170,.F.);
#10170 = EDGE_CURVE('',#10142,#10171,#10173,.T.);
#10171 = VERTEX_POINT('',#10172);
#10172 = CARTESIAN_POINT('',(4.465,-2.55,7.E-02));
#10173 = LINE('',#10174,#10175);
#10174 = CARTESIAN_POINT('',(4.465,-2.55,-6.E-02));
#10175 = VECTOR('',#10176,1.);
#10176 = DIRECTION('',(0.,0.,1.));
#10177 = ORIENTED_EDGE('',*,*,#10139,.F.);
#10178 = ORIENTED_EDGE('',*,*,#10179,.T.);
#10179 = EDGE_CURVE('',#10140,#10180,#10182,.T.);
#10180 = VERTEX_POINT('',#10181);
#10181 = CARTESIAN_POINT('',(4.315,-2.55,7.E-02));
#10182 = LINE('',#10183,#10184);
#10183 = CARTESIAN_POINT('',(4.315,-2.55,-6.E-02));
#10184 = VECTOR('',#10185,1.);
#10185 = DIRECTION('',(0.,0.,1.));
#10186 = ORIENTED_EDGE('',*,*,#10187,.T.);
#10187 = EDGE_CURVE('',#10180,#10171,#10188,.T.);
#10188 = LINE('',#10189,#10190);
#10189 = CARTESIAN_POINT('',(4.315,-2.55,7.E-02));
#10190 = VECTOR('',#10191,1.);
#10191 = DIRECTION('',(1.,0.,0.));
#10192 = PLANE('',#10193);
#10193 = AXIS2_PLACEMENT_3D('',#10194,#10195,#10196);
#10194 = CARTESIAN_POINT('',(4.315,-2.55,-6.E-02));
#10195 = DIRECTION('',(0.,1.,0.));
#10196 = DIRECTION('',(0.,-0.,1.));
#10197 = ADVANCED_FACE('',(#10198),#10234,.F.);
#10198 = FACE_BOUND('',#10199,.T.);
#10199 = EDGE_LOOP('',(#10200,#10208,#10209,#10210,#10211,#10212,#10213,
    #10221,#10227,#10228));
#10200 = ORIENTED_EDGE('',*,*,#10201,.T.);
#10201 = EDGE_CURVE('',#10202,#6461,#10204,.T.);
#10202 = VERTEX_POINT('',#10203);
#10203 = CARTESIAN_POINT('',(4.315,-2.621585237505,7.E-02));
#10204 = LINE('',#10205,#10206);
#10205 = CARTESIAN_POINT('',(4.315,-2.621585237505,7.E-02));
#10206 = VECTOR('',#10207,1.);
#10207 = DIRECTION('',(-1.,0.,0.));
#10208 = ORIENTED_EDGE('',*,*,#6495,.F.);
#10209 = ORIENTED_EDGE('',*,*,#6436,.T.);
#10210 = ORIENTED_EDGE('',*,*,#1620,.T.);
#10211 = ORIENTED_EDGE('',*,*,#1589,.T.);
#10212 = ORIENTED_EDGE('',*,*,#9959,.T.);
#10213 = ORIENTED_EDGE('',*,*,#10214,.T.);
#10214 = EDGE_CURVE('',#9952,#10215,#10217,.T.);
#10215 = VERTEX_POINT('',#10216);
#10216 = CARTESIAN_POINT('',(4.465,-2.621585237505,7.E-02));
#10217 = LINE('',#10218,#10219);
#10218 = CARTESIAN_POINT('',(4.7,-2.621585237505,7.E-02));
#10219 = VECTOR('',#10220,1.);
#10220 = DIRECTION('',(-1.,0.,0.));
#10221 = ORIENTED_EDGE('',*,*,#10222,.F.);
#10222 = EDGE_CURVE('',#10171,#10215,#10223,.T.);
#10223 = LINE('',#10224,#10225);
#10224 = CARTESIAN_POINT('',(4.465,-2.55,7.E-02));
#10225 = VECTOR('',#10226,1.);
#10226 = DIRECTION('',(0.,-1.,0.));
#10227 = ORIENTED_EDGE('',*,*,#10187,.F.);
#10228 = ORIENTED_EDGE('',*,*,#10229,.T.);
#10229 = EDGE_CURVE('',#10180,#10202,#10230,.T.);
#10230 = LINE('',#10231,#10232);
#10231 = CARTESIAN_POINT('',(4.315,-2.55,7.E-02));
#10232 = VECTOR('',#10233,1.);
#10233 = DIRECTION('',(0.,-1.,0.));
#10234 = PLANE('',#10235);
#10235 = AXIS2_PLACEMENT_3D('',#10236,#10237,#10238);
#10236 = CARTESIAN_POINT('',(4.7,-2.27,7.E-02));
#10237 = DIRECTION('',(0.,0.,1.));
#10238 = DIRECTION('',(0.,-1.,0.));
#10239 = ADVANCED_FACE('',(#10240),#10258,.F.);
#10240 = FACE_BOUND('',#10241,.T.);
#10241 = EDGE_LOOP('',(#10242,#10243,#10244,#10252));
#10242 = ORIENTED_EDGE('',*,*,#10214,.F.);
#10243 = ORIENTED_EDGE('',*,*,#9951,.T.);
#10244 = ORIENTED_EDGE('',*,*,#10245,.T.);
#10245 = EDGE_CURVE('',#9944,#10246,#10248,.T.);
#10246 = VERTEX_POINT('',#10247);
#10247 = CARTESIAN_POINT('',(4.465,-2.621585237505,0.27));
#10248 = LINE('',#10249,#10250);
#10249 = CARTESIAN_POINT('',(4.7,-2.621585237505,0.27));
#10250 = VECTOR('',#10251,1.);
#10251 = DIRECTION('',(-1.,0.,0.));
#10252 = ORIENTED_EDGE('',*,*,#10253,.F.);
#10253 = EDGE_CURVE('',#10215,#10246,#10254,.T.);
#10254 = LINE('',#10255,#10256);
#10255 = CARTESIAN_POINT('',(4.465,-2.621585237505,7.E-02));
#10256 = VECTOR('',#10257,1.);
#10257 = DIRECTION('',(0.,0.,1.));
#10258 = PLANE('',#10259);
#10259 = AXIS2_PLACEMENT_3D('',#10260,#10261,#10262);
#10260 = CARTESIAN_POINT('',(4.7,-2.621585237505,7.E-02));
#10261 = DIRECTION('',(0.,1.,0.));
#10262 = DIRECTION('',(0.,-0.,1.));
#10263 = ADVANCED_FACE('',(#10264),#10282,.F.);
#10264 = FACE_BOUND('',#10265,.T.);
#10265 = EDGE_LOOP('',(#10266,#10274,#10275,#10276));
#10266 = ORIENTED_EDGE('',*,*,#10267,.T.);
#10267 = EDGE_CURVE('',#10268,#6463,#10270,.T.);
#10268 = VERTEX_POINT('',#10269);
#10269 = CARTESIAN_POINT('',(4.315,-2.621585237505,0.27));
#10270 = LINE('',#10271,#10272);
#10271 = CARTESIAN_POINT('',(4.315,-2.621585237505,0.27));
#10272 = VECTOR('',#10273,1.);
#10273 = DIRECTION('',(-1.,0.,0.));
#10274 = ORIENTED_EDGE('',*,*,#6460,.F.);
#10275 = ORIENTED_EDGE('',*,*,#10201,.F.);
#10276 = ORIENTED_EDGE('',*,*,#10277,.T.);
#10277 = EDGE_CURVE('',#10202,#10268,#10278,.T.);
#10278 = LINE('',#10279,#10280);
#10279 = CARTESIAN_POINT('',(4.315,-2.621585237505,7.E-02));
#10280 = VECTOR('',#10281,1.);
#10281 = DIRECTION('',(0.,0.,1.));
#10282 = PLANE('',#10283);
#10283 = AXIS2_PLACEMENT_3D('',#10284,#10285,#10286);
#10284 = CARTESIAN_POINT('',(4.7,-2.621585237505,7.E-02));
#10285 = DIRECTION('',(0.,1.,0.));
#10286 = DIRECTION('',(0.,-0.,1.));
#10287 = ADVANCED_FACE('',(#10288),#10306,.F.);
#10288 = FACE_BOUND('',#10289,.T.);
#10289 = EDGE_LOOP('',(#10290,#10291,#10292,#10300));
#10290 = ORIENTED_EDGE('',*,*,#10245,.F.);
#10291 = ORIENTED_EDGE('',*,*,#9943,.T.);
#10292 = ORIENTED_EDGE('',*,*,#10293,.T.);
#10293 = EDGE_CURVE('',#9936,#10294,#10296,.T.);
#10294 = VERTEX_POINT('',#10295);
#10295 = CARTESIAN_POINT('',(4.465,-3.15,0.64));
#10296 = LINE('',#10297,#10298);
#10297 = CARTESIAN_POINT('',(4.7,-3.15,0.64));
#10298 = VECTOR('',#10299,1.);
#10299 = DIRECTION('',(-1.,0.,0.));
#10300 = ORIENTED_EDGE('',*,*,#10301,.F.);
#10301 = EDGE_CURVE('',#10246,#10294,#10302,.T.);
#10302 = LINE('',#10303,#10304);
#10303 = CARTESIAN_POINT('',(4.465,-2.621585237505,0.27));
#10304 = VECTOR('',#10305,1.);
#10305 = DIRECTION('',(0.,-0.819152044289,0.573576436351));
#10306 = PLANE('',#10307);
#10307 = AXIS2_PLACEMENT_3D('',#10308,#10309,#10310);
#10308 = CARTESIAN_POINT('',(4.7,-2.621585237505,0.27));
#10309 = DIRECTION('',(0.,0.573576436351,0.819152044289));
#10310 = DIRECTION('',(0.,-0.819152044289,0.573576436351));
#10311 = ADVANCED_FACE('',(#10312),#10330,.F.);
#10312 = FACE_BOUND('',#10313,.T.);
#10313 = EDGE_LOOP('',(#10314,#10322,#10323,#10324));
#10314 = ORIENTED_EDGE('',*,*,#10315,.T.);
#10315 = EDGE_CURVE('',#10316,#6471,#10318,.T.);
#10316 = VERTEX_POINT('',#10317);
#10317 = CARTESIAN_POINT('',(4.315,-3.15,0.64));
#10318 = LINE('',#10319,#10320);
#10319 = CARTESIAN_POINT('',(4.315,-3.15,0.64));
#10320 = VECTOR('',#10321,1.);
#10321 = DIRECTION('',(-1.,0.,0.));
#10322 = ORIENTED_EDGE('',*,*,#6470,.F.);
#10323 = ORIENTED_EDGE('',*,*,#10267,.F.);
#10324 = ORIENTED_EDGE('',*,*,#10325,.T.);
#10325 = EDGE_CURVE('',#10268,#10316,#10326,.T.);
#10326 = LINE('',#10327,#10328);
#10327 = CARTESIAN_POINT('',(4.315,-2.621585237505,0.27));
#10328 = VECTOR('',#10329,1.);
#10329 = DIRECTION('',(0.,-0.819152044289,0.573576436351));
#10330 = PLANE('',#10331);
#10331 = AXIS2_PLACEMENT_3D('',#10332,#10333,#10334);
#10332 = CARTESIAN_POINT('',(4.7,-2.621585237505,0.27));
#10333 = DIRECTION('',(0.,0.573576436351,0.819152044289));
#10334 = DIRECTION('',(0.,-0.819152044289,0.573576436351));
#10335 = ADVANCED_FACE('',(#10336),#10365,.F.);
#10336 = FACE_BOUND('',#10337,.T.);
#10337 = EDGE_LOOP('',(#10338,#10348,#10354,#10355,#10356,#10357,#10358,
    #10359));
#10338 = ORIENTED_EDGE('',*,*,#10339,.T.);
#10339 = EDGE_CURVE('',#10340,#10342,#10344,.T.);
#10340 = VERTEX_POINT('',#10341);
#10341 = CARTESIAN_POINT('',(4.315,-3.15,0.78));
#10342 = VERTEX_POINT('',#10343);
#10343 = CARTESIAN_POINT('',(4.465,-3.15,0.78));
#10344 = LINE('',#10345,#10346);
#10345 = CARTESIAN_POINT('',(4.315,-3.15,0.78));
#10346 = VECTOR('',#10347,1.);
#10347 = DIRECTION('',(1.,0.,0.));
#10348 = ORIENTED_EDGE('',*,*,#10349,.F.);
#10349 = EDGE_CURVE('',#10294,#10342,#10350,.T.);
#10350 = LINE('',#10351,#10352);
#10351 = CARTESIAN_POINT('',(4.465,-3.15,0.64));
#10352 = VECTOR('',#10353,1.);
#10353 = DIRECTION('',(0.,0.,1.));
#10354 = ORIENTED_EDGE('',*,*,#10293,.F.);
#10355 = ORIENTED_EDGE('',*,*,#9935,.F.);
#10356 = ORIENTED_EDGE('',*,*,#7288,.T.);
#10357 = ORIENTED_EDGE('',*,*,#6478,.F.);
#10358 = ORIENTED_EDGE('',*,*,#10315,.F.);
#10359 = ORIENTED_EDGE('',*,*,#10360,.T.);
#10360 = EDGE_CURVE('',#10316,#10340,#10361,.T.);
#10361 = LINE('',#10362,#10363);
#10362 = CARTESIAN_POINT('',(4.315,-3.15,0.64));
#10363 = VECTOR('',#10364,1.);
#10364 = DIRECTION('',(0.,0.,1.));
#10365 = PLANE('',#10366);
#10366 = AXIS2_PLACEMENT_3D('',#10367,#10368,#10369);
#10367 = CARTESIAN_POINT('',(4.7,-3.15,0.64));
#10368 = DIRECTION('',(0.,1.,0.));
#10369 = DIRECTION('',(0.,-0.,1.));
#10370 = ADVANCED_FACE('',(#10371),#10405,.T.);
#10371 = FACE_BOUND('',#10372,.T.);
#10372 = EDGE_LOOP('',(#10373,#10383,#10391,#10399));
#10373 = ORIENTED_EDGE('',*,*,#10374,.T.);
#10374 = EDGE_CURVE('',#10375,#10377,#10379,.T.);
#10375 = VERTEX_POINT('',#10376);
#10376 = CARTESIAN_POINT('',(4.315,-1.29,0.54));
#10377 = VERTEX_POINT('',#10378);
#10378 = CARTESIAN_POINT('',(4.465,-1.29,0.54));
#10379 = LINE('',#10380,#10381);
#10380 = CARTESIAN_POINT('',(4.315,-1.29,0.54));
#10381 = VECTOR('',#10382,1.);
#10382 = DIRECTION('',(1.,0.,0.));
#10383 = ORIENTED_EDGE('',*,*,#10384,.F.);
#10384 = EDGE_CURVE('',#10385,#10377,#10387,.T.);
#10385 = VERTEX_POINT('',#10386);
#10386 = CARTESIAN_POINT('',(4.465,-1.29,0.22));
#10387 = LINE('',#10388,#10389);
#10388 = CARTESIAN_POINT('',(4.465,-1.29,0.22));
#10389 = VECTOR('',#10390,1.);
#10390 = DIRECTION('',(0.,0.,1.));
#10391 = ORIENTED_EDGE('',*,*,#10392,.F.);
#10392 = EDGE_CURVE('',#10393,#10385,#10395,.T.);
#10393 = VERTEX_POINT('',#10394);
#10394 = CARTESIAN_POINT('',(4.315,-1.29,0.22));
#10395 = LINE('',#10396,#10397);
#10396 = CARTESIAN_POINT('',(4.315,-1.29,0.22));
#10397 = VECTOR('',#10398,1.);
#10398 = DIRECTION('',(1.,0.,0.));
#10399 = ORIENTED_EDGE('',*,*,#10400,.T.);
#10400 = EDGE_CURVE('',#10393,#10375,#10401,.T.);
#10401 = LINE('',#10402,#10403);
#10402 = CARTESIAN_POINT('',(4.315,-1.29,0.22));
#10403 = VECTOR('',#10404,1.);
#10404 = DIRECTION('',(0.,0.,1.));
#10405 = PLANE('',#10406);
#10406 = AXIS2_PLACEMENT_3D('',#10407,#10408,#10409);
#10407 = CARTESIAN_POINT('',(4.315,-1.29,0.22));
#10408 = DIRECTION('',(0.,1.,0.));
#10409 = DIRECTION('',(0.,-0.,1.));
#10410 = ADVANCED_FACE('',(#10411),#10436,.T.);
#10411 = FACE_BOUND('',#10412,.T.);
#10412 = EDGE_LOOP('',(#10413,#10423,#10429,#10430));
#10413 = ORIENTED_EDGE('',*,*,#10414,.T.);
#10414 = EDGE_CURVE('',#10415,#10417,#10419,.T.);
#10415 = VERTEX_POINT('',#10416);
#10416 = CARTESIAN_POINT('',(4.315,-0.78,0.54));
#10417 = VERTEX_POINT('',#10418);
#10418 = CARTESIAN_POINT('',(4.465,-0.78,0.54));
#10419 = LINE('',#10420,#10421);
#10420 = CARTESIAN_POINT('',(4.315,-0.78,0.54));
#10421 = VECTOR('',#10422,1.);
#10422 = DIRECTION('',(1.,0.,0.));
#10423 = ORIENTED_EDGE('',*,*,#10424,.F.);
#10424 = EDGE_CURVE('',#10377,#10417,#10425,.T.);
#10425 = LINE('',#10426,#10427);
#10426 = CARTESIAN_POINT('',(4.465,-1.29,0.54));
#10427 = VECTOR('',#10428,1.);
#10428 = DIRECTION('',(0.,1.,0.));
#10429 = ORIENTED_EDGE('',*,*,#10374,.F.);
#10430 = ORIENTED_EDGE('',*,*,#10431,.T.);
#10431 = EDGE_CURVE('',#10375,#10415,#10432,.T.);
#10432 = LINE('',#10433,#10434);
#10433 = CARTESIAN_POINT('',(4.315,-1.29,0.54));
#10434 = VECTOR('',#10435,1.);
#10435 = DIRECTION('',(0.,1.,0.));
#10436 = PLANE('',#10437);
#10437 = AXIS2_PLACEMENT_3D('',#10438,#10439,#10440);
#10438 = CARTESIAN_POINT('',(4.315,-1.29,0.54));
#10439 = DIRECTION('',(0.,0.,-1.));
#10440 = DIRECTION('',(0.,1.,0.));
#10441 = ADVANCED_FACE('',(#10442),#10467,.T.);
#10442 = FACE_BOUND('',#10443,.T.);
#10443 = EDGE_LOOP('',(#10444,#10454,#10460,#10461));
#10444 = ORIENTED_EDGE('',*,*,#10445,.T.);
#10445 = EDGE_CURVE('',#10446,#10448,#10450,.T.);
#10446 = VERTEX_POINT('',#10447);
#10447 = CARTESIAN_POINT('',(4.315,-0.363783783784,0.682702702703));
#10448 = VERTEX_POINT('',#10449);
#10449 = CARTESIAN_POINT('',(4.465,-0.363783783784,0.682702702703));
#10450 = LINE('',#10451,#10452);
#10451 = CARTESIAN_POINT('',(4.315,-0.363783783784,0.682702702703));
#10452 = VECTOR('',#10453,1.);
#10453 = DIRECTION('',(1.,0.,0.));
#10454 = ORIENTED_EDGE('',*,*,#10455,.F.);
#10455 = EDGE_CURVE('',#10417,#10448,#10456,.T.);
#10456 = LINE('',#10457,#10458);
#10457 = CARTESIAN_POINT('',(4.465,-0.78,0.54));
#10458 = VECTOR('',#10459,1.);
#10459 = DIRECTION('',(0.,0.945945945946,0.324324324324));
#10460 = ORIENTED_EDGE('',*,*,#10414,.F.);
#10461 = ORIENTED_EDGE('',*,*,#10462,.T.);
#10462 = EDGE_CURVE('',#10415,#10446,#10463,.T.);
#10463 = LINE('',#10464,#10465);
#10464 = CARTESIAN_POINT('',(4.315,-0.78,0.54));
#10465 = VECTOR('',#10466,1.);
#10466 = DIRECTION('',(0.,0.945945945946,0.324324324324));
#10467 = PLANE('',#10468);
#10468 = AXIS2_PLACEMENT_3D('',#10469,#10470,#10471);
#10469 = CARTESIAN_POINT('',(4.315,-0.78,0.54));
#10470 = DIRECTION('',(0.,0.324324324324,-0.945945945946));
#10471 = DIRECTION('',(0.,0.945945945946,0.324324324324));
#10472 = ADVANCED_FACE('',(#10473),#10500,.T.);
#10473 = FACE_BOUND('',#10474,.T.);
#10474 = EDGE_LOOP('',(#10475,#10485,#10492,#10493));
#10475 = ORIENTED_EDGE('',*,*,#10476,.T.);
#10476 = EDGE_CURVE('',#10477,#10479,#10481,.T.);
#10477 = VERTEX_POINT('',#10478);
#10478 = CARTESIAN_POINT('',(4.315,-0.38,0.78));
#10479 = VERTEX_POINT('',#10480);
#10480 = CARTESIAN_POINT('',(4.465,-0.38,0.78));
#10481 = LINE('',#10482,#10483);
#10482 = CARTESIAN_POINT('',(4.315,-0.38,0.78));
#10483 = VECTOR('',#10484,1.);
#10484 = DIRECTION('',(1.,0.,0.));
#10485 = ORIENTED_EDGE('',*,*,#10486,.F.);
#10486 = EDGE_CURVE('',#10448,#10479,#10487,.T.);
#10487 = CIRCLE('',#10488,5.E-02);
#10488 = AXIS2_PLACEMENT_3D('',#10489,#10490,#10491);
#10489 = CARTESIAN_POINT('',(4.465,-0.38,0.73));
#10490 = DIRECTION('',(1.,0.,0.));
#10491 = DIRECTION('',(0.,0.324324324324,-0.945945945946));
#10492 = ORIENTED_EDGE('',*,*,#10445,.F.);
#10493 = ORIENTED_EDGE('',*,*,#10494,.T.);
#10494 = EDGE_CURVE('',#10446,#10477,#10495,.T.);
#10495 = CIRCLE('',#10496,5.E-02);
#10496 = AXIS2_PLACEMENT_3D('',#10497,#10498,#10499);
#10497 = CARTESIAN_POINT('',(4.315,-0.38,0.73));
#10498 = DIRECTION('',(1.,0.,0.));
#10499 = DIRECTION('',(0.,0.324324324324,-0.945945945946));
#10500 = CYLINDRICAL_SURFACE('',#10501,5.E-02);
#10501 = AXIS2_PLACEMENT_3D('',#10502,#10503,#10504);
#10502 = CARTESIAN_POINT('',(4.315,-0.38,0.73));
#10503 = DIRECTION('',(1.,0.,0.));
#10504 = DIRECTION('',(-0.,1.,0.));
#10505 = ADVANCED_FACE('',(#10506),#10522,.T.);
#10506 = FACE_BOUND('',#10507,.T.);
#10507 = EDGE_LOOP('',(#10508,#10509,#10515,#10516));
#10508 = ORIENTED_EDGE('',*,*,#9993,.T.);
#10509 = ORIENTED_EDGE('',*,*,#10510,.F.);
#10510 = EDGE_CURVE('',#10342,#9986,#10511,.T.);
#10511 = LINE('',#10512,#10513);
#10512 = CARTESIAN_POINT('',(4.465,-3.15,0.78));
#10513 = VECTOR('',#10514,1.);
#10514 = DIRECTION('',(0.,-1.,0.));
#10515 = ORIENTED_EDGE('',*,*,#10339,.F.);
#10516 = ORIENTED_EDGE('',*,*,#10517,.T.);
#10517 = EDGE_CURVE('',#10340,#9994,#10518,.T.);
#10518 = LINE('',#10519,#10520);
#10519 = CARTESIAN_POINT('',(4.315,-3.15,0.78));
#10520 = VECTOR('',#10521,1.);
#10521 = DIRECTION('',(0.,-1.,0.));
#10522 = PLANE('',#10523);
#10523 = AXIS2_PLACEMENT_3D('',#10524,#10525,#10526);
#10524 = CARTESIAN_POINT('',(4.315,-0.38,0.78));
#10525 = DIRECTION('',(0.,0.,1.));
#10526 = DIRECTION('',(0.,-1.,0.));
#10527 = ADVANCED_FACE('',(#10528),#10553,.T.);
#10528 = FACE_BOUND('',#10529,.T.);
#10529 = EDGE_LOOP('',(#10530,#10540,#10546,#10547));
#10530 = ORIENTED_EDGE('',*,*,#10531,.T.);
#10531 = EDGE_CURVE('',#10532,#10534,#10536,.T.);
#10532 = VERTEX_POINT('',#10533);
#10533 = CARTESIAN_POINT('',(4.315,-1.7,0.78));
#10534 = VERTEX_POINT('',#10535);
#10535 = CARTESIAN_POINT('',(4.465,-1.7,0.78));
#10536 = LINE('',#10537,#10538);
#10537 = CARTESIAN_POINT('',(4.315,-1.7,0.78));
#10538 = VECTOR('',#10539,1.);
#10539 = DIRECTION('',(1.,0.,0.));
#10540 = ORIENTED_EDGE('',*,*,#10541,.F.);
#10541 = EDGE_CURVE('',#10479,#10534,#10542,.T.);
#10542 = LINE('',#10543,#10544);
#10543 = CARTESIAN_POINT('',(4.465,-0.38,0.78));
#10544 = VECTOR('',#10545,1.);
#10545 = DIRECTION('',(0.,-1.,0.));
#10546 = ORIENTED_EDGE('',*,*,#10476,.F.);
#10547 = ORIENTED_EDGE('',*,*,#10548,.T.);
#10548 = EDGE_CURVE('',#10477,#10532,#10549,.T.);
#10549 = LINE('',#10550,#10551);
#10550 = CARTESIAN_POINT('',(4.315,-0.38,0.78));
#10551 = VECTOR('',#10552,1.);
#10552 = DIRECTION('',(0.,-1.,0.));
#10553 = PLANE('',#10554);
#10554 = AXIS2_PLACEMENT_3D('',#10555,#10556,#10557);
#10555 = CARTESIAN_POINT('',(4.315,-0.38,0.78));
#10556 = DIRECTION('',(0.,0.,1.));
#10557 = DIRECTION('',(0.,-1.,0.));
#10558 = ADVANCED_FACE('',(#10559),#10573,.T.);
#10559 = FACE_BOUND('',#10560,.T.);
#10560 = EDGE_LOOP('',(#10561,#10562,#10563,#10564,#10565,#10566,#10567,
    #10568,#10569,#10570,#10571,#10572));
#10561 = ORIENTED_EDGE('',*,*,#9985,.T.);
#10562 = ORIENTED_EDGE('',*,*,#10025,.T.);
#10563 = ORIENTED_EDGE('',*,*,#10056,.T.);
#10564 = ORIENTED_EDGE('',*,*,#10087,.T.);
#10565 = ORIENTED_EDGE('',*,*,#10118,.T.);
#10566 = ORIENTED_EDGE('',*,*,#10149,.T.);
#10567 = ORIENTED_EDGE('',*,*,#10170,.T.);
#10568 = ORIENTED_EDGE('',*,*,#10222,.T.);
#10569 = ORIENTED_EDGE('',*,*,#10253,.T.);
#10570 = ORIENTED_EDGE('',*,*,#10301,.T.);
#10571 = ORIENTED_EDGE('',*,*,#10349,.T.);
#10572 = ORIENTED_EDGE('',*,*,#10510,.T.);
#10573 = PLANE('',#10574);
#10574 = AXIS2_PLACEMENT_3D('',#10575,#10576,#10577);
#10575 = CARTESIAN_POINT('',(4.465,-3.6,-4.E-02));
#10576 = DIRECTION('',(1.,0.,0.));
#10577 = DIRECTION('',(-0.,1.,0.));
#10578 = ADVANCED_FACE('',(#10579),#10600,.T.);
#10579 = FACE_BOUND('',#10580,.T.);
#10580 = EDGE_LOOP('',(#10581,#10582,#10583,#10584,#10585,#10586,#10594)
  );
#10581 = ORIENTED_EDGE('',*,*,#10384,.T.);
#10582 = ORIENTED_EDGE('',*,*,#10424,.T.);
#10583 = ORIENTED_EDGE('',*,*,#10455,.T.);
#10584 = ORIENTED_EDGE('',*,*,#10486,.T.);
#10585 = ORIENTED_EDGE('',*,*,#10541,.T.);
#10586 = ORIENTED_EDGE('',*,*,#10587,.F.);
#10587 = EDGE_CURVE('',#10588,#10534,#10590,.T.);
#10588 = VERTEX_POINT('',#10589);
#10589 = CARTESIAN_POINT('',(4.465,-1.7,0.22));
#10590 = LINE('',#10591,#10592);
#10591 = CARTESIAN_POINT('',(4.465,-1.7,0.22));
#10592 = VECTOR('',#10593,1.);
#10593 = DIRECTION('',(0.,0.,1.));
#10594 = ORIENTED_EDGE('',*,*,#10595,.T.);
#10595 = EDGE_CURVE('',#10588,#10385,#10596,.T.);
#10596 = LINE('',#10597,#10598);
#10597 = CARTESIAN_POINT('',(4.465,-1.7,0.22));
#10598 = VECTOR('',#10599,1.);
#10599 = DIRECTION('',(0.,1.,0.));
#10600 = PLANE('',#10601);
#10601 = AXIS2_PLACEMENT_3D('',#10602,#10603,#10604);
#10602 = CARTESIAN_POINT('',(4.465,-3.6,-4.E-02));
#10603 = DIRECTION('',(1.,0.,0.));
#10604 = DIRECTION('',(-0.,1.,0.));
#10605 = ADVANCED_FACE('',(#10606),#10624,.T.);
#10606 = FACE_BOUND('',#10607,.T.);
#10607 = EDGE_LOOP('',(#10608,#10609,#10610,#10618));
#10608 = ORIENTED_EDGE('',*,*,#10392,.T.);
#10609 = ORIENTED_EDGE('',*,*,#10595,.F.);
#10610 = ORIENTED_EDGE('',*,*,#10611,.F.);
#10611 = EDGE_CURVE('',#10612,#10588,#10614,.T.);
#10612 = VERTEX_POINT('',#10613);
#10613 = CARTESIAN_POINT('',(4.315,-1.7,0.22));
#10614 = LINE('',#10615,#10616);
#10615 = CARTESIAN_POINT('',(4.315,-1.7,0.22));
#10616 = VECTOR('',#10617,1.);
#10617 = DIRECTION('',(1.,0.,0.));
#10618 = ORIENTED_EDGE('',*,*,#10619,.T.);
#10619 = EDGE_CURVE('',#10612,#10393,#10620,.T.);
#10620 = LINE('',#10621,#10622);
#10621 = CARTESIAN_POINT('',(4.315,-1.7,0.22));
#10622 = VECTOR('',#10623,1.);
#10623 = DIRECTION('',(0.,1.,0.));
#10624 = PLANE('',#10625);
#10625 = AXIS2_PLACEMENT_3D('',#10626,#10627,#10628);
#10626 = CARTESIAN_POINT('',(4.315,-2.55,0.22));
#10627 = DIRECTION('',(0.,0.,-1.));
#10628 = DIRECTION('',(0.,1.,0.));
#10629 = ADVANCED_FACE('',(#10630),#10644,.F.);
#10630 = FACE_BOUND('',#10631,.T.);
#10631 = EDGE_LOOP('',(#10632,#10633,#10634,#10635,#10636,#10637,#10638,
    #10639,#10640,#10641,#10642,#10643));
#10632 = ORIENTED_EDGE('',*,*,#10360,.F.);
#10633 = ORIENTED_EDGE('',*,*,#10325,.F.);
#10634 = ORIENTED_EDGE('',*,*,#10277,.F.);
#10635 = ORIENTED_EDGE('',*,*,#10229,.F.);
#10636 = ORIENTED_EDGE('',*,*,#10179,.F.);
#10637 = ORIENTED_EDGE('',*,*,#10156,.F.);
#10638 = ORIENTED_EDGE('',*,*,#10125,.F.);
#10639 = ORIENTED_EDGE('',*,*,#10094,.F.);
#10640 = ORIENTED_EDGE('',*,*,#10063,.F.);
#10641 = ORIENTED_EDGE('',*,*,#10032,.F.);
#10642 = ORIENTED_EDGE('',*,*,#10001,.F.);
#10643 = ORIENTED_EDGE('',*,*,#10517,.F.);
#10644 = PLANE('',#10645);
#10645 = AXIS2_PLACEMENT_3D('',#10646,#10647,#10648);
#10646 = CARTESIAN_POINT('',(4.315,-3.6,-4.E-02));
#10647 = DIRECTION('',(1.,0.,0.));
#10648 = DIRECTION('',(-0.,1.,0.));
#10649 = ADVANCED_FACE('',(#10650),#10664,.F.);
#10650 = FACE_BOUND('',#10651,.T.);
#10651 = EDGE_LOOP('',(#10652,#10658,#10659,#10660,#10661,#10662,#10663)
  );
#10652 = ORIENTED_EDGE('',*,*,#10653,.T.);
#10653 = EDGE_CURVE('',#10612,#10532,#10654,.T.);
#10654 = LINE('',#10655,#10656);
#10655 = CARTESIAN_POINT('',(4.315,-1.7,0.22));
#10656 = VECTOR('',#10657,1.);
#10657 = DIRECTION('',(0.,0.,1.));
#10658 = ORIENTED_EDGE('',*,*,#10548,.F.);
#10659 = ORIENTED_EDGE('',*,*,#10494,.F.);
#10660 = ORIENTED_EDGE('',*,*,#10462,.F.);
#10661 = ORIENTED_EDGE('',*,*,#10431,.F.);
#10662 = ORIENTED_EDGE('',*,*,#10400,.F.);
#10663 = ORIENTED_EDGE('',*,*,#10619,.F.);
#10664 = PLANE('',#10665);
#10665 = AXIS2_PLACEMENT_3D('',#10666,#10667,#10668);
#10666 = CARTESIAN_POINT('',(4.315,-3.6,-4.E-02));
#10667 = DIRECTION('',(1.,0.,0.));
#10668 = DIRECTION('',(-0.,1.,0.));
#10669 = ADVANCED_FACE('',(#10670,#10676,#10682,#10688,#10694,#10700,
    #10706,#10712,#10737),#10771,.F.);
#10670 = FACE_BOUND('',#10671,.T.);
#10671 = EDGE_LOOP('',(#10672,#10673,#10674,#10675));
#10672 = ORIENTED_EDGE('',*,*,#920,.T.);
#10673 = ORIENTED_EDGE('',*,*,#9682,.T.);
#10674 = ORIENTED_EDGE('',*,*,#768,.F.);
#10675 = ORIENTED_EDGE('',*,*,#9795,.F.);
#10676 = FACE_BOUND('',#10677,.T.);
#10677 = EDGE_LOOP('',(#10678,#10679,#10680,#10681));
#10678 = ORIENTED_EDGE('',*,*,#10611,.T.);
#10679 = ORIENTED_EDGE('',*,*,#10587,.T.);
#10680 = ORIENTED_EDGE('',*,*,#10531,.F.);
#10681 = ORIENTED_EDGE('',*,*,#10653,.F.);
#10682 = FACE_BOUND('',#10683,.T.);
#10683 = EDGE_LOOP('',(#10684,#10685,#10686,#10687));
#10684 = ORIENTED_EDGE('',*,*,#2465,.T.);
#10685 = ORIENTED_EDGE('',*,*,#3035,.T.);
#10686 = ORIENTED_EDGE('',*,*,#2415,.F.);
#10687 = ORIENTED_EDGE('',*,*,#3184,.F.);
#10688 = FACE_BOUND('',#10689,.T.);
#10689 = EDGE_LOOP('',(#10690,#10691,#10692,#10693));
#10690 = ORIENTED_EDGE('',*,*,#3352,.T.);
#10691 = ORIENTED_EDGE('',*,*,#3922,.T.);
#10692 = ORIENTED_EDGE('',*,*,#3302,.F.);
#10693 = ORIENTED_EDGE('',*,*,#4071,.F.);
#10694 = FACE_BOUND('',#10695,.T.);
#10695 = EDGE_LOOP('',(#10696,#10697,#10698,#10699));
#10696 = ORIENTED_EDGE('',*,*,#4239,.T.);
#10697 = ORIENTED_EDGE('',*,*,#4809,.T.);
#10698 = ORIENTED_EDGE('',*,*,#4189,.F.);
#10699 = ORIENTED_EDGE('',*,*,#4958,.F.);
#10700 = FACE_BOUND('',#10701,.T.);
#10701 = EDGE_LOOP('',(#10702,#10703,#10704,#10705));
#10702 = ORIENTED_EDGE('',*,*,#5126,.T.);
#10703 = ORIENTED_EDGE('',*,*,#5696,.T.);
#10704 = ORIENTED_EDGE('',*,*,#5076,.F.);
#10705 = ORIENTED_EDGE('',*,*,#5845,.F.);
#10706 = FACE_BOUND('',#10707,.T.);
#10707 = EDGE_LOOP('',(#10708,#10709,#10710,#10711));
#10708 = ORIENTED_EDGE('',*,*,#1039,.T.);
#10709 = ORIENTED_EDGE('',*,*,#9289,.T.);
#10710 = ORIENTED_EDGE('',*,*,#533,.F.);
#10711 = ORIENTED_EDGE('',*,*,#9145,.F.);
#10712 = FACE_BOUND('',#10713,.T.);
#10713 = EDGE_LOOP('',(#10714,#10722,#10723,#10731));
#10714 = ORIENTED_EDGE('',*,*,#10715,.T.);
#10715 = EDGE_CURVE('',#10716,#2091,#10718,.T.);
#10716 = VERTEX_POINT('',#10717);
#10717 = CARTESIAN_POINT('',(0.385,-1.7,0.78));
#10718 = LINE('',#10719,#10720);
#10719 = CARTESIAN_POINT('',(0.385,-1.7,0.78));
#10720 = VECTOR('',#10721,1.);
#10721 = DIRECTION('',(-1.,0.,0.));
#10722 = ORIENTED_EDGE('',*,*,#2088,.F.);
#10723 = ORIENTED_EDGE('',*,*,#10724,.F.);
#10724 = EDGE_CURVE('',#10725,#2089,#10727,.T.);
#10725 = VERTEX_POINT('',#10726);
#10726 = CARTESIAN_POINT('',(0.385,-1.7,0.22));
#10727 = LINE('',#10728,#10729);
#10728 = CARTESIAN_POINT('',(0.385,-1.7,0.22));
#10729 = VECTOR('',#10730,1.);
#10730 = DIRECTION('',(-1.,0.,0.));
#10731 = ORIENTED_EDGE('',*,*,#10732,.T.);
#10732 = EDGE_CURVE('',#10725,#10716,#10733,.T.);
#10733 = LINE('',#10734,#10735);
#10734 = CARTESIAN_POINT('',(0.385,-1.7,0.22));
#10735 = VECTOR('',#10736,1.);
#10736 = DIRECTION('',(0.,0.,1.));
#10737 = FACE_BOUND('',#10738,.T.);
#10738 = EDGE_LOOP('',(#10739,#10740,#10741,#10742,#10743,#10744,#10745,
    #10746,#10747,#10748,#10749,#10750,#10751,#10752,#10753,#10754,
    #10755,#10756,#10757,#10758,#10759,#10760,#10761,#10762,#10763,
    #10764,#10765,#10766,#10767,#10768,#10769,#10770));
#10739 = ORIENTED_EDGE('',*,*,#9408,.F.);
#10740 = ORIENTED_EDGE('',*,*,#7576,.T.);
#10741 = ORIENTED_EDGE('',*,*,#7517,.T.);
#10742 = ORIENTED_EDGE('',*,*,#7331,.F.);
#10743 = ORIENTED_EDGE('',*,*,#7309,.T.);
#10744 = ORIENTED_EDGE('',*,*,#7214,.T.);
#10745 = ORIENTED_EDGE('',*,*,#7497,.T.);
#10746 = ORIENTED_EDGE('',*,*,#7003,.T.);
#10747 = ORIENTED_EDGE('',*,*,#9518,.F.);
#10748 = ORIENTED_EDGE('',*,*,#9327,.T.);
#10749 = ORIENTED_EDGE('',*,*,#599,.F.);
#10750 = ORIENTED_EDGE('',*,*,#9167,.F.);
#10751 = ORIENTED_EDGE('',*,*,#9496,.F.);
#10752 = ORIENTED_EDGE('',*,*,#5782,.T.);
#10753 = ORIENTED_EDGE('',*,*,#5680,.F.);
#10754 = ORIENTED_EDGE('',*,*,#5937,.F.);
#10755 = ORIENTED_EDGE('',*,*,#9474,.F.);
#10756 = ORIENTED_EDGE('',*,*,#4895,.T.);
#10757 = ORIENTED_EDGE('',*,*,#4793,.F.);
#10758 = ORIENTED_EDGE('',*,*,#5050,.F.);
#10759 = ORIENTED_EDGE('',*,*,#9452,.F.);
#10760 = ORIENTED_EDGE('',*,*,#4008,.T.);
#10761 = ORIENTED_EDGE('',*,*,#3906,.F.);
#10762 = ORIENTED_EDGE('',*,*,#4163,.F.);
#10763 = ORIENTED_EDGE('',*,*,#9430,.F.);
#10764 = ORIENTED_EDGE('',*,*,#3121,.T.);
#10765 = ORIENTED_EDGE('',*,*,#3019,.F.);
#10766 = ORIENTED_EDGE('',*,*,#3276,.F.);
#10767 = ORIENTED_EDGE('',*,*,#9361,.F.);
#10768 = ORIENTED_EDGE('',*,*,#9748,.T.);
#10769 = ORIENTED_EDGE('',*,*,#519,.F.);
#10770 = ORIENTED_EDGE('',*,*,#9851,.F.);
#10771 = PLANE('',#10772);
#10772 = AXIS2_PLACEMENT_3D('',#10773,#10774,#10775);
#10773 = CARTESIAN_POINT('',(0.5,-1.7,0.96));
#10774 = DIRECTION('',(0.,-1.,0.));
#10775 = DIRECTION('',(1.,0.,0.));
#10776 = ADVANCED_FACE('',(#10777),#10788,.F.);
#10777 = FACE_BOUND('',#10778,.T.);
#10778 = EDGE_LOOP('',(#10779,#10780,#10781,#10782));
#10779 = ORIENTED_EDGE('',*,*,#1796,.T.);
#10780 = ORIENTED_EDGE('',*,*,#2074,.T.);
#10781 = ORIENTED_EDGE('',*,*,#2013,.F.);
#10782 = ORIENTED_EDGE('',*,*,#10783,.F.);
#10783 = EDGE_CURVE('',#1797,#2014,#10784,.T.);
#10784 = LINE('',#10785,#10786);
#10785 = CARTESIAN_POINT('',(0.385,-3.15,0.78));
#10786 = VECTOR('',#10787,1.);
#10787 = DIRECTION('',(0.,-1.,0.));
#10788 = PLANE('',#10789);
#10789 = AXIS2_PLACEMENT_3D('',#10790,#10791,#10792);
#10790 = CARTESIAN_POINT('',(0.385,-0.38,0.78));
#10791 = DIRECTION('',(0.,0.,-1.));
#10792 = DIRECTION('',(0.,-1.,0.));
#10793 = ADVANCED_FACE('',(#10794),#10812,.F.);
#10794 = FACE_BOUND('',#10795,.T.);
#10795 = EDGE_LOOP('',(#10796,#10804,#10805,#10806));
#10796 = ORIENTED_EDGE('',*,*,#10797,.T.);
#10797 = EDGE_CURVE('',#10798,#2099,#10800,.T.);
#10798 = VERTEX_POINT('',#10799);
#10799 = CARTESIAN_POINT('',(0.385,-0.38,0.78));
#10800 = LINE('',#10801,#10802);
#10801 = CARTESIAN_POINT('',(0.385,-0.38,0.78));
#10802 = VECTOR('',#10803,1.);
#10803 = DIRECTION('',(-1.,0.,0.));
#10804 = ORIENTED_EDGE('',*,*,#2098,.T.);
#10805 = ORIENTED_EDGE('',*,*,#10715,.F.);
#10806 = ORIENTED_EDGE('',*,*,#10807,.F.);
#10807 = EDGE_CURVE('',#10798,#10716,#10808,.T.);
#10808 = LINE('',#10809,#10810);
#10809 = CARTESIAN_POINT('',(0.385,-0.38,0.78));
#10810 = VECTOR('',#10811,1.);
#10811 = DIRECTION('',(0.,-1.,0.));
#10812 = PLANE('',#10813);
#10813 = AXIS2_PLACEMENT_3D('',#10814,#10815,#10816);
#10814 = CARTESIAN_POINT('',(0.385,-0.38,0.78));
#10815 = DIRECTION('',(0.,0.,-1.));
#10816 = DIRECTION('',(0.,-1.,0.));
#10817 = ADVANCED_FACE('',(#10818),#10837,.T.);
#10818 = FACE_BOUND('',#10819,.T.);
#10819 = EDGE_LOOP('',(#10820,#10828,#10829,#10830));
#10820 = ORIENTED_EDGE('',*,*,#10821,.T.);
#10821 = EDGE_CURVE('',#10822,#2107,#10824,.T.);
#10822 = VERTEX_POINT('',#10823);
#10823 = CARTESIAN_POINT('',(0.385,-0.363783783784,0.682702702703));
#10824 = LINE('',#10825,#10826);
#10825 = CARTESIAN_POINT('',(0.385,-0.363783783784,0.682702702703));
#10826 = VECTOR('',#10827,1.);
#10827 = DIRECTION('',(-1.,0.,0.));
#10828 = ORIENTED_EDGE('',*,*,#2106,.T.);
#10829 = ORIENTED_EDGE('',*,*,#10797,.F.);
#10830 = ORIENTED_EDGE('',*,*,#10831,.F.);
#10831 = EDGE_CURVE('',#10822,#10798,#10832,.T.);
#10832 = CIRCLE('',#10833,5.E-02);
#10833 = AXIS2_PLACEMENT_3D('',#10834,#10835,#10836);
#10834 = CARTESIAN_POINT('',(0.385,-0.38,0.73));
#10835 = DIRECTION('',(1.,0.,0.));
#10836 = DIRECTION('',(0.,0.324324324324,-0.945945945946));
#10837 = CYLINDRICAL_SURFACE('',#10838,5.E-02);
#10838 = AXIS2_PLACEMENT_3D('',#10839,#10840,#10841);
#10839 = CARTESIAN_POINT('',(0.385,-0.38,0.73));
#10840 = DIRECTION('',(1.,0.,0.));
#10841 = DIRECTION('',(-0.,1.,0.));
#10842 = ADVANCED_FACE('',(#10843),#10861,.F.);
#10843 = FACE_BOUND('',#10844,.T.);
#10844 = EDGE_LOOP('',(#10845,#10853,#10854,#10855));
#10845 = ORIENTED_EDGE('',*,*,#10846,.T.);
#10846 = EDGE_CURVE('',#10847,#2116,#10849,.T.);
#10847 = VERTEX_POINT('',#10848);
#10848 = CARTESIAN_POINT('',(0.385,-0.78,0.54));
#10849 = LINE('',#10850,#10851);
#10850 = CARTESIAN_POINT('',(0.385,-0.78,0.54));
#10851 = VECTOR('',#10852,1.);
#10852 = DIRECTION('',(-1.,0.,0.));
#10853 = ORIENTED_EDGE('',*,*,#2115,.T.);
#10854 = ORIENTED_EDGE('',*,*,#10821,.F.);
#10855 = ORIENTED_EDGE('',*,*,#10856,.F.);
#10856 = EDGE_CURVE('',#10847,#10822,#10857,.T.);
#10857 = LINE('',#10858,#10859);
#10858 = CARTESIAN_POINT('',(0.385,-0.78,0.54));
#10859 = VECTOR('',#10860,1.);
#10860 = DIRECTION('',(0.,0.945945945946,0.324324324324));
#10861 = PLANE('',#10862);
#10862 = AXIS2_PLACEMENT_3D('',#10863,#10864,#10865);
#10863 = CARTESIAN_POINT('',(0.385,-0.78,0.54));
#10864 = DIRECTION('',(0.,-0.324324324324,0.945945945946));
#10865 = DIRECTION('',(0.,0.945945945946,0.324324324324));
#10866 = ADVANCED_FACE('',(#10867),#10885,.F.);
#10867 = FACE_BOUND('',#10868,.T.);
#10868 = EDGE_LOOP('',(#10869,#10877,#10878,#10879));
#10869 = ORIENTED_EDGE('',*,*,#10870,.T.);
#10870 = EDGE_CURVE('',#10871,#2124,#10873,.T.);
#10871 = VERTEX_POINT('',#10872);
#10872 = CARTESIAN_POINT('',(0.385,-1.29,0.54));
#10873 = LINE('',#10874,#10875);
#10874 = CARTESIAN_POINT('',(0.385,-1.29,0.54));
#10875 = VECTOR('',#10876,1.);
#10876 = DIRECTION('',(-1.,0.,0.));
#10877 = ORIENTED_EDGE('',*,*,#2123,.T.);
#10878 = ORIENTED_EDGE('',*,*,#10846,.F.);
#10879 = ORIENTED_EDGE('',*,*,#10880,.F.);
#10880 = EDGE_CURVE('',#10871,#10847,#10881,.T.);
#10881 = LINE('',#10882,#10883);
#10882 = CARTESIAN_POINT('',(0.385,-1.29,0.54));
#10883 = VECTOR('',#10884,1.);
#10884 = DIRECTION('',(0.,1.,0.));
#10885 = PLANE('',#10886);
#10886 = AXIS2_PLACEMENT_3D('',#10887,#10888,#10889);
#10887 = CARTESIAN_POINT('',(0.385,-1.29,0.54));
#10888 = DIRECTION('',(0.,0.,1.));
#10889 = DIRECTION('',(0.,1.,0.));
#10890 = ADVANCED_FACE('',(#10891),#10909,.F.);
#10891 = FACE_BOUND('',#10892,.T.);
#10892 = EDGE_LOOP('',(#10893,#10901,#10902,#10903));
#10893 = ORIENTED_EDGE('',*,*,#10894,.T.);
#10894 = EDGE_CURVE('',#10895,#2132,#10897,.T.);
#10895 = VERTEX_POINT('',#10896);
#10896 = CARTESIAN_POINT('',(0.385,-1.29,0.22));
#10897 = LINE('',#10898,#10899);
#10898 = CARTESIAN_POINT('',(0.385,-1.29,0.22));
#10899 = VECTOR('',#10900,1.);
#10900 = DIRECTION('',(-1.,0.,0.));
#10901 = ORIENTED_EDGE('',*,*,#2131,.T.);
#10902 = ORIENTED_EDGE('',*,*,#10870,.F.);
#10903 = ORIENTED_EDGE('',*,*,#10904,.F.);
#10904 = EDGE_CURVE('',#10895,#10871,#10905,.T.);
#10905 = LINE('',#10906,#10907);
#10906 = CARTESIAN_POINT('',(0.385,-1.29,0.22));
#10907 = VECTOR('',#10908,1.);
#10908 = DIRECTION('',(0.,0.,1.));
#10909 = PLANE('',#10910);
#10910 = AXIS2_PLACEMENT_3D('',#10911,#10912,#10913);
#10911 = CARTESIAN_POINT('',(0.385,-1.29,0.22));
#10912 = DIRECTION('',(0.,-1.,0.));
#10913 = DIRECTION('',(0.,0.,1.));
#10914 = ADVANCED_FACE('',(#10915),#10926,.F.);
#10915 = FACE_BOUND('',#10916,.T.);
#10916 = EDGE_LOOP('',(#10917,#10918,#10919,#10920));
#10917 = ORIENTED_EDGE('',*,*,#10724,.T.);
#10918 = ORIENTED_EDGE('',*,*,#2139,.T.);
#10919 = ORIENTED_EDGE('',*,*,#10894,.F.);
#10920 = ORIENTED_EDGE('',*,*,#10921,.F.);
#10921 = EDGE_CURVE('',#10725,#10895,#10922,.T.);
#10922 = LINE('',#10923,#10924);
#10923 = CARTESIAN_POINT('',(0.385,-1.7,0.22));
#10924 = VECTOR('',#10925,1.);
#10925 = DIRECTION('',(0.,1.,0.));
#10926 = PLANE('',#10927);
#10927 = AXIS2_PLACEMENT_3D('',#10928,#10929,#10930);
#10928 = CARTESIAN_POINT('',(0.385,-2.55,0.22));
#10929 = DIRECTION('',(0.,0.,1.));
#10930 = DIRECTION('',(0.,1.,0.));
#10931 = ADVANCED_FACE('',(#10932),#10951,.T.);
#10932 = FACE_BOUND('',#10933,.T.);
#10933 = EDGE_LOOP('',(#10934,#10935,#10936,#10937,#10938,#10939,#10940,
    #10941,#10942,#10943,#10949,#10950));
#10934 = ORIENTED_EDGE('',*,*,#2030,.T.);
#10935 = ORIENTED_EDGE('',*,*,#1999,.T.);
#10936 = ORIENTED_EDGE('',*,*,#1968,.T.);
#10937 = ORIENTED_EDGE('',*,*,#1937,.T.);
#10938 = ORIENTED_EDGE('',*,*,#1906,.T.);
#10939 = ORIENTED_EDGE('',*,*,#1875,.T.);
#10940 = ORIENTED_EDGE('',*,*,#1844,.T.);
#10941 = ORIENTED_EDGE('',*,*,#2250,.T.);
#10942 = ORIENTED_EDGE('',*,*,#2210,.F.);
#10943 = ORIENTED_EDGE('',*,*,#10944,.F.);
#10944 = EDGE_CURVE('',#1747,#2203,#10945,.T.);
#10945 = LINE('',#10946,#10947);
#10946 = CARTESIAN_POINT('',(0.385,-3.15,0.64));
#10947 = VECTOR('',#10948,1.);
#10948 = DIRECTION('',(0.,0.819152044289,-0.573576436351));
#10949 = ORIENTED_EDGE('',*,*,#1804,.T.);
#10950 = ORIENTED_EDGE('',*,*,#10783,.T.);
#10951 = PLANE('',#10952);
#10952 = AXIS2_PLACEMENT_3D('',#10953,#10954,#10955);
#10953 = CARTESIAN_POINT('',(0.385,-3.6,-4.E-02));
#10954 = DIRECTION('',(1.,0.,0.));
#10955 = DIRECTION('',(-0.,1.,0.));
#10956 = ADVANCED_FACE('',(#10957),#10966,.T.);
#10957 = FACE_BOUND('',#10958,.T.);
#10958 = EDGE_LOOP('',(#10959,#10960,#10961,#10962,#10963,#10964,#10965)
  );
#10959 = ORIENTED_EDGE('',*,*,#10904,.T.);
#10960 = ORIENTED_EDGE('',*,*,#10880,.T.);
#10961 = ORIENTED_EDGE('',*,*,#10856,.T.);
#10962 = ORIENTED_EDGE('',*,*,#10831,.T.);
#10963 = ORIENTED_EDGE('',*,*,#10807,.T.);
#10964 = ORIENTED_EDGE('',*,*,#10732,.F.);
#10965 = ORIENTED_EDGE('',*,*,#10921,.T.);
#10966 = PLANE('',#10967);
#10967 = AXIS2_PLACEMENT_3D('',#10968,#10969,#10970);
#10968 = CARTESIAN_POINT('',(0.385,-3.6,-4.E-02));
#10969 = DIRECTION('',(1.,0.,0.));
#10970 = DIRECTION('',(-0.,1.,0.));
#10971 = ADVANCED_FACE('',(#10972),#10983,.F.);
#10972 = FACE_BOUND('',#10973,.T.);
#10973 = EDGE_LOOP('',(#10974,#10975,#10981,#10982));
#10974 = ORIENTED_EDGE('',*,*,#1780,.F.);
#10975 = ORIENTED_EDGE('',*,*,#10976,.T.);
#10976 = EDGE_CURVE('',#1773,#2154,#10977,.T.);
#10977 = LINE('',#10978,#10979);
#10978 = CARTESIAN_POINT('',(0.,-3.15,0.64));
#10979 = VECTOR('',#10980,1.);
#10980 = DIRECTION('',(0.,0.819152044289,-0.573576436351));
#10981 = ORIENTED_EDGE('',*,*,#2153,.T.);
#10982 = ORIENTED_EDGE('',*,*,#2045,.F.);
#10983 = PLANE('',#10984);
#10984 = AXIS2_PLACEMENT_3D('',#10985,#10986,#10987);
#10985 = CARTESIAN_POINT('',(0.,-3.15,0.64));
#10986 = DIRECTION('',(0.,0.573576436351,0.819152044289));
#10987 = DIRECTION('',(0.,0.819152044289,-0.573576436351));
#10988 = ADVANCED_FACE('',(#10989),#10995,.F.);
#10989 = FACE_BOUND('',#10990,.T.);
#10990 = EDGE_LOOP('',(#10991,#10992,#10993,#10994));
#10991 = ORIENTED_EDGE('',*,*,#2202,.T.);
#10992 = ORIENTED_EDGE('',*,*,#2295,.F.);
#10993 = ORIENTED_EDGE('',*,*,#1746,.F.);
#10994 = ORIENTED_EDGE('',*,*,#10944,.T.);
#10995 = PLANE('',#10996);
#10996 = AXIS2_PLACEMENT_3D('',#10997,#10998,#10999);
#10997 = CARTESIAN_POINT('',(0.,-3.15,0.64));
#10998 = DIRECTION('',(0.,0.573576436351,0.819152044289));
#10999 = DIRECTION('',(0.,0.819152044289,-0.573576436351));
#11000 = ADVANCED_FACE('',(#11001),#11011,.F.);
#11001 = FACE_BOUND('',#11002,.T.);
#11002 = EDGE_LOOP('',(#11003,#11004,#11005,#11006,#11007,#11008,#11009,
    #11010));
#11003 = ORIENTED_EDGE('',*,*,#1772,.F.);
#11004 = ORIENTED_EDGE('',*,*,#7278,.F.);
#11005 = ORIENTED_EDGE('',*,*,#6644,.F.);
#11006 = ORIENTED_EDGE('',*,*,#9915,.F.);
#11007 = ORIENTED_EDGE('',*,*,#1543,.F.);
#11008 = ORIENTED_EDGE('',*,*,#2227,.F.);
#11009 = ORIENTED_EDGE('',*,*,#2161,.F.);
#11010 = ORIENTED_EDGE('',*,*,#10976,.F.);
#11011 = PLANE('',#11012);
#11012 = AXIS2_PLACEMENT_3D('',#11013,#11014,#11015);
#11013 = CARTESIAN_POINT('',(0.,-3.6,-4.E-02));
#11014 = DIRECTION('',(1.,0.,0.));
#11015 = DIRECTION('',(-0.,1.,0.));
#11016 = ( GEOMETRIC_REPRESENTATION_CONTEXT(3) 
GLOBAL_UNCERTAINTY_ASSIGNED_CONTEXT((#11020)) 
GLOBAL_UNIT_ASSIGNED_CONTEXT((#11017,#11018,#11019)) 
REPRESENTATION_CONTEXT('Context #1',
  '3D Context with UNIT and UNCERTAINTY') );
#11017 = ( LENGTH_UNIT() NAMED_UNIT(*) SI_UNIT(.MILLI.,.METRE.) );
#11018 = ( NAMED_UNIT(*) PLANE_ANGLE_UNIT() SI_UNIT($,.RADIAN.) );
#11019 = ( NAMED_UNIT(*) SI_UNIT($,.STERADIAN.) SOLID_ANGLE_UNIT() );
#11020 = UNCERTAINTY_MEASURE_WITH_UNIT(LENGTH_MEASURE(1.E-07),#11017,
  'distance_accuracy_value','confusion accuracy');
#11021 = CONTEXT_DEPENDENT_SHAPE_REPRESENTATION(#11022,#11024);
#11022 = ( REPRESENTATION_RELATIONSHIP('','',#362,#335) 
REPRESENTATION_RELATIONSHIP_WITH_TRANSFORMATION(#11023) 
SHAPE_REPRESENTATION_RELATIONSHIP() );
#11023 = ITEM_DEFINED_TRANSFORMATION('','',#11,#336);
#11024 = PRODUCT_DEFINITION_SHAPE('Placement','Placement of an item',
  #11025);
#11025 = NEXT_ASSEMBLY_USAGE_OCCURRENCE('3','=>0:1:1:6','',#330,#357,$);
#11026 = PRODUCT_RELATED_PRODUCT_CATEGORY('part',$,(#359));
#11027 = SHAPE_DEFINITION_REPRESENTATION(#11028,#11034);
#11028 = PRODUCT_DEFINITION_SHAPE('','',#11029);
#11029 = PRODUCT_DEFINITION('design','',#11030,#11033);
#11030 = PRODUCT_DEFINITION_FORMATION('','',#11031);
#11031 = PRODUCT('COMPOUND','COMPOUND','',(#11032));
#11032 = PRODUCT_CONTEXT('',#2,'mechanical');
#11033 = PRODUCT_DEFINITION_CONTEXT('part definition',#2,'design');
#11034 = SHAPE_REPRESENTATION('',(#11,#11035,#11037,#11045,#11053,#11061
    ,#11069,#11077,#11085,#11093,#11101,#11109,#11117,#11125,#11133,
    #11141,#11149,#11157,#11165,#11173,#11181,#11189,#11197,#11205,
    #11213,#11221,#11229,#11237,#11245,#11253,#11261,#11269,#11277,
    #11285),#11293);
#11035 = GEOMETRIC_CURVE_SET('',(#11036));
#11036 = CARTESIAN_POINT('',(0.,0.,0.));
#11037 = GEOMETRIC_CURVE_SET('',(#11038));
#11038 = TRIMMED_CURVE('',#11039,(#11043,PARAMETER_VALUE(0.)),(#11044,
    PARAMETER_VALUE(0.3)),.T.,.PARAMETER.);
#11039 = LINE('',#11040,#11041);
#11040 = CARTESIAN_POINT('',(0.46,-2.45,-4.E-02));
#11041 = VECTOR('',#11042,1.);
#11042 = DIRECTION('',(-1.,0.,0.));
#11043 = CARTESIAN_POINT('',(0.46,-2.45,-4.E-02));
#11044 = CARTESIAN_POINT('',(0.16,-2.45,-4.E-02));
#11045 = GEOMETRIC_CURVE_SET('',(#11046));
#11046 = TRIMMED_CURVE('',#11047,(#11051,PARAMETER_VALUE(0.)),(#11052,
    PARAMETER_VALUE(1.)),.T.,.PARAMETER.);
#11047 = LINE('',#11048,#11049);
#11048 = CARTESIAN_POINT('',(0.16,-2.45,-4.E-02));
#11049 = VECTOR('',#11050,1.);
#11050 = DIRECTION('',(0.,-1.,0.));
#11051 = CARTESIAN_POINT('',(0.16,-2.45,-4.E-02));
#11052 = CARTESIAN_POINT('',(0.16,-3.45,-4.E-02));
#11053 = GEOMETRIC_CURVE_SET('',(#11054));
#11054 = TRIMMED_CURVE('',#11055,(#11059,PARAMETER_VALUE(0.)),(#11060,
    PARAMETER_VALUE(0.3)),.T.,.PARAMETER.);
#11055 = LINE('',#11056,#11057);
#11056 = CARTESIAN_POINT('',(0.16,-3.45,-4.E-02));
#11057 = VECTOR('',#11058,1.);
#11058 = DIRECTION('',(1.,0.,0.));
#11059 = CARTESIAN_POINT('',(0.16,-3.45,-4.E-02));
#11060 = CARTESIAN_POINT('',(0.46,-3.45,-4.E-02));
#11061 = GEOMETRIC_CURVE_SET('',(#11062));
#11062 = TRIMMED_CURVE('',#11063,(#11067,PARAMETER_VALUE(0.)),(#11068,
    PARAMETER_VALUE(1.)),.T.,.PARAMETER.);
#11063 = LINE('',#11064,#11065);
#11064 = CARTESIAN_POINT('',(0.46,-3.45,-4.E-02));
#11065 = VECTOR('',#11066,1.);
#11066 = DIRECTION('',(0.,1.,0.));
#11067 = CARTESIAN_POINT('',(0.46,-3.45,-4.E-02));
#11068 = CARTESIAN_POINT('',(0.46,-2.45,-4.E-02));
#11069 = GEOMETRIC_CURVE_SET('',(#11070));
#11070 = TRIMMED_CURVE('',#11071,(#11075,PARAMETER_VALUE(0.)),(#11076,
    PARAMETER_VALUE(0.3)),.T.,.PARAMETER.);
#11071 = LINE('',#11072,#11073);
#11072 = CARTESIAN_POINT('',(1.25,5.E-02,-4.E-02));
#11073 = VECTOR('',#11074,1.);
#11074 = DIRECTION('',(-1.,0.,0.));
#11075 = CARTESIAN_POINT('',(1.25,5.E-02,-4.E-02));
#11076 = CARTESIAN_POINT('',(0.95,5.E-02,-4.E-02));
#11077 = GEOMETRIC_CURVE_SET('',(#11078));
#11078 = TRIMMED_CURVE('',#11079,(#11083,PARAMETER_VALUE(0.)),(#11084,
    PARAMETER_VALUE(0.7)),.T.,.PARAMETER.);
#11079 = LINE('',#11080,#11081);
#11080 = CARTESIAN_POINT('',(0.95,5.E-02,-4.E-02));
#11081 = VECTOR('',#11082,1.);
#11082 = DIRECTION('',(-1.586032892322E-16,-1.,0.));
#11083 = CARTESIAN_POINT('',(0.95,5.E-02,-4.E-02));
#11084 = CARTESIAN_POINT('',(0.95,-0.65,-4.E-02));
#11085 = GEOMETRIC_CURVE_SET('',(#11086));
#11086 = TRIMMED_CURVE('',#11087,(#11091,PARAMETER_VALUE(0.)),(#11092,
    PARAMETER_VALUE(0.3)),.T.,.PARAMETER.);
#11087 = LINE('',#11088,#11089);
#11088 = CARTESIAN_POINT('',(0.95,-0.65,-4.E-02));
#11089 = VECTOR('',#11090,1.);
#11090 = DIRECTION('',(1.,0.,0.));
#11091 = CARTESIAN_POINT('',(0.95,-0.65,-4.E-02));
#11092 = CARTESIAN_POINT('',(1.25,-0.65,-4.E-02));
#11093 = GEOMETRIC_CURVE_SET('',(#11094));
#11094 = TRIMMED_CURVE('',#11095,(#11099,PARAMETER_VALUE(0.)),(#11100,
    PARAMETER_VALUE(0.7)),.T.,.PARAMETER.);
#11095 = LINE('',#11096,#11097);
#11096 = CARTESIAN_POINT('',(1.25,-0.65,-4.E-02));
#11097 = VECTOR('',#11098,1.);
#11098 = DIRECTION('',(0.,1.,0.));
#11099 = CARTESIAN_POINT('',(1.25,-0.65,-4.E-02));
#11100 = CARTESIAN_POINT('',(1.25,5.E-02,-4.E-02));
#11101 = GEOMETRIC_CURVE_SET('',(#11102));
#11102 = TRIMMED_CURVE('',#11103,(#11107,PARAMETER_VALUE(0.)),(#11108,
    PARAMETER_VALUE(0.3)),.T.,.PARAMETER.);
#11103 = LINE('',#11104,#11105);
#11104 = CARTESIAN_POINT('',(1.75,5.E-02,-4.E-02));
#11105 = VECTOR('',#11106,1.);
#11106 = DIRECTION('',(-1.,0.,0.));
#11107 = CARTESIAN_POINT('',(1.75,5.E-02,-4.E-02));
#11108 = CARTESIAN_POINT('',(1.45,5.E-02,-4.E-02));
#11109 = GEOMETRIC_CURVE_SET('',(#11110));
#11110 = TRIMMED_CURVE('',#11111,(#11115,PARAMETER_VALUE(0.)),(#11116,
    PARAMETER_VALUE(0.3)),.T.,.PARAMETER.);
#11111 = LINE('',#11112,#11113);
#11112 = CARTESIAN_POINT('',(2.25,5.E-02,-4.E-02));
#11113 = VECTOR('',#11114,1.);
#11114 = DIRECTION('',(-1.,0.,0.));
#11115 = CARTESIAN_POINT('',(2.25,5.E-02,-4.E-02));
#11116 = CARTESIAN_POINT('',(1.95,5.E-02,-4.E-02));
#11117 = GEOMETRIC_CURVE_SET('',(#11118));
#11118 = TRIMMED_CURVE('',#11119,(#11123,PARAMETER_VALUE(0.)),(#11124,
    PARAMETER_VALUE(0.3)),.T.,.PARAMETER.);
#11119 = LINE('',#11120,#11121);
#11120 = CARTESIAN_POINT('',(2.75,5.E-02,-4.E-02));
#11121 = VECTOR('',#11122,1.);
#11122 = DIRECTION('',(-1.,0.,0.));
#11123 = CARTESIAN_POINT('',(2.75,5.E-02,-4.E-02));
#11124 = CARTESIAN_POINT('',(2.45,5.E-02,-4.E-02));
#11125 = GEOMETRIC_CURVE_SET('',(#11126));
#11126 = TRIMMED_CURVE('',#11127,(#11131,PARAMETER_VALUE(0.)),(#11132,
    PARAMETER_VALUE(0.7)),.T.,.PARAMETER.);
#11127 = LINE('',#11128,#11129);
#11128 = CARTESIAN_POINT('',(1.75,-0.65,-4.E-02));
#11129 = VECTOR('',#11130,1.);
#11130 = DIRECTION('',(0.,1.,0.));
#11131 = CARTESIAN_POINT('',(1.75,-0.65,-4.E-02));
#11132 = CARTESIAN_POINT('',(1.75,5.E-02,-4.E-02));
#11133 = GEOMETRIC_CURVE_SET('',(#11134));
#11134 = TRIMMED_CURVE('',#11135,(#11139,PARAMETER_VALUE(0.)),(#11140,
    PARAMETER_VALUE(0.7)),.T.,.PARAMETER.);
#11135 = LINE('',#11136,#11137);
#11136 = CARTESIAN_POINT('',(2.25,-0.65,-4.E-02));
#11137 = VECTOR('',#11138,1.);
#11138 = DIRECTION('',(0.,1.,0.));
#11139 = CARTESIAN_POINT('',(2.25,-0.65,-4.E-02));
#11140 = CARTESIAN_POINT('',(2.25,5.E-02,-4.E-02));
#11141 = GEOMETRIC_CURVE_SET('',(#11142));
#11142 = TRIMMED_CURVE('',#11143,(#11147,PARAMETER_VALUE(0.)),(#11148,
    PARAMETER_VALUE(0.7)),.T.,.PARAMETER.);
#11143 = LINE('',#11144,#11145);
#11144 = CARTESIAN_POINT('',(2.75,-0.65,-4.E-02));
#11145 = VECTOR('',#11146,1.);
#11146 = DIRECTION('',(0.,1.,0.));
#11147 = CARTESIAN_POINT('',(2.75,-0.65,-4.E-02));
#11148 = CARTESIAN_POINT('',(2.75,5.E-02,-4.E-02));
#11149 = GEOMETRIC_CURVE_SET('',(#11150));
#11150 = TRIMMED_CURVE('',#11151,(#11155,PARAMETER_VALUE(0.)),(#11156,
    PARAMETER_VALUE(0.3)),.T.,.PARAMETER.);
#11151 = LINE('',#11152,#11153);
#11152 = CARTESIAN_POINT('',(1.45,-0.65,-4.E-02));
#11153 = VECTOR('',#11154,1.);
#11154 = DIRECTION('',(1.,0.,0.));
#11155 = CARTESIAN_POINT('',(1.45,-0.65,-4.E-02));
#11156 = CARTESIAN_POINT('',(1.75,-0.65,-4.E-02));
#11157 = GEOMETRIC_CURVE_SET('',(#11158));
#11158 = TRIMMED_CURVE('',#11159,(#11163,PARAMETER_VALUE(0.)),(#11164,
    PARAMETER_VALUE(0.3)),.T.,.PARAMETER.);
#11159 = LINE('',#11160,#11161);
#11160 = CARTESIAN_POINT('',(1.95,-0.65,-4.E-02));
#11161 = VECTOR('',#11162,1.);
#11162 = DIRECTION('',(1.,0.,0.));
#11163 = CARTESIAN_POINT('',(1.95,-0.65,-4.E-02));
#11164 = CARTESIAN_POINT('',(2.25,-0.65,-4.E-02));
#11165 = GEOMETRIC_CURVE_SET('',(#11166));
#11166 = TRIMMED_CURVE('',#11167,(#11171,PARAMETER_VALUE(0.)),(#11172,
    PARAMETER_VALUE(0.3)),.T.,.PARAMETER.);
#11167 = LINE('',#11168,#11169);
#11168 = CARTESIAN_POINT('',(2.45,-0.65,-4.E-02));
#11169 = VECTOR('',#11170,1.);
#11170 = DIRECTION('',(1.,0.,0.));
#11171 = CARTESIAN_POINT('',(2.45,-0.65,-4.E-02));
#11172 = CARTESIAN_POINT('',(2.75,-0.65,-4.E-02));
#11173 = GEOMETRIC_CURVE_SET('',(#11174));
#11174 = TRIMMED_CURVE('',#11175,(#11179,PARAMETER_VALUE(0.)),(#11180,
    PARAMETER_VALUE(0.7)),.T.,.PARAMETER.);
#11175 = LINE('',#11176,#11177);
#11176 = CARTESIAN_POINT('',(1.45,5.E-02,-4.E-02));
#11177 = VECTOR('',#11178,1.);
#11178 = DIRECTION('',(0.,-1.,0.));
#11179 = CARTESIAN_POINT('',(1.45,5.E-02,-4.E-02));
#11180 = CARTESIAN_POINT('',(1.45,-0.65,-4.E-02));
#11181 = GEOMETRIC_CURVE_SET('',(#11182));
#11182 = TRIMMED_CURVE('',#11183,(#11187,PARAMETER_VALUE(0.)),(#11188,
    PARAMETER_VALUE(0.7)),.T.,.PARAMETER.);
#11183 = LINE('',#11184,#11185);
#11184 = CARTESIAN_POINT('',(1.95,5.E-02,-4.E-02));
#11185 = VECTOR('',#11186,1.);
#11186 = DIRECTION('',(-3.172065784643E-16,-1.,0.));
#11187 = CARTESIAN_POINT('',(1.95,5.E-02,-4.E-02));
#11188 = CARTESIAN_POINT('',(1.95,-0.65,-4.E-02));
#11189 = GEOMETRIC_CURVE_SET('',(#11190));
#11190 = TRIMMED_CURVE('',#11191,(#11195,PARAMETER_VALUE(0.)),(#11196,
    PARAMETER_VALUE(0.7)),.T.,.PARAMETER.);
#11191 = LINE('',#11192,#11193);
#11192 = CARTESIAN_POINT('',(2.45,5.E-02,-4.E-02));
#11193 = VECTOR('',#11194,1.);
#11194 = DIRECTION('',(0.,-1.,0.));
#11195 = CARTESIAN_POINT('',(2.45,5.E-02,-4.E-02));
#11196 = CARTESIAN_POINT('',(2.45,-0.65,-4.E-02));
#11197 = GEOMETRIC_CURVE_SET('',(#11198));
#11198 = TRIMMED_CURVE('',#11199,(#11203,PARAMETER_VALUE(0.)),(#11204,
    PARAMETER_VALUE(0.3)),.T.,.PARAMETER.);
#11199 = LINE('',#11200,#11201);
#11200 = CARTESIAN_POINT('',(4.24,-3.45,-4.E-02));
#11201 = VECTOR('',#11202,1.);
#11202 = DIRECTION('',(1.,0.,0.));
#11203 = CARTESIAN_POINT('',(4.24,-3.45,-4.E-02));
#11204 = CARTESIAN_POINT('',(4.54,-3.45,-4.E-02));
#11205 = GEOMETRIC_CURVE_SET('',(#11206));
#11206 = TRIMMED_CURVE('',#11207,(#11211,PARAMETER_VALUE(0.)),(#11212,
    PARAMETER_VALUE(1.)),.T.,.PARAMETER.);
#11207 = LINE('',#11208,#11209);
#11208 = CARTESIAN_POINT('',(4.54,-3.45,-4.E-02));
#11209 = VECTOR('',#11210,1.);
#11210 = DIRECTION('',(0.,1.,0.));
#11211 = CARTESIAN_POINT('',(4.54,-3.45,-4.E-02));
#11212 = CARTESIAN_POINT('',(4.54,-2.45,-4.E-02));
#11213 = GEOMETRIC_CURVE_SET('',(#11214));
#11214 = TRIMMED_CURVE('',#11215,(#11219,PARAMETER_VALUE(0.)),(#11220,
    PARAMETER_VALUE(0.3)),.T.,.PARAMETER.);
#11215 = LINE('',#11216,#11217);
#11216 = CARTESIAN_POINT('',(4.54,-2.45,-4.E-02));
#11217 = VECTOR('',#11218,1.);
#11218 = DIRECTION('',(-1.,0.,0.));
#11219 = CARTESIAN_POINT('',(4.54,-2.45,-4.E-02));
#11220 = CARTESIAN_POINT('',(4.24,-2.45,-4.E-02));
#11221 = GEOMETRIC_CURVE_SET('',(#11222));
#11222 = TRIMMED_CURVE('',#11223,(#11227,PARAMETER_VALUE(0.)),(#11228,
    PARAMETER_VALUE(1.)),.T.,.PARAMETER.);
#11223 = LINE('',#11224,#11225);
#11224 = CARTESIAN_POINT('',(4.24,-2.45,-4.E-02));
#11225 = VECTOR('',#11226,1.);
#11226 = DIRECTION('',(0.,-1.,0.));
#11227 = CARTESIAN_POINT('',(4.24,-2.45,-4.E-02));
#11228 = CARTESIAN_POINT('',(4.24,-3.45,-4.E-02));
#11229 = GEOMETRIC_CURVE_SET('',(#11230));
#11230 = TRIMMED_CURVE('',#11231,(#11235,PARAMETER_VALUE(0.)),(#11236,
    PARAMETER_VALUE(0.3)),.T.,.PARAMETER.);
#11231 = LINE('',#11232,#11233);
#11232 = CARTESIAN_POINT('',(3.25,5.E-02,-4.E-02));
#11233 = VECTOR('',#11234,1.);
#11234 = DIRECTION('',(-1.,0.,0.));
#11235 = CARTESIAN_POINT('',(3.25,5.E-02,-4.E-02));
#11236 = CARTESIAN_POINT('',(2.95,5.E-02,-4.E-02));
#11237 = GEOMETRIC_CURVE_SET('',(#11238));
#11238 = TRIMMED_CURVE('',#11239,(#11243,PARAMETER_VALUE(0.)),(#11244,
    PARAMETER_VALUE(0.7)),.T.,.PARAMETER.);
#11239 = LINE('',#11240,#11241);
#11240 = CARTESIAN_POINT('',(3.25,-0.65,-4.E-02));
#11241 = VECTOR('',#11242,1.);
#11242 = DIRECTION('',(0.,1.,0.));
#11243 = CARTESIAN_POINT('',(3.25,-0.65,-4.E-02));
#11244 = CARTESIAN_POINT('',(3.25,5.E-02,-4.E-02));
#11245 = GEOMETRIC_CURVE_SET('',(#11246));
#11246 = TRIMMED_CURVE('',#11247,(#11251,PARAMETER_VALUE(0.)),(#11252,
    PARAMETER_VALUE(0.3)),.T.,.PARAMETER.);
#11247 = LINE('',#11248,#11249);
#11248 = CARTESIAN_POINT('',(2.95,-0.65,-4.E-02));
#11249 = VECTOR('',#11250,1.);
#11250 = DIRECTION('',(1.,0.,0.));
#11251 = CARTESIAN_POINT('',(2.95,-0.65,-4.E-02));
#11252 = CARTESIAN_POINT('',(3.25,-0.65,-4.E-02));
#11253 = GEOMETRIC_CURVE_SET('',(#11254));
#11254 = TRIMMED_CURVE('',#11255,(#11259,PARAMETER_VALUE(0.)),(#11260,
    PARAMETER_VALUE(0.7)),.T.,.PARAMETER.);
#11255 = LINE('',#11256,#11257);
#11256 = CARTESIAN_POINT('',(2.95,5.E-02,-4.E-02));
#11257 = VECTOR('',#11258,1.);
#11258 = DIRECTION('',(0.,-1.,0.));
#11259 = CARTESIAN_POINT('',(2.95,5.E-02,-4.E-02));
#11260 = CARTESIAN_POINT('',(2.95,-0.65,-4.E-02));
#11261 = GEOMETRIC_CURVE_SET('',(#11262));
#11262 = TRIMMED_CURVE('',#11263,(#11267,PARAMETER_VALUE(0.)),(#11268,
    PARAMETER_VALUE(0.3)),.T.,.PARAMETER.);
#11263 = LINE('',#11264,#11265);
#11264 = CARTESIAN_POINT('',(3.75,5.E-02,-4.E-02));
#11265 = VECTOR('',#11266,1.);
#11266 = DIRECTION('',(-1.,0.,0.));
#11267 = CARTESIAN_POINT('',(3.75,5.E-02,-4.E-02));
#11268 = CARTESIAN_POINT('',(3.45,5.E-02,-4.E-02));
#11269 = GEOMETRIC_CURVE_SET('',(#11270));
#11270 = TRIMMED_CURVE('',#11271,(#11275,PARAMETER_VALUE(0.)),(#11276,
    PARAMETER_VALUE(0.7)),.T.,.PARAMETER.);
#11271 = LINE('',#11272,#11273);
#11272 = CARTESIAN_POINT('',(3.75,-0.65,-4.E-02));
#11273 = VECTOR('',#11274,1.);
#11274 = DIRECTION('',(0.,1.,0.));
#11275 = CARTESIAN_POINT('',(3.75,-0.65,-4.E-02));
#11276 = CARTESIAN_POINT('',(3.75,5.E-02,-4.E-02));
#11277 = GEOMETRIC_CURVE_SET('',(#11278));
#11278 = TRIMMED_CURVE('',#11279,(#11283,PARAMETER_VALUE(0.)),(#11284,
    PARAMETER_VALUE(0.3)),.T.,.PARAMETER.);
#11279 = LINE('',#11280,#11281);
#11280 = CARTESIAN_POINT('',(3.45,-0.65,-4.E-02));
#11281 = VECTOR('',#11282,1.);
#11282 = DIRECTION('',(1.,0.,0.));
#11283 = CARTESIAN_POINT('',(3.45,-0.65,-4.E-02));
#11284 = CARTESIAN_POINT('',(3.75,-0.65,-4.E-02));
#11285 = GEOMETRIC_CURVE_SET('',(#11286));
#11286 = TRIMMED_CURVE('',#11287,(#11291,PARAMETER_VALUE(0.)),(#11292,
    PARAMETER_VALUE(0.7)),.T.,.PARAMETER.);
#11287 = LINE('',#11288,#11289);
#11288 = CARTESIAN_POINT('',(3.45,5.E-02,-4.E-02));
#11289 = VECTOR('',#11290,1.);
#11290 = DIRECTION('',(0.,-1.,0.));
#11291 = CARTESIAN_POINT('',(3.45,5.E-02,-4.E-02));
#11292 = CARTESIAN_POINT('',(3.45,-0.65,-4.E-02));
#11293 = ( GEOMETRIC_REPRESENTATION_CONTEXT(3) 
GLOBAL_UNCERTAINTY_ASSIGNED_CONTEXT((#11297)) 
GLOBAL_UNIT_ASSIGNED_CONTEXT((#11294,#11295,#11296)) 
REPRESENTATION_CONTEXT('Context #1',
  '3D Context with UNIT and UNCERTAINTY') );
#11294 = ( LENGTH_UNIT() NAMED_UNIT(*) SI_UNIT(.MILLI.,.METRE.) );
#11295 = ( NAMED_UNIT(*) PLANE_ANGLE_UNIT() SI_UNIT($,.RADIAN.) );
#11296 = ( NAMED_UNIT(*) SI_UNIT($,.STERADIAN.) SOLID_ANGLE_UNIT() );
#11297 = UNCERTAINTY_MEASURE_WITH_UNIT(LENGTH_MEASURE(1.E-07),#11294,
  'distance_accuracy_value','confusion accuracy');
#11298 = CONTEXT_DEPENDENT_SHAPE_REPRESENTATION(#11299,#11301);
#11299 = ( REPRESENTATION_RELATIONSHIP('','',#11034,#335) 
REPRESENTATION_RELATIONSHIP_WITH_TRANSFORMATION(#11300) 
SHAPE_REPRESENTATION_RELATIONSHIP() );
#11300 = ITEM_DEFINED_TRANSFORMATION('','',#11,#340);
#11301 = PRODUCT_DEFINITION_SHAPE('Placement','Placement of an item',
  #11302);
#11302 = NEXT_ASSEMBLY_USAGE_OCCURRENCE('4','=>0:1:1:7','',#330,#11029,$
  );
#11303 = PRODUCT_RELATED_PRODUCT_CATEGORY('part',$,(#11031));
#11304 = SHAPE_DEFINITION_REPRESENTATION(#11305,#11311);
#11305 = PRODUCT_DEFINITION_SHAPE('','',#11306);
#11306 = PRODUCT_DEFINITION('design','',#11307,#11310);
#11307 = PRODUCT_DEFINITION_FORMATION('','',#11308);
#11308 = PRODUCT('DPT Sensor Board_PCB','DPT Sensor Board_PCB','',(
    #11309));
#11309 = PRODUCT_CONTEXT('',#2,'mechanical');
#11310 = PRODUCT_DEFINITION_CONTEXT('part definition',#2,'design');
#11311 = ADVANCED_BREP_SHAPE_REPRESENTATION('',(#11,#11312),#11540);
#11312 = MANIFOLD_SOLID_BREP('',#11313);
#11313 = CLOSED_SHELL('',(#11314,#11354,#11385,#11416,#11438,#11471,
    #11504,#11522));
#11314 = ADVANCED_FACE('',(#11315),#11349,.T.);
#11315 = FACE_BOUND('',#11316,.T.);
#11316 = EDGE_LOOP('',(#11317,#11327,#11335,#11343));
#11317 = ORIENTED_EDGE('',*,*,#11318,.T.);
#11318 = EDGE_CURVE('',#11319,#11321,#11323,.T.);
#11319 = VERTEX_POINT('',#11320);
#11320 = CARTESIAN_POINT('',(164.,-104.5,0.));
#11321 = VERTEX_POINT('',#11322);
#11322 = CARTESIAN_POINT('',(164.,-104.5,1.51));
#11323 = LINE('',#11324,#11325);
#11324 = CARTESIAN_POINT('',(164.,-104.5,0.));
#11325 = VECTOR('',#11326,1.);
#11326 = DIRECTION('',(0.,0.,1.));
#11327 = ORIENTED_EDGE('',*,*,#11328,.T.);
#11328 = EDGE_CURVE('',#11321,#11329,#11331,.T.);
#11329 = VERTEX_POINT('',#11330);
#11330 = CARTESIAN_POINT('',(149.,-104.5,1.51));
#11331 = LINE('',#11332,#11333);
#11332 = CARTESIAN_POINT('',(164.,-104.5,1.51));
#11333 = VECTOR('',#11334,1.);
#11334 = DIRECTION('',(-1.,0.,0.));
#11335 = ORIENTED_EDGE('',*,*,#11336,.F.);
#11336 = EDGE_CURVE('',#11337,#11329,#11339,.T.);
#11337 = VERTEX_POINT('',#11338);
#11338 = CARTESIAN_POINT('',(149.,-104.5,0.));
#11339 = LINE('',#11340,#11341);
#11340 = CARTESIAN_POINT('',(149.,-104.5,0.));
#11341 = VECTOR('',#11342,1.);
#11342 = DIRECTION('',(0.,0.,1.));
#11343 = ORIENTED_EDGE('',*,*,#11344,.F.);
#11344 = EDGE_CURVE('',#11319,#11337,#11345,.T.);
#11345 = LINE('',#11346,#11347);
#11346 = CARTESIAN_POINT('',(164.,-104.5,0.));
#11347 = VECTOR('',#11348,1.);
#11348 = DIRECTION('',(-1.,0.,0.));
#11349 = PLANE('',#11350);
#11350 = AXIS2_PLACEMENT_3D('',#11351,#11352,#11353);
#11351 = CARTESIAN_POINT('',(164.,-104.5,0.));
#11352 = DIRECTION('',(0.,-1.,0.));
#11353 = DIRECTION('',(-1.,0.,0.));
#11354 = ADVANCED_FACE('',(#11355),#11380,.T.);
#11355 = FACE_BOUND('',#11356,.T.);
#11356 = EDGE_LOOP('',(#11357,#11358,#11366,#11374));
#11357 = ORIENTED_EDGE('',*,*,#11336,.T.);
#11358 = ORIENTED_EDGE('',*,*,#11359,.T.);
#11359 = EDGE_CURVE('',#11329,#11360,#11362,.T.);
#11360 = VERTEX_POINT('',#11361);
#11361 = CARTESIAN_POINT('',(149.,-89.5,1.51));
#11362 = LINE('',#11363,#11364);
#11363 = CARTESIAN_POINT('',(149.,-104.5,1.51));
#11364 = VECTOR('',#11365,1.);
#11365 = DIRECTION('',(0.,1.,0.));
#11366 = ORIENTED_EDGE('',*,*,#11367,.F.);
#11367 = EDGE_CURVE('',#11368,#11360,#11370,.T.);
#11368 = VERTEX_POINT('',#11369);
#11369 = CARTESIAN_POINT('',(149.,-89.5,0.));
#11370 = LINE('',#11371,#11372);
#11371 = CARTESIAN_POINT('',(149.,-89.5,0.));
#11372 = VECTOR('',#11373,1.);
#11373 = DIRECTION('',(0.,0.,1.));
#11374 = ORIENTED_EDGE('',*,*,#11375,.F.);
#11375 = EDGE_CURVE('',#11337,#11368,#11376,.T.);
#11376 = LINE('',#11377,#11378);
#11377 = CARTESIAN_POINT('',(149.,-104.5,0.));
#11378 = VECTOR('',#11379,1.);
#11379 = DIRECTION('',(0.,1.,0.));
#11380 = PLANE('',#11381);
#11381 = AXIS2_PLACEMENT_3D('',#11382,#11383,#11384);
#11382 = CARTESIAN_POINT('',(149.,-104.5,0.));
#11383 = DIRECTION('',(-1.,0.,0.));
#11384 = DIRECTION('',(0.,1.,0.));
#11385 = ADVANCED_FACE('',(#11386),#11411,.T.);
#11386 = FACE_BOUND('',#11387,.T.);
#11387 = EDGE_LOOP('',(#11388,#11389,#11397,#11405));
#11388 = ORIENTED_EDGE('',*,*,#11367,.T.);
#11389 = ORIENTED_EDGE('',*,*,#11390,.T.);
#11390 = EDGE_CURVE('',#11360,#11391,#11393,.T.);
#11391 = VERTEX_POINT('',#11392);
#11392 = CARTESIAN_POINT('',(164.,-89.5,1.51));
#11393 = LINE('',#11394,#11395);
#11394 = CARTESIAN_POINT('',(149.,-89.5,1.51));
#11395 = VECTOR('',#11396,1.);
#11396 = DIRECTION('',(1.,0.,0.));
#11397 = ORIENTED_EDGE('',*,*,#11398,.F.);
#11398 = EDGE_CURVE('',#11399,#11391,#11401,.T.);
#11399 = VERTEX_POINT('',#11400);
#11400 = CARTESIAN_POINT('',(164.,-89.5,0.));
#11401 = LINE('',#11402,#11403);
#11402 = CARTESIAN_POINT('',(164.,-89.5,0.));
#11403 = VECTOR('',#11404,1.);
#11404 = DIRECTION('',(0.,0.,1.));
#11405 = ORIENTED_EDGE('',*,*,#11406,.F.);
#11406 = EDGE_CURVE('',#11368,#11399,#11407,.T.);
#11407 = LINE('',#11408,#11409);
#11408 = CARTESIAN_POINT('',(149.,-89.5,0.));
#11409 = VECTOR('',#11410,1.);
#11410 = DIRECTION('',(1.,0.,0.));
#11411 = PLANE('',#11412);
#11412 = AXIS2_PLACEMENT_3D('',#11413,#11414,#11415);
#11413 = CARTESIAN_POINT('',(149.,-89.5,0.));
#11414 = DIRECTION('',(0.,1.,0.));
#11415 = DIRECTION('',(1.,0.,0.));
#11416 = ADVANCED_FACE('',(#11417),#11433,.T.);
#11417 = FACE_BOUND('',#11418,.T.);
#11418 = EDGE_LOOP('',(#11419,#11420,#11426,#11427));
#11419 = ORIENTED_EDGE('',*,*,#11398,.T.);
#11420 = ORIENTED_EDGE('',*,*,#11421,.T.);
#11421 = EDGE_CURVE('',#11391,#11321,#11422,.T.);
#11422 = LINE('',#11423,#11424);
#11423 = CARTESIAN_POINT('',(164.,-89.5,1.51));
#11424 = VECTOR('',#11425,1.);
#11425 = DIRECTION('',(0.,-1.,0.));
#11426 = ORIENTED_EDGE('',*,*,#11318,.F.);
#11427 = ORIENTED_EDGE('',*,*,#11428,.F.);
#11428 = EDGE_CURVE('',#11399,#11319,#11429,.T.);
#11429 = LINE('',#11430,#11431);
#11430 = CARTESIAN_POINT('',(164.,-89.5,0.));
#11431 = VECTOR('',#11432,1.);
#11432 = DIRECTION('',(0.,-1.,0.));
#11433 = PLANE('',#11434);
#11434 = AXIS2_PLACEMENT_3D('',#11435,#11436,#11437);
#11435 = CARTESIAN_POINT('',(164.,-89.5,0.));
#11436 = DIRECTION('',(1.,0.,-0.));
#11437 = DIRECTION('',(0.,-1.,0.));
#11438 = ADVANCED_FACE('',(#11439),#11466,.F.);
#11439 = FACE_BOUND('',#11440,.T.);
#11440 = EDGE_LOOP('',(#11441,#11451,#11458,#11459));
#11441 = ORIENTED_EDGE('',*,*,#11442,.T.);
#11442 = EDGE_CURVE('',#11443,#11445,#11447,.T.);
#11443 = VERTEX_POINT('',#11444);
#11444 = CARTESIAN_POINT('',(152.,-102.5,0.));
#11445 = VERTEX_POINT('',#11446);
#11446 = CARTESIAN_POINT('',(152.,-102.5,1.51));
#11447 = LINE('',#11448,#11449);
#11448 = CARTESIAN_POINT('',(152.,-102.5,0.));
#11449 = VECTOR('',#11450,1.);
#11450 = DIRECTION('',(0.,0.,1.));
#11451 = ORIENTED_EDGE('',*,*,#11452,.T.);
#11452 = EDGE_CURVE('',#11445,#11445,#11453,.T.);
#11453 = CIRCLE('',#11454,1.);
#11454 = AXIS2_PLACEMENT_3D('',#11455,#11456,#11457);
#11455 = CARTESIAN_POINT('',(151.,-102.5,1.51));
#11456 = DIRECTION('',(0.,0.,1.));
#11457 = DIRECTION('',(1.,0.,-0.));
#11458 = ORIENTED_EDGE('',*,*,#11442,.F.);
#11459 = ORIENTED_EDGE('',*,*,#11460,.F.);
#11460 = EDGE_CURVE('',#11443,#11443,#11461,.T.);
#11461 = CIRCLE('',#11462,1.);
#11462 = AXIS2_PLACEMENT_3D('',#11463,#11464,#11465);
#11463 = CARTESIAN_POINT('',(151.,-102.5,0.));
#11464 = DIRECTION('',(0.,0.,1.));
#11465 = DIRECTION('',(1.,0.,-0.));
#11466 = CYLINDRICAL_SURFACE('',#11467,1.);
#11467 = AXIS2_PLACEMENT_3D('',#11468,#11469,#11470);
#11468 = CARTESIAN_POINT('',(151.,-102.5,0.));
#11469 = DIRECTION('',(-0.,-0.,-1.));
#11470 = DIRECTION('',(1.,0.,-0.));
#11471 = ADVANCED_FACE('',(#11472),#11499,.F.);
#11472 = FACE_BOUND('',#11473,.T.);
#11473 = EDGE_LOOP('',(#11474,#11484,#11491,#11492));
#11474 = ORIENTED_EDGE('',*,*,#11475,.T.);
#11475 = EDGE_CURVE('',#11476,#11478,#11480,.T.);
#11476 = VERTEX_POINT('',#11477);
#11477 = CARTESIAN_POINT('',(157.,-91.5,0.));
#11478 = VERTEX_POINT('',#11479);
#11479 = CARTESIAN_POINT('',(157.,-91.5,1.51));
#11480 = LINE('',#11481,#11482);
#11481 = CARTESIAN_POINT('',(157.,-91.5,0.));
#11482 = VECTOR('',#11483,1.);
#11483 = DIRECTION('',(0.,0.,1.));
#11484 = ORIENTED_EDGE('',*,*,#11485,.T.);
#11485 = EDGE_CURVE('',#11478,#11478,#11486,.T.);
#11486 = CIRCLE('',#11487,1.);
#11487 = AXIS2_PLACEMENT_3D('',#11488,#11489,#11490);
#11488 = CARTESIAN_POINT('',(156.,-91.5,1.51));
#11489 = DIRECTION('',(0.,0.,1.));
#11490 = DIRECTION('',(1.,0.,-0.));
#11491 = ORIENTED_EDGE('',*,*,#11475,.F.);
#11492 = ORIENTED_EDGE('',*,*,#11493,.F.);
#11493 = EDGE_CURVE('',#11476,#11476,#11494,.T.);
#11494 = CIRCLE('',#11495,1.);
#11495 = AXIS2_PLACEMENT_3D('',#11496,#11497,#11498);
#11496 = CARTESIAN_POINT('',(156.,-91.5,0.));
#11497 = DIRECTION('',(0.,0.,1.));
#11498 = DIRECTION('',(1.,0.,-0.));
#11499 = CYLINDRICAL_SURFACE('',#11500,1.);
#11500 = AXIS2_PLACEMENT_3D('',#11501,#11502,#11503);
#11501 = CARTESIAN_POINT('',(156.,-91.5,0.));
#11502 = DIRECTION('',(-0.,-0.,-1.));
#11503 = DIRECTION('',(1.,0.,-0.));
#11504 = ADVANCED_FACE('',(#11505,#11511,#11514),#11517,.F.);
#11505 = FACE_BOUND('',#11506,.T.);
#11506 = EDGE_LOOP('',(#11507,#11508,#11509,#11510));
#11507 = ORIENTED_EDGE('',*,*,#11344,.T.);
#11508 = ORIENTED_EDGE('',*,*,#11375,.T.);
#11509 = ORIENTED_EDGE('',*,*,#11406,.T.);
#11510 = ORIENTED_EDGE('',*,*,#11428,.T.);
#11511 = FACE_BOUND('',#11512,.T.);
#11512 = EDGE_LOOP('',(#11513));
#11513 = ORIENTED_EDGE('',*,*,#11460,.T.);
#11514 = FACE_BOUND('',#11515,.T.);
#11515 = EDGE_LOOP('',(#11516));
#11516 = ORIENTED_EDGE('',*,*,#11493,.T.);
#11517 = PLANE('',#11518);
#11518 = AXIS2_PLACEMENT_3D('',#11519,#11520,#11521);
#11519 = CARTESIAN_POINT('',(0.,0.,0.));
#11520 = DIRECTION('',(0.,0.,1.));
#11521 = DIRECTION('',(1.,0.,-0.));
#11522 = ADVANCED_FACE('',(#11523,#11529,#11532),#11535,.T.);
#11523 = FACE_BOUND('',#11524,.F.);
#11524 = EDGE_LOOP('',(#11525,#11526,#11527,#11528));
#11525 = ORIENTED_EDGE('',*,*,#11328,.T.);
#11526 = ORIENTED_EDGE('',*,*,#11359,.T.);
#11527 = ORIENTED_EDGE('',*,*,#11390,.T.);
#11528 = ORIENTED_EDGE('',*,*,#11421,.T.);
#11529 = FACE_BOUND('',#11530,.F.);
#11530 = EDGE_LOOP('',(#11531));
#11531 = ORIENTED_EDGE('',*,*,#11452,.T.);
#11532 = FACE_BOUND('',#11533,.F.);
#11533 = EDGE_LOOP('',(#11534));
#11534 = ORIENTED_EDGE('',*,*,#11485,.T.);
#11535 = PLANE('',#11536);
#11536 = AXIS2_PLACEMENT_3D('',#11537,#11538,#11539);
#11537 = CARTESIAN_POINT('',(0.,0.,1.51));
#11538 = DIRECTION('',(0.,0.,1.));
#11539 = DIRECTION('',(1.,0.,-0.));
#11540 = ( GEOMETRIC_REPRESENTATION_CONTEXT(3) 
GLOBAL_UNCERTAINTY_ASSIGNED_CONTEXT((#11544)) 
GLOBAL_UNIT_ASSIGNED_CONTEXT((#11541,#11542,#11543)) 
REPRESENTATION_CONTEXT('Context #1',
  '3D Context with UNIT and UNCERTAINTY') );
#11541 = ( LENGTH_UNIT() NAMED_UNIT(*) SI_UNIT(.MILLI.,.METRE.) );
#11542 = ( NAMED_UNIT(*) PLANE_ANGLE_UNIT() SI_UNIT($,.RADIAN.) );
#11543 = ( NAMED_UNIT(*) SI_UNIT($,.STERADIAN.) SOLID_ANGLE_UNIT() );
#11544 = UNCERTAINTY_MEASURE_WITH_UNIT(LENGTH_MEASURE(1.E-07),#11541,
  'distance_accuracy_value','confusion accuracy');
#11545 = CONTEXT_DEPENDENT_SHAPE_REPRESENTATION(#11546,#11548);
#11546 = ( REPRESENTATION_RELATIONSHIP('','',#11311,#10) 
REPRESENTATION_RELATIONSHIP_WITH_TRANSFORMATION(#11547) 
SHAPE_REPRESENTATION_RELATIONSHIP() );
#11547 = ITEM_DEFINED_TRANSFORMATION('','',#11,#23);
#11548 = PRODUCT_DEFINITION_SHAPE('Placement','Placement of an item',
  #11549);
#11549 = NEXT_ASSEMBLY_USAGE_OCCURRENCE('7','=>[0:1:1:8]','',#5,#11306,$
  );
#11550 = PRODUCT_RELATED_PRODUCT_CATEGORY('part',$,(#11308));
#11551 = MECHANICAL_DESIGN_GEOMETRIC_PRESENTATION_REPRESENTATION('',(
    #11552,#11557,#11561,#11565,#11569,#11573,#11577,#11581,#11585,
    #11589,#11593,#11597,#11601,#11605,#11609,#11613,#11617,#11621,
    #11625,#11629,#11633,#11637,#11641,#11645,#11649,#11653,#11657,
    #11661,#11665,#11669,#11673,#11677),#11293);
#11552 = STYLED_ITEM('color',(#11553),#11037);
#11553 = PRESENTATION_STYLE_ASSIGNMENT((#11554));
#11554 = CURVE_STYLE('',#11555,POSITIVE_LENGTH_MEASURE(0.1),#11556);
#11555 = DRAUGHTING_PRE_DEFINED_CURVE_FONT('continuous');
#11556 = COLOUR_RGB('',0.199999998682,0.399999997426,0.800000010877);
#11557 = STYLED_ITEM('color',(#11558),#11045);
#11558 = PRESENTATION_STYLE_ASSIGNMENT((#11559));
#11559 = CURVE_STYLE('',#11560,POSITIVE_LENGTH_MEASURE(0.1),#11556);
#11560 = DRAUGHTING_PRE_DEFINED_CURVE_FONT('continuous');
#11561 = STYLED_ITEM('color',(#11562),#11053);
#11562 = PRESENTATION_STYLE_ASSIGNMENT((#11563));
#11563 = CURVE_STYLE('',#11564,POSITIVE_LENGTH_MEASURE(0.1),#11556);
#11564 = DRAUGHTING_PRE_DEFINED_CURVE_FONT('continuous');
#11565 = STYLED_ITEM('color',(#11566),#11061);
#11566 = PRESENTATION_STYLE_ASSIGNMENT((#11567));
#11567 = CURVE_STYLE('',#11568,POSITIVE_LENGTH_MEASURE(0.1),#11556);
#11568 = DRAUGHTING_PRE_DEFINED_CURVE_FONT('continuous');
#11569 = STYLED_ITEM('color',(#11570),#11069);
#11570 = PRESENTATION_STYLE_ASSIGNMENT((#11571));
#11571 = CURVE_STYLE('',#11572,POSITIVE_LENGTH_MEASURE(0.1),#11556);
#11572 = DRAUGHTING_PRE_DEFINED_CURVE_FONT('continuous');
#11573 = STYLED_ITEM('color',(#11574),#11077);
#11574 = PRESENTATION_STYLE_ASSIGNMENT((#11575));
#11575 = CURVE_STYLE('',#11576,POSITIVE_LENGTH_MEASURE(0.1),#11556);
#11576 = DRAUGHTING_PRE_DEFINED_CURVE_FONT('continuous');
#11577 = STYLED_ITEM('color',(#11578),#11085);
#11578 = PRESENTATION_STYLE_ASSIGNMENT((#11579));
#11579 = CURVE_STYLE('',#11580,POSITIVE_LENGTH_MEASURE(0.1),#11556);
#11580 = DRAUGHTING_PRE_DEFINED_CURVE_FONT('continuous');
#11581 = STYLED_ITEM('color',(#11582),#11093);
#11582 = PRESENTATION_STYLE_ASSIGNMENT((#11583));
#11583 = CURVE_STYLE('',#11584,POSITIVE_LENGTH_MEASURE(0.1),#11556);
#11584 = DRAUGHTING_PRE_DEFINED_CURVE_FONT('continuous');
#11585 = STYLED_ITEM('color',(#11586),#11101);
#11586 = PRESENTATION_STYLE_ASSIGNMENT((#11587));
#11587 = CURVE_STYLE('',#11588,POSITIVE_LENGTH_MEASURE(0.1),#11556);
#11588 = DRAUGHTING_PRE_DEFINED_CURVE_FONT('continuous');
#11589 = STYLED_ITEM('color',(#11590),#11109);
#11590 = PRESENTATION_STYLE_ASSIGNMENT((#11591));
#11591 = CURVE_STYLE('',#11592,POSITIVE_LENGTH_MEASURE(0.1),#11556);
#11592 = DRAUGHTING_PRE_DEFINED_CURVE_FONT('continuous');
#11593 = STYLED_ITEM('color',(#11594),#11117);
#11594 = PRESENTATION_STYLE_ASSIGNMENT((#11595));
#11595 = CURVE_STYLE('',#11596,POSITIVE_LENGTH_MEASURE(0.1),#11556);
#11596 = DRAUGHTING_PRE_DEFINED_CURVE_FONT('continuous');
#11597 = STYLED_ITEM('color',(#11598),#11125);
#11598 = PRESENTATION_STYLE_ASSIGNMENT((#11599));
#11599 = CURVE_STYLE('',#11600,POSITIVE_LENGTH_MEASURE(0.1),#11556);
#11600 = DRAUGHTING_PRE_DEFINED_CURVE_FONT('continuous');
#11601 = STYLED_ITEM('color',(#11602),#11133);
#11602 = PRESENTATION_STYLE_ASSIGNMENT((#11603));
#11603 = CURVE_STYLE('',#11604,POSITIVE_LENGTH_MEASURE(0.1),#11556);
#11604 = DRAUGHTING_PRE_DEFINED_CURVE_FONT('continuous');
#11605 = STYLED_ITEM('color',(#11606),#11141);
#11606 = PRESENTATION_STYLE_ASSIGNMENT((#11607));
#11607 = CURVE_STYLE('',#11608,POSITIVE_LENGTH_MEASURE(0.1),#11556);
#11608 = DRAUGHTING_PRE_DEFINED_CURVE_FONT('continuous');
#11609 = STYLED_ITEM('color',(#11610),#11149);
#11610 = PRESENTATION_STYLE_ASSIGNMENT((#11611));
#11611 = CURVE_STYLE('',#11612,POSITIVE_LENGTH_MEASURE(0.1),#11556);
#11612 = DRAUGHTING_PRE_DEFINED_CURVE_FONT('continuous');
#11613 = STYLED_ITEM('color',(#11614),#11157);
#11614 = PRESENTATION_STYLE_ASSIGNMENT((#11615));
#11615 = CURVE_STYLE('',#11616,POSITIVE_LENGTH_MEASURE(0.1),#11556);
#11616 = DRAUGHTING_PRE_DEFINED_CURVE_FONT('continuous');
#11617 = STYLED_ITEM('color',(#11618),#11165);
#11618 = PRESENTATION_STYLE_ASSIGNMENT((#11619));
#11619 = CURVE_STYLE('',#11620,POSITIVE_LENGTH_MEASURE(0.1),#11556);
#11620 = DRAUGHTING_PRE_DEFINED_CURVE_FONT('continuous');
#11621 = STYLED_ITEM('color',(#11622),#11173);
#11622 = PRESENTATION_STYLE_ASSIGNMENT((#11623));
#11623 = CURVE_STYLE('',#11624,POSITIVE_LENGTH_MEASURE(0.1),#11556);
#11624 = DRAUGHTING_PRE_DEFINED_CURVE_FONT('continuous');
#11625 = STYLED_ITEM('color',(#11626),#11181);
#11626 = PRESENTATION_STYLE_ASSIGNMENT((#11627));
#11627 = CURVE_STYLE('',#11628,POSITIVE_LENGTH_MEASURE(0.1),#11556);
#11628 = DRAUGHTING_PRE_DEFINED_CURVE_FONT('continuous');
#11629 = STYLED_ITEM('color',(#11630),#11189);
#11630 = PRESENTATION_STYLE_ASSIGNMENT((#11631));
#11631 = CURVE_STYLE('',#11632,POSITIVE_LENGTH_MEASURE(0.1),#11556);
#11632 = DRAUGHTING_PRE_DEFINED_CURVE_FONT('continuous');
#11633 = STYLED_ITEM('color',(#11634),#11197);
#11634 = PRESENTATION_STYLE_ASSIGNMENT((#11635));
#11635 = CURVE_STYLE('',#11636,POSITIVE_LENGTH_MEASURE(0.1),#11556);
#11636 = DRAUGHTING_PRE_DEFINED_CURVE_FONT('continuous');
#11637 = STYLED_ITEM('color',(#11638),#11205);
#11638 = PRESENTATION_STYLE_ASSIGNMENT((#11639));
#11639 = CURVE_STYLE('',#11640,POSITIVE_LENGTH_MEASURE(0.1),#11556);
#11640 = DRAUGHTING_PRE_DEFINED_CURVE_FONT('continuous');
#11641 = STYLED_ITEM('color',(#11642),#11213);
#11642 = PRESENTATION_STYLE_ASSIGNMENT((#11643));
#11643 = CURVE_STYLE('',#11644,POSITIVE_LENGTH_MEASURE(0.1),#11556);
#11644 = DRAUGHTING_PRE_DEFINED_CURVE_FONT('continuous');
#11645 = STYLED_ITEM('color',(#11646),#11221);
#11646 = PRESENTATION_STYLE_ASSIGNMENT((#11647));
#11647 = CURVE_STYLE('',#11648,POSITIVE_LENGTH_MEASURE(0.1),#11556);
#11648 = DRAUGHTING_PRE_DEFINED_CURVE_FONT('continuous');
#11649 = STYLED_ITEM('color',(#11650),#11229);
#11650 = PRESENTATION_STYLE_ASSIGNMENT((#11651));
#11651 = CURVE_STYLE('',#11652,POSITIVE_LENGTH_MEASURE(0.1),#11556);
#11652 = DRAUGHTING_PRE_DEFINED_CURVE_FONT('continuous');
#11653 = STYLED_ITEM('color',(#11654),#11237);
#11654 = PRESENTATION_STYLE_ASSIGNMENT((#11655));
#11655 = CURVE_STYLE('',#11656,POSITIVE_LENGTH_MEASURE(0.1),#11556);
#11656 = DRAUGHTING_PRE_DEFINED_CURVE_FONT('continuous');
#11657 = STYLED_ITEM('color',(#11658),#11245);
#11658 = PRESENTATION_STYLE_ASSIGNMENT((#11659));
#11659 = CURVE_STYLE('',#11660,POSITIVE_LENGTH_MEASURE(0.1),#11556);
#11660 = DRAUGHTING_PRE_DEFINED_CURVE_FONT('continuous');
#11661 = STYLED_ITEM('color',(#11662),#11253);
#11662 = PRESENTATION_STYLE_ASSIGNMENT((#11663));
#11663 = CURVE_STYLE('',#11664,POSITIVE_LENGTH_MEASURE(0.1),#11556);
#11664 = DRAUGHTING_PRE_DEFINED_CURVE_FONT('continuous');
#11665 = STYLED_ITEM('color',(#11666),#11261);
#11666 = PRESENTATION_STYLE_ASSIGNMENT((#11667));
#11667 = CURVE_STYLE('',#11668,POSITIVE_LENGTH_MEASURE(0.1),#11556);
#11668 = DRAUGHTING_PRE_DEFINED_CURVE_FONT('continuous');
#11669 = STYLED_ITEM('color',(#11670),#11269);
#11670 = PRESENTATION_STYLE_ASSIGNMENT((#11671));
#11671 = CURVE_STYLE('',#11672,POSITIVE_LENGTH_MEASURE(0.1),#11556);
#11672 = DRAUGHTING_PRE_DEFINED_CURVE_FONT('continuous');
#11673 = STYLED_ITEM('color',(#11674),#11277);
#11674 = PRESENTATION_STYLE_ASSIGNMENT((#11675));
#11675 = CURVE_STYLE('',#11676,POSITIVE_LENGTH_MEASURE(0.1),#11556);
#11676 = DRAUGHTING_PRE_DEFINED_CURVE_FONT('continuous');
#11677 = STYLED_ITEM('color',(#11678),#11285);
#11678 = PRESENTATION_STYLE_ASSIGNMENT((#11679));
#11679 = CURVE_STYLE('',#11680,POSITIVE_LENGTH_MEASURE(0.1),#11556);
#11680 = DRAUGHTING_PRE_DEFINED_CURVE_FONT('continuous');
#11681 = MECHANICAL_DESIGN_GEOMETRIC_PRESENTATION_REPRESENTATION('',(
    #11682),#294);
#11682 = STYLED_ITEM('color',(#11683),#64);
#11683 = PRESENTATION_STYLE_ASSIGNMENT((#11684));
#11684 = SURFACE_STYLE_USAGE(.BOTH.,#11685);
#11685 = SURFACE_SIDE_STYLE('',(#11686));
#11686 = SURFACE_STYLE_FILL_AREA(#11687);
#11687 = FILL_AREA_STYLE('',(#11688));
#11688 = FILL_AREA_STYLE_COLOUR('',#11689);
#11689 = COLOUR_RGB('',0.792156867455,0.819607826924,0.933333342953);
#11690 = MECHANICAL_DESIGN_GEOMETRIC_PRESENTATION_REPRESENTATION('',(
    #11691),#11016);
#11691 = STYLED_ITEM('color',(#11692),#363);
#11692 = PRESENTATION_STYLE_ASSIGNMENT((#11693));
#11693 = SURFACE_STYLE_USAGE(.BOTH.,#11694);
#11694 = SURFACE_SIDE_STYLE('',(#11695));
#11695 = SURFACE_STYLE_FILL_AREA(#11696);
#11696 = FILL_AREA_STYLE('',(#11697));
#11697 = FILL_AREA_STYLE_COLOUR('',#11698);
#11698 = COLOUR_RGB('',0.596063163801,0.666666664908,0.686259240409);
#11699 = MECHANICAL_DESIGN_GEOMETRIC_PRESENTATION_REPRESENTATION('',(
    #11700),#11540);
#11700 = STYLED_ITEM('color',(#11701),#11312);
#11701 = PRESENTATION_STYLE_ASSIGNMENT((#11702));
#11702 = SURFACE_STYLE_USAGE(.BOTH.,#11703);
#11703 = SURFACE_SIDE_STYLE('',(#11704));
#11704 = SURFACE_STYLE_FILL_AREA(#11705);
#11705 = FILL_AREA_STYLE('',(#11706));
#11706 = FILL_AREA_STYLE_COLOUR('',#11707);
#11707 = COLOUR_RGB('',0.313304153717,0.484529207832,0.410020903123);
ENDSEC;
END-ISO-10303-21;
